iso3,year,gdp_per_capita,pop_density,sanitation,water
ABW,2000,37524.035,493.17776,97.97311,95.233536
ABW,2001,38729.457,501.77777,98.012505,95.359055
ABW,2002,38098.906,507.7389,98.05191,95.48457
ABW,2003,38086.01,512.91113,98.09132,95.6101
ABW,2004,40000.562,517.9056,98.13072,95.73562
ABW,2005,38828.215,523.55,98.17013,95.86114
ABW,2006,38566.8,530.01666,98.20953,95.98666
ABW,2007,39462.586,536.6889,98.24893,96.112175
ABW,2008,39881.59,543.4167,98.28834,96.23769
ABW,2009,34986.15,550.2222,98.32774,96.36321
ABW,2010,33951.625,556.2611,98.36715,96.48874
ABW,2011,34837.94,561.0833,98.406555,96.61426
ABW,2012,33972.34,565.41113,98.44596,96.73978
ABW,2013,35621.785,569.8333,98.48536,96.73978
ABW,2014,35746.863,574.33887,98.524765,96.73978
ABW,2015,36660.633,578.8889,98.56417,96.73978
ABW,2016,36832.902,583.2722,98.60358,96.73978
ABW,2017,38116.832,587.4278,98.64298,
ABW,2018,39278.83,591.3722,98.68238,
AFG,2000,1617.8264,30.863857,22.298273,29.730967
AFG,2001,1454.1108,31.099924,22.309525,29.762926
AFG,2002,1774.3087,32.77697,23.734709,31.836077
AFG,2003,1815.9282,34.85435,25.160116,33.90863
AFG,2004,1776.9182,36.123234,26.592743,35.999355
AFG,2005,1908.1147,37.41713,28.032917,38.108055
AFG,2006,1929.7239,38.980267,29.473711,40.215763
AFG,2007,2155.353,39.725025,30.875317,42.429497
AFG,2008,2191.5044,40.60321,32.27372,44.653793
AFG,2009,2565.022,42.11107,33.66911,46.888584
AFG,2010,2848.5862,43.365204,35.06167,49.133797
AFG,2011,2757.0525,44.99595,36.451744,51.38967
AFG,2012,2985.319,46.85469,37.839386,53.65581
AFG,2013,3046.5798,48.483986,39.224785,55.932137
AFG,2014,3017.9426,50.277554,40.608135,58.218575
AFG,2015,2967.6921,51.870914,41.98982,60.515347
AFG,2016,2958.7854,53.20303,43.369865,62.82207
AFG,2017,2952.999,54.718338,44.750813,65.142136
AFG,2018,2902.392,56.334484,46.133545,67.47587
AGO,2000,6796.4062,12.990192,33.800407,37.842236
AGO,2001,6848.683,13.433227,34.255856,38.338818
AGO,2002,7523.813,13.898853,34.7113,38.835392
AGO,2003,7518.8896,14.392972,35.756687,40.396515
AGO,2004,8081.757,14.919729,36.80266,41.977238
AGO,2005,8895.377,15.473779,37.84653,43.574345
AGO,2006,9588.822,16.05461,38.733883,45.014
AGO,2007,10437.59,16.666857,39.620567,46.468655
AGO,2008,11134.705,17.30862,40.507355,47.93902
AGO,2009,10933.271,17.979286,41.39269,49.423176
AGO,2010,11077.13,18.685186,42.277718,50.922283
AGO,2011,11037.639,19.42597,43.162064,52.43574
AGO,2012,11519.993,20.195234,44.04532,53.962936
AGO,2013,11626.1875,20.987902,44.927082,55.503227
AGO,2014,11721.664,21.786129,45.80774,57.05691
AGO,2015,11392.906,22.585869,46.683765,58.619633
AGO,2016,10805.712,23.408255,47.55591,60.192062
AGO,2017,10414.236,24.251894,48.423767,61.773514
AGO,2018,10000.944,25.104002,49.286522,63.36279
AIA,2000,,124.4,90.736465,96.16923
AIA,2001,,127.744446,91.195366,96.27023
AIA,2002,,130.15555,91.65427,96.37124
AIA,2003,,132.25555,92.11317,96.472244
AIA,2004,,134.35556,92.57207,96.57324
AIA,2005,,136.55556,93.03097,96.67425
AIA,2006,,138.81111,93.48987,96.77525
AIA,2007,,141.07777,93.94876,96.87625
AIA,2008,,143.45555,94.40766,96.97726
AIA,2009,,145.97778,94.86656,97.07826
AIA,2010,,148.57777,95.32546,97.17927
AIA,2011,,151.03334,95.78436,97.280266
AIA,2012,,148.9,96.24326,97.38127
AIA,2013,,147.46666,96.70216,97.48228
AIA,2014,,152.75555,96.70216,97.48228
AIA,2015,,158.16667,96.70216,97.48228
AIA,2016,,159.37778,96.70216,97.48228
AIA,2017,,160.55556,96.70216,97.48228
AIA,2018,,163.85556,,
ALB,2000,6582.0166,115.55281,89.48867,86.39704
ALB,2001,7232.9907,114.88843,90.03095,86.90407
ALB,2002,7590.49,114.383026,90.605515,87.45164
ALB,2003,8025.2812,113.79901,91.16545,87.98719
ALB,2004,8483.294,113.08985,91.710655,88.51058
ALB,2005,8964.318,112.26847,92.322975,89.02119
ALB,2006,9564.029,111.34325,92.92141,89.519135
ALB,2007,10262.967,110.32434,93.505745,90.00419
ALB,2008,11056.352,109.23113,94.07581,90.47615
ALB,2009,11430.622,108.083466,94.63116,90.93441
ALB,2010,11829.054,106.88799,95.172165,91.37948
ALB,2011,12153.114,106.25909,95.698494,91.81088
ALB,2012,12463.57,106.20449,96.21027,92.22878
ALB,2013,12873.483,106.11573,96.70656,92.63159
ALB,2014,13366.56,105.976204,97.18802,93.02005
ALB,2015,13876.819,105.78956,97.65497,93.394325
ALB,2016,14643.489,105.761604,98.1079,93.754875
ALB,2017,15359.461,105.77537,98.547295,94.1021
ALB,2018,16170.99,105.62879,98.97365,94.43639
AND,2000,54809.145,139.79361,100.0,100.0
AND,2001,59109.016,140.15744,100.0,100.0
AND,2002,61188.637,141.54893,100.0,100.0
AND,2003,63656.195,147.88724,100.0,100.0
AND,2004,64353.484,158.17447,99.99999,99.99999
AND,2005,65114.805,164.75745,100.0,100.0
AND,2006,66390.3,169.38084,100.0,100.0
AND,2007,65534.117,174.25745,100.0,100.0
AND,2008,60691.605,177.68724,100.0,100.0
AND,2009,57203.973,178.52553,100.0,100.0
AND,2010,58285.06,171.75957,100.0,100.0
AND,2011,60470.465,165.53404,100.0,100.0
AND,2012,58172.133,163.52766,100.0,100.0
AND,2013,57332.16,160.04256,100.0,100.0
AND,2014,59929.246,156.92554,100.0,100.0
AND,2015,62105.152,153.60638,100.0,100.0
AND,2016,64402.81,153.61064,100.0,100.0
AND,2017,63239.656,156.97873,100.0,100.0
AND,2018,63048.598,159.95958,100.0,100.0
ANT,2000,,222.77374,,
ANT,2001,,222.425,,
ANT,2002,,223.1425,,
ANT,2003,,224.78625,,
ANT,2004,,227.11874,,
ANT,2005,,229.90875,,
ANT,2006,,233.17625,,
ANT,2007,,236.89375,,
ANT,2008,,240.7625,,
ANT,2009,,244.39874,,
ANT,2010,,247.51125,,
ARE,2000,95390.7,49.191536,99.16086,99.61584
ARE,2001,90750.34,52.430244,99.156876,99.61389
ARE,2002,87479.24,55.71429,99.15295,99.634796
ARE,2003,89828.555,59.032173,99.14909,99.65597
ARE,2004,93166.15,62.36221,99.145294,99.677376
ARE,2005,92750.914,65.68286,99.14157,99.69903
ARE,2006,94872.54,70.53092,99.1379,99.72092
ARE,2007,87180.61,79.197975,99.13433,99.74304
ARE,2008,80285.19,88.74499,99.13087,99.76541
ARE,2009,71488.99,94.43907,99.12749,99.787994
ARE,2010,70913.78,97.69603,99.1242,99.81079
ARE,2011,73190.4,101.37195,99.121,99.8338
ARE,2012,73644.055,105.56353,99.1179,99.85701
ARE,2013,74237.22,110.276695,99.11488,99.88041
ARE,2014,74145.11,115.97972,99.11194,99.90399
ARE,2015,75238.555,122.143524,99.10909,99.92775
ARE,2016,75671.055,127.15958,99.10632,99.951675
ARE,2017,72529.055,130.02435,99.10363,99.97576
ARE,2018,72671.06,131.60898,99.10102,100.0
ARG,2000,22281.38,13.598174,87.66692,96.28403
ARG,2001,21066.459,13.748294,88.13594,96.52282
ARG,2002,18571.701,13.896111,88.6034,96.75547
ARG,2003,20005.139,14.040422,89.069565,96.982414
ARG,2004,21591.45,14.183527,89.535065,97.20434
ARG,2005,23262.408,14.330008,89.99973,97.42119
ARG,2006,24877.25,14.478116,90.46378,97.63321
ARG,2007,26850.664,14.622324,90.92704,97.84036
ARG,2008,27658.484,14.771184,91.38971,98.04288
ARG,2009,25747.197,14.928557,91.85164,98.24074
ARG,2010,28056.258,15.087092,92.312836,98.43405
ARG,2011,29425.76,15.248588,92.77075,98.62186
ARG,2012,28825.967,15.406099,93.22681,98.8053
ARG,2013,29227.66,15.559838,93.62313,98.864204
ARG,2014,28200.814,15.721208,94.021126,98.92325
ARG,2015,28669.207,15.886714,94.42041,98.98231
ARG,2016,27802.105,16.041391,94.82095,99.041374
ARG,2017,28334.904,16.183382,,
ARG,2018,27367.115,16.317112,,
ARM,2000,4589.0083,109.7868,88.0309,95.66867
ARM,2001,5044.1167,108.336845,88.23413,95.8831
ARM,2002,5731.3535,107.32828,88.45717,96.111244
ARM,2003,6569.2603,106.743095,88.68784,96.345116
ARM,2004,7299.4,106.16593,88.91853,96.580536
ARM,2005,8362.9,105.59747,89.1491,96.81747
ARM,2006,9525.231,105.035866,89.37985,97.056015
ARM,2007,10898.849,104.489815,89.610466,97.2961
ARM,2008,11727.482,103.96895,89.84126,97.537796
ARM,2009,10143.235,103.46041,90.07192,97.78104
ARM,2010,10438.564,102.95339,90.3026,98.02586
ARM,2011,10990.177,102.678925,90.53329,98.27229
ARM,2012,11796.274,102.65293,90.764,98.520325
ARM,2013,12194.019,102.652824,90.9987,98.77056
ARM,2014,12667.376,102.64956,91.23747,99.01735
ARM,2015,13112.76,102.605515,91.480576,99.219894
ARM,2016,13192.994,102.52181,91.72791,99.320045
ARM,2017,14243.875,102.38728,91.97959,99.42045
ARM,2018,15037.045,102.21184,92.235855,99.46264
ASM,2000,,284.385,62.293518,95.03448
ASM,2001,,285.36,62.285614,95.26989
ASM,2002,,285.405,62.277714,95.5053
ASM,2003,,284.94,62.269814,95.740715
ASM,2004,,284.205,62.261913,95.97613
ASM,2005,,283.19,62.254013,96.21154
ASM,2006,,281.955,62.246113,96.446945
ASM,2007,,280.67,62.23821,96.68236
ASM,2008,,279.24,62.23031,96.91777
ASM,2009,,277.71,62.22241,97.15318
ASM,2010,,276.23,62.214508,97.388596
ASM,2011,,274.585,62.206608,97.62401
ASM,2012,,272.53,62.198708,97.85942
ASM,2013,,270.13,62.190807,98.09483
ASM,2014,,267.445,62.182903,98.330246
ASM,2015,,264.48,62.175003,98.56566
ASM,2016,,261.3,62.167103,98.80107
ASM,2017,,258.025,62.159203,99.03648
ASM,2018,,254.635,62.151302,99.2719
ATG,2000,25547.611,170.29318,84.76534,97.45779
ATG,2001,24014.775,172.91364,85.53443,97.52484
ATG,2002,23958.164,175.11136,86.31252,97.589325
ATG,2003,25136.002,177.03636,87.08915,97.654976
ATG,2004,26303.617,178.9409,87.86436,97.72178
ATG,2005,27692.635,180.97273,88.63813,97.7897
ATG,2006,30827.342,183.225,89.41053,97.85875
ATG,2007,33245.27,185.71819,90.18153,97.92888
ATG,2008,32756.307,188.46819,90.95121,98.000084
ATG,2009,28405.69,191.34773,91.719475,98.07236
ATG,2010,25826.61,193.94772,92.48645,98.14566
ATG,2011,25023.918,196.25,93.251015,98.22017
ATG,2012,25592.906,198.35228,94.00426,98.297104
ATG,2013,25206.846,200.16818,94.75713,98.37434
ATG,2014,25557.525,201.78181,95.50967,98.45187
ATG,2015,25734.152,203.22954,96.26188,98.52969
ATG,2016,26627.715,204.5,97.013245,98.60784
ATG,2017,27199.195,205.64319,97.76381,98.68624
ATG,2018,28878.607,206.68637,98.51369,98.764854
AUS,2000,45099.074,2.4873145,99.99116,99.712296
AUS,2001,45428.2,2.5176013,99.991615,99.71124
AUS,2002,46688.395,2.5474916,99.99207,99.71219
AUS,2003,47581.23,2.5766249,99.99253,99.73436
AUS,2004,49061.277,2.606166,99.99299,99.75634
AUS,2005,49997.066,2.6383824,99.99344,99.778145
AUS,2006,50693.727,2.6768737,99.9939,99.799774
AUS,2007,51663.242,2.7241929,99.994354,99.82125
AUS,2008,52473.383,2.7782812,99.99481,99.84255
AUS,2009,52407.91,2.8318977,99.99527,99.86368
AUS,2010,52739.27,2.8785136,99.99572,99.88314
AUS,2011,53257.047,2.9224806,99.99618,99.89197
AUS,2012,54403.883,2.9709554,99.996635,99.90077
AUS,2013,54895.004,3.0208282,99.99709,99.909584
AUS,2014,55489.07,3.0675426,99.99755,99.96148
AUS,2015,55879.996,3.113356,99.998,99.97001
AUS,2016,56529.953,3.1630135,99.99846,99.96997
AUS,2017,56881.855,3.215156,99.99892,99.96993
AUS,2018,57647.844,3.2656832,99.999374,99.969894
AUT,2000,53534.344,97.102875,99.99998,100.0
AUT,2001,54032.152,97.457985,99.99999,100.0
AUT,2002,54565.08,97.93553,100.0,100.0
AUT,2003,54919.79,98.431946,99.99838,100.0
AUT,2004,55980.23,99.04867,99.99654,100.0
AUT,2005,56890.28,99.723755,99.994705,100.0
AUT,2006,58460.24,100.21693,99.9929,100.0
AUT,2007,60470.91,100.54469,99.991104,100.0
AUT,2008,61157.99,100.86343,99.98933,100.0
AUT,2009,58810.44,101.127884,99.98757,100.0
AUT,2010,59730.55,101.37042,99.98583,100.0
AUT,2011,61272.258,101.711975,99.984116,100.0
AUT,2012,61376.723,102.17643,99.982315,100.0
AUT,2013,60863.055,102.78007,99.98045,100.0
AUT,2014,60845.66,103.58473,99.978584,100.0
AUT,2015,60951.688,104.75081,99.97671,100.0
AUT,2016,61572.71,105.88851,99.974815,100.0
AUT,2017,62535.9,106.626015,99.97291,100.0
AUT,2018,63778.027,107.14558,99.97282,100.0
AZE,2000,5656.9297,98.908455,68.353714,75.56276
AZE,2001,6168.9854,99.84,69.41109,76.47357
AZE,2002,6701.0815,100.73976,70.464516,77.38592
AZE,2003,7329.4062,101.639786,71.51435,78.300415
AZE,2004,7937.8594,102.7208,72.56041,79.21664
AZE,2005,10054.101,104.01994,73.90078,80.13421
AZE,2006,13371.658,105.40085,75.244606,81.05339
AZE,2007,16587.365,106.81564,76.592026,81.97438
AZE,2008,17963.021,108.198875,77.942795,82.896545
AZE,2009,19242.39,109.45355,79.29705,83.82008
AZE,2010,19925.39,110.669716,80.65656,84.74875
AZE,2011,19358.078,111.99221,82.02098,85.68163
AZE,2012,19523.373,113.44439,83.390076,86.6181
AZE,2013,20398.646,114.99597,84.763725,87.55772
AZE,2014,20709.201,116.529175,86.14159,88.49958
AZE,2015,20678.754,118.00192,87.52346,89.44304
AZE,2016,19822.41,119.40029,88.90911,90.3874
AZE,2017,19659.004,120.61113,90.29834,91.33198
AZE,2018,19781.852,121.473465,91.690926,92.27607
BDI,2000,1033.4719,251.95467,45.8832,49.905003
BDI,2001,1028.6185,258.34766,45.976227,50.607635
BDI,2002,1044.4802,265.7375,46.071453,51.313587
BDI,2003,999.6158,274.26627,46.169025,52.022446
BDI,2004,1009.5892,284.68286,46.07445,52.734146
BDI,2005,981.5332,295.45572,45.978077,53.448635
BDI,2006,998.06946,306.29068,45.87975,54.166195
BDI,2007,994.96356,317.83017,45.77938,54.886414
BDI,2008,1001.6175,331.2166,45.67678,55.6099
BDI,2009,988.19635,348.42886,45.571915,56.335583
BDI,2010,991.0389,365.12646,45.464508,57.064716
BDI,2011,994.6912,378.42603,45.35445,57.79689
BDI,2012,1002.27454,392.1742,45.24162,58.531693
BDI,2013,1014.5231,406.5166,45.12575,59.27002
BDI,2014,1022.29156,420.55252,45.006775,60.0108
BDI,2015,995.3191,430.20175,44.88445,60.7546
BDI,2016,1009.636,437.67365,44.758583,61.501316
BDI,2017,1023.9704,448.0827,44.628983,62.250854
BDI,2018,1046.5951,461.81635,44.495438,63.00311
BEL,2000,50455.734,338.56403,99.48463,99.99999
BEL,2001,50835.4,339.72937,99.484795,100.0
BEL,2002,51471.85,341.24753,99.48496,100.0
BEL,2003,51788.844,342.6771,99.48512,100.0
BEL,2004,53406.69,344.1644,99.48529,100.0
BEL,2005,54346.895,346.06616,99.48546,100.0
BEL,2006,55367.62,348.36343,99.48562,100.0
BEL,2007,56983.46,350.9078,99.48578,100.0
BEL,2008,56787.74,353.68927,99.48594,100.0
BEL,2009,55258.707,357.0983,99.48611,100.0
BEL,2010,56240.203,361.18292,99.48612,100.0
BEL,2011,56585.3,364.55167,99.48613,100.0
BEL,2012,56356.824,366.82703,99.486145,100.0
BEL,2013,56263.176,368.56924,99.48615,100.0
BEL,2014,57002.91,370.2151,99.48616,100.0
BEL,2015,57509.023,372.36896,99.48617,100.0
BEL,2016,57901.496,374.26376,99.486176,100.0
BEL,2017,58529.332,375.71277,99.48618,100.0
BEL,2018,59357.69,377.4309,99.48618,100.0
BEN,2000,2536.169,64.04414,8.528124,61.05343
BEN,2001,2591.065,66.030495,8.939752,61.411045
BEN,2002,2630.1807,68.06873,9.373913,61.78269
BEN,2003,2639.0437,70.17625,9.838774,62.17777
BEN,2004,2672.844,72.358086,10.315592,62.569477
BEN,2005,2632.4724,74.726364,10.803953,62.9573
BEN,2006,2652.2185,77.09509,11.303962,63.34142
BEN,2007,2729.1375,79.40735,11.815729,63.722004
BEN,2008,2777.6196,81.84168,12.339007,64.09877
BEN,2009,2758.0725,84.333374,12.87336,64.47128
BEN,2010,2733.574,86.88798,13.419076,64.8399
BEN,2011,2732.0125,89.514244,13.976085,65.20457
BEN,2012,2779.7266,92.210526,14.5443125,65.56525
BEN,2013,2893.0466,94.97012,15.123305,65.92152
BEN,2014,2987.3823,97.81844,15.714331,66.2746
BEN,2015,2952.0022,100.750984,16.316948,66.62402
BEN,2016,2962.6638,103.74109,16.931097,66.9697
BEN,2017,3041.7793,106.773476,17.556713,67.31153
BEN,2018,3155.4512,109.820404,18.193731,67.649414
BES,2000,,44.273293,94.04858,98.62191
BES,2001,,45.1118,94.12365,98.68754
BES,2002,,46.686337,94.19873,98.75316
BES,2003,,48.652172,94.27381,98.81879
BES,2004,,50.714287,94.34889,98.88441
BES,2005,,52.801243,94.42397,98.95003
BES,2006,,54.97205,94.49905,99.015656
BES,2007,,57.1677,94.57413,99.081276
BES,2008,,59.37267,94.64921,99.1469
BES,2009,,61.636646,94.72429,99.212524
BES,2010,,63.92236,94.79936,99.278145
BES,2011,,67.23602,94.87444,99.343765
BES,2012,,70.953415,94.949524,99.40939
BES,2013,,74.021736,95.024605,99.47501
BES,2014,,76.059006,95.099686,99.540634
BES,2015,,76.515526,95.17476,99.60626
BES,2016,,76.29503,95.24984,99.67188
BES,2017,,77.083855,95.32492,99.73751
BES,2018,,78.21118,95.4,99.80313
BFA,2000,1428.574,43.58753,8.841626,55.63909
BFA,2001,1477.2849,44.93785,9.13087,55.832905
BFA,2002,1494.678,46.34833,10.059843,55.61143
BFA,2003,1561.8331,47.816265,11.008088,55.390312
BFA,2004,1581.2562,49.344063,11.975995,55.171288
BFA,2005,1664.9955,50.921516,12.961087,54.95405
BFA,2006,1714.7604,52.5355,13.963679,54.74041
BFA,2007,1731.9304,54.15319,14.918854,54.477512
BFA,2008,1779.3271,55.76792,15.838559,54.17093
BFA,2009,1779.323,57.419834,16.771318,53.860764
BFA,2010,1873.9714,59.124645,17.717348,53.54818
BFA,2011,1939.8666,60.898785,18.676083,53.233723
BFA,2012,2003.6647,62.764194,19.646593,52.917572
BFA,2013,2057.064,64.67621,20.628317,52.600266
BFA,2014,2083.1985,66.62817,21.621008,52.282726
BFA,2015,2101.7026,68.63117,22.623724,51.965134
BFA,2016,2162.7258,70.66833,23.635868,51.648056
BFA,2017,2232.2878,72.7135,24.655891,51.33083
BFA,2018,2316.3943,74.70135,25.683556,51.014366
BGD,2000,2712.935,1033.6045,23.694677,94.556656
BGD,2001,2803.5547,1050.978,25.17677,94.7287
BGD,2002,2866.4346,1067.3247,26.68169,94.905266
BGD,2003,2958.915,1082.9712,28.177296,95.08058
BGD,2004,3071.838,1097.8171,29.663042,95.25455
BGD,2005,3231.6138,1111.7445,31.435835,95.461586
BGD,2006,3407.4272,1124.7291,33.22644,95.666565
BGD,2007,3608.9155,1136.8923,35.033978,95.86936
BGD,2008,3787.9382,1148.3004,36.857586,96.069885
BGD,2009,3942.1362,1159.0514,38.696423,96.26805
BGD,2010,4125.464,1169.2554,40.55009,96.46384
BGD,2011,4352.4263,1179.9268,42.417587,96.657135
BGD,2012,4592.0483,1191.2892,44.29759,96.84777
BGD,2013,4822.726,1202.5208,46.18906,97.03565
BGD,2014,5068.6396,1213.528,48.091854,97.2208
BGD,2015,5352.7114,1224.4233,50.005024,97.403145
BGD,2016,5682.5356,1235.3994,51.9283,97.582695
BGD,2017,6005.707,1245.9564,53.861027,97.75942
BGD,2018,6392.5933,1256.2273,55.80269,97.93332
BGR,2000,12563.888,73.69675,85.82707,99.737724
BGR,2001,13306.56,73.03293,85.83526,99.70793
BGR,2002,14397.061,72.42031,85.84624,99.67888
BGR,2003,15271.547,71.89024,85.85712,99.65042
BGR,2004,16389.027,71.38384,85.86797,99.62257
BGR,2005,17678.107,70.8829,85.87874,99.59528
BGR,2006,19024.623,70.37852,85.889404,99.56859
BGR,2007,20440.338,69.886665,85.90002,99.54246
BGR,2008,21846.045,69.41405,85.91056,99.5169
BGR,2009,21251.305,68.97583,85.921005,99.49189
BGR,2010,21724.377,68.51137,85.931404,99.467445
BGR,2011,22321.125,67.98105,85.9417,99.44354
BGR,2012,22618.904,67.4007,85.952034,99.42022
BGR,2013,22954.492,66.91788,85.962395,99.39748
BGR,2014,23455.58,66.53878,85.972755,99.37531
BGR,2015,24562.75,66.115654,85.983154,99.35374
BGR,2016,25636.852,65.65435,85.993546,99.332726
BGR,2017,26691.87,65.177246,86.003975,99.31231
BGR,2018,27691.01,64.70841,86.01436,99.29245
BHR,2000,57968.996,847.581,99.93939,99.958664
BHR,2001,57280.7,886.0304,99.943405,99.956726
BHR,2002,55096.656,952.1582,99.947426,99.95479
BHR,2003,54431.875,1026.9316,99.95145,99.95285
BHR,2004,54045.094,1103.0962,99.95547,99.95091
BHR,2005,53478.266,1180.5292,99.95949,99.948975
BHR,2006,52691.934,1259.0203,99.96351,99.94704
BHR,2007,52731.793,1338.505,99.96753,99.9451
BHR,2008,52765.39,1418.6304,99.97154,99.94316
BHR,2009,50665.75,1498.248,99.97556,99.94122
BHR,2010,50704.848,1535.757,99.97958,99.939285
BHR,2011,53132.33,1527.5101,99.983604,99.93735
BHR,2012,54516.84,1539.6292,99.987625,99.9354
BHR,2013,55376.402,1591.4,99.991646,99.933464
BHR,2014,55065.82,1661.8444,99.99566,99.931526
BHR,2015,54149.914,1733.7418,99.99968,99.92959
BHR,2016,54107.074,1809.6316,100.0,99.92765
BHR,2017,53859.773,1875.9531,100.0,99.92571
BHR,2018,54893.074,1895.7393,100.0,99.923775
BHS,2000,34597.164,32.35225,92.976715,98.070595
BHS,2001,35072.367,32.75195,92.97884,98.12891
BHS,2002,35610.68,33.12937,92.97925,98.18722
BHS,2003,34740.76,33.528973,92.97794,98.24553
BHS,2004,34617.805,33.945454,92.97492,98.30384
BHS,2005,35365.465,34.356144,92.97018,98.36215
BHS,2006,35789.133,34.803795,92.96372,98.42046
BHS,2007,35797.117,35.299,92.95554,98.478775
BHS,2008,34498.035,35.777523,92.945656,98.53709
BHS,2009,32630.264,36.244354,92.934044,98.59539
BHS,2010,32711.459,36.711487,92.92072,98.6537
BHS,2011,32535.662,37.13666,92.90568,98.71201
BHS,2012,33667.555,37.50989,92.88892,98.770325
BHS,2013,32402.916,37.85784,93.16263,98.828636
BHS,2014,32712.635,38.19301,93.43633,98.88695
BHS,2015,32777.586,38.497,93.710045,98.94526
BHS,2016,32172.336,38.76723,93.710045,98.94526
BHS,2017,33050.035,39.01059,93.710045,98.94526
BHS,2018,33650.215,39.232567,93.710045,98.94526
BIH,2000,7830.534,81.245804,95.078445,97.40482
BIH,2001,7982.552,81.62981,95.08797,97.3195
BIH,2002,8366.727,81.79699,95.098145,97.23201
BIH,2003,8709.993,81.61178,95.10886,97.1423
BIH,2004,9344.869,80.87871,95.12025,97.0504
BIH,2005,9814.511,80.00963,95.135796,96.95627
BIH,2006,10430.455,79.360725,95.151634,96.85992
BIH,2007,11178.728,78.38711,95.16789,96.761345
BIH,2008,11983.77,77.10049,95.184456,96.66055
BIH,2009,11826.699,75.777306,95.201324,96.55753
BIH,2010,12142.912,74.44297,95.21848,96.452286
BIH,2011,12487.701,73.08201,95.236015,96.3448
BIH,2012,12626.979,71.681816,95.25391,96.23507
BIH,2013,13135.772,70.52455,95.27203,96.123116
BIH,2014,13458.908,69.6256,95.290535,96.00892
BIH,2015,14220.149,68.721504,95.312935,96.06944
BIH,2016,14873.703,67.83197,95.33614,96.07241
BIH,2017,15554.724,66.966484,95.36024,96.156906
BIH,2018,16349.067,66.15232,95.38506,96.147835
BLM,2000,,,99.253876,99.460304
BLM,2001,,,99.253876,99.460304
BLM,2002,,,99.253876,99.460304
BLM,2003,,,99.253876,99.460304
BLM,2004,,,99.253876,99.460304
BLM,2005,,,99.30136,99.49853
BLM,2006,,,99.348854,99.53674
BLM,2007,,,99.39634,99.57497
BLM,2008,,,99.44383,99.61319
BLM,2009,,,99.491325,99.651405
BLM,2010,,,99.53881,99.68963
BLM,2011,,,99.5863,99.727844
BLM,2012,,,99.63379,99.76607
BLM,2013,,,99.68128,99.80428
BLM,2014,,,99.72877,99.84251
BLM,2015,,,99.77626,99.88072
BLM,2016,,,99.82375,99.918945
BLM,2017,,,99.87124,99.95716
BLM,2018,,,99.91873,99.995384
BLR,2000,11182.455,49.2304,91.91369,97.85231
BLR,2001,11771.087,48.96806,91.89504,97.84886
BLR,2002,12443.933,48.649673,91.87721,97.84556
BLR,2003,13413.927,48.3034,91.85928,97.84223
BLR,2004,15052.118,47.96792,92.308014,97.92124
BLR,2005,16579.873,47.636528,92.760605,98.00092
BLR,2006,18349.871,47.34191,93.2164,98.08116
BLR,2007,20019.611,47.120644,93.67357,98.16161
BLR,2008,22137.947,46.954212,94.132545,98.24236
BLR,2009,22236.838,46.845695,94.59706,98.3241
BLR,2010,24012.613,46.763992,95.06666,98.40673
BLR,2011,25404.756,46.675232,95.53921,98.489876
BLR,2012,25879.133,46.627617,96.01604,98.573784
BLR,2013,26147.625,46.63441,96.49674,98.65837
BLR,2014,26564.436,46.675064,96.98077,98.74354
BLR,2015,25513.213,46.74693,97.46775,98.82922
BLR,2016,24846.83,46.80496,97.956726,98.91525
BLR,2017,25503.98,46.78883,98.447136,99.00151
BLR,2018,26363.463,46.711166,98.9392,99.088036
BLZ,2000,11363.687,10.557168,83.99508,89.4208
BLZ,2001,11567.026,10.889653,83.99812,89.66722
BLZ,2002,11828.187,11.223981,84.00106,89.91358
BLZ,2003,12589.268,11.56484,84.003876,90.15989
BLZ,2004,12807.166,11.911223,84.00659,90.406136
BLZ,2005,12714.97,12.264226,83.999695,90.65232
BLZ,2006,12912.53,12.621175,83.99332,90.89845
BLZ,2007,12973.207,12.981894,83.987465,91.14454
BLZ,2008,12415.681,13.343841,83.982124,91.39055
BLZ,2009,12033.91,13.705349,83.9773,91.63651
BLZ,2010,11913.664,14.040158,83.973,91.880165
BLZ,2011,11641.771,14.349233,83.9709,92.12488
BLZ,2012,11843.415,14.661158,83.97147,92.37076
BLZ,2013,12064.797,14.977422,83.97513,92.61788
BLZ,2014,12272.296,15.297414,83.982124,92.86621
BLZ,2015,12348.795,15.622139,83.99296,93.115875
BLZ,2016,12063.06,15.9893465,84.00803,93.36693
BLZ,2017,11572.301,16.361902,84.0276,93.61935
BLZ,2018,11451.897,16.66953,84.052025,93.87317
BMU,2000,98019.93,1140.1666,99.97914,100.0
BMU,2001,104560.836,1146.0555,99.97706,100.0
BMU,2002,102559.766,1151.1666,99.974976,100.0
BMU,2003,105642.98,1155.6482,99.97289,100.0
BMU,2004,107803.2,1158.8148,99.97081,100.0
BMU,2005,109335.38,1161.6666,99.96873,100.0
BMU,2006,115170.9,1163.9814,99.966644,100.0
BMU,2007,118691.07,1167.2222,99.96456,100.0
BMU,2008,115942.73,1172.5741,99.96248,100.0
BMU,2009,108962.82,1177.537,99.960396,100.0
BMU,2010,105968.875,1180.5186,99.95831,100.0
BMU,2011,101989.93,1180.6111,99.95623,100.0
BMU,2012,96711.07,1178.9814,99.95415,100.0
BMU,2013,96549.79,1177.6482,99.952065,100.0
BMU,2014,93042.27,1176.8704,99.94998,100.0
BMU,2015,93859.875,1175.5927,99.9479,100.0
BMU,2016,93265.07,1175.2963,99.945816,100.0
BMU,2017,96437.195,1177.8334,99.94373,100.0
BMU,2018,95639.23,1182.4445,99.94165,100.0
BOL,2000,7492.4336,7.944549,34.915855,81.2239
BOL,2001,7491.1523,8.0797,36.106926,81.83862
BOL,2002,7550.0156,8.215968,37.278877,82.43118
BOL,2003,7625.9053,8.354753,38.44232,83.01306
BOL,2004,7811.5967,8.496535,39.60072,83.58796
BOL,2005,8020.6357,8.640965,40.75346,84.155235
BOL,2006,8263.319,8.789518,41.901554,84.715965
BOL,2007,8493.948,8.941161,43.481045,85.26917
BOL,2008,8865.272,9.09338,45.079227,85.81588
BOL,2009,9011.557,9.24608,46.69501,86.35518
BOL,2010,9230.398,9.399377,48.328587,86.88744
BOL,2011,9554.445,9.553153,49.98013,87.413025
BOL,2012,9884.462,9.707204,51.6492,87.931656
BOL,2013,10391.384,9.8611765,53.319153,88.42817
BOL,2014,10790.848,10.0146675,54.99663,88.90955
BOL,2015,11144.642,10.167735,56.692017,89.38567
BOL,2016,11448.021,10.320336,58.405506,89.85683
BOL,2017,11755.256,10.472253,60.136406,90.32252
BOL,2018,11920.313,10.623438,61.886375,90.78428
BRA,2000,14005.348,20.820215,73.36616,93.54167
BRA,2001,14016.132,21.093353,74.23592,93.87118
BRA,2002,14265.905,21.356842,75.086754,94.186424
BRA,2003,14259.366,21.610392,75.932205,94.49491
BRA,2004,14911.261,21.855955,76.77193,94.79651
BRA,2005,15221.014,22.096794,77.60604,95.09138
BRA,2006,15657.4795,22.331894,78.43505,95.37982
BRA,2007,16440.584,22.559122,79.259026,95.66196
BRA,2008,17113.367,22.776276,80.07807,95.9379
BRA,2009,16939.441,22.981184,80.89148,96.20741
BRA,2010,18062.158,23.175243,81.70014,96.47098
BRA,2011,18627.81,23.364616,82.50753,96.730034
BRA,2012,18832.219,23.555014,83.31022,96.98319
BRA,2013,19241.506,23.746706,84.10757,97.23031
BRA,2014,19183.172,23.938953,84.90076,97.47191
BRA,2015,18357.068,24.129236,85.68917,97.70785
BRA,2016,17620.928,24.313795,86.47254,97.92176
BRA,2017,17724.48,24.491507,87.25134,98.19788
BRA,2018,17917.75,24.659466,88.02503,98.558014
BRB,2000,21779.22,609.46747,89.64088,98.068565
BRB,2001,21234.709,610.3,90.029655,98.116135
BRB,2002,21262.309,614.31396,90.41844,98.163704
BRB,2003,21591.791,618.11395,90.80722,98.21127
BRB,2004,21771.902,621.6209,91.196,98.25884
BRB,2005,22514.484,624.9233,91.584785,98.30641
BRB,2006,23766.607,627.93256,91.973564,98.35397
BRB,2007,24145.754,630.9256,92.36234,98.40154
BRB,2008,24171.652,634.2302,92.75113,98.44911
BRB,2009,22840.885,637.5279,93.13991,98.49668
BRB,2010,22243.457,640.1186,93.52869,98.54425
BRB,2011,22102.482,642.2093,93.91747,98.59182
BRB,2012,21286.332,644.06744,94.30625,98.63939
BRB,2013,20854.568,645.7419,94.69503,98.68695
BRB,2014,20959.965,647.3372,95.08382,98.73452
BRB,2015,20666.965,648.8349,95.472595,98.78209
BRB,2016,20930.633,650.2419,95.861374,98.82966
BRB,2017,21035.793,651.5744,96.25016,98.87723
BRB,2018,20727.422,652.8349,96.63894,98.9248
BRN,2000,100323.44,61.940987,72.71484,99.56102
BRN,2001,99680.766,63.254837,73.93148,99.58358
BRN,2002,101571.586,64.53662,75.14812,99.60613
BRN,2003,103226.914,65.77799,76.36475,99.62869
BRN,2004,101497.76,66.96793,77.58139,99.65125
BRN,2005,99795.69,68.10816,78.79803,99.673805
BRN,2006,102248.51,69.19734,80.014656,99.696365
BRN,2007,96752.62,70.37628,81.23129,99.71892
BRN,2008,91275.5,71.688805,82.44793,99.74148
BRN,2009,87875.83,73.048386,83.664566,99.76403
BRN,2010,88586.516,74.447815,84.8812,99.78659
BRN,2011,90279.664,75.78653,86.09784,99.80914
BRN,2012,89718.46,76.957115,87.31447,99.8317
BRN,2013,86606.65,78.02751,88.531105,99.85426
BRN,2014,83310.62,79.081024,89.74774,99.876816
BRN,2015,81910.19,80.11822,90.96438,99.899376
BRN,2016,78880.625,81.13302,92.181015,99.900024
BRN,2017,78966.87,82.12277,93.39765,99.90005
BRN,2018,78099.05,83.07609,94.61428,99.90007
BTN,2000,5287.574,15.649476,44.051933,83.75012
BTN,2001,5545.6304,16.01471,44.41137,84.65358
BTN,2002,5991.255,16.37171,46.664967,85.61518
BTN,2003,6323.541,16.719114,48.883198,86.56286
BTN,2004,6517.997,17.05713,51.06465,87.49599
BTN,2005,6850.804,17.353828,53.195705,88.408424
BTN,2006,7140.856,17.587914,55.190216,89.26131
BTN,2007,8195.07,17.793472,57.156944,90.103264
BTN,2008,8470.035,17.995779,59.095287,90.93403
BTN,2009,9019.118,18.195963,61.039135,91.75305
BTN,2010,9985.284,18.396381,62.955074,92.56029
BTN,2011,10714.687,18.599554,64.84292,93.35547
BTN,2012,11143.944,18.806711,66.70048,94.1375
BTN,2013,11212.4795,19.016308,68.52808,94.90641
BTN,2014,11744.519,19.222628,70.326256,95.66236
BTN,2015,12400.298,19.418537,72.09569,96.40554
BTN,2016,13320.976,19.608757,73.83697,97.13614
BTN,2017,13482.343,19.778265,75.55077,97.85439
BTN,2018,13854.8545,19.92045,77.23784,98.42662
BWA,2000,13185.817,2.9597585,53.739555,75.459564
BWA,2001,12949.641,3.0213046,54.74514,75.75495
BWA,2002,13479.696,3.0786529,55.604088,75.91391
BWA,2003,13857.259,3.1333158,56.432262,76.05199
BWA,2004,13984.842,3.1887372,57.248806,76.18888
BWA,2005,14361.958,3.246486,58.052437,76.32341
BWA,2006,15275.583,3.3076174,58.84412,77.37937
BWA,2007,15850.234,3.372329,59.99491,78.817635
BWA,2008,16040.315,3.4407442,61.111156,80.20836
BWA,2009,13489.951,3.5125563,62.188946,81.5482
BWA,2010,14545.02,3.5874403,63.229877,82.83969
BWA,2011,15236.719,3.6587758,64.23258,84.082245
BWA,2012,14957.619,3.720673,65.03728,85.11982
BWA,2013,16369.426,3.7772608,65.79083,86.10353
BWA,2014,17052.193,3.8326063,66.52149,87.062004
BWA,2015,15994.964,3.8876996,67.22889,87.99527
BWA,2016,16905.588,3.9432957,67.912964,88.90367
BWA,2017,17352.896,3.9996982,68.57314,89.78708
BWA,2018,17825.02,4.0568686,69.20699,90.64382
CAF,2000,1245.814,6.1533613,20.593967,59.01049
CAF,2001,1272.857,6.291531,20.547281,57.828575
CAF,2002,1290.3832,6.43051,20.500593,56.65333
CAF,2003,1191.8732,6.586234,20.453606,55.484375
CAF,2004,1236.2854,6.730277,20.406319,54.321705
CAF,2005,1219.594,6.8843527,19.972149,53.172554
CAF,2006,1251.8708,7.026842,19.545044,52.03639
CAF,2007,1284.5529,7.163596,19.124893,50.912987
CAF,2008,1283.2728,7.318034,18.71103,49.801464
CAF,2009,1402.6816,7.269978,18.303085,48.70128
CAF,2010,1479.4137,7.2121143,17.900951,47.612183
CAF,2011,1517.1484,7.32772,17.504011,46.53332
CAF,2012,1577.9806,7.4012775,17.11216,45.464424
CAF,2013,996.89636,7.4519615,16.725042,44.404934
CAF,2014,1001.85596,7.421084,16.342083,43.354
CAF,2015,1043.9218,7.430932,15.963188,42.311348
CAF,2016,1073.9448,7.566315,15.588242,41.27664
CAF,2017,1103.8661,7.6944876,15.216487,40.248814
CAF,2018,1125.7009,7.831171,14.847836,39.227547
CAN,2000,48399.305,3.5149453,99.86668,99.55481
CAN,2001,48774.168,3.551558,99.868835,99.55944
CAN,2002,49695.008,3.588196,99.86935,99.56053
CAN,2003,50139.785,3.6224337,99.86986,99.56164
CAN,2004,51210.68,3.6561356,99.87037,99.56273
CAN,2005,52356.56,3.6911228,99.86396,99.49697
CAN,2006,53195.78,3.7274196,99.84302,99.43126
CAN,2007,53761.863,3.7653089,99.76076,99.36645
CAN,2008,53711.68,3.80592,99.678276,99.301315
CAN,2009,51552.42,3.8488479,99.59556,99.23586
CAN,2010,52558.44,3.8910077,99.51262,99.17009
CAN,2011,53681.13,3.9318042,99.42938,99.10386
CAN,2012,54034.805,3.9735696,99.34556,99.03651
CAN,2013,54712.18,4.0157723,99.26168,98.969086
CAN,2014,55723.484,4.0545545,99.17775,98.90159
CAN,2015,55660.867,4.091872,99.09378,98.83403
CAN,2016,55606.156,4.1363735,99.00975,98.7664
CAN,2017,56612.33,4.188162,98.925674,98.69873
CAN,2018,57337.492,4.243517,98.841545,98.631
CHE,2000,67378.39,181.82916,99.880974,100.0
CHE,2001,68008.34,182.90202,99.88097,100.0
CHE,2002,67446.41,184.22708,99.88099,100.0
CHE,2003,66926.17,185.61174,99.881004,100.0
CHE,2004,68263.44,186.8961,99.88102,100.0
CHE,2005,69692.59,188.10158,99.881035,100.0
CHE,2006,72077.86,189.28333,99.88106,100.0
CHE,2007,74234.305,190.97588,99.88107,100.0
CHE,2008,75355.2,193.41437,99.88109,100.0
CHE,2009,72709.81,195.84198,99.88111,100.0
CHE,2010,74290.266,198.07196,99.88113,100.0
CHE,2011,74800.89,200.31519,99.884,100.0
CHE,2012,74883.62,202.45512,99.88687,100.0
CHE,2013,75354.16,204.79056,99.88973,100.0
CHE,2014,76189.6,207.29726,99.89259,100.0
CHE,2015,76566.08,209.66888,99.89545,100.0
CHE,2016,77301.21,211.97118,99.89829,100.0
CHE,2017,77626.91,213.96379,99.89987,100.0
CHE,2018,79261.36,215.55103,99.89987,100.0
CHL,2000,17525.271,20.85134,93.031586,96.33915
CHL,2001,17870.3,21.093716,93.44092,96.50724
CHL,2002,18240.201,21.327833,93.8325,96.66258
CHL,2003,18902.871,21.552206,94.17865,96.78001
CHL,2004,19961.984,21.770851,94.523575,96.89689
CHL,2005,20918.527,21.987997,94.866646,97.01269
CHL,2006,21968.537,22.203745,95.20847,97.12795
CHL,2007,22878.883,22.42213,95.5487,97.24234
CHL,2008,23509.781,22.647293,95.887665,97.35617
CHL,2009,23013.582,22.87693,96.225044,97.46914
CHL,2010,24116.77,23.1079,96.560875,97.581245
CHL,2011,25366.27,23.337006,96.89543,97.6928
CHL,2012,26670.498,23.56202,97.22846,97.80352
CHL,2013,27291.357,23.78782,97.560104,97.91354
CHL,2014,27505.049,24.026123,97.89036,98.02287
CHL,2015,27811.375,24.272835,98.219215,98.13151
CHL,2016,27958.729,24.568176,98.54696,98.240005
CHL,2017,27892.994,24.960417,98.87345,98.34838
CHL,2018,28492.662,25.41005,99.1483,98.45651
CHN,2000,4066.0364,135.23145,56.82011,80.59349
CHN,2001,4372.157,136.20541,57.56846,80.92796
CHN,2002,4744.3984,137.07265,59.719093,81.86507
CHN,2003,5192.006,137.88756,61.843613,82.77916
CHN,2004,5684.169,138.69527,63.94062,83.66929
CHN,2005,6298.323,139.53961,66.007416,84.53339
CHN,2006,7057.1,140.3946,68.03235,85.36178
CHN,2007,8013.716,141.22113,70.02098,86.15917
CHN,2008,8743.745,142.07405,71.97962,86.931046
CHN,2009,9518.433,143.00093,73.90606,87.67566
CHN,2010,10476.3125,143.96371,75.80105,88.393814
CHN,2011,11405.018,144.88925,77.65125,89.07379
CHN,2012,12217.8545,145.87668,79.46467,89.72248
CHN,2013,13080.829,146.88722,81.2468,90.344795
CHN,2014,13968.581,147.83989,82.998474,90.94158
CHN,2015,14856.78,148.71144,84.719315,91.51259
CHN,2016,15772.765,149.55489,86.40948,92.05804
CHN,2017,16757.973,150.4392,88.068306,92.57731
CHN,2018,17806.791,151.14798,89.69422,93.068665
CIV,2000,4838.3403,55.657253,20.041618,68.79462
CIV,2001,4609.1445,57.166416,20.71713,69.17999
CIV,2002,4368.928,58.662804,21.392845,69.56308
CIV,2003,4060.0005,60.143227,22.06846,69.943504
CIV,2004,4088.945,61.619488,22.744274,70.321556
CIV,2005,4032.2458,63.10839,23.554945,70.69616
CIV,2006,4049.2603,64.6126,24.374317,71.067986
CIV,2007,3999.691,66.13383,25.202326,71.437004
CIV,2008,4096.7236,67.65549,26.038902,71.80317
CIV,2009,4151.0537,69.175896,26.883371,72.1658
CIV,2010,4338.6523,70.71719,27.736275,72.52553
CIV,2011,4017.4077,72.27045,28.597538,72.88232
CIV,2012,4234.1807,73.79586,29.466797,73.23582
CIV,2013,4597.1865,75.28231,30.34398,73.586006
CIV,2014,4907.5747,77.130165,31.22902,73.93287
CIV,2015,5110.8623,79.39103,32.124573,74.279
CIV,2016,5320.8467,81.727684,33.02997,74.62368
CIV,2017,5556.114,84.06722,33.94543,74.96705
CIV,2018,5670.2,86.36533,34.870888,75.30897
CMR,2000,3822.9443,31.547106,37.56618,55.821365
CMR,2001,3884.873,32.386642,37.779995,56.667637
CMR,2002,3951.4194,33.26677,37.99471,57.495556
CMR,2003,4054.7812,34.186584,38.363335,58.304775
CMR,2004,4222.9663,35.138847,38.736763,59.09587
CMR,2005,4199.7227,36.120663,39.11411,59.867645
CMR,2006,4241.5176,37.12721,39.495995,60.62115
CMR,2007,4302.619,38.18387,39.882435,61.356525
CMR,2008,4300.2666,39.292698,40.27345,62.073914
CMR,2009,4286.577,40.43489,40.668743,62.77306
CMR,2010,4286.583,41.607037,41.068645,63.45451
CMR,2011,4307.852,42.800686,41.47285,64.11805
CMR,2012,4382.1113,44.021767,41.881367,64.76384
CMR,2013,4473.5723,45.275917,42.293877,65.39169
CMR,2014,4588.4863,46.666866,42.710373,66.001816
CMR,2015,4698.667,48.155144,43.130863,66.594406
CMR,2016,4767.132,49.616394,43.55534,67.16967
CMR,2017,4797.9756,51.04315,43.983112,67.727165
CMR,2018,4851.48,52.476944,44.414864,68.26777
COD,2000,981.42206,22.278929,23.74773,37.549538
COD,2001,930.85785,22.995808,23.292576,37.521633
COD,2002,929.4528,23.70946,22.840979,37.48461
COD,2003,953.0446,24.412287,22.392973,37.438442
COD,2004,987.74695,25.141811,21.948595,37.383076
COD,2005,1016.6339,25.926085,21.507948,37.320473
COD,2006,1036.1333,26.737791,21.089136,37.25155
COD,2007,1091.004,27.559055,20.678808,37.176228
COD,2008,1136.9468,28.402842,20.276926,37.09343
COD,2009,1108.5751,29.294476,19.883587,37.00407
COD,2010,1158.0143,30.243286,19.498726,36.90708
COD,2011,1205.7399,31.251764,19.122452,36.80336
COD,2012,1267.2383,32.31275,18.754667,36.69185
COD,2013,1342.7416,33.430847,18.395363,36.57248
COD,2014,1392.7584,34.58382,18.044596,36.445656
COD,2015,1433.2158,35.744926,17.702282,36.310814
COD,2016,1388.8016,37.033333,17.368402,36.167877
COD,2017,1395.7196,38.41265,17.042837,36.016304
COD,2018,1431.7285,39.72019,16.725634,35.85649
COG,2000,7570.583,9.227962,11.920112,58.39881
COG,2001,7567.439,9.582847,11.968472,58.69239
COG,2002,7729.3887,9.811918,12.294256,59.184223
COG,2003,7577.4565,10.090067,12.623677,59.673695
COG,2004,7577.446,10.440893,13.081525,60.618156
COG,2005,7876.118,10.824009,13.55111,61.560955
COG,2006,8192.58,11.236928,14.0325365,62.50179
COG,2007,7375.8247,11.655725,14.526042,63.44091
COG,2008,7587.288,12.045429,15.03204,64.37912
COG,2009,8138.45,12.5365095,15.550691,65.31599
COG,2010,8583.662,13.066776,16.082312,66.251595
COG,2011,8492.421,13.498471,16.626755,67.18444
COG,2012,9079.687,13.88128,17.184332,68.11463
COG,2013,8798.494,14.222852,17.755209,69.041725
COG,2014,9159.257,14.57068,18.33936,69.964806
COG,2015,8977.707,14.927036,18.936928,70.883484
COG,2016,8001.8257,15.292957,19.548052,71.79735
COG,2017,7372.7705,15.669145,20.172878,72.706024
COG,2018,7029.3364,16.056011,20.26857,72.902054
COK,2000,,66.15,93.72742,100.0
COK,2001,,63.579166,94.22282,100.0
COK,2002,,62.475,94.626656,100.0
COK,2003,,62.704166,94.966194,100.0
COK,2004,,62.929165,95.29195,100.0
COK,2005,,63.1375,95.60332,100.0
COK,2006,,63.470833,95.90108,100.0
COK,2007,,64.6625,96.13659,99.999084
COK,2008,,66.67917,96.33134,99.99595
COK,2009,,68.7375,96.52256,99.992874
COK,2010,,70.833336,96.710526,99.98985
COK,2011,,72.833336,96.895256,99.9869
COK,2012,,73.708336,97.0745,99.96868
COK,2013,,73.45417,97.24944,99.93475
COK,2014,,73.15,97.421555,99.9007
COK,2015,,72.79583,97.591034,99.86651
COK,2016,,72.333336,97.75772,99.83219
COK,2017,,71.10833,97.92174,99.79774
COK,2018,,69.2625,98.0833,99.76315
COL,2000,10813.494,35.232033,75.41488,90.91903
COL,2001,10823.45,35.790234,76.308784,91.23702
COL,2002,10925.148,36.344917,77.20198,91.54972
COL,2003,11183.291,36.897182,78.09444,91.85719
COL,2004,11607.938,37.443153,78.98592,92.15923
COL,2005,11999.255,37.971138,79.87642,92.4559
COL,2006,12636.625,38.477764,80.76591,92.74729
COL,2007,13318.304,38.96834,81.65418,93.03321
COL,2008,13591.061,39.440113,82.541435,93.31402
COL,2009,13586.752,39.90225,83.427635,93.58976
COL,2010,14037.064,40.358112,84.312614,93.8603
COL,2011,14852.37,40.7928,85.19636,94.12571
COL,2012,15279.479,41.20397,86.07904,94.386314
COL,2013,15912.247,41.59674,86.9605,94.641975
COL,2014,16480.363,41.969738,87.84073,94.89275
COL,2015,16821.38,42.334328,88.71991,95.138985
COL,2016,17003.244,42.755756,89.59802,95.380714
COL,2017,16986.033,43.38087,90.47494,95.617836
COL,2018,17104.13,44.186085,91.35066,95.850426
COM,2000,2858.857,288.06232,24.425114,87.33876
COM,2001,2952.4424,294.04675,26.154566,87.52881
COM,2002,3023.5244,300.3369,27.710789,87.426476
COM,2003,3023.19,306.18378,29.248087,87.322685
COM,2004,3058.3833,312.04245,30.766853,87.2175
COM,2005,3166.3628,318.4734,32.269653,87.11132
COM,2006,3048.6924,324.9608,33.75606,87.00425
COM,2007,3012.5474,331.50726,35.225655,86.89642
COM,2008,3070.3696,338.15906,36.67786,86.7879
COM,2009,3107.453,344.94843,38.11242,86.67883
COM,2010,3161.3748,351.87857,39.529037,86.56937
COM,2011,3227.2166,358.9812,40.927017,86.45953
COM,2012,3263.163,366.2746,42.306072,86.34947
COM,2013,3337.5986,374.10156,43.66588,86.23936
COM,2014,3334.5752,382.3278,45.00579,86.12919
COM,2015,3302.3862,390.48093,46.32559,86.01918
COM,2016,3342.7668,398.57333,47.624805,85.90943
COM,2017,3401.8523,406.5943,48.902924,85.8
COM,2018,3457.587,414.6142,50.159515,85.691
CPV,2000,4510.1357,112.490074,36.827953,79.36776
CPV,2001,4540.907,114.21836,39.191055,79.66278
CPV,2002,4710.241,115.89479,41.537506,79.952774
CPV,2003,4841.2656,117.46501,43.86641,80.2372
CPV,2004,5268.303,118.95211,46.178474,80.66026
CPV,2005,5565.7695,120.37916,48.472603,81.08172
CPV,2006,5941.3823,121.76874,50.7498,81.50212
CPV,2007,6767.4067,123.12556,53.00935,81.92093
CPV,2008,7169.1396,124.40745,55.252197,82.33869
CPV,2009,6994.574,125.59504,57.47693,82.75431
CPV,2010,7072.1216,126.499504,59.68185,83.16633
CPV,2011,7325.784,126.911415,61.800655,83.52225
CPV,2012,7397.8223,127.03871,63.953075,83.877495
CPV,2013,7440.6626,127.10447,66.09924,84.231895
CPV,2014,7491.022,127.13003,68.238884,84.585464
CPV,2015,7560.1367,127.147644,70.371704,84.9382
CPV,2016,7881.303,127.18511,72.49693,85.58132
CPV,2017,8234.56,127.270226,74.61426,86.33307
CPV,2018,8531.13,127.39901,76.723724,87.07555
CRI,2000,14018.742,77.1198,93.68497,94.65029
CRI,2001,14250.463,78.51451,93.92396,95.062416
CRI,2002,14495.992,79.821976,94.156105,95.45748
CRI,2003,14891.34,81.0574,94.381454,95.83566
CRI,2004,15323.289,82.25771,94.59991,96.19697
CRI,2005,15703.963,83.45554,94.81127,96.54131
CRI,2006,16620.135,84.63253,95.01589,96.86935
CRI,2007,17743.623,85.78633,95.21372,97.181206
CRI,2008,18334.014,86.95766,95.40497,97.47738
CRI,2009,17932.615,88.12746,95.670074,97.75778
CRI,2010,18660.92,89.22768,95.92729,98.000946
CRI,2011,19254.914,90.282684,96.17658,98.22837
CRI,2012,19960.793,91.34215,96.41707,98.47449
CRI,2013,20232.268,92.36492,96.64922,98.70639
CRI,2014,20724.922,93.36322,96.87353,98.92502
CRI,2015,21254.783,94.36046,97.090546,99.13136
CRI,2016,21925.6,95.31929,97.30076,99.3263
CRI,2017,22622.553,96.2236,97.504585,99.51067
CRI,2018,23005.312,97.097786,97.702515,99.68531
CUB,2000,,107.0242,81.30807,91.76107
CUB,2001,,107.3616,81.505135,91.917015
CUB,2002,,107.68229,81.7008,92.07047
CUB,2003,,107.990166,81.88772,92.21158
CUB,2004,,108.27318,82.066376,92.34125
CUB,2005,,108.50243,82.689995,92.46859
CUB,2006,,108.65655,83.31492,92.59505
CUB,2007,,108.7406,83.94115,92.72063
CUB,2008,,108.78385,84.56866,92.845314
CUB,2009,,108.812325,85.19736,92.96901
CUB,2010,,108.83829,85.82733,93.09183
CUB,2011,,108.8784,86.45855,93.213776
CUB,2012,,108.89376,87.09102,93.33486
CUB,2013,,108.845505,87.72162,93.45013
CUB,2014,,108.726204,88.353134,93.563675
CUB,2015,,108.62302,88.98649,93.67694
CUB,2016,,108.53194,89.62155,93.78972
CUB,2017,,108.36054,90.259,93.90331
CUB,2018,,108.16104,90.89864,94.01755
CUW,2000,34307.125,327.7928,98.311005,98.70079
CUW,2001,35339.066,326.03152,98.37701,98.80216
CUW,2002,35435.996,328.6284,98.443016,98.90353
CUW,2003,34812.79,333.1599,98.50902,99.0049
CUW,2004,34288.74,337.39865,98.57502,99.10626
CUW,2005,33651.504,340.81982,98.64103,99.20763
CUW,2006,33334.855,343.50452,98.70703,99.309
CUW,2007,33490.254,346.1081,98.77304,99.41036
CUW,2008,33795.13,348.6126,98.83904,99.511734
CUW,2009,33397.4,350.97296,98.90505,99.6131
CUW,2010,33004.555,353.33557,98.971054,99.71447
CUW,2011,32704.355,357.14413,99.03706,99.815834
CUW,2012,32320.877,362.3964,99.103065,99.917206
CUW,2013,31753.385,367.3919,99.169075,100.0
CUW,2014,31128.646,371.71396,99.169075,100.0
CUW,2015,30861.32,375.27252,99.169075,100.0
CUW,2016,30209.79,377.89865,99.169075,100.0
CUW,2017,29729.102,379.56082,99.169075,100.0
CUW,2018,29256.814,408.98648,,100.0
CYM,2000,,165.4125,,
CYM,2001,,171.2875,83.93783,96.13927
CYM,2002,,177.225,83.93783,96.13927
CYM,2003,,183.13333,83.93783,96.13927
CYM,2004,,189.05,83.93783,96.13927
CYM,2005,,195.0375,83.93783,96.13927
CYM,2006,92213.08,201.05,83.803795,96.10153
CYM,2007,92343.73,207.12083,83.669754,96.063805
CYM,2008,89380.15,213.22917,83.53572,96.02608
CYM,2009,80631.84,219.32916,83.51893,95.98834
CYM,2010,76294.766,225.5,83.501755,95.950615
CYM,2011,75094.83,231.79167,83.4842,95.91288
CYM,2012,73982.68,238.14583,83.46628,95.87515
CYM,2013,72988.7,244.49167,83.447975,95.837425
CYM,2014,73051.81,250.74583,83.42929,95.79969
CYM,2015,73315.38,256.9375,83.41024,95.76196
CYM,2016,73941.86,263.00418,83.3908,95.724236
CYM,2017,74599.68,269.00418,83.370995,95.6865
CYM,2018,76124.55,274.84167,83.35081,95.64877
CYP,2000,36121.816,102.56136,99.61994,99.88084
CYP,2001,37146.996,104.342964,99.620026,99.88071
CYP,2002,38090.934,106.216774,99.61997,99.88079
CYP,2003,38617.973,108.181816,99.613686,99.87715
CYP,2004,40020.09,110.15963,99.60729,99.87353
CYP,2005,41362.266,112.13809,99.60079,99.86653
CYP,2006,42595.38,114.11515,99.5942,99.85863
CYP,2007,43823.94,116.09599,99.587494,99.85069
CYP,2008,44295.812,118.07673,99.58069,99.842735
CYP,2009,42253.562,120.06245,99.57377,99.834755
CYP,2010,42102.457,122.05909,99.56674,99.82675
CYP,2011,41212.86,124.07933,99.559616,99.818726
CYP,2012,39190.383,126.12586,99.55238,99.810684
CYP,2013,36650.723,128.1276,99.545135,99.8026
CYP,2014,36105.05,130.06558,99.537895,99.79449
CYP,2015,37258.652,131.98096,99.5307,99.78637
CYP,2016,39501.016,133.8868,99.523544,99.77821
CYP,2017,41418.16,135.74394,99.51648,99.77006
CYP,2018,43510.21,137.5263,99.50949,99.76188
CZE,2000,29427.406,132.62378,99.019936,97.972244
CZE,2001,30399.873,132.56073,99.018326,97.97062
CZE,2002,30919.549,132.65831,99.0225,98.008835
CZE,2003,31949.297,132.78052,99.02684,98.047035
CZE,2004,33452.34,132.94305,99.031364,98.08525
CZE,2005,35535.746,133.18535,99.03607,98.12347
CZE,2006,37786.88,133.50195,99.04097,98.16169
CZE,2007,39629.008,133.92879,99.04604,98.19991
CZE,2008,40328.344,134.45685,99.0513,98.238144
CZE,2009,38175.14,135.00989,99.05675,98.276375
CZE,2010,39097.387,135.56763,99.062386,98.31464
CZE,2011,39708.164,135.97537,99.06821,98.352875
CZE,2012,39347.05,136.12865,99.07411,98.39229
CZE,2013,39317.555,136.1782,99.07978,98.53396
CZE,2014,40158.016,136.2567,99.07555,98.73021
CZE,2015,42066.574,136.34991,99.07517,98.73048
CZE,2016,43069.465,136.44745,99.0748,98.73075
CZE,2017,45177.523,136.5692,99.07437,98.73106
CZE,2018,46301.082,136.66754,99.07389,98.73139
DEU,2000,49875.875,234.11447,99.21811,100.0
DEU,2001,50606.71,234.50551,99.21873,100.0
DEU,2002,50406.38,234.89032,99.219345,100.0
DEU,2003,50111.574,235.01422,99.219955,100.0
DEU,2004,50704.92,234.96008,99.220566,100.0
DEU,2005,51182.96,234.8285,99.221176,100.0
DEU,2006,53222.04,233.84175,99.22177,100.0
DEU,2007,54832.96,232.6871,99.222374,100.0
DEU,2008,55425.11,232.14969,99.22297,100.0
DEU,2009,52484.855,231.64737,99.22356,100.0
DEU,2010,54738.707,231.34868,99.224144,100.0
DEU,2011,57858.42,231.42584,99.22473,100.0
DEU,2012,58017.586,231.59332,99.22476,100.0
DEU,2013,58089.17,231.95163,99.22479,100.0
DEU,2014,59108.7,232.90901,99.22482,100.0
DEU,2015,59573.707,234.9167,99.22485,100.0
DEU,2016,60407.973,236.87027,99.22492,100.0
DEU,2017,61866.49,237.85457,99.22504,100.0
DEU,2018,62381.348,238.6116,99.2252,100.0
DJI,2000,,32.24012,43.80056,74.30963
DJI,2001,,33.27485,43.821297,74.52757
DJI,2002,,34.321655,43.842033,74.74509
DJI,2003,,35.09612,43.862774,74.96217
DJI,2004,,35.639904,43.88351,75.17883
DJI,2005,,36.202503,45.41391,75.39476
DJI,2006,,36.918335,46.94023,75.61057
DJI,2007,,37.727783,48.462025,75.82596
DJI,2008,,38.51333,49.979263,76.04092
DJI,2009,,39.323727,51.49145,76.255165
DJI,2010,,40.131664,53.00407,76.471825
DJI,2011,,40.9217,54.51736,76.69075
DJI,2012,,41.706387,56.031033,76.911545
DJI,2013,4469.074,42.486324,57.545815,77.13434
DJI,2014,4705.0493,43.25798,59.060863,77.35848
DJI,2015,4961.868,44.017082,60.57796,77.58462
DJI,2016,5226.5005,44.765316,62.0957,77.811844
DJI,2017,5421.9565,45.506645,63.61479,78.0403
DJI,2018,5590.5044,46.241848,65.13541,78.26985
DMA,2000,14054.655,91.36933,64.04257,94.26688
DMA,2001,14091.549,91.06533,65.298256,94.38364
DMA,2002,13640.703,91.18,66.55393,94.50723
DMA,2003,14398.002,91.402664,67.809616,94.62985
DMA,2004,14962.246,91.552,69.0653,94.751564
DMA,2005,15080.5205,91.666664,70.32098,94.87227
DMA,2006,15727.705,91.764,71.57666,94.99207
DMA,2007,16560.518,91.816,72.83234,95.11092
DMA,2008,17738.041,91.821335,74.08802,95.22887
DMA,2009,17534.033,91.83867,75.343704,95.345856
DMA,2010,17516.787,91.82933,76.59938,95.461914
DMA,2011,17475.041,92.097336,77.855064,95.577095
DMA,2012,17431.129,92.184,79.11074,95.69143
DMA,2013,17282.637,92.97733,80.366425,95.80491
DMA,2014,17520.855,93.849335,80.366425,95.91753
DMA,2015,16920.912,93.905334,80.366425,96.02927
DMA,2016,17364.078,92.836,80.366425,96.14017
DMA,2017,16314.2295,91.352,80.366425,96.25017
DMA,2018,16877.125,90.92667,,96.35929
DNK,2000,57907.504,133.49147,99.59724,100.0
DNK,2001,58248.555,133.97063,99.597244,100.0
DNK,2002,58327.83,134.39917,99.597244,100.0
DNK,2003,58425.965,134.76552,99.597244,100.0
DNK,2004,59893.094,135.11485,99.59724,100.0
DNK,2005,61137.68,135.48875,99.59724,100.0
DNK,2006,63262.742,135.93562,99.59724,100.0
DNK,2007,63604.562,136.5401,99.59724,100.0
DNK,2008,62968.16,137.34406,99.59723,100.0
DNK,2009,59516.508,138.07922,99.59723,100.0
DNK,2010,60190.633,138.69662,99.59723,100.0
DNK,2011,60729.055,139.2712,99.59723,100.0
DNK,2012,60497.69,139.79778,99.59724,100.0
DNK,2013,61085.03,140.38333,99.59723,100.0
DNK,2014,61552.8,141.09488,99.59724,100.0
DNK,2015,62405.715,142.09245,99.59724,100.0
DNK,2016,63823.45,143.2049,99.59723,100.0
DNK,2017,65352.4,144.1291,99.59723,100.0
DNK,2018,66238.7,144.8456,99.59723,100.0
DOM,2000,10896.318,180.60205,76.597244,91.01932
DOM,2001,10991.137,183.46526,77.148605,91.38155
DOM,2002,11313.069,186.24121,77.699,91.73506
DOM,2003,11000.868,188.9425,78.30326,92.13836
DOM,2004,11131.2705,191.55685,78.92712,92.550385
DOM,2005,12022.508,194.0846,79.54579,92.944244
DOM,2006,12961.918,196.5283,80.159805,93.32084
DOM,2007,13754.921,198.93675,80.76884,93.68018
DOM,2008,14030.141,201.40823,81.37291,94.02268
DOM,2009,13992.41,203.97783,81.971115,94.347946
DOM,2010,14975.001,206.60579,82.56435,94.65719
DOM,2011,15258.086,209.24498,83.140015,94.941154
DOM,2012,15487.277,211.87033,83.70298,95.2053
DOM,2013,16054.768,214.46715,84.26182,95.45692
DOM,2014,16993.588,217.02727,84.81681,95.69656
DOM,2015,17973.188,219.53728,85.36812,95.92469
DOM,2016,18968.975,221.9905,85.91567,96.14159
DOM,2017,19501.875,224.41872,86.45918,96.34747
DOM,2018,20662.848,226.84244,86.99703,96.54199
DZA,2000,11558.221,12.975338,84.48083,88.993805
DZA,2001,11742.595,13.154758,84.759926,89.1698
DZA,2002,12213.126,13.330935,85.03281,89.34364
DZA,2003,12835.182,13.509367,85.299164,89.51511
DZA,2004,13226.765,13.699343,85.55907,89.68422
DZA,2005,13738.496,13.901284,85.812256,89.85078
DZA,2006,13920.694,14.117196,86.059135,90.01502
DZA,2007,14114.675,14.354802,86.29944,90.17674
DZA,2008,14206.776,14.618283,86.53356,90.3362
DZA,2009,14104.428,14.901051,86.75948,90.49186
DZA,2010,14496.421,15.194027,86.978134,90.64434
DZA,2011,14641.964,15.494286,87.18924,90.79335
DZA,2012,14697.54,15.806154,87.09354,90.954704
DZA,2013,14778.191,16.128613,86.98688,91.11286
DZA,2014,15073.763,16.460663,86.86985,91.26806
DZA,2015,15239.518,16.802637,86.74252,91.42015
DZA,2016,15511.686,17.15162,86.605484,91.5694
DZA,2017,15427.664,17.50371,86.458824,91.71564
DZA,2018,15343.426,17.846203,86.30309,91.85912
ECU,2000,9183.052,51.092022,73.02479,84.75696
ECU,2001,9405.117,51.98396,73.682274,85.332726
ECU,2002,9697.556,52.90092,74.29404,85.86812
ECU,2003,9802.814,53.842422,74.87654,86.37706
ECU,2004,10290.663,54.79425,75.45566,86.79136
ECU,2005,10660.205,55.75037,76.258675,87.16572
ECU,2006,10933.49,56.716614,77.060905,87.48048
ECU,2007,10952.822,57.693604,77.86272,87.792206
ECU,2008,11474.525,58.685783,78.66376,88.10053
ECU,2009,11403.527,59.695442,79.46405,88.40548
ECU,2010,11665.698,60.705013,80.26378,88.70729
ECU,2011,12449.078,61.709743,81.05781,88.99957
ECU,2012,12961.026,62.700092,81.84815,89.28438
ECU,2013,13689.152,63.646046,82.638565,89.56629
ECU,2014,14064.799,64.56405,83.4289,89.84513
ECU,2015,13881.57,65.49456,84.21944,90.121284
ECU,2016,13586.516,66.45652,85.009926,90.39442
ECU,2017,14179.153,67.480736,85.80049,90.66471
ECU,2018,14083.507,68.6485,86.59284,90.934875
EGY,2000,9981.628,73.417336,91.97457,98.99336
EGY,2001,10117.333,74.993256,92.18866,98.92261
EGY,2002,10143.506,76.587616,92.40278,98.85193
EGY,2003,10250.377,78.209404,92.61691,98.78132
EGY,2004,10451.821,79.84071,92.83107,98.71077
EGY,2005,10700.609,81.47171,93.04524,98.64028
EGY,2006,11211.832,83.07841,93.25943,98.56986
EGY,2007,11782.006,84.66143,93.47143,98.49889
EGY,2008,12391.585,86.25726,93.68212,98.42754
EGY,2009,12728.081,87.90159,93.892914,98.35621
EGY,2010,13128.988,89.60377,94.10371,98.28486
EGY,2011,13082.427,91.50944,94.3146,98.21353
EGY,2012,13076.806,93.58682,94.52369,98.14157
EGY,2013,13058.075,95.7693,94.732895,98.0696
EGY,2014,13136.365,97.97444,94.94212,97.99758
EGY,2015,13425.912,100.052574,95.151405,97.925514
EGY,2016,13727.32,102.10918,95.3608,97.85344
EGY,2017,14018.36,104.17003,95.57162,97.78186
EGY,2018,14488.209,106.165146,95.78382,97.710815
ERI,2000,,18.564281,8.2853,46.814217
ERI,2001,,19.101679,8.640479,47.120422
ERI,2002,,19.770031,8.986296,47.440926
ERI,2003,,20.603842,9.322086,47.775223
ERI,2004,,21.466211,9.647448,48.123417
ERI,2005,,21.986094,9.961535,48.48441
ERI,2006,,22.335447,10.264418,48.859493
ERI,2007,,22.663641,10.5550785,49.246952
ERI,2008,,23.26761,10.833774,49.648705
ERI,2009,,23.858784,11.022041,49.810326
ERI,2010,,24.332153,11.201945,49.977383
ERI,2011,,24.772575,11.37354,50.150528
ERI,2012,,25.09069,11.536517,50.329174
ERI,2013,,25.399422,11.63627,50.705128
ERI,2014,,25.571272,11.736681,51.083565
ERI,2015,,25.657078,11.837913,51.46509
ERI,2016,,25.815256,11.939966,51.849716
ERI,2017,,26.027168,,
ERI,2018,,26.377571,,
ESH,2000,,1.0223534,,
ESH,2001,,1.0721692,,
ESH,2002,,1.1220602,,
ESH,2003,,1.1721466,,
ESH,2004,,1.2225451,,
ESH,2005,,1.2733233,,
ESH,2006,,1.325782,,
ESH,2007,,1.3792256,,
ESH,2008,,1.4317068,,
ESH,2009,,1.4848083,,
ESH,2010,,1.5403082,,
ESH,2011,,1.598094,,
ESH,2012,,1.6580188,,
ESH,2013,,1.7196842,,
ESH,2014,,1.7766579,,
ESH,2015,,1.8279399,,
ESH,2016,,1.8784136,,
ESH,2017,,1.9280113,,
ESH,2018,,1.9766542,,
ESP,2000,39945.9,82.083336,99.81338,100.0
ESP,2001,41224.293,82.53524,99.81324,100.0
ESP,2002,41766.04,83.555984,99.82037,100.0
ESP,2003,42223.13,85.058464,99.82743,100.0
ESP,2004,42793.39,86.51528,99.8345,100.0
ESP,2005,43570.766,87.9647,99.84161,100.0
ESP,2006,44572.68,89.43861,99.84874,100.0
ESP,2007,45301.285,91.0816,99.85588,100.0
ESP,2008,44926.348,92.51947,99.863045,100.0
ESP,2009,42852.223,93.32015,99.87023,100.0
ESP,2010,42695.527,93.73094,99.87743,100.0
ESP,2011,42271.836,94.04626,99.88466,100.0
ESP,2012,41034.047,94.086845,99.891914,99.98617
ESP,2013,40594.914,93.77081,99.89917,99.95664
ESP,2014,41339.41,93.49025,99.9061,99.92694
ESP,2015,43053.76,93.417206,99.91247,99.92672
ESP,2016,44274.668,93.51543,99.918884,99.926506
ESP,2017,45446.25,93.787224,99.91984,99.92628
ESP,2018,46325.21,94.23591,99.9196,99.92606
EST,2000,20528.57,32.678387,99.75769,97.46676
EST,2001,21874.695,32.471905,99.75543,97.60825
EST,2002,23539.906,32.267555,99.751656,97.7507
EST,2003,25487.533,32.066643,99.70674,97.89404
EST,2004,27384.084,31.875603,99.64523,98.038345
EST,2005,30164.006,31.692327,99.58384,98.18361
EST,2006,33304.594,31.506083,99.52256,98.32978
EST,2007,35989.863,31.361614,99.461395,98.47691
EST,2008,34236.95,31.276678,99.40035,98.625015
EST,2009,29284.404,31.21703,99.339424,98.77408
EST,2010,30070.299,31.14503,99.27861,98.92409
EST,2011,32456.121,31.049498,99.21791,99.07506
EST,2012,33768.574,30.938362,99.15749,99.22915
EST,2013,34484.223,30.828539,99.09716,99.38479
EST,2014,35723.625,30.747532,99.036705,99.539314
EST,2015,36356.44,30.75041,99.03551,99.692726
EST,2016,37470.043,30.780117,99.03423,99.84503
EST,2017,39533.465,30.817076,99.032845,99.925705
EST,2018,40853.65,30.92332,99.03136,99.94854
ETH,2000,810.27075,59.731712,2.9657664,18.759062
ETH,2001,851.3134,61.571445,3.2263188,20.28613
ETH,2002,838.29803,63.47452,3.4870996,21.810595
ETH,2003,795.77216,65.42136,3.7476945,23.33038
ETH,2004,877.1145,67.410194,4.032814,24.846077
ETH,2005,952.11566,69.439545,4.317251,26.357613
ETH,2006,1024.7291,71.50944,4.6011963,27.865513
ETH,2007,1109.1433,73.63577,4.886819,29.378462
ETH,2008,1193.7473,75.798195,5.196915,30.98697
ETH,2009,1262.464,77.98146,5.5077987,32.588245
ETH,2010,1381.1904,80.224014,5.8200245,34.18369
ETH,2011,1492.5339,82.537964,6.133436,35.771896
ETH,2012,1576.7688,84.884995,6.4484644,37.353645
ETH,2013,1696.8651,87.22422,6.7623634,38.91893
ETH,2014,1821.3916,89.59612,7.0779386,40.477066
ETH,2015,1957.4146,92.03419,7.3951755,42.02727
ETH,2016,2084.8406,94.56041,7.714373,43.569748
ETH,2017,2222.8281,97.172844,8.035357,45.103275
ETH,2018,2311.165,99.82901,8.358759,46.628967
FIN,2000,46968.84,17.029894,99.44819,100.0
FIN,2001,48099.3,17.068626,99.44818,100.0
FIN,2002,48792.49,17.11001,99.448166,100.0
FIN,2003,49655.547,17.150839,99.44816,100.0
FIN,2004,51494.707,17.200811,99.44814,99.99999
FIN,2005,52744.047,17.259806,99.448135,100.0
FIN,2006,54653.98,17.326164,99.448135,100.0
FIN,2007,57313.293,17.400082,99.44812,100.0
FIN,2008,57494.586,17.481228,99.44811,100.0
FIN,2009,52599.15,17.565042,99.448105,100.0
FIN,2010,54017.945,17.645624,99.44809,100.0
FIN,2011,55053.39,17.72751,99.44805,100.0
FIN,2012,53957.668,17.812202,99.44801,100.0
FIN,2013,53183.43,17.894714,99.44799,100.0
FIN,2014,52710.734,17.969164,99.44799,100.0
FIN,2015,52782.49,18.028494,99.44799,100.0
FIN,2016,53984.633,18.080307,99.44798,100.0
FIN,2017,55637.227,18.122849,99.44798,100.0
FIN,2018,56226.336,18.14697,99.44798,100.0
FJI,2000,9070.993,46.026985,87.590576,94.817184
FJI,2001,9157.809,46.502792,87.64521,94.84408
FJI,2002,9357.754,46.965355,87.69984,94.87097
FJI,2003,9361.464,47.416367,88.33729,94.8927
FJI,2004,9766.527,47.85818,88.96894,94.914795
FJI,2005,9745.581,48.29688,89.59444,94.93704
FJI,2006,9837.086,48.73399,89.94935,94.959656
FJI,2007,9672.29,49.14302,90.29462,94.98255
FJI,2008,9711.966,49.447346,90.639145,95.01254
FJI,2009,9536.817,49.6578,90.9745,95.04453
FJI,2010,9784.304,49.831802,91.29852,95.07698
FJI,2011,10020.695,49.97214,91.61111,95.10974
FJI,2012,10140.693,50.077724,91.912445,95.142944
FJI,2013,10604.156,50.156487,92.20238,95.176315
FJI,2014,11183.313,50.22381,92.48116,95.210075
FJI,2015,11674.063,50.278324,92.74886,95.2442
FJI,2016,11951.92,50.31018,93.00551,95.27863
FJI,2017,12597.327,50.288013,93.251175,95.3133
FJI,2018,13100.096,50.2017,93.485954,95.34827
FLK,2000,,0.25628594,100.0,
FLK,2001,,0.26023006,100.0,
FLK,2002,,0.26236647,100.0,
FLK,2003,,0.2639277,100.0,
FLK,2004,,0.26540673,100.0,
FLK,2005,,0.26639277,100.0,
FLK,2006,,0.2673788,100.0,
FLK,2007,,0.26696795,100.0,
FLK,2008,,0.2665571,100.0,
FLK,2009,,0.26565325,100.0,
FLK,2010,,0.26442072,100.0,
FLK,2011,,0.2633525,100.0,
FLK,2012,,0.26483154,100.0,94.48845
FLK,2013,,0.27041906,100.0,94.602165
FLK,2014,,0.27625307,100.0,94.71283
FLK,2015,,0.28200492,100.0,94.82
FLK,2016,,0.28751028,100.0,94.9239
FLK,2017,,0.29096138,100.0,95.024734
FLK,2018,,0.29161873,100.0,95.12253
FRA,2000,45922.48,108.63475,98.663025,100.0
FRA,2001,46454.87,109.40437,98.662254,100.0
FRA,2002,46610.78,110.175285,98.66149,100.0
FRA,2003,46730.977,110.93114,98.66073,100.0
FRA,2004,47720.44,111.723976,98.659966,100.0
FRA,2005,48257.465,112.54542,98.659225,100.0
FRA,2006,49223.246,113.32123,98.65848,100.0
FRA,2007,50157.785,114.01998,98.65774,100.0
FRA,2008,50068.297,114.655075,98.657,100.0
FRA,2009,48404.965,115.25094,98.65624,100.0
FRA,2010,49130.42,115.81875,98.65548,100.0
FRA,2011,50085.684,116.39661,98.65472,100.0
FRA,2012,49935.625,116.989586,98.653946,100.0
FRA,2013,50066.53,117.59093,98.65317,100.0
FRA,2014,50326.566,118.14751,98.65238,100.0
FRA,2015,50682.895,118.55631,98.651596,100.0
FRA,2016,50984.074,118.86772,98.65081,100.0
FRA,2017,51895.566,119.22919,98.65001,100.0
FRA,2018,52560.953,119.65793,98.649216,100.0
FRO,2000,,33.348175,,100.0
FRO,2001,,33.767883,,100.0
FRO,2002,,34.19854,,100.0
FRO,2003,,34.633575,,100.0
FRO,2004,,35.06642,,100.0
FRO,2005,,35.31825,,100.0
FRO,2006,,35.369343,,100.0
FRO,2007,,35.4,90.88348,100.0
FRO,2008,54263.33,35.421898,90.88348,100.0
FRO,2009,51533.543,35.410217,90.88348,100.0
FRO,2010,51479.195,35.17591,90.88348,100.0
FRO,2011,53440.336,35.005108,90.88348,100.0
FRO,2012,57523.324,35.118977,90.88348,100.0
FRO,2013,60948.77,35.253284,90.88348,100.0
FRO,2014,64018.094,35.412407,90.88348,100.0
FRO,2015,64008.85,35.70511,90.88348,100.0
FRO,2016,64155.027,36.170803,,100.0
FRO,2017,65460.605,36.69197,,100.0
FRO,2018,66193.34,37.271534,,100.0
FSM,2000,3555.4995,160.09572,25.04843,91.79209
FSM,2001,3609.8726,160.54,29.136272,91.67271
FSM,2002,3623.1963,160.66286,33.224113,91.55333
FSM,2003,3692.4172,160.42572,37.311954,91.433945
FSM,2004,3586.1125,159.91286,41.3998,91.31456
FSM,2005,3685.9944,159.17143,45.48764,91.195175
FSM,2006,3701.3508,158.19858,49.57548,91.07579
FSM,2007,3665.6575,156.9943,53.663322,90.956406
FSM,2008,3601.9004,155.63857,57.751163,90.83702
FSM,2009,3674.4883,154.24,61.83901,90.71764
FSM,2010,3764.953,153.65572,65.92685,90.59826
FSM,2011,3901.6758,153.87428,70.014694,90.478874
FSM,2012,3828.747,154.15428,74.10253,90.35949
FSM,2013,3680.1064,154.47571,78.19038,90.240105
FSM,2014,3575.8508,154.86714,82.27821,90.12072
FSM,2015,3723.399,155.32428,86.36606,90.001335
FSM,2016,3746.1301,155.84,90.4539,89.88195
FSM,2017,3813.4421,156.42143,90.4539,89.88195
FSM,2018,3798.592,157.03572,90.4539,89.88195
GAB,2000,21717.225,4.950433,26.818195,80.06525
GAB,2001,21604.781,5.0824466,27.95006,80.56922
GAB,2002,20981.48,5.220406,29.101969,81.060005
GAB,2003,20875.455,5.3648233,30.273457,81.537315
GAB,2004,20438.932,5.517212,31.464264,82.00138
GAB,2005,20385.29,5.679757,32.673874,82.45192
GAB,2006,19224.127,5.853759,33.902473,82.890076
GAB,2007,19751.877,6.039671,35.149548,83.31557
GAB,2008,18493.092,6.2373657,36.41531,83.729515
GAB,2009,17911.146,6.44843,37.698723,84.13072
GAB,2010,18530.576,6.674751,39.00026,84.52073
GAB,2011,19153.088,6.915772,40.319374,84.89927
GAB,2012,19450.402,7.167668,41.65633,85.267395
GAB,2013,19836.455,7.4244614,43.010006,85.623924
GAB,2014,20008.99,7.6780376,44.37801,85.96589
GAB,2015,20147.71,7.920945,45.759556,86.29304
GAB,2016,19988.176,8.151162,47.15475,86.60647
GAB,2017,19555.707,8.370792,48.56374,86.90725
GAB,2018,19225.598,8.585866,49.986397,87.195984
GBR,2000,43115.562,244.10918,99.12999,100.0
GBR,2001,43976.84,245.06302,99.12955,100.0
GBR,2002,44539.465,246.1074,99.12825,100.0
GBR,2003,45759.402,247.2632,99.12697,100.0
GBR,2004,46558.13,248.70816,99.1257,100.0
GBR,2005,47529.938,250.46959,99.12444,100.0
GBR,2006,48215.047,252.35023,99.1232,100.0
GBR,2007,49243.25,254.35399,99.12197,100.0
GBR,2008,48833.07,256.38535,99.12076,100.0
GBR,2009,46241.805,258.3649,99.11955,100.0
GBR,2010,46917.89,260.4327,99.11837,100.0
GBR,2011,46949.02,262.511,99.11719,100.0
GBR,2012,47328.21,264.376,99.11602,100.0
GBR,2013,47820.28,266.14883,99.11486,100.0
GBR,2014,48964.285,268.11853,99.11371,100.0
GBR,2015,49652.72,270.25217,99.112564,100.0
GBR,2016,50346.86,272.3654,99.11142,100.0
GBR,2017,51586.676,274.27136,99.11029,100.0
GBR,2018,52131.695,275.91647,99.10918,100.0
GEO,2000,5706.2725,62.287537,76.039085,94.06023
GEO,2001,6074.0864,60.57909,76.345566,94.161995
GEO,2002,6464.325,59.40213,76.73083,94.291534
GEO,2003,7227.737,58.792473,77.20781,94.45326
GEO,2004,7693.915,58.369205,77.86243,94.59808
GEO,2005,8485.587,57.938335,78.51547,94.741486
GEO,2006,9337.989,57.51308,79.16719,94.88358
GEO,2007,10567.274,57.09587,79.81756,95.02436
GEO,2008,10856.104,56.715958,80.46631,95.16374
GEO,2009,10553.09,56.395668,81.113434,95.30174
GEO,2010,11294.368,56.064644,81.75915,95.43842
GEO,2011,12288.683,55.673103,82.40318,95.57372
GEO,2012,13193.96,55.248352,83.04579,95.70773
GEO,2013,13913.002,54.815483,83.68647,95.84029
GEO,2014,14475.313,54.582256,84.32567,95.97155
GEO,2015,14936.844,54.562817,84.96315,96.10145
GEO,2016,15442.956,54.56988,85.60082,96.230644
GEO,2017,16237.624,54.58138,86.23794,96.35888
GEO,2018,17228.68,54.610462,86.874825,96.486275
GGY,2000,,,100.0,
GGY,2001,,,100.0,
GGY,2002,,,100.0,
GGY,2003,,,100.0,
GGY,2004,,,100.0,
GGY,2005,,,100.0,
GGY,2006,,,100.0,
GGY,2007,,,100.0,
GGY,2008,,,100.0,
GGY,2009,,,100.0,
GGY,2010,,,100.0,
GGY,2011,,,100.0,
GGY,2012,,,100.0,
GGY,2013,,,100.0,
GGY,2014,,,100.0,
GGY,2015,,,100.0,
GGY,2016,,,100.0,
GGY,2017,,,100.0,
GGY,2018,,,100.0,
GHA,2000,3327.352,86.30434,5.7234426,65.51722
GHA,2001,3369.507,88.63362,5.811074,66.272484
GHA,2002,3425.6182,91.10499,6.7504554,67.287025
GHA,2003,3507.751,93.598335,7.7086234,68.30364
GHA,2004,3607.3652,96.11044,8.685409,69.32259
GHA,2005,3721.3079,98.66457,9.680148,70.342834
GHA,2006,3857.8616,101.26313,10.692857,71.36516
GHA,2007,3923.1257,103.90706,11.723153,72.38928
GHA,2008,4174.7812,106.577705,12.770758,73.415215
GHA,2009,4269.16,109.2706,13.83505,74.44221
GHA,2010,4495.689,111.961784,14.916184,75.47127
GHA,2011,5005.367,114.68706,16.01353,76.50164
GHA,2012,5339.7134,117.49625,17.126673,77.5331
GHA,2013,5593.775,120.36141,18.255064,78.565155
GHA,2014,5619.0723,123.24187,19.39839,79.59783
GHA,2015,5607.366,126.11828,20.55634,80.631165
GHA,2016,5666.078,129.02188,21.728605,81.665146
GHA,2017,5993.631,131.88577,22.914755,82.69957
GHA,2018,6234.512,134.6512,24.114485,83.73447
GIB,2000,,2773.4,100.0,100.0
GIB,2001,,2768.5,100.0,100.0
GIB,2002,,2785.0,100.0,100.0
GIB,2003,,2830.1,100.0,100.0
GIB,2004,,2874.1,100.0,100.0
GIB,2005,,2919.1,100.0,100.0
GIB,2006,,2962.0,100.0,100.0
GIB,2007,,3003.2,100.0,100.0
GIB,2008,,3043.1,100.0,100.0
GIB,2009,,3084.7,100.0,100.0
GIB,2010,,3127.1,100.0,100.0
GIB,2011,,3168.5,100.0,100.0
GIB,2012,,3205.4,100.0,100.0
GIB,2013,,3242.9,100.0,100.0
GIB,2014,,3283.6,100.0,100.0
GIB,2015,,3321.4,100.0,100.0
GIB,2016,,3368.2,100.0,100.0
GIB,2017,,3426.7,100.0,100.0
GIB,2018,,3488.3,100.0,100.0
GIN,2000,2358.2876,34.30261,9.162307,49.75328
GIN,2001,2412.7517,34.754856,9.8862915,50.503635
GIN,2002,2498.1318,35.300636,10.611442,51.252304
GIN,2003,2473.2341,36.10121,11.337945,51.999626
GIN,2004,2477.503,36.88232,12.206875,52.745228
GIN,2005,2501.2217,37.62756,13.095036,53.4891
GIN,2006,2478.6133,38.42249,14.002633,54.23158
GIN,2007,2587.005,39.32231,14.929488,54.972294
GIN,2008,2629.5398,40.285164,15.875607,55.71124
GIN,2009,2537.3064,41.280888,16.841002,56.4484
GIN,2010,2594.8306,42.308685,17.825888,57.184097
GIN,2011,2673.4087,43.36974,18.830074,58.360313
GIN,2012,2762.9036,44.447258,19.853569,59.5459
GIN,2013,2802.56,45.547264,20.896381,60.740795
GIN,2014,2834.9663,46.691036,21.958517,61.944954
GIN,2015,2869.8516,47.888153,23.042953,63.16257
GIN,2016,3099.7888,49.133286,24.14984,64.39355
GIN,2017,3332.7659,50.405617,25.279316,65.63776
GIN,2018,3455.645,51.70428,26.431534,66.895096
GLP,2000,,258.99075,,
GLP,2001,,257.9284,97.22199,99.16755
GLP,2002,,256.64322,97.22199,99.16755
GLP,2003,,255.19629,97.22199,99.16755
GLP,2004,,253.61667,97.22199,99.16755
GLP,2005,,251.90433,97.22199,99.16755
GLP,2006,,251.37654,97.36119,99.20969
GLP,2007,,252.0389,97.50039,99.25183
GLP,2008,,252.4611,97.63959,99.29397
GLP,2009,,252.4679,97.77879,99.33611
GLP,2010,,252.35493,97.91799,99.37825
GLP,2011,,252.50803,98.05719,99.420395
GLP,2012,,252.56358,98.19639,99.46253
GLP,2013,,252.0784,98.335594,99.50468
GLP,2014,,251.01976,98.47479,99.546814
GLP,2015,,249.35185,98.61399,99.58896
GLP,2016,,249.779,98.75319,99.631096
GLP,2017,,254.75371,98.892395,99.67324
GLP,2018,,256.2864,99.03159,99.71538
GMB,2000,2658.6177,143.78409,51.062706,71.75198
GMB,2001,2737.696,147.72954,49.913975,72.470985
GMB,2002,2578.5571,151.74901,48.787956,73.18741
GMB,2003,2682.48,155.8912,47.724316,73.894196
GMB,2004,2794.1936,160.2084,46.695427,74.57234
GMB,2005,2653.6423,164.72678,46.578342,75.24828
GMB,2006,2564.6865,169.49457,46.48626,75.92201
GMB,2007,2567.1572,174.484,46.41853,76.59349
GMB,2008,2649.611,179.63034,46.374496,77.2629
GMB,2009,2745.3254,184.92372,46.35349,77.929504
GMB,2010,2824.2126,190.37886,46.354774,78.593834
GMB,2011,2519.8398,196.02618,46.37754,79.25554
GMB,2012,2574.935,201.88705,46.421207,79.91494
GMB,2013,2572.4473,207.88785,46.484436,80.5712
GMB,2014,2465.1096,213.88686,46.566025,81.22418
GMB,2015,2495.9575,219.81522,46.664673,81.87375
GMB,2016,2478.4604,225.66946,46.778763,82.51964
GMB,2017,2533.1868,231.4418,46.90722,83.162056
GMB,2018,2651.4329,237.11789,47.04853,83.80089
GNB,2000,1974.6217,43.909924,4.534457,55.179726
GNB,2001,2025.6006,44.85352,5.0157485,55.63551
GNB,2002,2053.962,45.850533,5.729104,56.07668
GNB,2003,2002.2775,46.899323,6.754165,56.50251
GNB,2004,1979.5746,47.993206,7.782165,56.913307
GNB,2005,2060.5383,49.131935,8.878353,57.30839
GNB,2006,2065.0837,50.33126,9.989732,57.688683
GNB,2007,2065.8613,51.59989,11.116188,58.053513
GNB,2008,2105.543,52.91817,12.258092,58.403156
GNB,2009,2102.9272,54.281082,13.415296,58.73699
GNB,2010,2164.1335,55.70242,14.588715,59.05613
GNB,2011,2278.4058,57.186485,15.778218,59.35994
GNB,2012,2180.6077,58.727776,16.98422,59.648643
GNB,2013,2192.4563,60.312233,18.206755,59.921917
GNB,2014,2156.2021,61.91771,19.446253,60.17997
GNB,2015,2230.391,63.529907,20.702955,60.42273
GNB,2016,2293.2358,65.14573,21.976883,60.649895
GNB,2017,2342.4153,66.75227,23.268269,60.861423
GNB,2018,2373.5015,68.355865,24.577574,61.0575
GNQ,2000,11767.471,25.07262,54.79053,51.09814
GNQ,2001,18031.965,26.73212,55.776966,51.790443
GNQ,2002,20242.432,28.448057,56.747005,52.541996
GNQ,2003,21709.574,30.226988,57.699234,53.350418
GNQ,2004,28225.986,32.08285,58.63359,54.21503
GNQ,2005,31302.957,33.77433,59.548374,55.131718
GNQ,2006,32251.768,35.30656,60.44434,56.10058
GNQ,2007,35540.45,36.935936,61.32078,57.118572
GNQ,2008,39994.617,38.664455,62.177715,58.183796
GNQ,2009,38706.605,40.48781,63.014317,59.291794
GNQ,2010,33668.875,42.39205,63.831192,60.441364
GNQ,2011,34341.934,44.272476,64.62837,61.629612
GNQ,2012,35711.492,46.11355,65.406075,62.85389
GNQ,2013,32894.37,47.993584,66.04694,63.671516
GNQ,2014,31765.9,49.904778,66.11511,63.926476
GNQ,2015,27797.795,51.833332,66.182526,64.1786
GNQ,2016,24435.064,53.767986,66.24854,64.425514
GNQ,2017,22250.44,55.70057,66.31279,64.66581
GNQ,2018,20165.48,57.62656,,
GRC,2000,31386.64,83.651184,97.87588,99.75781
GRC,2001,32675.93,84.12076,97.9453,99.77438
GRC,2002,34081.027,84.48632,98.01972,99.79199
GRC,2003,35970.703,84.70494,98.09309,99.80923
GRC,2004,37811.492,84.92916,98.16544,99.8261
GRC,2005,38146.965,85.19271,98.236725,99.8426
GRC,2006,40483.156,85.462425,98.306984,99.858734
GRC,2007,41796.234,85.6923,98.37624,99.87451
GRC,2008,41709.387,85.93385,98.44452,99.889946
GRC,2009,39886.215,86.17585,98.51178,99.90502
GRC,2010,37566.75,86.30463,98.57808,99.91976
GRC,2011,33906.492,86.18183,98.64343,99.934166
GRC,2012,31250.227,85.71211,98.70787,99.94824
GRC,2013,30762.443,85.0856,98.77138,99.96199
GRC,2014,31213.377,84.50868,98.83396,99.97542
GRC,2015,31347.977,83.94804,98.89565,99.988525
GRC,2016,31468.62,83.595856,98.95645,100.0
GRC,2017,31995.41,83.425385,98.983185,100.0
GRC,2018,32722.33,83.24939,98.986755,100.0
GRD,2000,11625.051,316.07648,88.57227,93.30764
GRD,2001,11333.237,317.64117,89.08444,93.539955
GRD,2002,11677.703,318.86472,89.595436,93.77227
GRD,2003,12726.526,320.27942,90.10525,94.004585
GRD,2004,12593.3545,321.58237,90.613884,94.2369
GRD,2005,14211.843,322.77646,91.12134,94.469215
GRD,2006,13594.355,323.96765,91.62762,94.70153
GRD,2007,14376.282,325.09412,92.13272,94.933846
GRD,2008,14463.56,326.20883,92.63664,95.16616
GRD,2009,13463.58,327.25293,93.13939,95.398476
GRD,2010,13354.908,328.2353,93.64095,95.63079
GRD,2011,13397.85,329.6853,93.54807,95.863106
GRD,2012,13161.3955,331.74118,93.45519,95.97139
GRD,2013,13386.319,333.8206,93.362305,95.62865
GRD,2014,14287.954,335.7294,93.269424,95.62865
GRD,2015,15136.696,337.32648,93.17654,95.62865
GRD,2016,15640.827,338.66763,93.08366,95.62865
GRD,2017,16291.489,339.55295,92.990776,95.62865
GRD,2018,16964.852,340.30295,92.89789,
GRL,2000,44991.676,0.13699111,,100.0
GRL,2001,45405.855,0.13749056,,100.0
GRL,2002,44793.27,0.13793884,,100.0
GRL,2003,46649.047,0.1383384,,100.0
GRL,2004,49742.06,0.13869168,,100.0
GRL,2005,52189.0,0.13879645,,100.0
GRL,2006,55243.71,0.13863078,,100.0
GRL,2007,56763.24,0.13840175,,100.0
GRL,2008,60506.195,0.13809964,,100.0
GRL,2009,61035.566,0.1377683,,100.0
GRL,2010,61863.28,0.13798027,,100.0
GRL,2011,61170.92,0.13851383,,100.0
GRL,2012,62111.1,0.13837738,,100.0
GRL,2013,61659.64,0.13773176,,100.0
GRL,2014,64799.305,0.1369107,62.5,100.0
GRL,2015,63364.055,0.13655256,62.5,100.0
GRL,2016,66245.73,0.1366354,62.5,100.0
GRL,2017,66297.18,0.13666463,62.5,100.0
GRL,2018,66887.68,0.13667926,62.5,100.0
GTM,2000,8770.404,109.16006,61.067245,87.50896
GTM,2001,8771.155,111.69675,61.56169,87.77526
GTM,2002,8901.536,114.28633,62.045116,88.03902
GTM,2003,8926.153,116.88917,62.509445,88.29666
GTM,2004,9003.857,119.51669,62.958122,88.549675
GTM,2005,9099.724,122.13174,63.395954,88.80014
GTM,2006,9386.001,124.74296,63.82338,89.0482
GTM,2007,9772.806,127.398674,64.24081,89.294
GTM,2008,9889.572,130.0408,64.648315,89.53753
GTM,2009,9740.709,132.65784,65.04514,89.77842
GTM,2010,9825.018,135.31279,65.432556,90.017166
GTM,2011,10032.089,138.03773,65.8098,90.253426
GTM,2012,10126.828,140.8141,66.17754,90.48743
GTM,2013,10297.84,143.5922,66.538864,90.72038
GTM,2014,10553.564,146.33936,66.89369,90.95219
GTM,2015,10785.958,149.04578,67.24249,91.182945
GTM,2016,10872.594,151.81747,67.5844,91.41221
GTM,2017,11005.459,154.60399,67.9199,91.64009
GTM,2018,11192.372,157.20126,68.24894,91.86648
GUF,2000,,1.9397779,,
GUF,2001,,2.0353098,91.427666,92.6092
GUF,2002,,2.1340296,91.427666,92.6092
GUF,2003,,2.2352493,91.427666,92.6092
GUF,2004,,2.3385582,91.427666,92.6092
GUF,2005,,2.4447773,91.427666,92.6092
GUF,2006,,2.5477116,91.57787,92.73314
GUF,2007,,2.6460934,91.72807,92.85708
GUF,2008,,2.730419,91.87827,92.98102
GUF,2009,,2.7860765,92.02848,93.10496
GUF,2010,,2.8327255,92.17868,93.2289
GUF,2011,,2.8924646,92.32888,93.35284
GUF,2012,,2.9680474,92.47909,93.476776
GUF,2013,,3.0582056,92.62929,93.600716
GUF,2014,,3.1465282,92.77949,93.724655
GUF,2015,,3.216725,92.929695,93.848595
GUF,2016,,3.2759087,93.079895,93.972534
GUF,2017,,3.3348389,93.230095,94.09647
GUF,2018,,3.3929718,93.3803,94.22041
GUM,2000,,296.44073,88.97353,99.47356
GUM,2001,,298.77594,89.03731,99.47609
GUM,2002,,300.6037,89.10108,99.47862
GUM,2003,,302.12222,89.164856,99.481155
GUM,2004,,303.3611,89.22863,99.48369
GUM,2005,,304.39444,89.292404,99.48622
GUM,2006,,305.27408,89.35618,99.488754
GUM,2007,,306.07037,89.41995,99.491295
GUM,2008,,306.85925,89.483734,99.49383
GUM,2009,,307.75742,89.54751,99.49636
GUM,2010,,308.39444,89.61128,99.49889
GUM,2011,,308.43332,89.67506,99.50143
GUM,2012,,308.05185,89.73883,99.50396
GUM,2013,,307.36853,89.802605,99.50649
GUM,2014,,306.46667,89.86638,99.509026
GUM,2015,,305.3963,89.93015,99.511566
GUM,2016,,304.14816,89.99393,99.5141
GUM,2017,,302.77963,90.0577,99.51663
GUM,2018,,301.27594,90.12148,99.519165
GUY,2000,8025.2935,3.8853745,77.37352,89.32114
GUY,2001,8212.043,3.8835864,77.9231,89.599304
GUY,2002,8314.027,3.8793852,78.47359,89.87836
GUY,2003,8267.429,3.8765912,79.01412,90.14739
GUY,2004,8404.2,3.8731217,79.6383,90.41579
GUY,2005,8256.525,3.8654914,80.264885,90.68663
GUY,2006,8702.331,3.8556058,80.893936,90.95997
GUY,2007,9354.08,3.8449275,81.52536,91.23572
GUY,2008,9546.709,3.8334467,82.15916,91.51386
GUY,2009,9924.526,3.8206604,82.79535,91.79443
GUY,2010,10374.395,3.8062434,83.43388,92.07738
GUY,2011,10958.86,3.7905054,84.07474,92.36266
GUY,2012,11534.999,3.7911913,84.7315,92.66093
GUY,2013,11896.907,3.8101091,85.388954,92.95924
GUY,2014,12030.053,3.8315012,86.047844,93.25812
GUY,2015,12040.083,3.8546255,86.70796,93.55731
GUY,2016,12420.473,3.878857,87.36924,93.856674
GUY,2017,12801.641,3.9039013,88.03157,94.15601
GUY,2018,12980.357,4.021148,88.694695,94.45506
HKG,2000,39848.59,6385.395,97.38867,98.907005
HKG,2001,39777.855,6451.66,97.38867,98.96554
HKG,2002,40258.17,6496.583,97.38867,99.02408
HKG,2003,41570.58,6532.2915,97.38867,99.08261
HKG,2004,44836.207,6560.1562,97.267044,99.14114
HKG,2005,47938.9,6579.508,97.14541,99.199684
HKG,2006,50981.793,6601.037,97.02377,99.25822
HKG,2007,53813.08,6639.375,96.902145,99.31675
HKG,2008,54630.375,6686.3706,96.78051,99.37529
HKG,2009,53172.3,6728.061,96.658875,99.43382
HKG,2010,56355.41,6763.442,96.53724,99.492355
HKG,2011,58672.83,6802.8276,96.41561,99.550896
HKG,2012,59015.332,6858.1514,96.293976,99.60943
HKG,2013,60601.61,6918.4097,96.17234,99.66796
HKG,2014,61839.812,6970.954,96.050705,99.7265
HKG,2015,62779.75,7015.6294,95.92908,99.785034
HKG,2016,63749.41,7055.2437,95.80744,99.84357
HKG,2017,65662.836,7090.3706,95.68581,99.9021
HKG,2018,66993.97,7115.419,95.56417,99.96064
HND,2000,4579.6895,58.787926,64.5086,85.700966
HND,2001,4578.9478,60.398533,65.509926,86.20428
HND,2002,4627.023,62.015068,66.53485,86.72889
HND,2003,4714.867,63.626892,67.556076,87.203156
HND,2004,4885.343,65.23374,68.571945,87.67181
HND,2005,5056.6753,66.83673,69.58153,88.133965
HND,2006,5263.1504,68.43178,70.58561,88.59033
HND,2007,5461.9014,70.0224,71.58385,89.04057
HND,2008,5566.7065,71.61131,72.576454,89.48488
HND,2009,5313.756,73.19603,73.562965,89.92277
HND,2010,5396.0723,74.7688,74.54391,90.354744
HND,2011,5488.4336,76.33021,75.51886,90.78036
HND,2012,5600.608,77.889725,76.48834,91.2001
HND,2013,5644.134,79.44656,77.45179,91.6134
HND,2014,5705.1626,81.00033,78.40971,92.02074
HND,2015,5812.5347,82.55703,79.36149,92.42145
HND,2016,5926.49,84.12173,80.307495,92.81589
HND,2017,6099.6074,85.69259,81.24769,93.20397
HND,2018,6219.28,87.275085,82.18205,93.58565
HRV,2000,21302.25,77.30709,98.45117,98.645134
HRV,2001,22826.625,76.85988,98.45439,98.65136
HRV,2002,24137.115,76.94394,98.293335,98.762535
HRV,2003,25473.906,76.96002,98.07357,98.87296
HRV,2004,26528.887,77.020195,97.85452,98.97927
HRV,2005,27641.207,77.08981,97.63621,99.08479
HRV,2006,29035.53,77.12298,97.418625,99.189514
HRV,2007,30508.28,77.125786,97.20177,99.29344
HRV,2008,31113.865,77.10213,96.985634,99.396576
HRV,2009,29024.76,77.02889,96.77024,99.49892
HRV,2010,28702.004,76.86115,96.55557,99.600464
HRV,2011,28769.33,76.49798,96.34159,99.70121
HRV,2012,28259.346,76.1121,96.12898,99.80122
HRV,2013,28397.855,75.81135,95.9178,99.90038
HRV,2014,28456.736,75.4018,95.7082,99.900566
HRV,2015,29466.7,74.7629,95.71901,99.900764
HRV,2016,30821.164,73.91776,95.73053,99.90098
HRV,2017,32348.934,72.89489,95.74277,99.901215
HRV,2018,33729.906,71.92402,95.75454,99.90145
HTI,2000,3267.0764,301.27542,19.440233,54.391277
HTI,2001,3197.0571,306.81848,20.125208,55.637074
HTI,2002,3173.7385,312.32394,20.802649,56.868977
HTI,2003,3227.1208,317.84882,21.470621,58.083424
HTI,2004,3130.8555,323.30432,21.999578,58.970005
HTI,2005,3173.2607,328.78354,22.504942,59.804832
HTI,2006,3174.9763,334.41833,23.001837,60.62475
HTI,2007,3268.8188,340.10522,23.489511,61.428516
HTI,2008,3300.2585,345.81937,23.968267,62.217472
HTI,2009,3437.3806,351.58145,24.436712,62.988804
HTI,2010,3205.4983,355.70752,24.895325,63.74429
HTI,2011,3330.9983,359.75705,25.343588,64.48323
HTI,2012,3296.2478,365.37628,25.781315,65.20578
HTI,2013,3387.4717,370.9131,26.207726,65.91055
HTI,2014,3434.636,376.38754,26.62312,66.59889
HTI,2015,3433.0752,381.8305,27.027039,67.270226
HTI,2016,3446.7527,387.20834,27.41757,67.92007
HTI,2017,3485.4924,392.51666,27.794083,68.54712
HTI,2018,3496.8787,397.7639,28.15679,69.15226
HUN,2000,22117.92,111.66555,98.043724,93.89584
HUN,2001,23069.21,111.4036,98.04295,94.1936
HUN,2002,24229.295,111.094246,98.03961,94.51337
HUN,2003,25255.871,110.771095,98.03628,94.82986
HUN,2004,26568.12,110.517075,98.03297,95.14326
HUN,2005,27765.79,110.29699,98.029144,95.45739
HUN,2006,28903.047,110.12433,98.024826,95.77152
HUN,2007,29044.066,109.950516,98.02054,96.0815
HUN,2008,29384.008,109.759514,98.01629,96.38735
HUN,2009,27445.959,109.59216,98.01208,96.68911
HUN,2010,27801.834,109.34832,98.0084,96.98424
HUN,2011,28415.117,108.992714,98.00476,97.275856
HUN,2012,28179.656,108.66339,98.00215,97.55974
HUN,2013,28891.021,108.364494,97.99991,97.83985
HUN,2014,30264.95,108.074104,97.99768,98.1179
HUN,2015,31485.568,107.815155,97.99545,98.39388
HUN,2016,32378.967,107.50086,97.99318,98.667946
HUN,2017,33828.715,107.22779,97.990875,98.94001
HUN,2018,35798.043,107.10492,97.98852,99.21004
IDN,2000,6056.382,114.17249,41.58318,75.77555
IDN,2001,6190.5195,115.76829,43.534313,76.775055
IDN,2002,6381.9497,117.34847,45.501053,77.76483
IDN,2003,6599.092,118.91223,47.48211,78.744576
IDN,2004,6843.5464,120.43327,49.477215,79.71467
IDN,2005,7140.8545,121.989365,51.48378,80.67395
IDN,2006,7434.488,123.6168,53.501896,81.62304
IDN,2007,7802.464,125.26044,55.53003,82.561485
IDN,2008,8165.0615,126.896095,57.567875,83.48963
IDN,2009,8435.456,128.51407,59.613388,84.39133
IDN,2010,8848.225,130.1443,61.66112,85.16618
IDN,2011,9274.97,131.8165,63.691364,85.63782
IDN,2012,9708.612,133.52238,65.730255,86.074585
IDN,2013,10121.814,135.18889,67.77663,86.49724
IDN,2014,10504.387,136.78722,69.83046,86.906555
IDN,2015,10893.662,138.33109,71.89044,87.302376
IDN,2016,11319.663,139.82545,73.95593,87.68499
IDN,2017,11772.574,141.26225,76.02568,88.05413
IDN,2018,12262.231,142.6388,78.09954,88.41042
IMN,2000,,132.77017,100.0,
IMN,2001,,134.20702,100.0,
IMN,2002,,135.60352,100.0,
IMN,2003,,136.9579,100.0,
IMN,2004,,138.25789,100.0,
IMN,2005,,139.5351,100.0,
IMN,2006,,140.89473,100.0,
IMN,2007,,142.39124,100.0,
IMN,2008,,143.9386,100.0,
IMN,2009,,145.53334,100.0,98.65606
IMN,2010,,147.16492,100.0,98.65606
IMN,2011,,148.06667,100.0,98.65606
IMN,2012,,147.98947,100.0,98.65606
IMN,2013,,147.64561,100.0,98.65606
IMN,2014,,147.21404,100.0,98.79248
IMN,2015,,146.68771,100.0,98.9289
IMN,2016,,146.46317,100.0,99.06532
IMN,2017,,146.71053,100.0,99.201744
IMN,2018,,147.03859,100.0,99.338165
IND,2000,3099.503,355.82074,14.663882,79.49189
IND,2001,3188.8103,362.5394,17.22068,80.06599
IND,2002,3250.6956,369.1659,19.964582,80.76849
IND,2003,3445.926,375.62448,22.725653,81.469345
IND,2004,3656.1262,382.07834,25.50409,82.16863
IND,2005,3881.966,388.36276,28.298891,82.866005
IND,2006,4129.7783,394.485,31.110275,83.56155
IND,2007,4379.696,400.4709,33.938385,84.25534
IND,2008,4450.39,406.27438,36.782978,84.94731
IND,2009,4731.362,412.19186,39.64317,85.637146
IND,2010,5059.2827,418.23145,42.51911,86.32491
IND,2011,5249.5493,424.19925,45.41088,87.01067
IND,2012,5460.4375,430.0682,48.32059,87.69519
IND,2013,5732.2417,435.8381,51.24729,88.37814
IND,2014,6079.8438,441.3701,54.19055,89.059395
IND,2015,6488.146,446.66653,57.14964,89.73871
IND,2016,6940.626,452.02097,60.12383,90.415825
IND,2017,7326.607,457.3059,63.11256,91.09058
IND,2018,7714.34,462.35156,66.114876,91.76265
IRL,2000,53675.004,55.197983,90.00398,96.64322
IRL,2001,55630.1,56.074627,89.99342,96.66367
IRL,2002,57927.49,57.024837,89.98243,96.68394
IRL,2003,58709.156,57.961025,89.97005,96.703865
IRL,2004,61558.58,59.022587,89.95745,96.72363
IRL,2005,63689.086,60.31765,89.9448,96.74325
IRL,2006,65087.18,61.965088,89.93268,96.76281
IRL,2007,66590.195,63.775845,89.92332,96.78274
IRL,2008,62320.668,65.11819,89.913895,96.80254
IRL,2009,58547.266,65.81144,89.90436,96.82224
IRL,2010,59209.1,66.179184,89.89475,96.84183
IRL,2011,59899.918,66.477036,89.88503,96.86129
IRL,2012,59405.047,66.77508,89.875206,96.880646
IRL,2013,60388.94,67.131454,89.86531,96.89989
IRL,2014,65575.805,67.61846,89.8553,96.919014
IRL,2015,80954.664,68.260956,89.84523,96.938034
IRL,2016,80899.02,69.001396,89.83499,96.956924
IRL,2017,87882.71,69.8252,89.824066,96.975586
IRL,2018,93276.016,70.72955,89.81234,96.99395
IRN,2000,11643.122,40.936,78.21829,94.208725
IRN,2001,11739.009,41.572884,78.973145,94.412735
IRN,2002,12583.045,41.917606,79.715546,94.612114
IRN,2003,13519.45,42.384804,80.44563,94.80689
IRN,2004,13807.195,43.301273,81.16331,94.99703
IRN,2005,13935.774,44.270233,81.86851,95.182495
IRN,2006,14320.657,45.23436,82.56141,95.36336
IRN,2007,15237.424,45.98006,83.23212,95.535484
IRN,2008,15091.251,46.54188,83.88698,95.70148
IRN,2009,15055.149,47.12347,84.53138,95.86354
IRN,2010,15729.913,47.71701,85.16567,96.02183
IRN,2011,15947.766,48.310387,85.7898,96.1763
IRN,2012,15159.295,48.918694,86.40189,96.32616
IRN,2013,14734.74,49.562214,87.00301,96.471825
IRN,2014,15262.852,50.232384,87.59508,96.614105
IRN,2015,14841.905,50.921024,88.17792,96.75292
IRN,2016,15920.372,51.656227,88.751816,96.88838
IRN,2017,16167.968,52.404785,89.31666,97.02044
IRN,2018,15364.805,53.07735,89.69886,97.149025
IRQ,2000,12702.164,56.260044,70.50477,80.84652
IRQ,2001,12529.608,58.042427,71.07587,81.73641
IRQ,2002,11144.051,59.905277,71.64557,82.62604
IRQ,2003,6849.332,61.73907,72.213875,83.5154
IRQ,2004,10210.563,63.524757,72.780785,84.40449
IRQ,2005,10078.443,65.43565,74.445076,85.29329
IRQ,2006,10568.914,65.91724,76.121956,86.18151
IRQ,2007,10853.816,65.39916,77.81174,87.06975
IRQ,2008,11511.938,66.73387,79.51418,87.95767
IRQ,2009,11470.518,69.23812,81.22912,88.84505
IRQ,2010,11816.841,71.51202,82.96585,89.74768
IRQ,2011,12267.585,74.08282,84.71907,90.65623
IRQ,2012,13357.015,77.52286,86.48264,91.56041
IRQ,2013,13712.932,81.270935,88.256485,92.46028
IRQ,2014,13536.823,84.191895,90.040565,93.35602
IRQ,2015,13516.027,86.51949,91.834755,94.2476
IRQ,2016,15016.092,88.61356,93.63966,95.13617
IRQ,2017,14417.631,90.61235,95.45492,96.02131
IRQ,2018,14456.235,92.750595,96.99975,96.902405
ISL,2000,49338.473,2.789775,98.798004,100.0
ISL,2001,50556.992,2.827115,98.79718,100.0
ISL,2002,50379.46,2.8524148,98.79637,100.0
ISL,2003,51173.2,2.8723197,98.79495,100.0
ISL,2004,54592.53,2.8976693,98.79333,100.0
ISL,2005,57512.42,2.9440842,98.791725,100.0
ISL,2006,59364.29,3.0138154,98.790146,100.0
ISL,2007,62940.746,3.090965,98.788605,100.0
ISL,2008,62831.17,3.1490529,98.78708,100.0
ISL,2009,57406.47,3.1599624,98.78557,100.0
ISL,2010,56211.836,3.1554399,98.78475,100.0
ISL,2011,56813.742,3.1651194,98.784584,100.0
ISL,2012,57173.043,3.1820986,98.78441,99.99999
ISL,2013,58671.93,3.2122483,98.78399,100.0
ISL,2014,59133.27,3.24821,98.78355,100.0
ISL,2015,60725.727,3.2823763,98.78312,100.0
ISL,2016,63612.555,3.3280869,98.78267,100.0
ISL,2017,64303.38,3.4070911,98.78217,100.0
ISL,2018,65521.93,3.4995537,98.78165,100.0
ISR,2000,33275.062,282.40268,100.0,100.0
ISR,2001,32590.229,289.27805,100.0,100.0
ISR,2002,31897.584,295.18088,100.0,100.0
ISR,2003,31780.78,300.50006,100.0,100.0
ISR,2004,32675.209,305.6878,100.0,100.0
ISR,2005,33512.89,310.91553,100.0,100.0
ISR,2006,34770.027,316.26752,100.0,100.0
ISR,2007,36317.85,321.7401,100.0,100.0
ISR,2008,36827.926,327.29303,100.0,100.0
ISR,2009,36403.164,332.9989,100.0,100.0
ISR,2010,37722.41,339.03583,100.0,100.0
ISR,2011,39075.375,345.24136,99.99566,100.0
ISR,2012,39299.35,351.56104,99.988464,100.0
ISR,2013,40148.777,358.10394,99.98139,100.0
ISR,2014,40872.582,364.93405,99.97446,100.0
ISR,2015,40967.37,372.13104,99.967674,100.0
ISR,2016,41963.676,379.3903,99.96102,100.0
ISR,2017,42947.06,386.40463,99.95453,100.0
ISR,2018,43814.297,393.25632,99.9482,100.0
ITA,2000,50353.42,193.67233,99.88593,99.55706
ITA,2001,51332.29,193.78581,99.88592,99.58277
ITA,2002,51369.113,194.17429,99.885895,99.60848
ITA,2003,51126.258,195.25322,99.88587,99.63419
ITA,2004,51495.004,196.73112,99.88585,99.65991
ITA,2005,51585.645,197.89087,99.885826,99.68562
ITA,2006,52304.242,198.68466,99.8858,99.711334
ITA,2007,52747.19,199.88274,99.88578,99.737045
ITA,2008,51806.39,201.41449,99.88576,99.76276
ITA,2009,48774.39,202.57211,99.885735,99.788475
ITA,2010,49301.695,203.452,99.88571,99.814186
ITA,2011,49473.016,204.14072,99.88568,99.8399
ITA,2012,47795.957,204.69409,99.885635,99.86561
ITA,2013,46833.363,205.1078,99.885574,99.89132
ITA,2014,46825.652,205.14265,99.88552,99.91703
ITA,2015,47311.824,204.84218,99.88546,99.91703
ITA,2016,47987.84,204.51344,99.8854,99.91703
ITA,2017,48849.22,204.21658,99.88534,99.91703
ITA,2018,49133.145,203.83507,99.88528,99.91703
JAM,2000,9667.925,240.79659,80.38979,93.04477
JAM,2001,9736.0625,242.32779,80.43973,93.23146
JAM,2002,9869.713,243.82106,80.490074,93.4127
JAM,2003,10169.75,245.30276,80.5403,93.59166
JAM,2004,10244.207,246.74303,81.06759,93.544266
JAM,2005,10278.684,248.11357,81.59528,93.4959
JAM,2006,10522.236,249.39732,82.12331,93.35517
JAM,2007,10622.444,250.58246,82.6517,93.050186
JAM,2008,10490.469,251.67433,83.18041,92.74263
JAM,2009,9992.977,252.72401,83.70949,92.432335
JAM,2010,9805.901,253.79253,84.23888,92.1194
JAM,2011,9932.483,254.89317,84.76857,91.80394
JAM,2012,9829.035,255.99557,85.29814,91.4872
JAM,2013,9839.965,257.035,85.82753,91.16917
JAM,2014,9872.159,257.96454,86.35668,90.84973
JAM,2015,9931.898,258.77527,86.88559,90.52873
JAM,2016,10179.254,259.45697,87.41417,90.20615
JAM,2017,10391.038,259.99677,87.94241,89.88181
JAM,2018,10636.093,260.3973,88.47024,89.555725
JEY,2000,,,100.0,
JEY,2001,,,100.0,
JEY,2002,,,100.0,
JEY,2003,,,100.0,
JEY,2004,,,100.0,
JEY,2005,,,100.0,
JEY,2006,,,100.0,
JEY,2007,,,100.0,97.675
JEY,2008,,,100.0,97.675
JEY,2009,,,100.0,97.675
JEY,2010,,,100.0,97.675
JEY,2011,,,100.0,97.675
JEY,2012,,,100.0,97.7125
JEY,2013,,,100.0,97.75
JEY,2014,,,100.0,97.7875
JEY,2015,,,100.0,97.825
JEY,2016,,,100.0,97.8625
JEY,2017,,,100.0,97.9
JEY,2018,,,100.0,97.9375
JOR,2000,8086.922,60.667892,99.00014,98.37543
JOR,2001,8339.786,61.928734,98.88727,98.40483
JOR,2002,8638.08,63.248383,98.767944,98.43422
JOR,2003,8800.497,64.664696,98.648674,98.46358
JOR,2004,9326.668,66.24396,98.52946,98.49294
JOR,2005,9839.688,67.90546,98.41697,98.54943
JOR,2006,9977.759,72.38526,98.308205,98.612045
JOR,2007,10161.402,76.88847,98.200935,98.671165
JOR,2008,10641.59,78.720116,98.09502,98.72701
JOR,2009,10938.503,80.430695,97.99023,98.7796
JOR,2010,10953.538,82.1795,97.88648,98.82927
JOR,2011,10977.482,84.24478,97.78363,98.87614
JOR,2012,11086.03,85.44646,97.68156,98.920425
JOR,2013,10799.354,90.00397,97.58009,98.962204
JOR,2014,10148.998,99.01249,97.47919,99.001755
JOR,2015,9581.689,107.49296,97.37166,99.02912
JOR,2016,9321.904,112.69195,97.26444,99.0561
JOR,2017,9339.811,115.258095,97.15748,99.08263
JOR,2018,9311.531,117.82677,97.05075,99.11244
JPN,2000,39005.914,348.49875,99.997765,98.519615
JPN,2001,39062.28,349.1362,99.9955,98.519615
JPN,2002,38987.91,349.75198,99.993225,98.519615
JPN,2003,39501.81,350.26407,99.99096,98.519615
JPN,2004,40351.777,350.66055,99.98869,98.519615
JPN,2005,41075.824,350.9282,99.98642,98.554535
JPN,2006,41613.15,351.15842,99.98415,98.58946
JPN,2007,42182.176,351.40652,99.98188,98.62438
JPN,2008,41645.57,351.59393,99.979614,98.65931
JPN,2009,39279.5,351.69403,99.97735,98.69424
JPN,2010,40881.797,351.6743,99.975075,98.72916
JPN,2011,40967.344,351.43054,99.97281,98.764084
JPN,2012,41596.92,350.96924,99.970535,98.799
JPN,2013,42492.242,350.4078,99.96827,98.83393
JPN,2014,42674.7,349.75748,99.966,98.86885
JPN,2015,43386.71,349.17932,99.96373,98.90378
JPN,2016,43736.13,348.86133,99.961464,98.9387
JPN,2017,44505.277,348.59998,99.95919,98.973625
JPN,2018,44848.49,348.185,99.956924,99.008545
KAZ,2000,12935.864,5.7417893,96.8457,90.03074
KAZ,2001,14612.029,5.7693634,96.84534,90.454315
KAZ,2002,15960.874,5.799415,96.897835,90.82035
KAZ,2003,17344.752,5.83301,96.95022,91.185295
KAZ,2004,18886.582,5.8710837,97.00248,91.54914
KAZ,2005,20565.53,5.9147754,97.06485,91.91189
KAZ,2006,22574.344,5.965003,97.12711,92.273544
KAZ,2007,24351.346,6.021859,97.18927,92.634094
KAZ,2008,24895.664,6.084575,97.25132,92.993546
KAZ,2009,24901.354,6.1561847,97.31326,93.35189
KAZ,2010,26374.84,6.236548,97.37511,93.70903
KAZ,2011,27946.16,6.321442,97.43684,94.06517
KAZ,2012,28881.242,6.4103847,97.49846,94.420204
KAZ,2013,30177.488,6.503131,97.559975,94.774124
KAZ,2014,30986.438,6.5993576,97.6214,95.12687
KAZ,2015,30893.76,6.6985874,97.68269,95.47858
KAZ,2016,30758.322,6.8020897,97.7439,95.74658
KAZ,2017,31524.441,6.9088907,97.80499,95.99702
KAZ,2018,32330.227,7.0129,97.85534,96.30608
KEN,2000,3756.6362,53.840694,23.64738,45.360023
KEN,2001,3778.2585,55.55605,24.31646,46.23005
KEN,2002,3681.2568,57.33178,25.034609,47.097984
KEN,2003,3674.086,59.128216,25.753517,47.963722
KEN,2004,3743.5679,60.99282,26.473114,48.82715
KEN,2005,3844.7356,62.895744,27.193228,49.687233
KEN,2006,3970.7334,64.841705,27.913895,50.54483
KEN,2007,4116.451,66.831276,28.635044,51.399826
KEN,2008,4002.8835,68.887,29.3566,52.252117
KEN,2009,4012.1943,70.99991,30.078413,53.100727
KEN,2010,4211.5244,73.090225,30.800495,53.94644
KEN,2011,4307.106,75.128204,31.522917,54.79128
KEN,2012,4387.938,77.11337,32.245525,55.63461
KEN,2013,4443.371,79.04346,32.968246,56.477062
KEN,2014,4558.552,80.914085,33.6909,57.3176
KEN,2015,4679.622,82.73628,34.41337,58.156425
KEN,2016,4770.3105,84.5832,35.135536,58.993332
KEN,2017,4846.8623,86.442276,35.85725,59.828102
KEN,2018,5017.668,88.215744,36.57839,60.660904
KGZ,2000,3638.4631,26.199947,92.8282,80.942505
KGZ,2001,3795.8906,26.444004,92.82824,80.94208
KGZ,2002,3760.5325,26.674932,93.00557,81.58481
KGZ,2003,3982.9272,26.900011,93.18293,82.227356
KGZ,2004,4211.5225,27.127466,93.360275,82.870125
KGZ,2005,4156.9585,27.353165,93.65602,83.476944
KGZ,2006,4240.1704,27.541454,93.95209,84.08328
KGZ,2007,4558.713,27.70269,94.24852,84.68874
KGZ,2008,4894.943,27.854692,94.54529,85.29352
KGZ,2009,4969.9614,28.143969,94.84237,85.89779
KGZ,2010,4876.4795,28.632757,95.13914,86.50508
KGZ,2011,5092.8516,29.168598,95.43549,87.115135
KGZ,2012,4993.3945,29.700317,95.731346,87.72767
KGZ,2013,5418.5405,30.225725,96.02669,88.34194
KGZ,2014,5513.7544,30.75246,96.32142,88.957664
KGZ,2015,5600.2144,31.292368,96.61547,89.57443
KGZ,2016,5715.0103,31.84807,96.908745,90.191925
KGZ,2017,5861.222,32.430386,97.20121,90.80958
KGZ,2018,5951.8286,33.0643,97.49275,91.427086
KHM,2000,1922.0317,70.600174,10.447278,52.308235
KHM,2001,2032.0809,71.71134,10.795828,53.981167
KHM,2002,2126.3416,72.82602,13.521313,55.510612
KHM,2003,2309.8394,73.93484,16.495766,56.917473
KHM,2004,2491.3093,75.0325,19.488604,58.30611
KHM,2005,2781.8904,76.13416,22.499708,59.67656
KHM,2006,3041.1047,77.26621,25.528465,61.02855
KHM,2007,3308.1575,78.41476,28.575285,62.36242
KHM,2008,3501.9258,79.61409,31.656992,63.68842
KHM,2009,3587.609,80.879326,34.84313,65.04926
KHM,2010,3711.5376,82.147804,38.03993,66.38911
KHM,2011,3921.979,83.40464,41.24691,67.708
KHM,2012,4159.1636,84.66514,44.463593,69.00598
KHM,2013,4419.399,85.94046,47.689106,70.28287
KHM,2014,4702.7305,87.223946,50.92371,71.53921
KHM,2015,4968.5728,88.50699,54.16652,72.774796
KHM,2016,5283.7295,89.807396,57.417023,73.989716
KHM,2017,5632.0312,91.05695,60.674416,75.18382
KHM,2018,6050.591,92.19648,63.939846,76.3584
KIR,2000,2481.4153,109.422226,29.433252,56.16539
KIR,2001,2357.5818,111.54321,30.493986,57.32463
KIR,2002,2341.6956,113.92716,31.411411,58.33211
KIR,2003,2258.034,116.282715,32.328964,59.339912
KIR,2004,2199.6707,118.63704,33.246365,60.34773
KIR,2005,2183.7812,121.04321,34.163338,61.35525
KIR,2006,2264.1616,123.491356,35.20221,62.50457
KIR,2007,2286.4465,126.025925,36.330692,63.76441
KIR,2008,2172.3577,128.68518,37.11736,64.99399
KIR,2009,2137.9658,131.45555,37.87656,66.14693
KIR,2010,2119.6401,134.21852,38.608177,67.17284
KIR,2011,2150.383,136.61728,39.31183,68.18757
KIR,2012,2242.0137,138.63333,39.98713,69.19089
KIR,2013,2382.3704,140.55185,40.632893,70.18139
KIR,2014,2381.3484,142.39383,41.249428,71.15977
KIR,2015,2615.8416,144.22963,41.836205,72.1255
KIR,2016,2761.9336,146.28148,42.390385,73.074135
KIR,2017,2822.6697,148.50371,42.91151,74.00452
KIR,2018,2877.602,150.73703,43.4002,74.91721
KNA,2000,19840.58,174.12308,86.45087,98.4499
KNA,2001,20648.79,176.09616,87.10492,98.46235
KNA,2002,20813.404,177.1077,87.75897,98.47481
KNA,2003,19927.182,177.6923,88.41303,98.48727
KNA,2004,20661.346,178.21924,89.067085,98.499725
KNA,2005,22612.713,178.68846,89.721146,98.512184
KNA,2006,23258.984,179.2,90.3752,98.52464
KNA,2007,23330.045,179.74615,91.02926,98.5371
KNA,2008,25898.783,180.21924,91.68331,98.54956
KNA,2009,24973.805,180.54231,92.33737,98.56202
KNA,2010,24997.566,180.27307,92.991425,98.57448
KNA,2011,25380.008,180.45,93.645485,98.58694
KNA,2012,25114.057,180.98462,94.29954,98.599396
KNA,2013,26532.102,181.12308,94.9536,98.611855
KNA,2014,28530.307,181.2,94.9536,98.611855
KNA,2015,28729.566,181.18462,94.9536,98.611855
KNA,2016,29867.027,181.15,94.9536,98.611855
KNA,2017,29948.92,181.0577,94.9536,98.611855
KNA,2018,30576.248,180.8923,,
KOR,2000,26404.158,479.1666,100.0,
KOR,2001,27440.656,482.00275,100.0,
KOR,2002,29395.277,484.6221,100.0,98.76561
KOR,2003,30142.46,486.82538,100.0,98.76561
KOR,2004,31579.527,488.69955,100.0,98.76561
KOR,2005,32886.047,490.28326,100.0,98.76561
KOR,2006,34429.62,491.87006,100.0,98.76561
KOR,2007,36257.34,493.6283,100.0,98.83704
KOR,2008,37064.152,495.45578,99.991356,98.90848
KOR,2009,37176.195,497.4046,99.974976,98.97991
KOR,2010,39574.05,499.68576,99.9586,99.051346
KOR,2011,40719.227,503.35696,99.94223,99.12278
KOR,2012,41537.67,508.1924,99.92586,99.194214
KOR,2013,42709.977,513.0243,99.90948,99.26564
KOR,2014,43806.926,517.8182,99.893105,99.337074
KOR,2015,44849.105,522.3761,99.87673,99.40851
KOR,2016,46088.242,525.5926,99.86035,99.47994
KOR,2017,47536.79,527.52325,99.84398,99.55138
KOR,2018,48834.445,529.10754,99.82761,99.62281
KWT,2000,60585.3,109.692085,100.0,100.0
KWT,2001,59099.664,112.68951,100.0,100.0
KWT,2002,59348.617,115.599495,100.0,100.0
KWT,2003,67984.31,118.39989,100.0,100.0
KWT,2004,73298.06,121.06223,100.0,100.0
KWT,2005,78193.9,125.52172,100.0,100.0
KWT,2006,79521.35,132.7015,100.0,100.0
KWT,2007,79474.76,140.73457,100.0,100.0
KWT,2008,77036.51,148.78973,100.0,100.0
KWT,2009,67896.266,156.87369,100.0,100.0
KWT,2010,62956.215,165.1725,100.0,100.0
KWT,2011,64844.5,175.80331,100.0,100.0
KWT,2012,64908.26,187.26291,100.0,100.0
KWT,2013,62458.81,196.84372,100.0,100.0
KWT,2014,60065.656,205.71094,100.0,100.0
KWT,2015,57763.516,215.17761,100.0,100.0
KWT,2016,56936.62,224.69002,100.0,100.0
KWT,2017,52285.586,233.14737,100.0,100.0
KWT,2018,51623.81,242.61443,100.0,100.0
LAO,2000,2899.0195,23.532118,28.579208,48.341335
LAO,2001,3015.6326,23.923227,31.510235,50.53526
LAO,2002,3143.2234,24.310606,34.42695,52.710743
LAO,2003,3282.9854,24.6878,37.32589,54.865383
LAO,2004,3441.17,25.050377,40.20697,56.999413
LAO,2005,3630.5588,25.431244,43.006542,59.04275
LAO,2006,3881.5374,25.837084,45.618126,60.93345
LAO,2007,4112.253,26.240194,48.2159,62.80628
LAO,2008,4367.163,26.642002,50.800957,64.66209
LAO,2009,4625.072,27.04354,53.37156,66.49957
LAO,2010,4946.1055,27.444532,55.928394,68.31927
LAO,2011,5266.879,27.844852,58.471344,70.12111
LAO,2012,5608.9697,28.245152,61.000637,71.905266
LAO,2013,5974.4736,28.645515,63.514786,73.67065
LAO,2014,6341.2124,29.043198,66.014755,75.41801
LAO,2015,6703.741,29.469873,68.50014,77.14704
LAO,2016,7063.2554,29.934143,70.971146,78.85795
LAO,2017,7432.4595,30.407928,73.42685,80.55006
LAO,2018,7775.086,30.884068,75.867256,82.2234
LBN,2000,11571.732,423.20087,76.92373,84.31718
LBN,2001,11817.931,430.2955,76.92373,84.77524
LBN,2002,12053.834,436.31525,76.92373,85.2333
LBN,2003,12272.344,442.37665,78.23291,85.69135
LBN,2004,12882.076,449.58798,79.54208,86.149414
LBN,2005,13024.665,456.6085,80.851265,86.607475
LBN,2006,13003.681,464.43265,82.160446,87.06553
LBN,2007,13941.562,473.5209,83.46962,87.52359
LBN,2008,14955.142,481.46228,84.7788,87.98165
LBN,2009,16264.351,488.00537,86.087975,88.439705
LBN,2010,17390.758,492.7947,87.397156,88.897766
LBN,2011,17353.195,498.14447,88.70634,89.35583
LBN,2012,17323.3,511.80273,90.01551,89.81388
LBN,2013,16396.496,561.43115,91.32469,90.27194
LBN,2014,15205.873,620.42944,92.63387,90.73
LBN,2015,14980.0205,632.695,93.94305,91.18806
LBN,2016,15572.361,618.09,95.25223,91.64612
LBN,2017,16128.584,602.16315,96.5614,92.10418
LBN,2018,16290.052,584.95795,97.87058,92.465485
LBR,2000,1868.1798,30.399885,12.17349,61.027843
LBR,2001,1867.1191,31.305471,12.467784,61.919704
LBR,2002,1887.646,32.130325,12.765084,62.807823
LBR,2003,1308.1509,32.387188,13.064985,63.69158
LBR,2004,1326.5356,32.77505,13.367705,64.57127
LBR,2005,1335.6173,34.271347,13.673037,65.4466
LBR,2006,1364.6035,36.24161,14.115801,66.20321
LBR,2007,1422.1002,38.092297,14.564331,66.95271
LBR,2008,1463.124,39.669914,15.018344,67.69488
LBR,2009,1492.9982,40.936825,15.480274,68.43246
LBR,2010,1538.8508,42.13971,15.950117,69.16527
LBR,2011,1601.0337,43.824512,16.428091,69.89337
LBR,2012,1668.9729,45.401226,16.913723,70.61615
LBR,2013,1774.5206,46.410362,17.407457,71.333885
LBR,2014,1750.1438,47.386826,17.908808,72.045975
LBR,2015,1714.0905,48.374542,18.417978,72.75249
LBR,2016,1653.3105,49.372997,18.934938,73.453255
LBR,2017,1661.3029,50.34185,19.45918,74.14774
LBR,2018,1647.9745,51.33646,19.991137,74.83621
LBY,2000,17747.02,3.015004,91.06455,
LBY,2001,17115.988,3.071052,90.95766,
LBY,2002,16629.436,3.1305978,90.85077,
LBY,2003,18422.734,3.1936784,90.74387,
LBY,2004,18851.203,3.2603385,90.636986,
LBY,2005,20649.463,3.32973,90.53009,
LBY,2006,21545.299,3.398736,90.4232,
LBY,2007,22422.012,3.469305,90.31631,
LBY,2008,21915.197,3.5437858,90.20941,93.07925
LBY,2009,20518.965,3.6183827,90.10252,93.07925
LBY,2010,21115.525,3.692918,89.99563,93.07925
LBY,2011,10741.921,3.605039,89.88874,93.07925
LBY,2012,20601.002,3.5118992,89.781845,93.07925
LBY,2013,16557.5,3.583116,89.67496,93.35219
LBY,2014,12499.083,3.652807,89.56806,93.62513
LBY,2015,12195.349,3.7122345,89.461174,93.89807
LBY,2016,11831.826,3.7692409,89.35428,94.17101
LBY,2017,15428.116,3.829848,89.24739,94.443954
LBY,2018,16385.164,3.8925276,89.140495,94.716896
LCA,2000,18818.885,260.03934,84.97446,90.62743
LCA,2001,17993.637,262.7,84.980316,90.61051
LCA,2002,17911.629,265.0082,85.00259,90.54621
LCA,2003,18522.514,267.18854,85.02425,90.857285
LCA,2004,19715.83,269.2623,84.831245,91.177
LCA,2005,19491.219,271.2459,84.63843,91.50531
LCA,2006,20551.06,273.2082,84.446396,91.84169
LCA,2007,20759.305,275.0262,84.25555,92.18592
LCA,2008,21651.234,276.74753,84.066345,92.537605
LCA,2009,20907.334,278.4918,83.878975,92.896614
LCA,2010,20849.055,280.19836,83.68751,93.26623
LCA,2011,21637.87,281.6623,83.45544,93.66159
LCA,2012,21515.9,282.94263,83.2178,94.05696
LCA,2013,21029.29,284.22952,82.973816,94.452545
LCA,2014,21214.477,285.4836,82.723366,94.84824
LCA,2015,21142.973,286.75247,82.91354,95.24399
LCA,2016,21775.475,287.95245,83.10352,95.639626
LCA,2017,22422.598,289.10165,83.256996,96.035065
LCA,2018,22981.918,290.2164,83.376,96.43023
LIE,2000,,207.10625,99.95,100.0
LIE,2001,,209.1875,99.95,100.0
LIE,2002,,211.0625,99.95,100.0
LIE,2003,,213.05624,99.95,100.0
LIE,2004,,215.05624,99.95,100.0
LIE,2005,,216.95625,99.95,100.0
LIE,2006,,218.7625,99.95,100.0
LIE,2007,,220.31876,99.95,100.0
LIE,2008,,221.66875,99.95,100.0
LIE,2009,,223.375,99.95,100.0
LIE,2010,,225.13126,99.95,100.0
LIE,2011,,226.84375,99.95,100.0
LIE,2012,,228.88126,99.95,100.0
LIE,2013,,230.8125,99.95,100.0
LIE,2014,,232.44376,99.95,100.0
LIE,2015,,233.9,99.95,100.0
LIE,2016,,235.21875,99.95,100.0
LIE,2017,,236.7,99.95,100.0
LIE,2018,,238.48125,99.95,100.0
LKA,2000,6428.6133,311.88257,76.80727,83.675064
LKA,2001,6230.031,316.8503,77.60401,83.920364
LKA,2002,6409.863,320.17053,78.40392,84.19811
LKA,2003,6741.0127,322.527,79.20698,84.476234
LKA,2004,7059.911,324.72693,80.013176,84.754585
LKA,2005,7452.742,326.81104,80.82255,85.03303
LKA,2006,7970.665,329.0077,81.635056,85.311844
LKA,2007,8454.207,331.27298,82.45073,85.59076
LKA,2008,8897.827,333.48492,83.26955,85.87003
LKA,2009,9156.319,335.53894,84.09153,86.14954
LKA,2010,9832.187,337.5217,84.91666,86.42915
LKA,2011,10618.492,339.6226,85.744934,86.70912
LKA,2012,11447.693,342.21567,86.57636,86.98933
LKA,2013,12249.723,345.2769,87.41094,87.27174
LKA,2014,12909.966,348.3261,88.24872,87.55636
LKA,2015,13329.779,351.27667,89.089775,87.84305
LKA,2016,13845.614,354.19922,89.93416,88.13156
LKA,2017,14572.485,357.05667,90.78193,88.421875
LKA,2018,14759.825,359.73352,91.63318,88.71396
LSO,2000,1932.158,66.00523,13.910968,64.40585
LSO,2001,2004.0334,65.90445,15.495739,64.960815
LSO,2002,2024.7872,65.70112,17.071815,65.520195
LSO,2003,2127.373,65.384056,18.618917,66.083824
LSO,2004,2178.6648,64.92523,20.151947,66.65221
LSO,2005,2275.016,64.330696,21.670368,67.22455
LSO,2006,2381.0203,64.066734,23.174437,67.801544
LSO,2007,2470.3147,64.33706,24.655783,68.362175
LSO,2008,2589.1663,64.77428,26.123991,68.926674
LSO,2009,2538.1934,65.246506,27.578823,69.49442
LSO,2010,2651.378,65.75283,29.020496,70.066124
LSO,2011,2749.3196,66.337776,30.448933,70.64161
LSO,2012,2894.227,67.008,31.858604,71.19314
LSO,2013,2914.3752,67.73745,33.256836,71.747284
LSO,2014,2930.6172,68.5142,34.643707,72.30429
LSO,2015,2986.9587,69.32194,36.01929,72.86443
LSO,2016,3057.261,70.172066,37.38357,73.42728
LSO,2017,2924.681,71.051285,38.73663,73.99309
LSO,2018,2846.4182,71.92394,40.078506,74.563286
LTU,2000,15771.427,55.90816,84.26283,89.64572
LTU,2001,16933.023,55.4705,84.73128,90.09776
LTU,2002,18216.545,55.008003,85.194695,90.54624
LTU,2003,20302.984,54.548412,85.65986,90.99636
LTU,2004,21867.287,53.932327,86.12677,91.44812
LTU,2005,23944.701,53.06283,86.614105,91.91519
LTU,2006,26129.34,52.22503,87.120026,92.39575
LTU,2007,29370.773,51.611214,87.62459,92.875046
LTU,2008,30445.781,51.0858,88.12779,93.35306
LTU,2009,26217.545,50.52316,88.667656,93.81939
LTU,2010,26887.492,49.476456,89.194145,94.275856
LTU,2011,29240.748,48.373135,89.73549,94.74194
LTU,2012,30920.33,47.72934,90.30097,95.22336
LTU,2013,32474.64,47.250584,90.864815,95.70245
LTU,2014,33975.086,46.84828,91.42719,96.17936
LTU,2015,35251.297,46.410652,91.98808,96.654076
LTU,2016,36618.15,45.825092,92.54919,97.12761
LTU,2017,38774.49,45.189537,93.11004,97.59958
LTU,2018,41019.79,44.760983,93.670105,98.069565
LUX,2000,114141.586,169.41106,97.690186,100.0
LUX,2001,116258.43,171.59094,97.68317,100.0
LUX,2002,118757.53,173.39247,97.678246,100.0
LUX,2003,120396.26,175.51059,97.67343,99.99999
LUX,2004,123720.26,178.01985,97.66871,100.0
LUX,2005,124866.86,180.76373,97.66411,100.0
LUX,2006,130284.97,183.67697,97.6596,100.0
LUX,2007,138677.97,186.55446,97.6552,100.0
LUX,2008,135812.22,189.9408,97.65086,100.0
LUX,2009,129002.24,193.51476,97.646675,100.0
LUX,2010,131432.06,197.09686,97.64256,100.0
LUX,2011,129885.37,201.4337,97.63854,100.0
LUX,2012,128895.41,206.23781,97.634705,100.0
LUX,2013,129945.45,211.05708,97.631065,100.0
LUX,2014,130247.664,216.07832,97.6276,100.0
LUX,2015,130097.26,221.22697,97.624306,100.0
LUX,2016,133661.66,226.65375,97.62117,100.0
LUX,2017,132169.83,231.7014,97.61819,100.0
LUX,2018,131733.89,236.20837,97.61536,99.99999
LVA,2000,14554.213,38.05753,89.18223,97.95743
LVA,2001,15695.906,37.575108,89.15803,97.95449
LVA,2002,17096.559,37.14218,89.386055,97.98752
LVA,2003,18717.668,36.782627,89.52635,98.0219
LVA,2004,20574.12,36.384045,89.61308,98.059715
LVA,2005,23213.354,35.992077,89.698006,98.09734
LVA,2006,26431.814,35.65867,89.75674,98.13207
LVA,2007,29423.736,35.36516,89.80893,98.1662
LVA,2008,28726.973,34.994537,89.86116,98.20048
LVA,2009,24520.68,34.421406,89.921005,98.23569
LVA,2010,24119.73,33.710976,89.98794,98.27171
LVA,2011,25308.732,33.10204,90.053955,98.3077
LVA,2012,27496.545,32.69547,90.1189,98.343636
LVA,2013,28375.184,32.347805,90.18277,98.37952
LVA,2014,29243.742,32.044884,90.245415,98.41534
LVA,2015,30599.613,31.783287,90.49308,98.45111
LVA,2016,31668.516,31.493862,90.742325,98.48698
LVA,2017,33036.39,31.216438,90.99298,98.52289
LVA,2018,34729.707,30.97519,91.24492,98.55882
MAC,2000,55994.76,13252.0,100.0,100.0
MAC,2001,57173.86,13488.516,100.0,100.0
MAC,2002,61625.957,13818.97,100.0,100.0
MAC,2003,67994.78,14214.0,100.0,100.0
MAC,2004,84004.45,14612.394,100.0,100.0
MAC,2005,87185.52,15012.606,100.0,100.0
MAC,2006,93828.32,15416.728,100.0,100.0
MAC,2007,102879.64,15826.697,100.0,100.0
MAC,2008,102474.67,16240.454,100.0,100.0
MAC,2009,104911.14,16651.273,100.0,100.0
MAC,2010,130758.28,17054.818,100.0,100.0
MAC,2011,155385.33,17443.758,100.0,100.0
MAC,2012,164239.27,17801.516,100.0,100.0
MAC,2013,174569.52,18144.0,100.0,100.0
MAC,2014,162813.44,18494.182,100.0,100.0
MAC,2015,123194.07,18854.092,100.0,100.0
MAC,2016,120530.055,19221.727,100.0,100.0
MAC,2017,133322.62,19592.666,100.0,100.0
MAC,2018,139541.16,19962.94,100.0,100.0
MAF,2000,,600.4,99.17051,100.0
MAF,2001,,616.54,99.17051,100.0
MAF,2002,,632.58,99.17051,100.0
MAF,2003,,648.4,99.17051,100.0
MAF,2004,,663.92,99.17051,100.0
MAF,2005,,679.04,99.22173,100.0
MAF,2006,,693.6,99.27296,100.0
MAF,2007,,707.22,99.32417,100.0
MAF,2008,,719.56,99.3754,100.0
MAF,2009,,730.46,99.42662,100.0
MAF,2010,,737.5,99.477844,99.99782
MAF,2011,,741.88,99.52907,99.99206
MAF,2012,,745.98,99.58029,99.9863
MAF,2013,,748.78,99.631516,99.98054
MAF,2014,,749.44,99.68274,99.97478
MAF,2015,,747.72,99.733955,99.96902
MAF,2016,,744.02,99.78518,99.96326
MAF,2017,,737.26,99.8364,99.9575
MAF,2018,,720.72,99.88763,99.95174
MAR,2000,5100.1157,63.686844,68.2173,62.144
MAR,2001,5417.5786,64.5634,68.99793,63.457108
MAR,2002,5544.072,65.42269,70.195946,64.763954
MAR,2003,5810.053,66.25905,71.36111,66.06315
MAR,2004,5996.39,67.1141,72.238014,67.35523
MAR,2005,6103.4224,68.021835,73.17732,68.7555
MAR,2006,6488.674,68.947296,74.128624,70.163475
MAR,2007,6620.5903,69.877815,75.07866,71.553734
MAR,2008,6901.9507,70.81956,76.02705,72.925606
MAR,2009,7063.727,71.769615,76.973434,74.27852
MAR,2010,7210.6367,72.747055,77.91863,75.61386
MAR,2011,7503.793,73.74543,78.86171,76.930084
MAR,2012,7628.644,74.737274,79.802895,78.227585
MAR,2013,7839.032,75.70596,80.741844,79.50588
MAR,2014,7951.7983,76.640785,81.67878,80.76534
MAR,2015,8198.809,77.543335,82.61339,82.00552
MAR,2016,8141.9404,78.47515,83.545876,83.22677
MAR,2017,8450.009,79.4228,84.475914,84.42866
MAR,2018,8611.75,80.30419,85.403465,85.6112
MCO,2000,,15583.974,100.0,100.0
MCO,2001,,15578.695,100.0,100.0
MCO,2002,,15566.699,100.0,100.0
MCO,2003,,15545.106,100.0,100.0
MCO,2004,,15512.956,100.0,100.0
MCO,2005,,15467.851,100.0,100.0
MCO,2006,,15394.914,100.0,100.0
MCO,2007,,15287.429,100.0,100.0
MCO,2008,,15288.868,100.0,100.0
MCO,2009,,15542.227,100.0,100.0
MCO,2010,,15925.145,100.0,100.0
MCO,2011,,16299.425,100.0,100.0
MCO,2012,,16668.906,100.0,100.0
MCO,2013,,17023.033,100.0,100.0
MCO,2014,,17348.85,100.0,100.0
MCO,2015,,17651.152,100.0,100.0
MCO,2016,,17898.752,100.0,100.0
MCO,2017,,18090.21,100.0,100.0
MCO,2018,,18320.059,100.0,100.0
MDA,2000,5727.079,128.44917,71.250656,83.00022
MDA,2001,6090.0347,127.078224,71.65664,83.323494
MDA,2002,6580.2783,125.65778,72.06792,83.651245
MDA,2003,7034.358,124.2165,72.48451,83.98348
MDA,2004,7573.6177,122.73801,73.0585,84.32042
MDA,2005,8161.4736,120.97871,73.68816,84.69709
MDA,2006,8577.028,118.936005,74.368645,85.11053
MDA,2007,8854.834,116.81519,75.053406,85.52447
MDA,2008,9563.698,114.634605,75.742455,85.93891
MDA,2009,9001.234,112.411644,76.43579,86.35385
MDA,2010,9649.951,110.160446,77.13343,86.7693
MDA,2011,10217.309,107.89439,77.83537,87.18525
MDA,2012,10158.386,105.63024,78.541626,87.60171
MDA,2013,11080.063,103.389175,79.2522,88.01867
MDA,2014,11641.121,101.386566,79.96709,88.436134
MDA,2015,11691.08,99.70179,80.6901,88.85235
MDA,2016,12377.366,98.20437,81.420815,89.27221
MDA,2017,13118.822,96.86078,82.15818,89.69503
MDA,2018,13895.504,95.65602,82.90158,90.120575
MDG,2000,1701.4432,28.38834,3.8245227,36.442757
MDG,2001,1748.5035,29.276268,4.276235,37.13655
MDG,2002,1486.4343,30.16486,4.729025,37.828545
MDG,2003,1584.7493,31.06198,5.183445,38.518227
MDG,2004,1620.1195,31.981104,5.638795,39.20603
MDG,2005,1648.1763,32.93178,6.1211743,40.04291
MDG,2006,1686.8634,33.91357,6.6062603,40.878117
MDG,2007,1731.6176,34.923668,7.094046,41.71105
MDG,2008,1794.4023,35.963978,7.584774,42.54249
MDG,2009,1673.1555,37.03554,8.078092,43.370052
MDG,2010,1635.2451,38.12881,8.574233,44.194534
MDG,2011,1614.5514,39.227062,9.0731735,45.01538
MDG,2012,1617.7908,40.327335,9.574977,45.832485
MDG,2013,1610.6023,41.439137,10.079611,46.64531
MDG,2014,1620.3579,42.565067,10.58723,47.454193
MDG,2015,1627.5806,43.70351,11.097698,48.258175
MDG,2016,1648.9122,44.86069,11.611171,49.05759
MDG,2017,1669.7277,46.043964,12.127603,49.85194
MDG,2018,1678.7863,47.25839,12.647045,50.641125
MDV,2000,13738.281,940.0833,76.120415,93.97544
MDV,2001,12977.999,955.9267,77.31389,94.32992
MDV,2002,13689.807,972.10333,78.490944,94.678505
MDV,2003,15316.119,988.3233,79.65006,95.02078
MDV,2004,15958.656,1004.72,80.79064,95.35655
MDV,2005,13942.875,1021.43,81.910736,95.68532
MDV,2006,16829.977,1046.22,82.96784,95.99909
MDV,2007,17439.951,1081.63,83.89837,96.287415
MDV,2008,18344.486,1120.5934,84.963165,96.59121
MDV,2009,16230.009,1160.94,86.02317,96.892494
MDV,2010,16730.014,1202.6733,87.07847,97.19127
MDV,2011,17581.768,1245.61,88.12899,97.487526
MDV,2012,17390.148,1289.4033,89.17477,97.78124
MDV,2013,17986.89,1333.59,90.21534,98.07237
MDV,2014,18765.36,1378.7433,91.251,98.360916
MDV,2015,18829.447,1427.2167,92.28153,98.64686
MDV,2016,19345.18,1477.72,93.30685,98.93016
MDV,2017,20036.717,1527.6566,94.326805,99.21082
MDV,2018,21072.58,1577.02,95.341385,99.48388
MEX,2000,20470.494,50.73461,79.20524,91.56233
MEX,2001,20078.219,51.49263,79.9106,92.04475
MEX,2002,19744.793,52.23829,80.60597,92.52266
MEX,2003,19701.463,52.97385,81.29151,92.99606
MEX,2004,20127.225,53.702065,81.96765,93.46513
MEX,2005,20277.256,54.431183,82.63405,93.92957
MEX,2006,20965.826,55.173058,83.29114,94.38955
MEX,2007,21102.27,55.955322,83.93887,94.84496
MEX,2008,20992.56,56.778355,84.577866,95.27918
MEX,2009,19385.543,57.614506,85.20787,95.58505
MEX,2010,20058.385,58.45001,85.82925,95.8875
MEX,2011,20457.6,59.28316,86.44288,96.18696
MEX,2012,20898.936,60.093212,87.0483,96.48315
MEX,2013,20805.348,60.877888,87.64595,96.77626
MEX,2014,21069.766,61.619003,88.23589,97.066315
MEX,2015,21408.928,62.281593,88.817924,97.35314
MEX,2016,21578.264,62.888107,89.39242,97.63691
MEX,2017,21777.523,63.479023,89.95922,97.9175
MEX,2018,21997.773,64.08277,90.51856,98.19501
MHL,2000,3772.2158,281.78333,74.727554,88.778564
MHL,2001,4000.7305,284.09445,74.89837,88.736115
MHL,2002,4121.84,285.78333,75.06788,88.693985
MHL,2003,4040.655,286.98334,75.23574,88.65226
MHL,2004,4012.3445,287.79443,75.40196,88.61095
MHL,2005,4075.1587,288.4889,75.78267,88.54552
MHL,2006,4075.5764,288.95,76.04482,88.4804
MHL,2007,4222.413,289.16666,76.29607,88.41578
MHL,2008,3903.3057,289.1611,76.53711,88.35148
MHL,2009,4047.2268,289.0889,76.767204,88.28776
MHL,2010,4269.3584,289.24445,76.98707,88.224434
MHL,2011,4259.116,288.48334,77.19683,88.16152
MHL,2012,4244.0444,285.76666,77.39534,88.09943
MHL,2013,4469.8535,281.64444,77.58239,88.03831
MHL,2014,4491.9917,276.75,77.75876,87.978004
MHL,2015,4670.1094,271.2389,77.92449,87.91859
MHL,2016,4896.522,265.16666,78.08012,87.85999
MHL,2017,5199.344,258.5778,78.2257,87.8023
MHL,2018,5635.3076,251.70555,78.361916,87.74533
MKD,2000,11988.295,81.57233,88.64995,96.76133
MKD,2001,11571.859,81.93101,88.62522,96.764984
MKD,2002,11830.312,82.25543,88.6005,96.76864
MKD,2003,12077.899,82.53041,88.575775,96.772285
MKD,2004,12683.434,82.73517,88.550934,96.77596
MKD,2005,13354.517,82.86317,89.144135,96.85864
MKD,2006,14118.288,82.84029,89.74484,96.940414
MKD,2007,15118.307,82.55242,90.3526,97.02137
MKD,2008,16038.107,82.1109,90.966965,97.10164
MKD,2009,16084.295,81.70503,91.58757,97.1813
MKD,2010,16731.16,81.34457,92.21386,97.260475
MKD,2011,17201.307,80.90583,92.84544,97.33928
MKD,2012,17190.066,80.38414,93.48175,97.417816
MKD,2013,17758.3,79.828705,94.122375,97.49619
MKD,2014,18452.283,79.216576,94.76681,97.574524
MKD,2015,19215.154,78.52363,95.41441,97.65292
MKD,2016,19825.855,77.76637,96.06482,97.7315
MKD,2017,20121.135,76.95785,96.717445,97.81036
MKD,2018,20806.008,76.11935,97.32968,97.88962
MLI,2000,2187.719,9.473353,17.333618,49.407425
MLI,2001,2458.4617,9.762547,18.536629,51.004353
MLI,2002,2455.6194,10.070604,19.747852,52.665287
MLI,2003,2611.837,10.395882,20.966608,54.320118
MLI,2004,2565.9775,10.738012,22.193274,55.969055
MLI,2005,2546.3328,11.095525,23.42641,57.609673
MLI,2006,2555.0747,11.465545,24.667166,59.24328
MLI,2007,2515.947,11.848791,25.914383,60.867893
MLI,2008,2523.1997,12.244639,27.16867,62.48401
MLI,2009,2575.5454,12.650108,28.428661,64.08943
MLI,2010,2632.2646,13.067801,29.693285,65.6825
MLI,2011,2623.3462,13.497123,30.962236,67.26265
MLI,2012,2520.5293,13.897048,32.23522,68.82932
MLI,2013,2528.53,14.308934,33.51196,70.38203
MLI,2014,2609.1672,14.768411,34.792408,71.92057
MLI,2015,2686.5605,15.237809,36.07608,73.44428
MLI,2016,2759.1106,15.728123,37.362957,74.95305
MLI,2017,2816.1943,16.237648,38.65302,76.446754
MLI,2018,2862.4072,16.753155,39.945816,77.92487
MLT,2000,31066.924,1249.7031,99.9492,100.0
MLT,2001,30600.973,1258.7125,99.94904,100.0
MLT,2002,31206.271,1267.4094,99.9489,100.0
MLT,2003,32146.68,1275.7375,99.94877,100.0
MLT,2004,32061.572,1283.75,99.94862,100.0
MLT,2005,32775.75,1291.6375,99.9485,100.0
MLT,2006,33419.473,1298.3219,99.94842,100.0
MLT,2007,34980.402,1303.7532,99.94838,100.0
MLT,2008,36286.375,1309.2781,99.94834,100.0
MLT,2009,35511.355,1315.0,99.9483,100.0
MLT,2010,37527.34,1320.7937,99.94826,100.0
MLT,2011,37739.445,1326.9844,99.952934,100.0
MLT,2012,38935.7,1333.175,99.9576,100.0
MLT,2013,40919.793,1338.9281,99.96229,100.0
MLT,2014,43161.543,1357.7937,99.96697,100.0
MLT,2015,46170.17,1390.5563,99.97167,100.0
MLT,2016,46965.6,1422.7375,99.97638,100.0
MLT,2017,51626.348,1462.1937,99.98109,100.0
MLT,2018,53417.016,1514.25,99.9858,100.0
MMR,2000,1359.9304,69.39319,63.459877,47.01436
MMR,2001,1498.3116,70.12907,64.01388,48.6071
MMR,2002,1661.7358,70.83619,64.56597,50.22574
MMR,2003,1874.1713,71.50197,65.116356,51.870426
MMR,2004,2110.2373,72.11727,65.66502,53.541016
MMR,2005,2377.9026,72.68353,66.21195,55.23737
MMR,2006,2669.327,73.21486,66.75694,56.95906
MMR,2007,2968.3032,73.73565,67.30018,58.706234
MMR,2008,3254.739,74.142815,67.84164,60.478733
MMR,2009,3578.1743,74.55599,68.33692,62.276146
MMR,2010,3893.7903,75.11357,68.82982,64.098854
MMR,2011,4078.6123,75.71947,69.31998,65.94619
MMR,2012,4340.9995,76.359344,69.80753,67.81825
MMR,2013,4666.9536,77.010826,70.29231,69.71466
MMR,2014,5006.507,77.65277,70.77459,71.635735
MMR,2015,5313.886,78.277016,71.25587,73.58403
MMR,2016,5580.9897,78.900055,71.73594,75.55927
MMR,2017,5877.8745,79.51176,72.21442,77.560936
MMR,2018,6201.263,80.08986,72.69105,79.58865
MNE,2000,14452.276,47.152267,,
MNE,2001,14552.556,47.13762,,
MNE,2002,14770.316,47.120224,,
MNE,2003,15076.714,47.105057,,
MNE,2004,15716.141,47.119404,,
MNE,2005,16348.968,47.141933,,
MNE,2006,17727.44,47.128326,90.64151,95.17714
MNE,2007,18966.531,47.092045,91.17759,95.46031
MNE,2008,20239.006,47.052418,91.715836,95.74321
MNE,2009,18985.018,47.021935,92.25611,96.02579
MNE,2010,19476.244,46.99539,92.79849,96.30807
MNE,2011,20110.57,47.040073,93.343056,96.59009
MNE,2012,19576.494,47.10379,93.889786,96.87183
MNE,2013,20201.375,47.07799,94.43875,97.15331
MNE,2014,20641.85,46.942528,94.98996,97.43453
MNE,2015,21131.928,46.702232,95.54342,97.71548
MNE,2016,21834.182,46.412342,96.099075,97.9838
MNE,2017,22513.875,46.10498,96.657,98.22817
MNE,2018,23562.273,45.784237,97.21424,98.87892
MNG,2000,5818.243,1.5763537,43.350956,62.41533
MNG,2001,5917.071,1.590814,43.929344,63.82369
MNG,2002,6117.9824,1.6051767,44.498837,65.209694
MNG,2003,6463.7896,1.6191317,45.059177,66.57278
MNG,2004,7070.667,1.6326096,46.56573,67.91238
MNG,2005,7499.848,1.6458776,48.079674,69.22586
MNG,2006,8043.9966,1.6595501,49.601727,70.51554
MNG,2007,8750.134,1.6744554,51.13063,71.780464
MNG,2008,9379.8545,1.6914408,52.665817,73.02079
MNG,2009,9095.977,1.7112815,54.204723,74.233696
MNG,2010,9507.119,1.7346561,55.7488,75.42246
MNG,2011,10960.096,1.7625493,57.106228,76.31297
MNG,2012,12078.919,1.7948318,58.363895,77.04563
MNG,2013,13210.095,1.8310589,59.630577,77.77982
MNG,2014,13943.428,1.8703228,60.90591,78.5151
MNG,2015,13974.597,1.9110848,62.190502,79.25231
MNG,2016,13898.1455,1.9523604,63.484005,79.99103
MNG,2017,14401.537,1.9931666,64.78604,80.7308
MNG,2018,15230.241,2.0338361,66.102066,81.478386
MNP,2000,,148.63913,94.01337,96.48442
MNP,2001,,147.83261,94.27451,96.67357
MNP,2002,,145.21739,94.53566,96.86271
MNP,2003,,142.25652,94.7968,97.05185
MNP,2004,,139.0174,95.057945,97.241
MNP,2005,,135.59131,95.31909,97.43014
MNP,2006,,131.93044,95.58024,97.619286
MNP,2007,,128.17392,95.841385,97.808426
MNP,2008,,124.267395,96.10253,97.99757
MNP,2009,,120.31739,96.36368,98.186714
MNP,2010,,117.63043,96.624825,98.375854
MNP,2011,,116.593475,96.88597,98.564995
MNP,2012,,115.76305,97.14712,98.75414
MNP,2013,,114.732605,97.408264,98.94328
MNP,2014,,113.47609,97.66941,99.13243
MNP,2015,,112.03913,97.93056,99.32157
MNP,2016,,110.42391,98.1917,99.51071
MNP,2017,,108.65435,98.45285,99.69986
MNP,2018,,106.73478,98.714,99.889
MOZ,2000,711.9764,23.05457,10.736809,23.441042
MOZ,2001,785.79016,23.573507,11.689138,24.448298
MOZ,2002,842.64526,24.108368,12.670603,25.892056
MOZ,2003,883.23914,24.66044,13.65972,27.363707
MOZ,2004,934.134,25.229929,14.656792,28.863594
MOZ,2005,970.38995,25.820312,15.661495,30.39102
MOZ,2006,1041.8047,26.433897,16.674465,31.94683
MOZ,2007,1095.1257,27.070421,17.694735,33.529316
MOZ,2008,1141.9425,27.746176,18.817574,35.28152
MOZ,2009,1178.7091,28.474466,19.960306,37.07133
MOZ,2010,1224.2302,29.246973,21.115784,38.887085
MOZ,2011,1275.5295,30.073305,22.283361,40.727234
MOZ,2012,1338.516,30.949223,23.46306,42.591232
MOZ,2013,1385.8325,31.85688,24.654894,44.47851
MOZ,2014,1449.9293,32.793907,25.85888,46.388504
MOZ,2015,1512.5997,33.75922,27.075039,48.32064
MOZ,2016,1537.9086,34.76323,28.303381,50.27433
MOZ,2017,1532.0073,35.817795,29.543547,52.248543
MOZ,2018,1538.8351,36.901558,30.795918,54.243137
MRT,2000,5008.608,2.5356069,18.152973,41.41342
MRT,2001,4847.4106,2.5989773,19.309328,42.328026
MRT,2002,4806.8984,2.6570864,20.575993,43.82345
MRT,2003,5023.6523,2.7185893,21.851927,45.32826
MRT,2004,5139.2256,2.783226,23.13722,46.842175
MRT,2005,5445.8296,2.8515184,24.43098,48.36375
MRT,2006,6284.702,2.9238954,25.999716,49.893093
MRT,2007,6002.7783,3.0009363,27.603767,51.429905
MRT,2008,5813.356,3.0884602,29.24446,52.974277
MRT,2009,5639.7876,3.1866245,30.920599,54.523674
MRT,2010,5605.7637,3.289966,32.634514,56.079315
MRT,2011,5653.2173,3.3984797,34.38677,57.640537
MRT,2012,5716.252,3.51124,36.177895,59.206707
MRT,2013,5769.7285,3.623095,38.007553,60.776455
MRT,2014,5837.852,3.7338808,39.873142,62.346672
MRT,2015,5969.5425,3.8478305,41.774265,63.91647
MRT,2016,5866.2812,3.9649315,43.710426,65.48501
MRT,2017,6050.6216,4.085188,45.682846,67.05285
MRT,2018,6153.6377,4.2084846,47.690437,68.61882
MSR,2000,,50.53,81.69702,98.0924
MSR,2001,,46.16,82.09971,98.09075
MSR,2002,,45.0,82.502396,98.0891
MSR,2003,,45.15,82.905075,98.087456
MSR,2004,,45.41,83.30776,98.08581
MSR,2005,,45.74,83.71044,98.08416
MSR,2006,,46.06,84.11313,98.08251
MSR,2007,,46.49,84.51581,98.08086
MSR,2008,,47.0,84.918495,98.07921
MSR,2009,,47.59,85.321175,98.07756
MSR,2010,,48.19,85.72386,98.07591
MSR,2011,,48.46,86.12654,98.074265
MSR,2012,,48.22,86.52923,98.07262
MSR,2013,,47.74,86.93191,98.07097
MSR,2014,,47.38,87.334595,98.06932
MSR,2015,,46.93,87.73728,98.06767
MSR,2016,,46.65,88.13996,98.06602
MSR,2017,,46.24,88.54265,98.06437
MSR,2018,,45.95,88.79075,98.06272
MTQ,2000,,397.53586,,99.818924
MTQ,2001,,393.54434,97.82679,99.818924
MTQ,2002,,389.13113,97.82679,99.818924
MTQ,2003,,385.29904,97.82679,99.818924
MTQ,2004,,382.17358,97.82679,99.818924
MTQ,2005,,379.10284,97.82679,99.818924
MTQ,2006,,377.7915,97.91893,99.806984
MTQ,2007,,378.12454,98.01107,99.795044
MTQ,2008,,378.0179,98.10321,99.783104
MTQ,2009,,376.91226,98.19535,99.771164
MTQ,2010,,374.8953,98.28748,99.759224
MTQ,2011,,372.24152,98.37962,99.747284
MTQ,2012,,369.567,98.47176,99.735344
MTQ,2013,,367.42453,98.5639,99.723404
MTQ,2014,,365.1198,98.656044,99.711464
MTQ,2015,,362.01605,98.748184,99.699524
MTQ,2016,,357.44528,98.840324,99.68758
MTQ,2017,,350.48114,98.932465,99.67564
MTQ,2018,,343.49057,99.024605,99.6637
MUS,2000,13481.754,609.22986,90.51944,99.35767
MUS,2001,13823.417,613.8242,90.801094,99.380714
MUS,2002,13949.475,617.972,91.08316,99.4038
MUS,2003,14669.5,621.98,91.36567,99.42695
MUS,2004,15209.017,625.83826,91.64864,99.45014
MUS,2005,15387.98,629.5518,91.93209,99.4734
MUS,2006,16061.603,632.84174,92.21597,99.496704
MUS,2007,16904.275,635.7146,92.500336,99.52007
MUS,2008,17750.594,638.2749,92.785126,99.54349
MUS,2009,18290.406,640.44867,93.0704,99.56696
MUS,2010,19045.654,642.3185,93.35613,99.590485
MUS,2011,19790.53,644.10114,93.642334,99.614075
MUS,2012,20425.707,645.55536,93.928955,99.6377
MUS,2013,21061.03,646.4637,94.2161,99.6614
MUS,2014,21827.48,646.97345,94.50368,99.68514
MUS,2015,22603.088,647.1122,94.791725,99.70895
MUS,2016,23460.002,646.87384,95.080666,99.732864
MUS,2017,24361.875,646.29645,95.37045,99.75689
MUS,2018,25324.178,645.3861,95.66104,99.781006
MWI,2000,1239.3917,120.024895,9.3511915,54.130825
MWI,2001,1149.5804,122.96412,9.353027,54.934772
MWI,2002,1140.8428,126.01234,9.354806,55.7358
MWI,2003,1176.1239,129.20636,9.356701,56.534264
MWI,2004,1208.2197,132.5916,9.358539,57.3298
MWI,2005,1214.7427,136.19043,11.643018,58.12274
MWI,2006,1237.2739,139.99469,13.919518,58.912743
MWI,2007,1318.3319,144.00026,16.188187,59.70012
MWI,2008,1378.4288,148.24368,18.448866,60.48455
MWI,2009,1449.7261,152.69185,20.703001,61.269524
MWI,2010,1504.3751,157.25993,22.95022,62.054718
MWI,2011,1533.2289,161.9116,25.19025,62.84009
MWI,2012,1518.1481,166.62683,27.422602,63.625042
MWI,2013,1555.5061,171.42358,29.647062,64.40977
MWI,2014,1597.5648,176.29968,31.86306,65.19339
MWI,2015,1597.6914,181.22176,34.070404,65.97633
MWI,2016,1593.5955,186.22975,36.26849,66.75751
MWI,2017,1613.0593,191.3419,38.457066,67.53726
MWI,2018,1638.9166,196.52191,40.635674,68.315216
MYS,2000,18532.91,69.90661,93.09003,96.10582
MYS,2001,18186.441,71.60717,93.271835,96.213524
MYS,2002,18708.87,73.360146,93.44998,96.31856
MYS,2003,19329.006,75.11674,93.62456,96.42101
MYS,2004,20168.506,76.87345,93.795616,96.52093
MYS,2005,20767.586,78.63666,93.96309,96.61811
MYS,2006,21444.486,80.40758,94.127144,96.712776
MYS,2007,22305.12,82.174355,94.2878,96.8049
MYS,2008,22898.002,83.91433,94.44512,96.89452
MYS,2009,22106.643,85.60274,94.59911,96.98153
MYS,2010,23307.97,87.21891,94.74988,97.06607
MYS,2011,24115.818,88.7598,94.89503,97.14202
MYS,2012,25006.36,90.28408,95.03722,97.215
MYS,2013,25736.354,91.84072,95.176926,97.28604
MYS,2014,26818.432,93.42911,95.31425,97.355316
MYS,2015,27699.627,95.06254,95.449196,97.422714
MYS,2016,28425.371,96.757545,95.58184,97.48836
MYS,2017,29551.545,98.48012,95.71214,97.55183
MYS,2018,30459.965,100.170334,95.808716,97.61324
MYT,2000,,418.4786,,
MYT,2001,,435.06952,,
MYT,2002,,449.44653,,
MYT,2003,,459.09625,,
MYT,2004,,468.05615,,
MYT,2005,,480.254,,
MYT,2006,,494.66577,69.01886,97.421104
MYT,2007,,510.08823,69.01886,97.421104
MYT,2008,,525.1925,69.01886,97.421104
MYT,2009,,539.86365,69.01886,97.12848
MYT,2010,,554.6497,69.01886,97.12848
MYT,2011,,569.508,72.94782,97.12514
MYT,2012,,585.5829,76.87679,97.12179
MYT,2013,,605.9946,80.80576,97.07113
MYT,2014,,630.44116,84.734726,96.95447
MYT,2015,,656.66846,88.6637,96.837814
MYT,2016,,684.17114,92.59267,96.72115
MYT,2017,,709.0107,96.52164,96.60449
MYT,2018,,721.13367,100.0,96.48784
NAM,2000,7858.3877,2.209003,27.148844,76.236244
NAM,2001,7786.5415,2.255656,27.59984,76.60734
NAM,2002,8017.2812,2.2956383,28.19683,77.08108
NAM,2003,8237.366,2.3290322,28.812288,77.56987
NAM,2004,9130.824,2.3589342,29.417826,78.05411
NAM,2005,9245.137,2.3886857,30.010952,78.53209
NAM,2006,9773.298,2.419427,30.592669,79.0046
NAM,2007,10162.24,2.4518785,31.161837,79.47089
NAM,2008,10286.513,2.4864373,31.718586,79.931114
NAM,2009,10166.29,2.5232906,32.260303,80.38344
NAM,2010,10614.62,2.5626633,32.789116,80.82945
NAM,2011,10965.273,2.607017,33.30289,81.267654
NAM,2012,11266.609,2.6657145,33.811874,81.705734
NAM,2013,11593.575,2.73598,34.305325,82.13585
NAM,2014,11982.696,2.8084188,34.783047,82.5579
NAM,2015,12166.565,2.883923,35.24387,82.97104
NAM,2016,11846.788,2.9627702,35.682186,83.37098
NAM,2017,11408.726,3.044922,36.09711,83.75692
NAM,2018,11214.386,3.1305215,36.489105,84.129105
NCL,2000,,12.205142,100.0,95.10498
NCL,2001,,12.457003,100.0,95.10498
NCL,2002,,12.70454,100.0,95.10498
NCL,2003,,12.947702,100.0,95.33833
NCL,2004,,13.176422,100.0,95.57168
NCL,2005,,13.36931,100.0,95.80503
NCL,2006,,13.542505,100.0,96.03838
NCL,2007,,13.716084,100.0,96.271736
NCL,2008,,13.885722,100.0,96.50509
NCL,2009,,14.073359,100.0,96.73844
NCL,2010,,14.309628,100.0,96.971794
NCL,2011,,14.58151,100.0,97.20515
NCL,2012,,14.859956,100.0,97.4385
NCL,2013,,15.143983,100.0,97.67185
NCL,2014,,15.384737,100.0,97.905205
NCL,2015,,15.491193,100.0,98.13856
NCL,2016,,15.505033,100.0,98.37191
NCL,2017,,15.511706,100.0,98.60526
NCL,2018,,15.511542,100.0,98.838615
NER,2000,1190.5668,9.086314,6.49096,36.547905
NER,2001,1233.0651,9.41079,6.909429,37.358814
NER,2002,1248.8231,9.749072,7.309869,38.111538
NER,2003,1231.2781,10.1026125,7.7104874,38.85821
NER,2004,1192.0824,10.472758,8.111052,39.598194
NER,2005,1233.8755,10.859866,8.512253,40.33089
NER,2006,1260.1205,11.264375,8.91226,41.057503
NER,2007,1252.7483,11.6867485,9.310818,41.777424
NER,2008,1300.5542,12.127513,9.707635,42.49009
NER,2009,1277.6923,12.586779,10.103279,43.196632
NER,2010,1336.5641,13.064525,10.49747,43.89648
NER,2011,1318.1013,13.559869,10.889889,44.5891
NER,2012,1403.1897,14.08129,11.281158,45.275574
NER,2013,1423.2617,14.620588,11.670969,45.955345
NER,2014,1462.8213,15.170061,12.064471,46.636
NER,2015,1471.6614,15.741293,12.462797,47.318092
NER,2016,1500.0085,16.330431,12.865716,48.000134
NER,2017,1520.0016,16.922277,13.27442,48.682644
NER,2018,1574.3384,17.51644,13.688663,49.364204
NGA,2000,4889.0034,138.76443,27.994637,44.48031
NGA,2001,5039.549,142.5855,28.033907,45.765457
NGA,2002,5654.897,146.54852,28.686348,47.323673
NGA,2003,5905.315,150.64467,29.359259,48.889877
NGA,2004,6275.299,154.8767,30.053265,50.46356
NGA,2005,6496.932,159.2249,30.768913,52.043858
NGA,2006,6702.9453,163.68274,31.50685,53.630997
NGA,2007,6949.4263,168.28316,32.267693,55.224834
NGA,2008,7215.7695,173.03493,33.052074,56.825226
NGA,2009,7581.406,177.92578,33.860287,58.430664
NGA,2010,7962.6396,182.96924,34.693134,60.04206
NGA,2011,8153.5317,188.17001,35.549942,61.655266
NGA,2012,8265.905,193.46336,36.430935,63.270264
NGA,2013,8581.208,198.78723,37.336075,64.88638
NGA,2014,8884.774,204.10962,38.26551,66.503624
NGA,2015,8892.058,209.3524,39.21938,68.122
NGA,2016,8534.692,214.59172,40.19733,69.74057
NGA,2017,8396.784,219.87393,41.19972,71.359985
NGA,2018,8362.623,225.01701,42.22626,72.97966
NIC,2000,4878.2476,41.737045,,
NIC,2001,4958.3276,42.278767,,
NIC,2002,4935.4854,42.794697,,
NIC,2003,5000.612,43.30206,,
NIC,2004,5204.382,43.81676,,
NIC,2005,5356.9585,44.39179,,
NIC,2006,5500.406,45.029556,,
NIC,2007,5697.211,45.68096,,
NIC,2008,5809.0996,46.340343,,
NIC,2009,5538.3657,47.00517,,
NIC,2010,5701.128,47.677006,,
NIC,2011,5976.253,48.355087,,
NIC,2012,6275.7876,49.038475,,
NIC,2013,6494.1494,49.72455,,
NIC,2014,6712.2173,50.411278,,
NIC,2015,6939.0327,51.100357,,
NIC,2016,7158.758,51.79212,,
NIC,2017,7391.197,52.48658,,
NIC,2018,7049.0273,53.183266,,
NIU,2000,,7.953846,99.527,99.357445
NIU,2001,,7.7192307,99.527,99.357445
NIU,2002,,7.5576925,99.527,99.357445
NIU,2003,,7.415385,99.527,99.357445
NIU,2004,,7.273077,99.527,99.357445
NIU,2005,,7.1115384,99.44756,99.295235
NIU,2006,,6.9923077,99.36813,99.233025
NIU,2007,,6.9615383,99.288704,99.17082
NIU,2008,,6.9423075,99.209274,99.10861
NIU,2009,,6.9269233,99.129845,99.0464
NIU,2010,,6.8692307,99.05041,98.98419
NIU,2011,,6.830769,98.97098,98.92198
NIU,2012,,6.8615384,98.89155,98.85978
NIU,2013,,6.8692307,98.81212,98.79757
NIU,2014,,6.8923078,98.73269,98.73536
NIU,2015,,6.9346156,98.65325,98.67315
NIU,2016,,6.9461536,98.57382,98.61095
NIU,2017,,6.9346156,98.49439,98.54874
NIU,2018,,6.9423075,98.41496,98.48653
NLD,2000,56016.87,476.94556,98.05648,100.0
NLD,2001,56887.434,480.62683,98.03166,100.0
NLD,2002,56664.414,483.75586,98.000824,100.0
NLD,2003,56452.867,486.09784,97.97132,100.0
NLD,2004,57391.363,487.8397,97.94314,100.0
NLD,2005,58422.01,489.03198,97.91633,100.0
NLD,2006,60391.543,489.86786,97.892166,100.0
NLD,2007,62601.62,490.98187,97.870476,100.0
NLD,2008,63678.402,492.9391,97.84975,100.0
NLD,2009,61029.73,495.51968,97.828476,100.0
NLD,2010,61518.555,498.10608,97.80817,100.0
NLD,2011,62318.14,500.47702,97.79029,100.0
NLD,2012,61480.812,502.38168,97.77327,100.0
NLD,2013,61281.29,503.92236,97.758896,100.0
NLD,2014,62045.855,505.79404,97.74682,100.0
NLD,2015,63081.395,508.09116,97.73522,100.0
NLD,2016,64267.74,510.9799,97.72413,100.0
NLD,2017,65666.0,514.2672,97.713524,100.0
NLD,2018,66758.266,517.41266,97.70364,100.0
NOR,2000,77587.21,12.328394,98.071945,100.0
NOR,2001,78791.305,12.390946,98.07086,100.0
NOR,2002,79447.09,12.457836,98.0698,100.0
NOR,2003,79728.78,12.530996,98.06875,100.0
NOR,2004,82440.95,12.605317,98.0678,100.0
NOR,2005,84080.0,12.691465,98.06698,100.0
NOR,2006,85458.55,12.794045,98.066154,100.0
NOR,2007,87043.5,12.927271,98.0653,100.0
NOR,2008,86379.664,13.089458,98.06442,100.0
NOR,2009,83642.07,13.255621,98.06355,100.0
NOR,2010,83256.79,13.4218025,98.06269,100.0
NOR,2011,83092.44,13.596972,98.06163,100.0
NOR,2012,84237.15,13.77674,98.06038,100.0
NOR,2013,84070.46,13.946046,98.05914,100.0
NOR,2014,84830.26,14.103267,98.05792,100.0
NOR,2015,85550.3,14.247061,98.056725,100.0
NOR,2016,85787.62,14.373882,98.05554,100.0
NOR,2017,87194.11,14.485977,98.05439,100.0
NOR,2018,87338.47,14.581906,98.05326,100.0
NPL,2000,2340.8157,171.2348,14.894876,79.488396
NPL,2001,2413.8142,174.02689,17.395962,80.16709
NPL,2002,2380.2441,176.69333,19.88881,80.80652
NPL,2003,2439.4949,179.20308,22.428947,81.44169
NPL,2004,2521.541,181.49042,25.016043,82.07251
NPL,2005,2580.231,183.53305,27.649755,82.698906
NPL,2006,2641.348,185.31866,30.329739,83.32079
NPL,2007,2708.7144,186.87477,33.05579,83.93816
NPL,2008,2852.6099,188.28069,35.82737,84.550835
NPL,2009,2961.839,189.55727,38.64412,85.15873
NPL,2010,3085.314,190.73564,41.505657,85.76176
NPL,2011,3176.6504,191.5905,44.411713,86.3599
NPL,2012,3316.5007,192.08173,47.36227,86.953285
NPL,2013,3426.5579,192.46597,50.356503,87.54158
NPL,2014,3621.7317,193.04062,53.394176,88.12481
NPL,2015,3745.2617,194.09578,56.47456,88.7027
NPL,2016,3743.7446,195.01549,59.597248,89.27519
NPL,2017,4071.7043,195.40466,62.761578,89.84209
NPL,2018,4371.3857,195.88202,65.966995,90.40324
NRU,2000,8844.947,509.35,64.67159,98.3154
NRU,2001,8277.868,507.35,64.6702,98.31872
NRU,2002,7487.931,505.25,64.66881,98.32204
NRU,2003,7526.416,504.3,64.66741,98.325356
NRU,2004,7200.948,504.2,64.66602,98.32867
NRU,2005,7208.8306,503.55,64.664635,98.331985
NRU,2006,7829.715,503.05,65.015114,98.335304
NRU,2007,6109.601,502.1,65.36558,98.33862
NRU,2008,7339.5786,501.6,65.71603,98.30948
NRU,2009,6926.98,502.05,66.06645,98.28034
NRU,2010,6908.357,503.35,66.41687,98.2512
NRU,2011,7881.1313,505.8,66.76727,98.22205
NRU,2012,9639.566,514.45,67.11766,98.1929
NRU,2013,9798.482,526.95,67.46804,98.16376
NRU,2014,11112.968,538.3,67.8184,98.134605
NRU,2015,11270.468,548.75,68.16874,98.105446
NRU,2016,11529.886,558.65,68.519066,98.076294
NRU,2017,10631.914,567.55,68.86938,98.047134
NRU,2018,10401.28,574.95,69.21967,98.017975
NZL,2000,35879.793,14.650321,100.0,100.0
NZL,2001,36885.645,14.780156,100.0,100.0
NZL,2002,37959.066,15.005568,100.0,100.0
NZL,2003,38976.914,15.276993,100.0,100.0
NZL,2004,39971.77,15.509901,100.0,100.0
NZL,2005,40848.297,15.703931,100.0,100.0
NZL,2006,41475.12,15.882203,100.0,100.0
NZL,2007,42346.09,16.039156,100.0,100.0
NZL,2008,41561.184,16.185556,100.0,100.0
NZL,2009,41132.336,16.346907,100.0,100.0
NZL,2010,41270.93,16.511967,100.0,100.0
NZL,2011,41814.887,16.644636,100.0,100.0
NZL,2012,42570.332,16.754707,100.0,100.0
NZL,2013,43338.438,16.91488,100.0,100.0
NZL,2014,44255.504,17.17738,100.0,100.0
NZL,2015,44963.832,17.523205,100.0,100.0
NZL,2016,45626.684,17.90577,100.0,100.0
NZL,2017,46193.29,18.277882,99.99999,99.99999
NZL,2018,46947.938,18.612434,99.99999,99.99999
OMN,2000,42086.043,7.3736315,89.155846,85.63808
OMN,2001,43492.285,7.4643717,89.15279,85.633766
OMN,2002,42654.15,7.551354,89.91163,85.62946
OMN,2003,41247.586,7.637483,90.67089,85.62515
OMN,2004,41351.77,7.7700224,91.471565,85.69365
OMN,2005,41551.14,7.9476833,92.29376,86.06027
OMN,2006,42540.44,8.125344,93.10328,86.423515
OMN,2007,43696.97,8.304281,93.90021,86.783195
OMN,2008,46586.395,8.486384,94.684784,87.13936
OMN,2009,48304.117,8.6742,95.45708,87.49162
OMN,2010,48191.613,8.90937,96.21748,87.84045
OMN,2011,44440.31,9.941072,96.989586,88.28549
OMN,2012,41964.082,11.460756,97.753395,88.7988
OMN,2013,40854.484,12.387447,98.48642,89.29448
OMN,2014,39639.99,12.931968,99.04546,89.774475
OMN,2015,39813.79,13.52148,99.31901,90.23849
OMN,2016,39860.99,14.187012,99.3193,90.68742
OMN,2017,38691.11,14.66041,99.319565,91.11489
OMN,2018,38673.605,14.855825,99.31981,91.523094
OWID_AFR,2000,,27.746628,,
OWID_AFR,2001,,28.451487,,
OWID_AFR,2002,,29.176985,,
OWID_AFR,2003,,29.922638,,
OWID_AFR,2004,,30.692207,,
OWID_AFR,2005,,31.486008,,
OWID_AFR,2006,,32.300674,,
OWID_AFR,2007,,33.14035,,
OWID_AFR,2008,,34.00985,,
OWID_AFR,2009,,34.90298,,
OWID_AFR,2010,,35.82048,,
OWID_AFR,2011,,36.753685,,
OWID_AFR,2012,,37.71164,,
OWID_AFR,2013,,38.710823,,
OWID_AFR,2014,,39.726536,,
OWID_AFR,2015,,40.75583,,
OWID_AFR,2016,,41.794113,,
OWID_AFR,2017,,42.850815,,
OWID_AFR,2018,,43.93497,,
OWID_ASI,2000,,120.45516,,
OWID_ASI,2001,,122.09864,,
OWID_ASI,2002,,123.68695,,
OWID_ASI,2003,,125.244225,,
OWID_ASI,2004,,126.80596,,
OWID_ASI,2005,,128.36555,,
OWID_ASI,2006,,129.93701,,
OWID_ASI,2007,,131.50563,,
OWID_ASI,2008,,133.07137,,
OWID_ASI,2009,,134.6647,,
OWID_ASI,2010,,136.2678,,
OWID_ASI,2011,,137.86415,,
OWID_ASI,2012,,139.47458,,
OWID_ASI,2013,,141.05995,,
OWID_ASI,2014,,142.60266,,
OWID_ASI,2015,,144.09254,,
OWID_ASI,2016,,145.54211,,
OWID_ASI,2017,,146.95815,,
OWID_ASI,2018,,148.28036,,
OWID_EU27,2000,40159.266,106.998276,,
OWID_EU27,2001,41007.742,107.23622,,
OWID_EU27,2002,41422.387,107.56455,,
OWID_EU27,2003,41728.848,107.95772,,
OWID_EU27,2004,42725.73,108.35725,,
OWID_EU27,2005,43476.48,108.7322,,
OWID_EU27,2006,44946.523,109.013954,,
OWID_EU27,2007,46274.406,109.342064,,
OWID_EU27,2008,46520.37,109.73083,,
OWID_EU27,2009,44429.824,110.016716,,
OWID_EU27,2010,45250.39,110.24645,,
OWID_EU27,2011,46205.207,110.454544,,
OWID_EU27,2012,45787.934,110.59432,,
OWID_EU27,2013,45723.977,110.69445,,
OWID_EU27,2014,46454.75,110.83591,,
OWID_EU27,2015,47490.676,111.07265,,
OWID_EU27,2016,48336.277,111.323006,,
OWID_EU27,2017,49704.03,111.5195,,
OWID_EU27,2018,50706.367,111.72139,,
OWID_EUR,2000,,32.93372,,
OWID_EUR,2001,,32.937786,,
OWID_EUR,2002,,32.978718,,
OWID_EUR,2003,,33.03599,,
OWID_EUR,2004,,33.076107,,
OWID_EUR,2005,,33.113087,,
OWID_EUR,2006,,33.14271,,
OWID_EUR,2007,,33.19829,,
OWID_EUR,2008,,33.27379,,
OWID_EUR,2009,,33.33723,,
OWID_EUR,2010,,33.3927,,
OWID_EUR,2011,,33.44837,,
OWID_EUR,2012,,33.498898,,
OWID_EUR,2013,,33.545437,,
OWID_EUR,2014,,33.59909,,
OWID_EUR,2015,,33.671993,,
OWID_EUR,2016,,33.75256,,
OWID_EUR,2017,,33.817753,,
OWID_EUR,2018,,33.86979,,
OWID_HIC,2000,41052.55,24.167076,97.410736,98.2148
OWID_HIC,2001,41571.387,24.293674,96.862526,98.24159
OWID_HIC,2002,42108.766,24.434671,95.969025,98.86616
OWID_HIC,2003,42964.38,24.578897,96.02198,98.88277
OWID_HIC,2004,44356.785,24.715738,96.0808,98.89756
OWID_HIC,2005,45533.9,24.85515,96.169365,98.80994
OWID_HIC,2006,46910.86,24.998243,96.2466,98.82871
OWID_HIC,2007,48145.7,25.163706,96.38369,98.84996
OWID_HIC,2008,48338.777,25.341372,96.51713,98.87093
OWID_HIC,2009,46327.402,25.504274,96.64534,98.892075
OWID_HIC,2010,47586.2,25.655884,96.77167,98.91643
OWID_HIC,2011,48491.062,25.812,96.891914,98.93856
OWID_HIC,2012,48959.668,25.970419,97.00988,98.95893
OWID_HIC,2013,49441.21,26.123884,97.32388,98.97998
OWID_HIC,2014,50214.062,26.280449,97.42905,99.00355
OWID_HIC,2015,50977.375,26.447914,97.536674,99.02374
OWID_HIC,2016,51585.492,26.613913,97.643364,99.04417
OWID_HIC,2017,52651.33,26.752668,97.73979,99.06357
OWID_HIC,2018,53756.51,26.869568,97.824394,99.08339
OWID_KOS,2008,7098.403,,,
OWID_KOS,2009,7481.459,,,
OWID_KOS,2010,7877.102,,,
OWID_KOS,2011,8359.937,,,
OWID_KOS,2012,8431.662,,,
OWID_KOS,2013,8828.276,,,
OWID_KOS,2014,9150.75,,,
OWID_KOS,2015,9824.991,,,
OWID_KOS,2016,10434.889,,,
OWID_KOS,2017,10856.29,,,
OWID_KOS,2018,11188.225,,,
OWID_LIC,2000,2100.0354,26.43035,21.944324,41.64589
OWID_LIC,2001,2115.2341,27.153334,22.118507,42.192535
OWID_LIC,2002,2172.3687,27.960419,23.085075,42.836525
OWID_LIC,2003,2247.3982,28.800976,23.349173,43.52593
OWID_LIC,2004,2317.1028,29.634367,23.632023,44.238613
OWID_LIC,2005,2392.5898,30.499495,24.127022,45.054607
OWID_LIC,2006,2455.3108,31.420418,24.680279,45.912838
OWID_LIC,2007,2534.7456,32.356865,25.305986,46.78476
OWID_LIC,2008,2592.9873,33.296963,25.909817,47.68495
OWID_LIC,2009,2614.398,34.25933,26.47551,48.548717
OWID_LIC,2010,2703.7039,35.241554,27.064312,49.431503
OWID_LIC,2011,2705.9165,36.24157,27.236698,50.113583
OWID_LIC,2012,2496.4563,37.232517,27.741264,50.920444
OWID_LIC,2013,2414.5007,38.184376,28.152525,51.66175
OWID_LIC,2014,2419.5178,39.13461,28.568306,52.40822
OWID_LIC,2015,2431.4712,40.12015,29.06802,53.214188
OWID_LIC,2016,2422.1921,41.179905,29.638182,54.064194
OWID_LIC,2017,2425.2117,42.30665,30.323982,54.951912
OWID_LIC,2018,2432.9915,43.49763,30.981808,55.86058
OWID_LMC,2000,3707.9395,113.76291,,
OWID_LMC,2001,3796.1543,116.05909,,
OWID_LMC,2002,3892.3313,118.30964,,
OWID_LMC,2003,4053.374,120.53702,,
OWID_LMC,2004,4263.3096,122.786026,,
OWID_LMC,2005,4473.2188,125.01212,,
OWID_LMC,2006,4707.42,127.25078,,
OWID_LMC,2007,4946.4395,129.53716,,
OWID_LMC,2008,5080.3003,131.80852,,
OWID_LMC,2009,5301.5405,134.09447,,
OWID_LMC,2010,5575.538,136.4203,,
OWID_LMC,2011,5746.0674,138.75107,,
OWID_LMC,2012,5944.4634,141.06627,,
OWID_LMC,2013,6183.676,143.39122,,
OWID_LMC,2014,6464.03,145.70282,,
OWID_LMC,2015,6755.226,147.94492,,
OWID_LMC,2016,7049.0415,150.16496,,
OWID_LMC,2017,7334.511,152.37271,,
OWID_LMC,2018,7635.979,154.542,,
OWID_NAM,2000,,23.109911,,
OWID_NAM,2001,,23.377598,,
OWID_NAM,2002,,23.643799,,
OWID_NAM,2003,,23.908258,,
OWID_NAM,2004,,24.173668,,
OWID_NAM,2005,,24.441587,,
OWID_NAM,2006,,24.71494,,
OWID_NAM,2007,,24.997978,,
OWID_NAM,2008,,25.286963,,
OWID_NAM,2009,,25.57464,,
OWID_NAM,2010,,25.858913,,
OWID_NAM,2011,,26.142391,,
OWID_NAM,2012,,26.424673,,
OWID_NAM,2013,,26.7034,,
OWID_NAM,2014,,26.97612,,
OWID_NAM,2015,,27.240547,,
OWID_NAM,2016,,27.504517,,
OWID_NAM,2017,,27.765343,,
OWID_NAM,2018,,28.021284,,
OWID_OCE,2000,,3.690309,,
OWID_OCE,2001,,3.7484848,,
OWID_OCE,2002,,3.8095474,,
OWID_OCE,2003,,3.871758,,
OWID_OCE,2004,,3.9334927,,
OWID_OCE,2005,,3.9967105,,
OWID_OCE,2006,,4.0654716,,
OWID_OCE,2007,,4.1419415,,
OWID_OCE,2008,,4.2243686,,
OWID_OCE,2009,,4.307136,,
OWID_OCE,2010,,4.384883,,
OWID_OCE,2011,,4.4597425,,
OWID_OCE,2012,,4.5374775,,
OWID_OCE,2013,,4.6179156,,
OWID_OCE,2014,,4.6985188,,
OWID_OCE,2015,,4.780471,,
OWID_OCE,2016,,4.8666544,,
OWID_OCE,2017,,4.9545493,,
OWID_OCE,2018,,5.0394726,,
OWID_SAM,2000,,19.93038,,
OWID_SAM,2001,,20.204872,,
OWID_SAM,2002,,20.470976,,
OWID_SAM,2003,,20.72939,,
OWID_SAM,2004,,20.981445,,
OWID_SAM,2005,,21.229084,,
OWID_SAM,2006,,21.47127,,
OWID_SAM,2007,,21.70666,,
OWID_SAM,2008,,21.935122,,
OWID_SAM,2009,,22.157286,,
OWID_SAM,2010,,22.374718,,
OWID_SAM,2011,,22.59101,,
OWID_SAM,2012,,22.807333,,
OWID_SAM,2013,,23.023075,,
OWID_SAM,2014,,23.240116,,
OWID_SAM,2015,,23.458166,,
OWID_SAM,2016,,23.674356,,
OWID_SAM,2017,,23.883404,,
OWID_SAM,2018,,24.077831,,
OWID_SRM,2000,,97.794395,,
OWID_SRM,2001,,97.06697,,
OWID_SRM,2002,,96.47175,,
OWID_SRM,2003,,95.983154,,
OWID_SRM,2004,,95.54663,,
OWID_SRM,2005,,95.12156,,
OWID_SRM,2006,,94.71276,,
OWID_UMC,2000,7738.539,53.86209,,
OWID_UMC,2001,7918.8364,54.37948,,
OWID_UMC,2002,8217.251,54.861614,,
OWID_UMC,2003,8605.562,55.33497,,
OWID_UMC,2004,9197.692,55.81881,,
OWID_UMC,2005,9763.25,56.3118,,
OWID_UMC,2006,10470.8545,56.796703,,
OWID_UMC,2007,11315.484,57.26127,,
OWID_UMC,2008,11880.056,57.745884,,
OWID_UMC,2009,12087.708,58.260464,,
OWID_UMC,2010,12967.51,58.779743,,
OWID_UMC,2011,13710.941,59.290436,,
OWID_UMC,2012,14318.651,59.83199,,
OWID_UMC,2013,14943.774,60.394897,,
OWID_UMC,2014,15484.943,60.942753,,
OWID_UMC,2015,15974.421,61.47412,,
OWID_UMC,2016,16542.852,61.973614,,
OWID_UMC,2017,17244.504,62.465107,,
OWID_UMC,2018,17907.459,62.914787,,
OWID_WRL,2000,12769.831,47.421337,55.889515,81.59163
OWID_WRL,2001,12904.862,48.060875,56.498837,81.90901
OWID_WRL,2002,13093.065,48.697037,57.43297,82.495926
OWID_WRL,2003,13402.992,49.331947,58.521515,82.96709
OWID_WRL,2004,13914.812,49.96982,59.65659,83.433815
OWID_WRL,2005,14370.885,50.612114,60.828297,83.869194
OWID_WRL,2006,14927.549,51.261246,62.00662,84.333336
OWID_WRL,2007,15510.866,51.92094,63.208675,84.79157
OWID_WRL,2008,15747.7295,52.59056,64.414604,85.25786
OWID_WRL,2009,15452.501,53.269096,65.61358,85.706
OWID_WRL,2010,16047.989,53.952682,66.80993,86.14671
OWID_WRL,2011,16479.488,54.638,67.91329,86.504166
OWID_WRL,2012,16784.95,55.331673,69.0999,86.91866
OWID_WRL,2013,17122.045,56.027744,70.324265,87.331
OWID_WRL,2014,17500.176,56.71791,71.51383,87.74026
OWID_WRL,2015,17868.092,57.400803,72.70564,88.14661
OWID_WRL,2016,18232.727,58.07745,73.89035,88.546104
OWID_WRL,2017,18714.94,58.746414,75.02245,88.925316
OWID_WRL,2018,19189.02,59.39403,76.17369,89.317955
PAK,2000,3531.713,200.91211,36.382046,87.34433
PAK,2001,3559.7278,206.6092,36.470478,87.586075
PAK,2002,3563.6785,211.73535,36.5598,87.824814
PAK,2003,3668.7793,216.77855,36.649124,88.06254
PAK,2004,3859.646,222.19542,38.35333,88.29938
PAK,2005,4042.1545,227.6012,40.05195,87.985825
PAK,2006,4185.8667,233.08775,41.87121,88.142265
PAK,2007,4257.926,239.32808,43.696594,88.31304
PAK,2008,4233.348,245.82181,45.52761,88.48203
PAK,2009,4270.439,252.1489,47.364197,88.64923
PAK,2010,4228.7817,258.45663,49.206635,88.814735
PAK,2011,4246.067,264.30322,51.05481,88.978516
PAK,2012,4292.021,269.3897,52.90861,89.140564
PAK,2013,4407.147,273.8091,54.767307,89.30073
PAK,2014,4520.235,277.94812,56.631462,89.459145
PAK,2015,4645.286,281.8738,58.50097,89.61582
PAK,2016,4886.6123,285.56827,60.375706,89.77071
PAK,2017,5031.5605,289.6352,62.25531,89.923775
PAK,2018,5255.0635,294.3764,64.14353,90.07584
PAN,2000,14572.976,40.582043,62.5613,89.620155
PAN,2001,14427.83,41.379684,63.30005,89.975975
PAN,2002,14507.144,42.185806,64.3589,90.32899
PAN,2003,14957.554,43.000984,65.42275,90.6584
PAN,2004,15875.112,43.827957,66.49129,90.86602
PAN,2005,16867.96,44.661957,67.56453,91.0628
PAN,2006,18190.273,45.49776,68.642456,91.25622
PAN,2007,20208.822,46.339848,69.7248,91.44614
PAN,2008,21867.818,47.19124,70.81211,91.63294
PAN,2009,21822.988,48.050457,71.90412,91.81649
PAN,2010,22739.111,48.915302,73.000534,91.99663
PAN,2011,24999.46,49.791172,74.10418,92.175026
PAN,2012,26926.885,50.677555,75.214714,92.351456
PAN,2013,28135.328,51.568253,76.33212,92.52587
PAN,2014,28931.805,52.46832,77.456635,92.69838
PAN,2015,29933.156,53.38412,78.58767,92.86864
PAN,2016,30765.236,54.314976,79.72518,93.18882
PAN,2017,31979.812,55.25349,80.869415,93.507385
PAN,2018,32681.447,56.185764,82.02008,93.824135
PER,2000,7669.095,20.779943,64.68993,80.40771
PER,2001,7611.6665,21.066101,65.40688,81.1652
PER,2002,7931.5796,21.318914,66.11348,81.91209
PER,2003,8174.3794,21.547255,66.8103,82.648865
PER,2004,8495.986,21.759523,67.497055,83.375244
PER,2005,8949.954,21.954042,68.173515,84.09101
PER,2006,9547.913,22.128506,68.840614,84.796974
PER,2007,10286.3545,22.289612,69.49774,85.49258
PER,2008,11151.53,22.436749,70.09797,86.13887
PER,2009,11204.377,22.57564,70.67121,86.76216
PER,2010,12059.018,22.723454,71.2401,87.38151
PER,2011,12726.6,22.893814,71.803986,87.99636
PER,2012,13395.399,23.086224,72.3636,88.60729
PER,2013,14052.138,23.29524,72.91832,89.2138
PER,2014,14244.566,23.527988,73.46853,89.816185
PER,2015,14542.793,23.794998,74.01458,90.41467
PER,2016,14917.449,24.11445,74.5559,91.00885
PER,2017,15069.522,24.472374,75.09285,91.59897
PER,2018,15386.26,24.919992,75.62741,92.18632
PHL,2000,4740.439,267.047,64.57802,86.514984
PHL,2001,4778.401,273.0036,65.01013,86.86711
PHL,2002,4856.4995,278.59573,65.44308,87.24124
PHL,2003,5003.3833,284.1729,65.876854,87.61607
PHL,2004,5229.4507,289.74918,66.31145,87.9916
PHL,2005,5386.8164,295.18716,66.74688,88.36783
PHL,2006,5578.5723,300.1945,67.18313,88.74475
PHL,2007,5840.068,305.44717,68.206436,89.122375
PHL,2008,5987.0376,310.89343,69.23991,89.500694
PHL,2009,5965.307,316.5451,70.28368,89.87981
PHL,2010,6273.039,323.09464,71.34241,90.264015
PHL,2011,6388.313,329.50537,72.4332,90.670105
PHL,2012,6697.556,335.96777,73.530235,91.07489
PHL,2013,7016.5386,342.34274,74.63354,91.478455
PHL,2014,7340.362,348.0133,75.74286,91.88061
PHL,2015,7691.763,353.1978,76.858284,92.28154
PHL,2016,8131.825,357.96936,77.97967,92.68115
PHL,2017,8584.136,362.6109,79.10777,93.0806
PHL,2018,9016.286,367.12375,80.24224,93.47985
PLW,2000,15447.952,41.752174,92.30552,99.34108
PLW,2001,16433.64,42.12826,92.57327,99.344284
PLW,2002,17075.248,42.45,92.843925,99.3476
PLW,2003,16579.314,42.78913,93.11749,99.35102
PLW,2004,17015.68,43.13261,93.51619,99.36425
PLW,2005,17507.436,43.123913,93.90362,99.37698
PLW,2006,17749.773,42.64348,94.28037,99.38927
PLW,2007,18255.67,42.008698,94.646454,99.40109
PLW,2008,17574.074,41.37174,95.00229,99.41248
PLW,2009,16688.723,40.730434,95.34783,99.42343
PLW,2010,16524.043,40.04348,95.68347,99.43394
PLW,2011,17670.914,39.345654,96.009315,99.444016
PLW,2012,18279.889,38.676086,96.32581,99.45369
PLW,2013,17931.432,38.413044,96.63292,99.462944
PLW,2014,18786.834,38.565216,96.93103,99.471794
PLW,2015,20212.018,38.676086,97.22038,99.48026
PLW,2016,20449.13,38.747826,97.50064,99.48826
PLW,2017,19821.098,38.77826,97.77229,99.495804
PLW,2018,19572.344,38.78913,98.03585,99.50292
PNG,2000,3326.7986,12.226887,16.21647,29.772417
PNG,2001,3211.7593,12.649481,16.206285,29.75864
PNG,2002,3100.7952,13.081327,16.197954,29.747372
PNG,2003,3064.444,13.522954,16.189621,29.736101
PNG,2004,3046.333,13.973506,16.180826,29.724205
PNG,2005,3136.5857,14.432507,16.605913,31.197584
PNG,2006,3202.4873,14.900243,17.03132,32.671513
PNG,2007,3345.8503,15.376392,17.45705,34.146
PNG,2008,3233.9182,15.861419,17.8831,35.621037
PNG,2009,3349.6436,16.354816,18.248617,36.870457
PNG,2010,3579.1714,16.856256,18.610151,38.097317
PNG,2011,3514.8328,17.35492,18.967299,39.301086
PNG,2012,3577.4517,17.845242,19.320868,40.482807
PNG,2013,3615.2832,18.333921,19.675798,41.64884
PNG,2014,3998.6182,18.821358,20.031727,42.798615
PNG,2015,4154.5234,19.306732,20.388287,43.93157
PNG,2016,4275.7485,19.789156,20.745115,45.047176
PNG,2017,4322.2227,20.268332,21.10186,46.144917
PNG,2018,4211.1455,20.744862,21.458511,47.224735
POL,2000,18566.355,124.98555,87.57455,
POL,2001,18800.602,124.95054,88.25683,
POL,2002,19166.914,124.89189,88.935356,
POL,2003,19855.63,124.80734,89.59468,
POL,2004,20878.654,124.689865,90.25626,
POL,2005,21568.947,124.54877,90.92025,98.23908
POL,2006,22921.197,124.37494,91.58675,98.235825
POL,2007,24484.066,124.209145,92.25554,98.23253
POL,2008,25553.906,124.12905,92.92665,98.22921
POL,2009,26204.41,124.14947,93.600266,98.22592
POL,2010,27112.133,124.45396,94.27628,97.68796
POL,2011,28521.662,124.82406,94.95471,97.14836
POL,2012,28952.916,124.952194,95.634995,96.606415
POL,2013,29168.625,124.98944,96.318016,96.062675
POL,2014,30334.879,125.00854,97.0037,95.517044
POL,2015,31700.37,125.01246,97.6921,94.96964
POL,2016,32675.305,125.00248,98.3831,94.42243
POL,2017,34354.598,124.97538,98.796616,93.87613
POL,2018,36500.41,124.92999,98.95542,93.33123
PRI,2000,37298.547,429.5229,97.62576,97.21325
PRI,2001,39568.555,429.877,97.80508,97.360725
PRI,2002,39879.73,429.61838,97.9844,97.50821
PRI,2003,39876.066,429.09164,98.16371,97.655685
PRI,2004,43355.824,428.2592,98.343025,97.80317
PRI,2005,42555.707,427.10394,98.52235,97.950645
PRI,2006,42133.97,425.72943,98.70166,98.09813
PRI,2007,41888.625,424.24905,98.880974,98.245605
PRI,2008,41358.07,422.67532,99.060295,98.39309
PRI,2009,40772.35,421.0839,99.23961,98.540565
PRI,2010,40777.688,418.8088,99.41892,98.68805
PRI,2011,40972.535,415.3,99.59824,98.835526
PRI,2012,41347.453,411.09616,99.77756,98.98301
PRI,2013,41556.785,406.62604,99.95687,99.130486
PRI,2014,41593.68,401.95795,100.0,99.27797
PRI,2015,41737.605,397.04745,100.0,99.42545
PRI,2016,41858.26,391.88367,100.0,99.57293
PRI,2017,41479.996,380.14407,100.0,99.72041
PRI,2018,41119.31,370.92087,100.0,99.86789
PRK,2000,,196.54439,,99.30293
PRK,2001,,197.7856,,99.30254
PRK,2002,,198.85371,75.19543,99.302155
PRK,2003,,200.06961,75.20582,99.30176
PRK,2004,,201.43631,75.216354,99.2395
PRK,2005,,202.61136,75.22675,98.86547
PRK,2006,,203.675,75.23728,98.49234
PRK,2007,,204.68718,75.92378,98.1201
PRK,2008,,205.66913,76.61398,97.74876
PRK,2009,,206.61356,77.31904,97.38017
PRK,2010,,207.51813,78.03241,97.01419
PRK,2011,,208.43681,78.75,96.6502
PRK,2012,,209.38242,79.47228,96.28832
PRK,2013,,210.36008,80.19895,95.928474
PRK,2014,,211.37167,80.930176,95.57068
PRK,2015,,212.40225,81.66581,95.21488
PRK,2016,,213.42351,82.40861,94.8621
PRK,2017,,214.415,83.15841,94.51245
PRK,2018,,215.35713,83.91558,94.16624
PRT,2000,35069.83,112.255104,97.650925,99.22967
PRT,2001,35500.227,113.03162,97.76815,99.216385
PRT,2002,35578.52,113.672585,97.88347,99.20467
PRT,2003,35115.38,114.122345,97.99731,99.19442
PRT,2004,35658.13,114.41862,98.10967,99.18561
PRT,2005,35870.31,114.65449,98.22052,99.178246
PRT,2006,36387.535,114.88515,98.32992,99.17232
PRT,2007,37226.47,115.13294,98.437836,99.167816
PRT,2008,37291.504,115.321396,98.5443,99.16474
PRT,2009,36092.812,115.45435,98.64928,99.16305
PRT,2010,36703.113,115.480484,98.75283,99.16277
PRT,2011,36127.297,115.24459,98.85494,99.163864
PRT,2012,34804.633,114.76542,98.95562,99.16633
PRT,2013,34651.773,114.16646,99.05487,99.17011
PRT,2014,35097.41,113.59789,99.152725,99.17522
PRT,2015,35803.36,113.20557,99.24919,99.18161
PRT,2016,36636.297,112.94481,99.3443,99.18926
PRT,2017,37943.113,112.77518,99.438065,99.19817
PRT,2018,39123.613,112.715324,99.53051,99.208275
PRY,2000,9998.593,12.83885,70.76709,76.39116
PRY,2001,9749.259,13.057363,72.05024,77.773224
PRY,2002,9610.748,13.242723,73.30601,79.11788
PRY,2003,9903.45,13.406587,74.46726,80.35479
PRY,2004,10187.194,13.5619955,75.60314,81.557594
PRY,2005,10290.101,13.712811,76.728775,82.74705
PRY,2006,10672.993,13.856393,77.843925,83.922905
PRY,2007,11141.87,13.992914,78.948685,85.08525
PRY,2008,11751.14,14.129315,80.04334,86.23439
PRY,2009,11601.285,14.27446,81.1277,87.37013
PRY,2010,12738.576,14.442419,82.20184,88.49255
PRY,2011,13109.467,14.635368,83.26583,89.60173
PRY,2012,12834.802,14.842716,84.319916,90.6979
PRY,2013,13700.703,15.057757,85.35898,91.77663
PRY,2014,14219.3545,15.277672,86.38726,92.842125
PRY,2015,14427.601,15.502406,87.40684,93.896286
PRY,2016,14826.664,15.728993,88.41789,94.93927
PRY,2017,15320.337,15.954337,89.42025,95.97097
PRY,2018,15592.984,16.177654,90.415146,96.99205
PSE,2000,4520.89,523.12036,90.28437,92.39327
PSE,2001,3996.5088,538.13873,90.33962,92.88285
PSE,2002,3409.1729,551.43054,90.39483,93.371124
PSE,2003,3788.9265,563.9952,90.449905,93.85799
PSE,2004,4503.0806,576.793,90.935394,94.34357
PSE,2005,4885.0728,590.44086,91.42026,94.82775
PSE,2006,4714.3735,604.9952,91.90456,95.31062
PSE,2007,4769.5234,620.1982,92.388336,95.79222
PSE,2008,4984.8057,635.52515,92.871506,96.27246
PSE,2009,5270.663,650.82904,93.35437,96.751656
PSE,2010,5432.2437,666.7084,93.8369,97.22978
PSE,2011,5805.3213,683.1389,94.31903,97.70673
PSE,2012,6009.1094,699.6378,94.800705,98.182465
PSE,2013,6142.202,716.2262,95.28189,98.57939
PSE,2014,5990.427,732.9273,95.76254,98.96806
PSE,2015,6072.6504,750.46704,96.2426,99.20375
PSE,2016,6464.1333,768.92,96.72202,99.309494
PSE,2017,6426.7954,787.1779,97.20078,99.22418
PSE,2018,6342.9375,805.0777,97.67882,99.13726
PYF,2000,,69.24402,97.77462,100.0
PYF,2001,,70.32757,97.76359,100.0
PYF,2002,,71.38721,97.752556,100.0
PYF,2003,,72.50072,97.74152,100.0
PYF,2004,,73.65687,97.73049,100.0
PYF,2005,,74.76721,97.71947,100.0
PYF,2006,,75.83809,97.708435,100.0
PYF,2007,,76.764046,97.6974,100.0
PYF,2008,,77.32354,97.68637,100.0
PYF,2009,,77.6416,97.67535,100.0
PYF,2010,,77.95736,97.664314,100.0
PYF,2011,,78.28695,97.65328,100.0
PYF,2012,,78.67819,97.64225,100.0
PYF,2013,,79.15183,97.631226,100.0
PYF,2014,,79.62864,97.62019,100.0
PYF,2015,,80.056755,97.60916,100.0
PYF,2016,,80.43215,97.59813,100.0
PYF,2017,,80.69605,97.587105,100.0
PYF,2018,,80.6174,97.57607,100.0
QAT,2000,93186.97,56.135162,99.93655,99.90292
QAT,2001,92115.734,59.00209,99.93655,99.90292
QAT,2002,94111.59,61.89861,99.93655,99.90292
QAT,2003,93224.36,64.81201,99.93655,99.90292
QAT,2004,107023.58,67.30557,99.93655,99.90292
QAT,2005,107784.414,71.838036,99.93655,99.90292
QAT,2006,115383.63,84.668495,99.93655,99.90292
QAT,2007,109579.68,105.1872,99.93655,99.90292
QAT,2008,109206.3,124.1899,99.93655,99.90292
QAT,2009,108435.75,138.0376,99.93655,99.90907
QAT,2010,129044.71,148.75874,99.93655,99.915215
QAT,2011,145590.77,157.61183,99.93655,99.921364
QAT,2012,143830.56,165.98103,99.93655,99.92751
QAT,2013,136453.94,176.906,99.93655,99.933655
QAT,2014,128013.945,193.07033,99.93655,99.939804
QAT,2015,123070.82,211.25674,99.93655,99.945946
QAT,2016,120054.24,226.22993,99.93655,99.952095
QAT,2017,115064.836,235.57146,99.93655,99.958244
QAT,2018,114909.79,240.30844,99.93655,99.964386
REU,2000,,304.04303,,99.76781
REU,2001,,307.66614,99.10476,99.76781
REU,2002,,311.27768,99.10476,99.76781
REU,2003,,314.96814,99.10476,99.76781
REU,2004,,317.53467,99.10476,99.76781
REU,2005,,318.81555,99.10476,99.76781
REU,2006,,321.38885,99.12398,99.77428
REU,2007,,326.18686,99.14319,99.78075
REU,2008,,330.8749,99.1624,99.787224
REU,2009,,334.05298,99.18162,99.79369
REU,2010,,336.44623,99.20083,99.80016
REU,2011,,337.36655,99.22004,99.80663
REU,2012,,336.6781,99.23926,99.81311
REU,2013,,337.68924,99.25847,99.81958
REU,2014,,342.1024,99.27769,99.82605
REU,2015,,344.6279,99.2969,99.83252
REU,2016,,343.76932,99.31611,99.839
REU,2017,,342.13586,99.33533,99.84547
REU,2018,,341.41275,99.35454,99.85194
ROU,2000,14853.668,95.81999,,100.0
ROU,2001,15848.37,95.27084,74.122185,100.0
ROU,2002,17061.7,94.61935,74.09455,100.0
ROU,2003,17587.535,93.85191,74.14522,100.0
ROU,2004,19532.56,93.0251,74.1955,100.0
ROU,2005,20571.012,92.20008,74.24579,100.0
ROU,2006,22354.656,91.4279,75.18352,100.0
ROU,2007,24328.494,90.710686,76.118164,100.0
ROU,2008,27039.713,90.05018,77.049736,100.0
ROU,2009,25761.738,89.43377,77.978226,100.0
ROU,2010,24903.008,88.8064,78.90363,100.0
ROU,2011,26150.855,88.151985,79.825966,100.0
ROU,2012,26767.566,87.61497,80.70993,100.0
ROU,2013,26942.043,87.19973,81.57879,100.0
ROU,2014,28156.248,86.78798,82.44852,100.0
ROU,2015,29182.0,86.36569,83.3255,100.0
ROU,2016,30189.273,85.95727,84.20941,100.0
ROU,2017,32852.773,85.57634,85.0986,100.0
ROU,2018,34829.04,85.17852,85.99295,100.0
RUS,2000,20104.75,8.958841,,96.41184
RUS,2001,21219.904,8.922174,,96.41155
RUS,2002,22319.678,8.911318,81.66069,96.424065
RUS,2003,24057.928,8.902448,81.66552,96.439255
RUS,2004,25894.146,8.864947,81.67231,96.45545
RUS,2005,27656.658,8.829397,81.67911,96.47171
RUS,2006,30022.672,8.799175,81.68589,96.48803
RUS,2007,32630.37,8.784326,82.245445,96.50441
RUS,2008,34342.227,8.781399,82.80569,96.52086
RUS,2009,31654.004,8.784898,83.36644,96.53729
RUS,2010,33063.586,8.788887,83.92804,96.55386
RUS,2011,34444.645,8.79556,84.49034,96.5705
RUS,2012,35740.7,8.810659,85.056076,96.5883
RUS,2013,36260.066,8.829777,85.62537,96.60723
RUS,2014,35853.246,8.84941,86.19894,96.62747
RUS,2015,35037.152,8.872734,86.776695,96.64889
RUS,2016,35005.45,8.901497,87.35915,96.671585
RUS,2017,35570.39,8.926418,87.94664,96.6956
RUS,2018,36536.695,8.9412775,88.53924,96.72089
RWA,2000,1016.662,332.95242,43.88764,47.570583
RWA,2001,1093.1841,335.91776,45.690205,48.370342
RWA,2002,1220.7395,340.502,47.461193,49.185722
RWA,2003,1220.4991,348.06964,49.08273,49.75616
RWA,2004,1277.1927,357.39154,50.68295,50.290203
RWA,2005,1360.2959,367.02603,52.28066,50.82476
RWA,2006,1446.7109,376.9457,53.87593,51.36014
RWA,2007,1516.2675,387.10742,55.468597,51.895737
RWA,2008,1641.7777,397.41663,57.05875,52.43185
RWA,2009,1699.9446,407.80048,58.6464,52.968792
RWA,2010,1779.1586,418.22293,60.231503,53.505947
RWA,2011,1874.215,428.6073,61.814083,54.043617
RWA,2012,1988.0122,438.99084,63.394104,54.582123
RWA,2013,2032.4048,449.66922,64.97163,55.12083
RWA,2014,2106.2146,460.67117,66.54513,55.665066
RWA,2015,2238.5393,471.8292,68.11346,56.21518
RWA,2016,2316.6372,483.14484,69.67581,56.77061
RWA,2017,2351.597,494.61136,71.230896,57.332047
RWA,2018,2493.44,506.20187,72.77761,57.899544
SAU,2000,55962.266,7.5256124,,99.07876
SAU,2001,53309.113,7.927378,,99.077126
SAU,2002,50371.977,8.331857,,99.07551
SAU,2003,52234.65,8.739293,,99.07389
SAU,2004,54196.55,9.149918,,99.07229
SAU,2005,54931.793,9.564117,,99.07069
SAU,2006,54373.74,9.982435,,99.069084
SAU,2007,53318.418,10.405367,,99.06749
SAU,2008,54407.707,10.833137,,99.06591
SAU,2009,51760.766,11.265651,,99.064354
SAU,2010,54911.547,11.702681,,99.062805
SAU,2011,58645.445,12.143908,,99.06125
SAU,2012,59471.7,12.589001,,99.05969
SAU,2013,57998.465,13.037613,97.55151,99.05813
SAU,2014,58872.266,13.489447,97.55658,99.05656
SAU,2015,58498.54,13.943846,97.561646,99.054985
SAU,2016,57308.45,14.289412,97.566734,99.053406
SAU,2017,57942.547,14.319461,97.57183,99.051834
SAU,2018,61359.465,14.125348,97.57694,99.05025
SDN,2000,3575.852,14.891192,17.357536,45.74312
SDN,2001,3701.5488,15.265939,17.374607,45.756744
SDN,2002,3814.3132,15.647071,17.391678,45.77037
SDN,2003,3946.9226,16.004303,17.40875,45.783993
SDN,2004,4041.0571,16.357944,17.425823,45.797623
SDN,2005,4152.3228,16.735785,19.136578,46.740257
SDN,2006,4299.974,17.126574,20.847155,47.682297
SDN,2007,4415.785,17.539688,22.83608,48.62374
SDN,2008,4446.4097,17.999989,24.87984,49.564594
SDN,2009,4188.0547,18.505949,26.985006,50.50966
SDN,2010,4219.837,18.95846,29.151707,51.458813
SDN,2011,4467.626,19.347328,31.3797,52.411682
SDN,2012,4145.9316,19.766153,33.668377,53.367683
SDN,2013,4130.486,20.227972,36.017696,54.32667
SDN,2014,4207.5005,20.783363,38.42694,55.28808
SDN,2015,4159.1943,21.426355,40.896244,56.251934
SDN,2016,4174.561,22.087736,43.424778,57.217667
SDN,2017,4061.0183,22.866333,46.011955,58.184906
SDN,2018,3816.66,23.67805,48.65742,59.15346
SEN,2000,3093.2878,51.775112,36.639786,59.799736
SEN,2001,3149.331,53.04597,37.62307,60.906647
SEN,2002,3075.2317,54.36148,38.634377,62.01613
SEN,2003,3170.035,55.68574,39.703808,63.194244
SEN,2004,3240.302,57.007797,40.81602,64.421844
SEN,2005,3301.8208,58.357,41.925907,65.6454
SEN,2006,3301.0315,59.731438,43.03406,66.86561
SEN,2007,3316.4204,61.135136,44.139957,68.08185
SEN,2008,3359.7056,62.582264,45.243454,69.29395
SEN,2009,3371.4617,64.08035,46.34408,70.50139
SEN,2010,3403.5671,65.6283,47.442345,71.70473
SEN,2011,3362.8794,67.30848,48.537758,72.90342
SEN,2012,3405.1086,69.134674,49.62989,74.09696
SEN,2013,3385.426,71.214134,50.7189,75.28554
SEN,2014,3484.0122,73.50597,51.80463,76.46896
SEN,2015,3593.7947,75.79772,52.88904,77.64932
SEN,2016,3710.0554,78.08922,53.971493,78.82581
SEN,2017,3871.4514,80.37709,55.052105,79.998474
SEN,2018,3998.2864,82.65982,56.12997,81.166245
SGP,2000,68314.55,5620.127,100.0,100.0
SGP,2001,65784.4,5732.8257,100.0,100.0
SGP,2002,67744.27,5775.624,100.0,100.0
SGP,2003,71877.53,5763.567,100.0,100.0
SGP,2004,78039.02,5811.6533,100.0,100.0
SGP,2005,81841.16,5944.7954,100.0,100.0
SGP,2006,86463.83,6137.972,100.0,100.0
SGP,2007,90417.805,6401.833,100.0,100.0
SGP,2008,87329.59,6694.627,100.0,100.0
SGP,2009,84843.516,6920.0195,100.0,100.0
SGP,2010,95456.19,7071.0586,100.0,100.0
SGP,2011,99296.76,7217.6074,100.0,100.0
SGP,2012,101187.83,7372.3467,100.0,100.0
SGP,2013,104359.03,7500.8203,100.0,100.0
SGP,2014,107066.86,7601.531,100.0,100.0
SGP,2015,108953.73,7695.464,100.0,100.0
SGP,2016,111579.74,7768.713,100.0,100.0
SGP,2017,116471.82,7805.1353,100.0,100.0
SGP,2018,119927.766,7847.3066,100.0,100.0
SHN,2000,,15.5,,
SHN,2001,,15.289743,,
SHN,2002,,15.074359,99.040695,99.37847
SHN,2003,,14.807693,99.040695,99.37847
SHN,2004,,14.558974,99.040695,99.37847
SHN,2005,,14.282051,99.040695,99.37847
SHN,2006,,13.992308,99.040695,99.37847
SHN,2007,,13.707692,99.11395,99.37332
SHN,2008,,13.576923,99.18721,99.36818
SHN,2009,,13.641026,99.26047,99.36303
SHN,2010,,13.723077,99.33372,99.35789
SHN,2011,,13.807693,99.406975,99.35274
SHN,2012,,13.917949,99.48023,99.347595
SHN,2013,,14.005128,99.55349,99.342445
SHN,2014,,14.084616,99.62675,99.3373
SHN,2015,,14.176923,99.7,99.33215
SHN,2016,,14.2153845,99.773254,99.327
SHN,2017,,14.174359,99.84651,99.32186
SHN,2018,,14.120513,99.91977,99.31671
SLB,2000,2276.822,15.737084,21.818827,76.74769
SLB,2001,2055.2744,16.046337,22.020033,76.80666
SLB,2002,1960.4238,16.351412,22.225388,76.86685
SLB,2003,2050.3086,16.654663,22.43489,76.92826
SLB,2004,2168.5059,16.9567,22.648542,76.99088
SLB,2005,2287.2737,17.259378,23.280657,76.71515
SLB,2006,2340.6516,17.563486,23.918325,76.2782
SLB,2007,2384.3179,17.869524,24.561586,75.850815
SLB,2008,2489.783,18.177992,25.21101,75.43333
SLB,2009,2514.891,18.511969,25.865582,75.025505
SLB,2010,2682.2854,19.041658,26.525867,74.62768
SLB,2011,2777.4785,19.755556,27.188194,74.23859
SLB,2012,2743.4585,20.493855,27.853102,73.858406
SLB,2013,2783.5918,21.255877,28.520061,73.486946
SLB,2014,2716.422,22.04055,29.188547,73.12396
SLB,2015,2664.7249,22.844694,29.859097,72.76965
SLB,2016,2715.2336,23.66513,30.530634,72.42353
SLB,2017,2703.6636,24.497213,31.203697,72.08579
SLB,2018,2686.119,25.33437,31.878284,71.761505
SLE,2000,1981.5061,61.28588,7.6946874,40.883118
SLE,2001,1749.3508,65.01406,7.926171,41.223705
SLE,2002,2089.2615,68.87552,8.158258,42.356403
SLE,2003,2196.2812,71.73297,8.390952,43.489525
SLE,2004,2260.8381,74.19943,8.949547,44.623043
SLE,2005,2296.6577,76.222046,9.5386505,45.786724
SLE,2006,2342.7546,77.92275,10.156651,46.972153
SLE,2007,2377.8054,79.65299,10.795603,48.156315
SLE,2008,2404.652,81.66705,11.45551,49.339134
SLE,2009,2376.5825,83.896576,12.136221,50.520195
SLE,2010,2459.768,86.21107,12.837726,51.69944
SLE,2011,2590.5283,88.49069,13.56018,52.877167
SLE,2012,2792.9263,90.76029,14.303586,54.053307
SLE,2013,3124.7283,93.01825,15.067603,55.227123
SLE,2014,2812.5283,95.26718,15.852563,56.399235
SLE,2015,2628.1707,97.501526,16.658285,57.56926
SLE,2016,2732.261,99.82459,17.484947,58.737446
SLE,2017,2753.4272,102.23469,18.333858,59.90581
SLE,2018,2767.3801,104.662895,19.205484,61.07471
SLV,2000,7545.4478,286.84186,80.603775,85.743454
SLV,2001,7580.323,288.0337,80.69199,85.88765
SLV,2002,7675.671,288.92996,80.779884,86.637764
SLV,2003,7780.272,289.50757,81.13187,87.37487
SLV,2004,7841.532,289.8008,81.47949,87.85739
SLV,2005,8050.5347,289.84473,81.82227,87.48598
SLV,2006,8404.247,289.68732,82.16081,87.096466
SLV,2007,8548.835,290.04922,82.50293,84.84124
SLV,2008,8704.806,290.98947,82.88971,82.711716
SLV,2009,8494.498,291.9056,83.27045,82.39209
SLV,2010,8648.93,292.86935,83.6457,82.26386
SLV,2011,8943.062,293.9251,84.01582,83.1303
SLV,2012,9165.42,295.0761,84.380745,83.97767
SLV,2013,9327.564,296.2763,84.740395,84.805534
SLV,2014,9451.744,297.43976,85.095276,85.61455
SLV,2015,9646.154,298.4399,85.44545,86.40457
SLV,2016,9863.761,299.26678,85.78921,87.172905
SLV,2017,10064.794,299.88116,86.126465,87.91978
SLV,2018,10297.203,300.18353,86.45658,88.64611
SMR,2000,77149.414,447.05,100.0,100.0
SMR,2001,80420.77,452.88333,100.0,100.0
SMR,2002,79649.53,458.58334,100.0,100.0
SMR,2003,81688.375,464.51666,100.0,100.0
SMR,2004,80724.81,470.5,100.0,100.0
SMR,2005,81632.17,476.66666,100.0,100.0
SMR,2006,83781.55,482.76666,100.0,100.0
SMR,2007,86785.016,488.9,100.0,100.0
SMR,2008,85120.29,495.35,100.0,100.0
SMR,2009,73093.83,501.91666,100.0,100.0
SMR,2010,68669.25,510.8,100.0,100.0
SMR,2011,64214.117,536.56665,100.0,100.0
SMR,2012,58176.38,558.23334,100.0,100.0
SMR,2013,58467.977,560.68335,100.0,100.0
SMR,2014,58743.586,562.55,100.0,100.0
SMR,2015,59647.66,565.45,100.0,100.0
SMR,2016,60669.82,569.8,100.0,100.0
SMR,2017,59524.56,573.4167,100.0,99.99999
SMR,2018,59194.043,575.95,100.0,100.0
SOM,2000,702.8501,14.089192,20.183788,26.554829
SOM,2001,723.37976,14.662695,20.96313,27.710966
SOM,2002,749.9136,15.223115,21.738552,28.862886
SOM,2003,777.8846,15.795519,22.666643,30.224577
SOM,2004,803.05975,16.388245,23.587631,31.578945
SOM,2005,830.80725,16.967249,24.638573,33.431435
SOM,2006,857.99365,17.4953,25.698553,35.33958
SOM,2007,887.3693,18.048555,25.47248,35.52331
SOM,2008,919.1321,18.591337,26.867552,37.97607
SOM,2009,956.22034,19.066544,28.262033,40.46678
SOM,2010,995.2256,19.545639,29.655231,42.991436
SOM,2011,1054.3622,19.684427,31.04291,45.54109
SOM,2012,1114.8042,19.863491,32.047638,47.605667
SOM,2013,1197.7217,20.514551,33.05825,49.713455
SOM,2014,1259.2743,21.263584,34.074875,51.863575
SOM,2015,1343.9252,22.008749,35.09724,54.054592
SOM,2016,1384.1552,22.87235,36.12504,56.284977
SOM,2017,1527.6603,23.777584,37.15736,58.552418
SOM,2018,1504.9791,24.631762,38.193867,60.855286
SPM,2000,,27.465218,99.95063,
SPM,2001,,27.386957,99.95063,
SPM,2002,,27.273912,99.95063,
SPM,2003,,27.104347,99.95063,
SPM,2004,,26.91739,99.95063,
SPM,2005,,26.691305,99.94986,
SPM,2006,,26.495651,99.9491,
SPM,2007,,26.408695,99.94833,90.03626
SPM,2008,,26.36087,99.94757,90.03626
SPM,2009,,26.32174,99.9468,90.03626
SPM,2010,,26.291304,99.94604,90.03626
SPM,2011,,26.243479,99.945274,90.03626
SPM,2012,,26.169565,99.94451,90.94018
SPM,2013,,26.08261,99.94374,91.84409
SPM,2014,,26.017391,99.94298,92.74801
SPM,2015,,25.960869,99.942215,93.651924
SPM,2016,,25.9,99.941444,94.55584
SPM,2017,,25.852175,99.94068,95.459755
SPM,2018,,25.791304,99.93992,96.36367
SRB,2000,11105.995,91.50443,95.50395,89.41924
SRB,2001,11879.226,90.99687,95.50248,89.39539
SRB,2002,12661.992,90.57844,95.50135,89.37172
SRB,2003,13273.745,90.27168,95.50054,89.34828
SRB,2004,14194.424,89.97316,95.50013,89.324905
SRB,2005,15077.621,89.655594,95.66793,89.672005
SRB,2006,15727.469,89.32566,95.836105,90.020584
SRB,2007,17028.158,88.98794,96.00467,90.370575
SRB,2008,17983.355,88.64651,96.173584,90.722084
SRB,2009,17488.195,88.30237,96.342865,91.07507
SRB,2010,17841.506,87.95186,96.51249,91.429565
SRB,2011,17986.658,87.58304,96.682526,91.78549
SRB,2012,17993.889,87.104576,96.85028,92.1453
SRB,2013,18163.28,86.52852,97.017334,92.50678
SRB,2014,17922.51,85.946045,97.1846,92.86897
SRB,2015,18247.885,85.35209,97.35203,93.23195
SRB,2016,18889.46,84.74352,97.51968,93.59566
SRB,2017,19439.072,84.118286,97.688194,93.95988
SRB,2018,20454.31,83.48215,97.85761,94.32481
SSD,2000,,9.5457945,,
SSD,2001,,9.98275,,
SSD,2002,,10.439147,,
SSD,2003,,10.9238825,,
SSD,2004,,11.445951,,
SSD,2005,,12.011057,,
SSD,2006,,12.622493,,
SSD,2007,,13.274864,,
SSD,2008,,13.953515,,
SSD,2009,,14.627506,,
SSD,2010,,15.4225235,,
SSD,2011,,16.280462,6.9859357,40.29792
SSD,2012,,17.021261,7.5800757,40.318222
SSD,2013,,17.670122,8.200892,40.317005
SSD,2014,,17.77898,8.849156,40.2951
SSD,2015,,17.577215,9.526079,40.253815
SSD,2016,,17.138145,10.232369,40.193924
SSD,2017,,16.23463,10.968943,40.11642
SSD,2018,,16.019152,11.737006,40.022614
STP,2000,3852.8904,150.03021,20.790394,69.188705
STP,2001,3907.0193,152.48541,21.947472,69.64653
STP,2002,3942.7605,156.17917,23.139174,70.12288
STP,2003,4161.638,160.23334,24.338629,70.59286
STP,2004,4202.562,164.29271,25.540426,71.051834
STP,2005,4371.497,168.38542,26.857784,71.49903
STP,2006,4644.1807,172.55313,28.183596,71.935
STP,2007,4698.084,176.78021,29.517057,72.35981
STP,2008,4873.181,181.05,30.857386,72.77357
STP,2009,4919.1953,185.27708,32.203236,73.17593
STP,2010,4882.048,189.38542,33.554443,73.56744
STP,2011,4876.473,193.40105,34.909992,73.94801
STP,2012,4919.5527,197.34584,36.269466,74.31797
STP,2013,5072.112,201.20625,37.627983,74.6745
STP,2014,5223.0957,204.97917,38.985874,75.01849
STP,2015,5210.2036,208.65416,40.342705,75.350266
STP,2016,5388.5093,212.18959,41.69835,75.67031
STP,2017,5521.2026,215.61041,43.052734,75.979095
STP,2018,5674.7236,218.95625,44.405804,76.27706
SUR,2000,16220.179,3.0554295,78.02612,89.06165
SUR,2001,16556.943,3.1190128,78.34981,89.529785
SUR,2002,16678.072,3.1831155,78.67248,89.99603
SUR,2003,17383.502,3.2462885,78.99357,90.459946
SUR,2004,18585.518,3.2944102,79.31336,90.92175
SUR,2005,19220.283,3.3289807,79.945435,91.35679
SUR,2006,20113.67,3.365404,80.57861,91.790504
SUR,2007,20902.139,3.404013,81.21583,92.22517
SUR,2008,21515.812,3.443923,81.857346,92.66098
SUR,2009,21906.41,3.4844873,82.50342,93.09808
SUR,2010,22772.475,3.5251987,83.1536,93.53617
SUR,2011,23829.533,3.565891,83.80815,93.975395
SUR,2012,24193.842,3.6066666,84.46708,94.41576
SUR,2013,24624.021,3.6475897,85.13042,94.857254
SUR,2014,24414.355,3.6883333,85.8011,95.30139
SUR,2015,23327.525,3.728423,86.47885,95.74769
SUR,2016,21950.412,3.7677243,87.16301,96.19546
SUR,2017,22070.514,3.8058975,87.85308,96.64411
SUR,2018,22938.535,3.8430705,88.54872,97.09311
SVK,2000,18343.236,111.89686,99.82495,97.980896
SVK,2001,18914.39,111.88517,99.8324,97.97942
SVK,2002,19757.068,111.84869,99.834854,97.97627
SVK,2003,20730.25,111.81774,99.66091,97.97312
SVK,2004,21851.955,111.81444,99.46972,97.96997
SVK,2005,23266.758,111.82814,99.27787,97.96682
SVK,2006,25342.31,111.83126,99.08536,97.96365
SVK,2007,28075.807,111.8343,98.89217,97.96048
SVK,2008,29556.262,111.878685,98.69834,97.95734
SVK,2009,27891.896,112.00237,98.50384,98.25165
SVK,2010,29758.174,112.14345,98.30654,98.62234
SVK,2011,30481.377,112.2734,98.10826,98.99754
SVK,2012,30907.04,112.414246,97.9115,99.37583
SVK,2013,31090.988,112.52958,97.71413,99.52017
SVK,2014,31901.943,112.629745,97.51613,99.78675
SVK,2015,33521.594,112.734566,97.52083,99.78719
SVK,2016,34130.504,112.87982,97.52625,99.78751
SVK,2017,35057.223,113.05537,97.5324,99.787735
SVK,2018,36430.793,113.211914,97.53178,99.787834
SVN,2000,30055.572,98.66794,99.11167,99.68923
SVN,2001,30857.111,98.81031,99.11167,99.68424
SVN,2002,31830.555,98.90402,99.11167,99.67926
SVN,2003,32827.75,98.95011,99.11167,99.67428
SVN,2004,34298.13,99.002205,99.11167,99.6693
SVN,2005,35558.38,99.16942,99.11167,99.66431
SVN,2006,37539.46,99.47736,99.11167,99.659325
SVN,2007,39995.207,100.02577,99.058304,99.65434
SVN,2008,41278.61,100.56862,99.00494,99.64935
SVN,2009,37802.09,101.09106,98.95157,99.64437
SVN,2010,38056.18,101.53806,98.8982,99.63939
SVN,2011,38226.125,101.74634,98.84483,99.63441
SVN,2012,37033.766,101.97066,98.791466,99.62942
SVN,2013,36678.875,102.1261,98.7381,99.624435
SVN,2014,37655.2,102.222595,98.68473,99.61945
SVN,2015,38527.42,102.299614,98.63136,99.61446
SVN,2016,39667.457,102.37078,98.577995,99.60948
SVN,2017,41692.836,102.42198,98.52463,99.6045
SVN,2018,43361.094,102.773285,98.47126,99.59952
SWE,2000,48284.8,21.783594,99.234764,99.48437
SWE,2001,48810.645,21.842323,99.23324,99.496376
SWE,2002,49760.215,21.913591,99.22771,99.50854
SWE,2003,50507.934,21.995571,99.20518,99.52065
SWE,2004,52412.41,22.082418,99.182625,99.53271
SWE,2005,53661.316,22.170725,99.16005,99.54471
SWE,2006,55855.496,22.295593,99.13748,99.55711
SWE,2007,57230.79,22.461699,99.11491,99.56984
SWE,2008,56262.47,22.637554,99.09227,99.582436
SWE,2009,53411.2,22.831118,99.069595,99.5949
SWE,2010,56003.27,23.026304,99.04687,99.607216
SWE,2011,57340.504,23.2007,99.02407,99.62003
SWE,2012,56682.02,23.373096,99.00117,99.63321
SWE,2013,56843.164,23.572327,98.97817,99.64609
SWE,2014,57574.05,23.807587,98.95508,99.658676
SWE,2015,59468.355,24.060593,98.93191,99.671005
SWE,2016,59977.387,24.364553,98.908646,99.683044
SWE,2017,60288.8,24.694994,98.88529,99.69483
SWE,2018,60647.45,24.98358,98.86187,99.706345
SWZ,2000,6106.0747,60.548138,50.251915,52.382736
SWZ,2001,6135.453,61.10849,50.748066,53.425842
SWZ,2002,6335.8135,61.59628,51.277626,54.47528
SWZ,2003,6578.302,62.01779,51.818024,55.531048
SWZ,2004,6775.2217,62.393604,52.368935,56.59229
SWZ,2005,7142.1924,62.733837,52.930843,57.660275
SWZ,2006,7584.72,63.048954,53.503456,58.73417
SWZ,2007,7866.731,63.413548,54.09129,59.83257
SWZ,2008,7926.3794,63.842907,54.711166,61.050808
SWZ,2009,7988.5977,64.25337,55.329346,62.26917
SWZ,2010,8245.642,64.630875,55.94572,63.487595
SWZ,2011,8350.892,64.99099,56.56019,64.70639
SWZ,2012,8645.845,65.34128,57.17231,65.899925
SWZ,2013,8951.058,65.69768,57.784916,67.094666
SWZ,2014,9084.494,66.06425,58.39795,68.29024
SWZ,2015,9186.653,66.44314,59.011314,69.48694
SWZ,2016,9402.509,66.83233,59.624413,70.68692
SWZ,2017,9660.552,67.33709,60.23684,71.88963
SWZ,2018,9578.101,67.96122,60.848045,73.09515
SXM,2000,,905.7647,98.38442,98.58852
SXM,2001,,904.44116,98.41493,98.644104
SXM,2002,,911.35297,98.44544,98.69969
SXM,2003,,921.94116,98.475945,98.75528
SXM,2004,,932.7647,98.506454,98.810875
SXM,2005,,943.6177,98.536964,98.86646
SXM,2006,,954.35297,98.567474,98.92205
SXM,2007,,965.0294,98.59798,98.97764
SXM,2008,,975.44116,98.62849,99.03323
SXM,2009,50980.94,985.7059,98.659,99.08882
SXM,2010,52140.6,994.5294,98.68951,99.14441
SXM,2011,53786.246,1008.4706,98.72001,99.2
SXM,2012,53357.004,1030.5883,98.75052,99.25559
SXM,2013,52801.402,1055.0294,98.78103,99.31118
SXM,2014,52439.473,1079.2646,98.78103,99.31118
SXM,2015,51375.6,1102.6471,98.78103,99.31118
SXM,2016,50817.68,1125.7059,98.78103,99.31118
SXM,2017,46088.36,1147.4117,98.78103,99.31118
SXM,2018,42154.1,1168.7059,,
SYC,2000,20633.674,181.17174,95.4941,93.56641
SYC,2001,20147.418,183.9587,95.691216,93.73978
SYC,2002,19777.752,186.6913,95.888336,93.913155
SYC,2003,18825.22,189.25217,96.08546,94.086525
SYC,2004,18356.47,191.68478,96.28258,94.259895
SYC,2005,19917.12,194.10435,96.4797,94.433266
SYC,2006,21341.86,196.50217,96.67682,94.606636
SYC,2007,23117.855,198.87608,96.87393,94.78001
SYC,2008,21990.37,201.2239,97.07105,94.953384
SYC,2009,21361.13,203.57391,97.26817,95.126755
SYC,2010,21708.756,206.50652,97.465294,95.300125
SYC,2011,24406.412,210.9587,97.662415,95.473495
SYC,2012,24919.955,216.44565,97.859535,95.646866
SYC,2013,24770.652,221.9739,98.05665,95.820244
SYC,2014,25379.418,227.52826,98.25377,95.993614
SYC,2015,27032.209,233.14565,98.45089,96.166985
SYC,2016,29905.135,238.77391,98.64801,96.23174
SYC,2017,31595.668,244.4413,98.84513,96.23826
SYC,2018,32841.426,250.11522,98.874626,96.24474
SYR,2000,7807.93,90.60548,88.43624,91.61585
SYR,2001,7698.397,92.85703,88.59343,91.75862
SYR,2002,7811.816,95.12789,88.74929,91.89977
SYR,2003,8177.545,97.42034,88.90367,92.039154
SYR,2004,8528.656,99.85775,89.056725,92.1769
SYR,2005,8828.946,102.45653,89.4009,92.31275
SYR,2006,8885.806,106.93795,89.74381,92.446846
SYR,2007,8829.309,113.72943,90.085594,92.57933
SYR,2008,8903.772,117.826965,90.426094,92.71006
SYR,2009,9284.102,119.680725,90.76525,92.839
SYR,2010,9546.561,122.43324,91.10323,92.96631
SYR,2011,9648.824,124.58805,91.36615,93.014244
SYR,2012,7144.3726,123.943596,91.63465,93.06661
SYR,2013,5530.9746,117.99227,91.909,93.12366
SYR,2014,5301.6255,110.40495,92.18913,93.18529
SYR,2015,5302.074,105.78127,92.548325,93.33137
SYR,2016,5022.113,104.524506,92.90464,93.47432
SYR,2017,4977.792,104.69243,93.25803,93.614105
SYR,2018,4956.093,106.615746,93.60846,93.75071
TCA,2000,,19.741053,,
TCA,2001,,20.634737,,
TCA,2002,,21.70421,,
TCA,2003,,22.893684,,
TCA,2004,,24.085262,,
TCA,2005,,25.274736,,
TCA,2006,,26.469473,,
TCA,2007,21878.82,27.673685,,
TCA,2008,22689.316,28.896843,,
TCA,2009,17512.197,30.11579,,
TCA,2010,17000.223,31.329473,,
TCA,2011,17147.424,32.494736,,
TCA,2012,16024.691,33.84421,,
TCA,2013,15461.873,35.44737,,
TCA,2014,16138.849,36.923157,,
TCA,2015,17201.771,38.56,,
TCA,2016,17625.72,40.36,93.120926,98.68941
TCA,2017,29540.354,42.03263,93.12589,98.71179
TCA,2018,30286.12,43.76842,93.13053,98.73275
TCD,2000,1506.7158,6.7599206,9.692675,38.63259
TCD,2001,1626.5668,6.9918375,9.775113,39.213894
TCD,2002,1704.273,7.239672,9.85771,39.797512
TCD,2003,1878.5858,7.5348077,9.940811,40.384342
TCD,2004,2400.97,7.8780465,10.024244,40.973915
TCD,2005,2705.8164,8.202107,10.108011,41.566216
TCD,2006,2596.0325,8.502562,10.192111,42.16124
TCD,2007,2613.4739,8.800562,10.276746,42.75939
TCD,2008,2601.3613,9.11396,10.361518,43.35981
TCD,2009,2474.7075,9.445483,10.483584,43.962914
TCD,2010,2717.4055,9.778097,10.614401,44.57603
TCD,2011,2741.0708,10.129451,10.754544,45.198856
TCD,2012,2886.2747,10.491587,10.904855,45.83146
TCD,2013,2864.113,10.872841,11.065715,46.473095
TCD,2014,2820.678,11.268011,11.237749,47.123417
TCD,2015,2822.5793,11.632485,11.421879,47.782433
TCD,2016,2622.598,12.003377,11.618792,48.449753
TCD,2017,2496.2622,12.40689,11.829193,49.124966
TCD,2018,2552.3704,12.830793,12.054119,49.808006
TGO,2000,2160.9893,87.95222,8.033597,45.840107
TGO,2001,2122.0806,90.166115,8.264042,47.206654
TGO,2002,2147.9744,92.42743,8.49613,48.548645
TGO,2003,2234.9773,94.762146,8.729674,49.865715
TGO,2004,2157.0276,97.10094,8.964684,51.002296
TGO,2005,2004.2585,99.52475,9.614458,51.94533
TGO,2006,2000.5417,102.40226,10.2925205,52.85337
TGO,2007,1920.2693,105.689224,10.998637,53.72648
TGO,2008,1941.1549,109.14028,11.73278,54.565163
TGO,2009,1989.83,112.7219,12.493855,55.367737
TGO,2010,2049.7805,116.304306,13.282468,56.13607
TGO,2011,2111.4749,119.51787,14.102818,56.877895
TGO,2012,2186.3096,122.333496,14.952801,57.58879
TGO,2013,2254.9883,125.001854,15.829059,58.263294
TGO,2014,2322.404,127.55373,16.731756,58.902283
TGO,2015,2388.426,130.01471,17.660616,59.505867
TGO,2016,2427.3003,132.39351,18.616287,60.075314
TGO,2017,2462.2773,134.66408,19.59827,60.610245
TGO,2018,2517.3489,137.12456,20.606283,61.110615
THA,2000,11622.525,123.32951,92.17506,93.77659
THA,2001,11901.318,124.58873,92.42698,94.14053
THA,2002,12512.184,125.79309,92.68251,94.49989
THA,2003,13287.305,126.9709,92.94184,94.854324
THA,2004,13997.001,128.11378,93.205086,95.20367
THA,2005,14458.255,129.22041,93.472534,95.5388
THA,2006,15051.061,130.29749,93.74412,95.86825
THA,2007,15742.655,131.3441,94.02005,96.191666
THA,2008,15891.782,132.35693,94.3004,96.50891
THA,2009,15665.903,133.33806,94.585365,96.81969
THA,2010,16730.37,134.23524,94.87493,97.124016
THA,2011,16766.348,135.07254,95.1765,97.40829
THA,2012,17869.637,135.91202,95.482544,97.68572
THA,2013,18242.426,136.71262,95.79146,97.95924
THA,2014,18324.615,137.4393,96.10323,98.228874
THA,2015,18811.998,138.07431,96.417885,98.494576
THA,2016,19370.61,138.6988,96.73541,98.75636
THA,2017,20094.678,139.2867,97.05585,99.01417
THA,2018,20879.902,139.70929,97.37917,99.24534
TJK,2000,1365.2333,45.28235,91.57,55.473003
TJK,2001,1467.3988,46.165977,91.80928,56.94821
TJK,2002,1594.939,47.06156,92.04825,58.430775
TJK,2003,1736.6404,47.9759,92.28691,59.92069
TJK,2004,1878.287,48.92683,92.52524,61.41755
TJK,2005,1965.3002,49.893524,92.76329,62.922188
TJK,2006,2063.2886,50.85068,93.00104,64.43417
TJK,2007,2181.898,51.83716,93.23848,65.95352
TJK,2008,2308.0942,52.87414,93.47562,67.48022
TJK,2009,2349.5002,53.968094,93.71244,69.01426
TJK,2010,2449.2737,55.134693,93.94896,70.55566
TJK,2011,2572.4807,56.378616,94.18517,72.10412
TJK,2012,2700.0955,57.74254,94.420944,73.66607
TJK,2013,2828.3855,59.20263,94.656006,75.23949
TJK,2014,2943.0886,60.70725,94.89009,76.823715
TJK,2015,3041.4448,62.279984,95.122925,78.41729
TJK,2016,3169.9668,63.877968,95.35425,80.01921
TJK,2017,3312.712,65.46539,95.58377,81.628204
TJK,2018,3479.6924,67.06063,95.81126,83.242836
TKL,2000,,186.6,71.01022,97.21573
TKL,2001,,188.7,72.313515,97.35876
TKL,2002,,186.4,73.616806,97.501785
TKL,2003,,179.3,74.92009,97.64481
TKL,2004,,172.6,76.22338,97.78784
TKL,2005,,165.2,77.59733,97.93087
TKL,2006,,159.3,78.97365,98.0739
TKL,2007,,157.3,80.35234,98.21693
TKL,2008,,158.5,81.73341,98.359955
TKL,2009,,159.7,83.11686,98.50298
TKL,2010,,161.0,84.50268,98.64601
TKL,2011,,162.5,85.89088,98.78904
TKL,2012,,168.1,87.28145,98.93207
TKL,2013,,174.9,88.6744,99.07509
TKL,2014,,174.8,90.069725,99.21812
TKL,2015,,171.9,91.46742,99.361145
TKL,2016,,170.3,92.86749,99.50417
TKL,2017,,176.7,94.26994,99.6472
TKL,2018,,190.2,95.26469,99.79023
TKM,2000,5112.5293,9.751824,93.31876,90.085106
TKM,2001,5228.803,9.949176,93.30987,90.44687
TKM,2002,5138.871,10.149326,93.30096,90.81088
TKM,2003,5203.8545,10.3502035,93.2921,91.17706
TKM,2004,5360.224,10.550701,93.283295,91.54547
TKM,2005,5945.9526,10.751091,93.660355,92.03738
TKM,2006,6476.828,10.952914,94.03851,92.53065
TKM,2007,7060.1484,11.159209,94.4179,93.02512
TKM,2008,7944.996,11.3741045,94.78889,93.520256
TKM,2009,8264.865,11.60087,95.15825,94.016045
TKM,2010,8842.333,11.840818,95.52912,94.413864
TKM,2011,9929.689,12.09417,95.90168,94.91648
TKM,2012,10794.233,12.360454,96.27603,95.41894
TKM,2013,11633.291,12.638793,96.65233,95.92095
TKM,2014,12544.398,12.928066,97.0308,96.42214
TKM,2015,13057.83,13.227019,97.41154,96.922325
TKM,2016,13552.848,13.534018,97.794716,97.42116
TKM,2017,14107.667,13.846882,98.18051,97.91834
TKM,2018,14648.136,14.162797,98.569046,98.31091
TLS,2000,3783.7834,50.10726,,
TLS,2001,4038.336,54.623604,,
TLS,2002,3480.9885,59.123737,18.786205,49.617943
TLS,2003,3264.9465,61.659447,21.265665,51.31086
TLS,2004,3234.9758,62.48023,23.737383,53.00072
TLS,2005,3263.9446,63.77337,26.185194,54.675404
TLS,2006,3038.9526,65.67653,28.639725,56.347057
TLS,2007,3256.5698,67.57888,31.096645,58.015648
TLS,2008,3530.8823,69.430466,33.556385,59.68173
TLS,2009,3792.3582,71.20262,36.017838,61.438248
TLS,2010,4047.2495,72.94472,38.480694,63.196674
TLS,2011,4189.8,74.661194,40.94528,64.95742
TLS,2012,4297.915,76.32085,43.410564,66.71977
TLS,2013,4340.2783,77.92179,45.87623,68.48361
TLS,2014,4445.3594,79.483055,48.342216,70.24905
TLS,2015,4467.8003,81.044586,50.808163,72.01592
TLS,2016,4515.423,82.6035,53.273678,73.784096
TLS,2017,4290.0273,84.17693,55.738155,75.55316
TLS,2018,4188.8413,85.8078,58.201668,77.32342
TON,2000,5808.265,142.63194,89.19181,98.541046
TON,2001,5860.0806,143.47917,89.19484,98.54076
TON,2002,6085.1133,144.2889,89.19777,98.54048
TON,2003,6053.88,145.1125,89.20079,98.540184
TON,2004,5900.4575,145.95555,89.20383,98.539894
TON,2005,5828.3706,146.78334,89.65516,98.58559
TON,2006,5670.914,147.59166,90.106316,98.6313
TON,2007,5506.652,148.25555,90.55846,98.67695
TON,2008,5758.5684,148.66112,91.01112,98.722565
TON,2009,5453.875,148.91528,91.46327,98.76824
TON,2010,5488.7505,149.1875,91.914894,98.813995
TON,2011,5847.444,149.42223,92.09219,98.80974
TON,2012,5907.267,149.27222,92.261925,98.80582
TON,2013,5951.6943,148.74028,92.42582,98.801926
TON,2014,6096.869,148.09305,92.58707,98.79783
TON,2015,6194.639,147.375,92.7458,98.79355
TON,2016,6639.1367,146.57777,92.901924,98.78907
TON,2017,6862.669,146.3514,93.05544,98.7844
TON,2018,6885.1025,146.65277,93.20709,98.77964
TTO,2000,19637.555,257.26724,,
TTO,2001,20366.754,258.3963,,
TTO,2002,21876.854,259.65244,,
TTO,2003,24910.822,260.95868,,
TTO,2004,26757.908,262.25848,,
TTO,2005,29536.44,263.55554,94.37565,97.30942
TTO,2006,33348.75,264.85498,94.38057,97.30974
TTO,2007,34793.645,266.15613,94.38551,97.31006
TTO,2008,35825.332,267.46393,94.39043,97.31039
TTO,2009,34212.27,268.82184,94.39537,97.31071
TTO,2010,35145.125,270.3035,94.38524,97.44027
TTO,2011,34769.76,271.9279,94.374084,97.5697
TTO,2012,36903.69,273.64795,94.36147,97.69898
TTO,2013,37994.07,275.37192,94.34763,97.82815
TTO,2014,39248.656,277.02435,94.33278,97.95723
TTO,2015,38963.965,278.59454,94.31716,98.08626
TTO,2016,35914.99,280.12302,94.300964,98.21526
TTO,2017,34095.99,281.72806,94.28443,98.34428
TTO,2018,33710.02,286.65146,94.26779,98.473335
TUN,2000,9134.415,62.85363,77.680565,87.53645
TUN,2001,9380.563,63.5278,78.30129,87.847244
TUN,2002,9407.557,64.18332,79.238174,88.13898
TUN,2003,9752.024,64.82774,80.17312,88.4265
TUN,2004,10263.806,65.43621,81.09954,88.70512
TUN,2005,10529.16,66.01103,81.99688,88.958855
TUN,2006,10983.922,66.596344,82.89498,89.209656
TUN,2007,11613.925,67.20974,83.79293,89.45698
TUN,2008,11990.196,67.859406,84.6909,89.886826
TUN,2009,12229.775,68.554855,85.588684,90.34339
TUN,2010,12458.271,69.29701,86.48582,90.79591
TUN,2011,12068.714,70.06978,87.38265,91.24482
TUN,2012,12436.3955,70.8654,88.27872,91.68983
TUN,2013,12587.995,71.71321,89.17341,92.130516
TUN,2014,12824.003,72.56884,90.0672,92.56746
TUN,2015,12802.792,73.39257,90.96104,93.00175
TUN,2016,12803.88,74.20621,91.85409,93.4329
TUN,2017,12955.401,74.99037,92.74574,93.86062
TUN,2018,13163.195,75.73066,93.635475,94.28474
TUR,2000,14856.915,85.00962,86.53261,92.520775
TUR,2001,13872.129,86.07399,86.692406,92.606995
TUR,2002,14587.895,87.11822,87.487686,92.81759
TUR,2003,15255.718,88.13551,88.26703,93.02409
TUR,2004,16583.883,89.12415,89.030815,93.2266
TUR,2005,17902.596,90.08167,89.778534,93.42498
TUR,2006,18972.01,91.01172,90.51103,93.61948
TUR,2007,19909.084,91.92806,91.22807,93.81003
TUR,2008,19839.584,92.98279,91.93022,93.996796
TUR,2009,18612.193,94.15543,92.617096,94.179665
TUR,2010,19897.447,95.30134,93.289276,94.35881
TUR,2011,21760.43,96.42972,93.94679,94.53425
TUR,2012,22517.715,97.70564,94.5901,94.70611
TUR,2013,24117.312,99.27242,95.218185,94.87404
TUR,2014,24888.852,101.39438,95.83199,95.03833
TUR,2015,25984.803,103.96453,96.43179,95.19904
TUR,2016,26489.645,106.09265,97.018074,95.3563
TUR,2017,28194.688,107.952736,97.59109,95.510155
TUR,2018,28780.303,109.68383,98.1514,95.66077
TUV,2000,3721.8994,318.86667,78.93624,98.948906
TUV,2001,3705.5923,320.26666,79.365746,98.95477
TUV,2002,4042.9011,321.5,79.792404,98.960075
TUV,2003,3838.4036,323.83334,80.2317,98.96373
TUV,2004,3704.9272,327.96667,80.67252,98.965546
TUV,2005,3488.5364,332.13333,81.10615,98.96595
TUV,2006,3532.3994,335.93332,81.60221,98.96493
TUV,2007,3737.8787,340.13333,82.09297,98.96249
TUV,2008,3933.374,344.8,82.57843,98.95863
TUV,2009,3638.1875,349.3,83.05848,98.953384
TUV,2010,3506.0603,354.5,83.533195,98.94675
TUV,2011,3687.4392,360.13333,84.00262,98.93873
TUV,2012,3558.1523,365.33334,84.46677,98.92933
TUV,2013,3690.242,367.6,84.92561,98.91862
TUV,2014,3695.9534,366.9,85.379135,98.9068
TUV,2015,4088.7659,366.16666,85.82755,98.89393
TUV,2016,4333.249,365.03333,86.27112,98.8801
TUV,2017,4464.259,363.06668,86.710075,98.86536
TUV,2018,4575.869,359.16666,87.14468,98.84976
TWN,2000,,630.694,,
TWN,2001,,633.89594,,
TWN,2002,,637.303,,
TWN,2003,,640.0488,,
TWN,2004,,642.34485,,
TWN,2005,,644.59,,
TWN,2006,,647.12354,,
TWN,2007,,649.7295,,
TWN,2008,,651.9694,,
TWN,2009,,654.1755,,
TWN,2010,,655.8613,,
TWN,2011,,657.2459,,
TWN,2012,,659.30426,,
TWN,2013,,661.3067,,
TWN,2014,,662.8865,,
TWN,2015,,664.48065,,
TWN,2016,,666.087,,
TWN,2017,,667.40894,,
TWN,2018,,668.1533,,
TZA,2000,1839.9366,38.677063,3.446462,28.611532
TZA,2001,1899.7454,39.736176,4.732904,29.867762
TZA,2002,1982.6443,40.778168,6.0216975,31.124126
TZA,2003,2059.8374,41.87125,7.342047,32.4758
TZA,2004,2155.2415,43.02288,8.689901,33.947117
TZA,2005,2253.0933,44.233555,10.040788,35.428352
TZA,2006,2334.1045,45.48984,11.395584,36.919506
TZA,2007,2423.616,46.7775,12.75487,38.419598
TZA,2008,2493.2593,48.059074,14.119749,39.929058
TZA,2009,2560.811,49.2594,15.490306,41.445488
TZA,2010,2654.8035,50.52889,16.86804,42.970222
TZA,2011,2779.7078,51.963615,18.25323,44.501354
TZA,2012,2822.4854,53.48189,19.647074,46.039227
TZA,2013,2924.8633,55.118687,21.049833,47.58197
TZA,2014,3027.569,56.84297,22.461695,49.127773
TZA,2015,3111.4446,58.727657,23.883436,50.676167
TZA,2016,3214.2468,60.763165,25.315386,52.225857
TZA,2017,3318.2883,62.827827,26.758528,53.776814
TZA,2018,3392.6887,64.8421,28.213392,55.328186
UGA,2000,1487.005,119.6896,14.711663,26.235704
UGA,2001,1516.9642,123.40753,15.10441,27.529882
UGA,2002,1598.5829,127.33329,15.496653,28.850449
UGA,2003,1649.1483,131.41893,15.888348,30.196743
UGA,2004,1709.3616,135.42047,16.279598,31.568563
UGA,2005,1765.0378,139.45386,16.66977,32.963303
UGA,2006,1898.9791,143.59668,17.05956,34.382626
UGA,2007,1999.0625,147.88269,17.448483,35.824383
UGA,2008,2110.1006,152.30176,17.836786,37.28873
UGA,2009,2188.299,156.84793,18.224138,38.774
UGA,2010,2244.606,161.53401,18.61078,40.280254
UGA,2011,2384.4653,166.34023,18.996529,41.80625
UGA,2012,2405.0945,171.24194,19.381472,43.35154
UGA,2013,2420.8882,176.22707,19.76516,44.914078
UGA,2014,2470.504,181.5058,20.148092,46.494545
UGA,2015,2520.02,187.17058,20.529951,48.09126
UGA,2016,2554.2278,193.49269,20.910435,49.702606
UGA,2017,2543.8477,200.36597,21.289505,51.32773
UGA,2018,2613.88,207.29024,21.666872,52.965107
UKR,2000,10364.0625,85.53099,94.39661,98.20391
UKR,2001,11379.386,84.75467,94.51757,98.247406
UKR,2002,12092.789,84.01325,94.643135,98.2726
UKR,2003,13342.88,83.388214,94.77155,98.26404
UKR,2004,15021.066,82.808945,94.95417,97.79284
UKR,2005,15610.573,82.12903,95.13737,97.3193
UKR,2006,16901.508,81.599396,95.318535,96.84238
UKR,2007,18374.014,81.22679,95.49861,96.36249
UKR,2008,18883.986,80.8063,95.67764,95.87966
UKR,2009,16092.796,80.46899,95.85558,95.393906
UKR,2010,16811.795,80.17949,96.028465,94.90721
UKR,2011,17783.957,79.923805,96.20088,94.4191
UKR,2012,17848.74,79.755005,96.372894,93.929565
UKR,2013,17889.092,79.61125,96.54449,93.75842
UKR,2014,16978.812,79.3448,96.71566,93.28569
UKR,2015,15403.71,79.02123,96.834206,93.31873
UKR,2016,15856.8125,78.731155,96.95235,93.35138
UKR,2017,16310.36,78.41912,97.07005,93.383705
UKR,2018,16978.984,78.0271,97.1877,93.41454
UNSDG_ANZ,2000,,,99.992645,99.760574
UNSDG_ANZ,2001,,,99.99302,99.75956
UNSDG_ANZ,2002,,,99.9934,99.76048
UNSDG_ANZ,2003,,,99.99379,99.779175
UNSDG_ANZ,2004,,,99.99417,99.79758
UNSDG_ANZ,2005,,,99.99455,99.8157
UNSDG_ANZ,2006,,,99.99493,99.83357
UNSDG_ANZ,2007,,,99.9953,99.851234
UNSDG_ANZ,2008,,,99.995674,99.86873
UNSDG_ANZ,2009,,,99.99605,99.88617
UNSDG_ANZ,2010,,,99.99642,99.90232
UNSDG_ANZ,2011,,,99.9968,99.90959
UNSDG_ANZ,2012,,,99.99718,99.916824
UNSDG_ANZ,2013,,,99.99756,99.92413
UNSDG_ANZ,2014,,,99.99794,99.96768
UNSDG_ANZ,2015,,,99.99833,99.97485
UNSDG_ANZ,2016,,,99.99871,99.974846
UNSDG_ANZ,2017,,,99.99909,99.97483
UNSDG_ANZ,2018,,,99.99947,99.97481
UNSDG_CSA,2000,,,24.21215,81.81674
UNSDG_CSA,2001,,,26.18298,82.30182
UNSDG_CSA,2002,,,28.282137,82.86675
UNSDG_CSA,2003,,,30.399624,83.425766
UNSDG_CSA,2004,,,32.721127,84.00679
UNSDG_CSA,2005,,,35.085236,84.5328
UNSDG_CSA,2006,,,37.476524,85.10182
UNSDG_CSA,2007,,,39.87802,85.68525
UNSDG_CSA,2008,,,42.28887,86.26302
UNSDG_CSA,2009,,,44.71157,86.82902
UNSDG_CSA,2010,,,47.148994,87.39691
UNSDG_CSA,2011,,,49.59744,87.95885
UNSDG_CSA,2012,,,52.059433,88.51806
UNSDG_CSA,2013,,,54.5377,89.080475
UNSDG_CSA,2014,,,57.02978,89.64156
UNSDG_CSA,2015,,,59.535862,90.204994
UNSDG_CSA,2016,,,62.054867,90.77001
UNSDG_CSA,2017,,,64.58279,91.332214
UNSDG_CSA,2018,,,67.109856,91.89206
UNSDG_ENA,2000,,,97.05184,98.74261
UNSDG_ENA,2001,,,96.4148,98.76223
UNSDG_ENA,2002,,,95.36021,98.78234
UNSDG_ENA,2003,,,95.42581,98.800995
UNSDG_ENA,2004,,,95.50537,98.7976
UNSDG_ENA,2005,,,95.586845,98.6556
UNSDG_ENA,2006,,,95.679344,98.65324
UNSDG_ENA,2007,,,95.843376,98.65242
UNSDG_ENA,2008,,,96.00388,98.65181
UNSDG_ENA,2009,,,96.15953,98.65175
UNSDG_ENA,2010,,,96.31273,98.65596
UNSDG_ENA,2011,,,96.45722,98.65985
UNSDG_ENA,2012,,,96.5971,98.662346
UNSDG_ENA,2013,,,96.734055,98.67715
UNSDG_ENA,2014,,,96.86845,98.6805
UNSDG_ENA,2015,,,97.00464,98.70263
UNSDG_ENA,2016,,,97.140305,98.72423
UNSDG_ENA,2017,,,97.26507,98.74557
UNSDG_ENA,2018,,,97.38119,98.7669
UNSDG_ESEA,2000,,,60.488365,81.36102
UNSDG_ESEA,2001,,,61.28764,81.79303
UNSDG_ESEA,2002,,,63.115227,82.95366
UNSDG_ESEA,2003,,,64.80047,83.74507
UNSDG_ESEA,2004,,,66.47044,84.520805
UNSDG_ESEA,2005,,,68.125114,85.276794
UNSDG_ESEA,2006,,,69.751785,86.00864
UNSDG_ESEA,2007,,,71.3892,86.72233
UNSDG_ESEA,2008,,,73.00958,87.420044
UNSDG_ESEA,2009,,,74.61108,88.09766
UNSDG_ESEA,2010,,,76.19369,88.74342
UNSDG_ESEA,2011,,,77.74847,89.33108
UNSDG_ESEA,2012,,,79.28247,89.8949
UNSDG_ESEA,2013,,,80.7992,90.44055
UNSDG_ESEA,2014,,,82.29986,90.96888
UNSDG_ESEA,2015,,,83.78407,91.47996
UNSDG_ESEA,2016,,,85.251755,91.973816
UNSDG_ESEA,2017,,,86.70227,92.45009
UNSDG_ESEA,2018,,,88.13336,92.92043
UNSDG_LAC,2000,,,75.10453,90.99186
UNSDG_LAC,2001,,,75.85954,91.37208
UNSDG_LAC,2002,,,76.55073,91.73703
UNSDG_LAC,2003,,,77.238266,92.09408
UNSDG_LAC,2004,,,77.92147,92.43355
UNSDG_LAC,2005,,,78.675285,92.785355
UNSDG_LAC,2006,,,79.3652,93.101456
UNSDG_LAC,2007,,,80.05834,93.391754
UNSDG_LAC,2008,,,80.746735,93.67353
UNSDG_LAC,2009,,,81.43107,93.94465
UNSDG_LAC,2010,,,82.11541,94.21503
UNSDG_LAC,2011,,,82.79576,94.49056
UNSDG_LAC,2012,,,83.46657,94.75865
UNSDG_LAC,2013,,,84.128456,95.01303
UNSDG_LAC,2014,,,84.785446,95.26322
UNSDG_LAC,2015,,,85.437225,95.50876
UNSDG_LAC,2016,,,86.08354,95.745834
UNSDG_LAC,2017,,,86.14425,95.80812
UNSDG_LAC,2018,,,86.77249,96.10605
UNSDG_NAWA,2000,,,76.9974,83.76635
UNSDG_NAWA,2001,,,77.23503,83.99591
UNSDG_NAWA,2002,,,77.64174,84.246796
UNSDG_NAWA,2003,,,78.103035,84.544495
UNSDG_NAWA,2004,,,78.544975,84.83968
UNSDG_NAWA,2005,,,79.2142,85.23867
UNSDG_NAWA,2006,,,79.91614,85.65247
UNSDG_NAWA,2007,,,80.65685,86.07506
UNSDG_NAWA,2008,,,81.35635,86.6121
UNSDG_NAWA,2009,,,82.02292,86.99222
UNSDG_NAWA,2010,,,82.70396,87.378654
UNSDG_NAWA,2011,,,83.40896,87.774536
UNSDG_NAWA,2012,,,84.09262,88.17027
UNSDG_NAWA,2013,,,85.33093,88.57237
UNSDG_NAWA,2014,,,85.985794,88.97414
UNSDG_NAWA,2015,,,86.63359,89.36886
UNSDG_NAWA,2016,,,87.26063,89.74438
UNSDG_NAWA,2017,,,87.847145,90.08174
UNSDG_NAWA,2018,,,88.4052,90.40689
UNSDG_OC,2000,,,35.246918,50.281048
UNSDG_OC,2001,,,35.033905,49.99061
UNSDG_OC,2002,,,34.81352,49.696136
UNSDG_OC,2003,,,34.648228,49.408737
UNSDG_OC,2004,,,34.478596,49.12213
UNSDG_OC,2005,,,34.622498,49.845226
UNSDG_OC,2006,,,34.742683,50.574627
UNSDG_OC,2007,,,34.86548,51.32307
UNSDG_OC,2008,,,34.974678,52.080074
UNSDG_OC,2009,,,35.03509,52.691383
UNSDG_OC,2010,,,35.10097,53.319637
UNSDG_OC,2011,,,35.175922,53.965508
UNSDG_OC,2012,,,35.260494,54.615414
UNSDG_OC,2013,,,35.353653,55.280422
UNSDG_OC,2014,,,35.451847,55.945164
UNSDG_OC,2015,,,35.544884,56.602036
UNSDG_OC,2016,,,35.636703,57.25293
UNSDG_OC,2017,,,35.699223,57.90326
UNSDG_OC,2018,,,35.76377,58.54753
UNSDG_SSA,2000,,,22.080822,45.33523
UNSDG_SSA,2001,,,22.48217,46.134773
UNSDG_SSA,2002,,,22.955622,47.01812
UNSDG_SSA,2003,,,23.458578,47.935745
UNSDG_SSA,2004,,,23.975967,48.864307
UNSDG_SSA,2005,,,24.538412,49.80893
UNSDG_SSA,2006,,,25.121384,50.7738
UNSDG_SSA,2007,,,25.68388,51.706306
UNSDG_SSA,2008,,,26.28579,52.69125
UNSDG_SSA,2009,,,26.90197,53.681767
UNSDG_SSA,2010,,,27.525164,54.673462
UNSDG_SSA,2011,,,27.905876,55.49316
UNSDG_SSA,2012,,,28.53509,56.472736
UNSDG_SSA,2013,,,29.18033,57.452263
UNSDG_SSA,2014,,,29.842985,58.44148
UNSDG_SSA,2015,,,30.522247,59.407066
UNSDG_SSA,2016,,,31.17858,60.34688
UNSDG_SSA,2017,,,31.878296,61.28961
UNSDG_SSA,2018,,,32.501263,62.216713
URY,2000,18752.059,18.661936,93.4677,97.06156
URY,2001,17986.9,18.707901,93.48935,97.12424
URY,2002,16572.79,18.734247,93.510284,97.19621
URY,2003,16694.44,18.747503,93.53068,97.266655
URY,2004,17519.379,18.758753,93.550354,97.335106
URY,2005,18811.32,18.773718,93.68435,97.53285
URY,2006,19560.082,18.79504,93.98976,97.72304
URY,2007,20803.893,18.827305,94.29285,97.905716
URY,2008,22249.383,18.867466,94.59378,98.08139
URY,2009,23138.082,18.912655,94.8926,98.25015
URY,2010,24879.836,18.961153,95.18951,98.41262
URY,2011,26099.322,19.00828,95.484535,98.568886
URY,2012,26953.281,19.057285,95.775185,98.71115
URY,2013,28119.482,19.114016,96.06418,98.84757
URY,2014,28935.098,19.17691,96.352486,98.98115
URY,2015,28941.629,19.24364,96.64013,99.11195
URY,2016,29332.566,19.307959,96.92716,99.240135
URY,2017,29762.434,19.360325,97.213554,99.3656
URY,2018,29757.94,19.395144,97.49937,99.488525
USA,2000,55038.62,30.771969,99.872734,
USA,2001,55017.305,31.077576,99.872444,
USA,2002,55436.117,31.384186,99.87216,
USA,2003,56498.207,31.69288,99.87188,
USA,2004,58131.633,32.007523,99.871605,
USA,2005,59604.754,32.327877,99.87132,98.89697
USA,2006,60676.566,32.65732,99.871056,98.90382
USA,2007,61306.598,32.99774,99.87077,98.91061
USA,2008,60798.434,33.33949,99.87051,98.917366
USA,2009,58714.973,33.67326,99.87023,98.92409
USA,2010,59789.414,34.00552,99.87054,99.01065
USA,2011,60245.484,34.338104,99.84801,99.09637
USA,2012,61134.53,34.66719,99.825905,99.181114
USA,2013,61958.723,34.994648,99.804245,99.26489
USA,2014,63018.805,35.323116,99.78304,99.34764
USA,2015,64359.473,35.65229,99.76232,99.42934
USA,2016,65017.656,35.98604,99.74208,99.509895
USA,2017,66155.555,36.31676,99.72235,99.58934
USA,2018,67719.766,36.628525,99.703125,99.66758
UZB,2000,3410.6504,56.25073,93.37661,87.3126
UZB,2001,3509.7285,56.93888,93.53769,87.803444
UZB,2002,3604.6934,57.641697,93.6957,88.29018
UZB,2003,3711.7786,58.34809,93.850586,88.772545
UZB,2004,3939.5305,59.06995,94.00229,89.25035
UZB,2005,4160.955,59.813454,94.15081,89.72354
UZB,2006,4413.7227,60.58973,94.29619,90.192215
UZB,2007,4764.564,61.4452,94.438385,90.65618
UZB,2008,5115.644,62.395535,94.577385,91.11538
UZB,2009,5439.551,63.404385,94.71318,91.56967
UZB,2010,5760.805,64.41692,94.84581,92.019226
UZB,2011,6100.251,65.41019,94.970184,92.43568
UZB,2012,6435.5645,66.405785,95.0891,92.824425
UZB,2013,6797.775,67.45458,95.20868,93.21602
UZB,2014,7145.11,68.58683,95.32891,93.61048
UZB,2015,7529.7637,69.78132,95.4498,94.00782
UZB,2016,7839.978,70.99592,95.57135,94.40804
UZB,2017,8047.0537,72.20914,95.69356,94.81116
UZB,2018,8348.961,73.46708,95.81627,95.218575
VAT,2000,,1593.1818,,
VAT,2001,,1570.4546,,
VAT,2002,,1554.5454,,
VAT,2003,,1531.8182,,
VAT,2004,,1515.909,,
VAT,2005,,1515.909,,
VAT,2006,,1509.091,,
VAT,2007,,1493.1818,,
VAT,2008,,1472.7273,,
VAT,2009,,1447.7273,,
VAT,2010,,1429.5454,,
VAT,2011,,1418.1818,,
VAT,2012,,1390.909,,
VAT,2013,,1359.091,,
VAT,2014,,1334.091,,
VAT,2015,,1315.909,,
VAT,2016,,1297.7273,,
VAT,2017,,1279.5454,,
VAT,2018,,1254.5454,,
VCT,2000,9999.059,291.18204,66.729454,95.448875
VCT,2001,10177.81,291.04102,68.29329,95.60567
VCT,2002,10736.088,290.67947,69.86859,95.76311
VCT,2003,11475.331,290.12564,71.45503,95.92119
VCT,2004,11979.907,289.37436,73.05254,96.079926
VCT,2005,12320.071,288.3718,74.660805,96.23933
VCT,2006,13233.407,287.24872,76.27974,96.39941
VCT,2007,13732.362,286.01025,77.9089,96.56016
VCT,2008,13850.394,284.7359,79.54833,96.721596
VCT,2009,13723.784,283.38718,81.19771,96.883736
VCT,2010,13175.723,281.98462,82.856834,97.04658
VCT,2011,13168.896,280.4282,84.5255,97.21013
VCT,2012,13397.963,278.85385,86.2035,97.374405
VCT,2013,13804.184,277.3231,87.89055,97.53938
VCT,2014,14040.246,275.78204,89.5866,97.70512
VCT,2015,14508.861,274.29486,89.61494,97.71086
VCT,2016,15197.748,272.73077,89.643486,97.71664
VCT,2017,15533.222,270.95898,89.672165,97.72245
VCT,2018,16139.066,269.07437,89.701065,97.72831
VEN,2000,,27.806482,86.39916,97.2277
VEN,2001,,28.320314,86.94445,97.050606
VEN,2002,,28.836998,87.489746,96.873505
VEN,2003,,29.35515,88.035034,96.69641
VEN,2004,,29.863209,88.58033,96.51932
VEN,2005,,30.367662,89.12562,96.342224
VEN,2006,,30.865248,89.67091,96.16513
VEN,2007,,31.346714,90.2162,95.98804
VEN,2008,,31.805107,90.7615,95.810936
VEN,2009,,32.24114,91.306786,95.63384
VEN,2010,,32.66606,91.85208,95.45675
VEN,2011,,33.087944,92.39737,95.279655
VEN,2012,,33.505844,92.942665,95.10256
VEN,2013,,33.912132,93.48795,94.92547
VEN,2014,,34.299732,94.03325,94.74837
VEN,2015,,34.6624,94.578545,94.57127
VEN,2016,,34.87979,95.12383,94.39418
VEN,2017,,34.652607,95.66913,94.21709
VEN,2018,,33.793537,96.21442,94.03999
VGB,2000,,135.10667,96.7852,95.30274
VGB,2001,,138.83333,96.79126,95.68288
VGB,2002,,143.02667,96.797325,96.06301
VGB,2003,,147.7,96.80339,96.44315
VGB,2004,,152.7,96.809456,96.82329
VGB,2005,,157.95334,96.81552,97.20342
VGB,2006,,163.46,96.82159,97.583565
VGB,2007,,169.27333,96.82765,97.9637
VGB,2008,,175.38667,96.83372,98.343834
VGB,2009,,181.6,96.83978,98.723976
VGB,2010,,184.65334,96.84585,99.10411
VGB,2011,,191.55333,96.85191,99.484245
VGB,2012,,202.46,96.85798,99.86438
VGB,2013,,211.51334,96.85798,99.86438
VGB,2014,,219.92,96.85798,99.86438
VGB,2015,,230.15334,96.85798,99.86438
VGB,2016,,226.02667,96.85798,99.86438
VGB,2017,,218.16,,99.86438
VGB,2018,,231.21333,,99.86438
VIR,2000,,310.26,99.039566,98.4974
VIR,2001,,310.1,99.04954,98.54141
VIR,2002,54299.23,309.80856,99.0595,98.58543
VIR,2003,54086.156,309.10284,99.06947,98.62944
VIR,2004,55883.453,308.14572,99.07944,98.673454
VIR,2005,57838.098,307.49142,99.08941,98.71747
VIR,2006,59911.723,307.03714,99.09938,98.761475
VIR,2007,62332.945,306.3943,99.109344,98.80549
VIR,2008,63057.625,305.63144,99.119316,98.8495
VIR,2009,58895.305,305.04858,99.12929,98.89352
VIR,2010,59272.246,303.7857,99.13925,98.93753
VIR,2011,54443.07,301.13715,99.14922,98.981544
VIR,2012,46422.414,298.02,99.159195,99.02555
VIR,2013,43563.887,294.76572,99.16916,99.069565
VIR,2014,42853.9,291.46286,99.17913,99.11358
VIR,2015,42739.082,286.43143,99.1891,99.15759
VIR,2016,43502.434,279.41428,99.199066,99.20161
VIR,2017,43277.156,271.78287,99.20904,99.24562
VIR,2018,44205.406,263.76285,99.21901,99.28963
VNM,2000,4349.2236,246.16106,49.14892,80.64825
VNM,2001,4570.2686,248.76242,51.112667,81.48169
VNM,2002,4809.6216,251.32399,53.06432,82.30916
VNM,2003,5090.29,253.84944,55.00197,83.12973
VNM,2004,5421.097,256.32272,56.92635,83.94371
VNM,2005,5776.3633,258.71347,58.96632,84.75041
VNM,2006,6098.245,262.15793,61.000317,85.54995
VNM,2007,6418.544,266.83356,63.02786,86.34211
VNM,2008,6659.1357,271.75464,65.048164,87.12656
VNM,2009,6914.339,275.85202,67.06135,87.90332
VNM,2010,7274.733,279.02698,69.069725,88.6734
VNM,2011,7652.619,282.25952,71.06911,89.43496
VNM,2012,7979.868,285.58414,73.05927,90.1879
VNM,2013,8324.198,288.97485,75.03884,90.93164
VNM,2014,8751.883,292.5051,77.008286,91.6664
VNM,2015,9248.024,296.154,78.96692,92.39186
VNM,2016,9743.188,299.9088,80.9141,93.10779
VNM,2017,10290.549,303.6636,82.84858,93.8137
VNM,2018,10936.894,307.04663,84.770294,94.832794
VUT,2000,3342.1672,15.282199,54.71098,85.33176
VUT,2001,3148.3347,15.672437,54.76488,85.3746
VUT,2002,2911.0413,16.06817,54.81917,85.417755
VUT,2003,2962.031,16.469236,54.874233,85.461525
VUT,2004,3005.7974,16.876127,54.929676,85.50559
VUT,2005,3089.437,17.290565,54.624855,85.74604
VUT,2006,3270.7024,17.714437,54.31561,85.8467
VUT,2007,3283.3655,18.153486,54.001717,85.94651
VUT,2008,3381.3857,18.614273,53.68331,86.0456
VUT,2009,3396.736,19.0927,53.36034,86.14398
VUT,2010,3359.8496,19.5452,53.014088,86.22274
VUT,2011,3390.961,19.973995,52.654087,86.28924
VUT,2012,3350.771,20.417883,52.292305,86.35506
VUT,2013,3292.2341,20.87736,51.9286,86.420044
VUT,2014,3302.2917,21.34922,51.562977,86.484215
VUT,2015,3357.639,21.830599,51.195446,86.54756
VUT,2016,3397.7673,22.32133,50.82611,86.61022
VUT,2017,3465.9197,22.848072,50.45486,86.67207
VUT,2018,3482.0227,23.402214,50.082554,86.73451
WB_EAP,2000,8279.299,,,
WB_EAP,2001,8512.431,,,
WB_EAP,2002,8870.338,,,
WB_EAP,2003,9295.639,,,
WB_EAP,2004,9822.029,,,
WB_EAP,2005,10389.535,,,
WB_EAP,2006,11051.691,,,
WB_EAP,2007,11869.004,,,
WB_EAP,2008,12377.856,,,
WB_EAP,2009,12714.224,,,
WB_EAP,2010,13649.818,,,
WB_EAP,2011,14359.679,,,
WB_EAP,2012,15050.348,,,
WB_EAP,2013,15769.158,,,
WB_EAP,2014,16465.184,,,
WB_EAP,2015,17172.613,,,
WB_EAP,2016,17906.893,,,
WB_EAP,2017,18741.928,,,
WB_EAP,2018,19592.787,,,
WB_ECA,2000,29836.898,,,
WB_ECA,2001,30559.861,,,
WB_ECA,2002,31142.578,,,
WB_ECA,2003,31861.031,,,
WB_ECA,2004,33030.97,,,
WB_ECA,2005,34028.66,,,
WB_ECA,2006,35505.06,,,
WB_ECA,2007,36985.766,,,
WB_ECA,2008,37463.883,,,
WB_ECA,2009,35515.92,,,
WB_ECA,2010,36408.71,,,
WB_ECA,2011,37348.582,,,
WB_ECA,2012,37472.355,,,
WB_ECA,2013,37739.586,,,
WB_ECA,2014,38215.492,,,
WB_ECA,2015,38658.89,,,
WB_ECA,2016,39180.496,,,
WB_ECA,2017,40232.266,,,
WB_ECA,2018,41055.445,,,
WB_LAC,2000,14663.654,,,
WB_LAC,2001,14518.147,,,
WB_LAC,2002,14398.792,,,
WB_LAC,2003,14568.346,,,
WB_LAC,2004,15160.492,,,
WB_LAC,2005,15565.822,,,
WB_LAC,2006,16172.71,,,
WB_LAC,2007,16820.953,,,
WB_LAC,2008,17243.326,,,
WB_LAC,2009,16665.797,,,
WB_LAC,2010,17552.035,,,
WB_LAC,2011,18151.834,,,
WB_LAC,2012,18434.943,,,
WB_LAC,2013,18767.875,,,
WB_LAC,2014,18853.408,,,
WB_LAC,2015,18763.834,,,
WB_LAC,2016,18551.818,,,
WB_LAC,2017,18745.582,,,
WB_LAC,2018,18894.209,,,
WB_MENAP,2000,10377.118,,,
WB_MENAP,2001,10360.04,,,
WB_MENAP,2002,10367.434,,,
WB_MENAP,2003,10569.36,,,
WB_MENAP,2004,11141.106,,,
WB_MENAP,2005,11442.411,,,
WB_MENAP,2006,11811.969,,,
WB_MENAP,2007,12144.084,,,
WB_MENAP,2008,12379.392,,,
WB_MENAP,2009,12295.783,,,
WB_MENAP,2010,12616.922,,,
WB_MENAP,2011,12850.983,,,
WB_MENAP,2012,12973.573,,,
WB_MENAP,2013,12954.756,,,
WB_MENAP,2014,13111.288,,,
WB_MENAP,2015,13259.931,,,
WB_MENAP,2016,13645.836,,,
WB_MENAP,2017,13723.836,,,
WB_MENAP,2018,13842.64,,,
WB_NA,2000,54395.99,,,
WB_NA,2001,54414.23,,,
WB_NA,2002,54881.0,,,
WB_NA,2003,55882.54,,,
WB_NA,2004,57460.652,,,
WB_NA,2005,58901.375,,,
WB_NA,2006,59950.812,,,
WB_NA,2007,60574.895,,,
WB_NA,2008,60110.46,,,
WB_NA,2009,58016.86,,,
WB_NA,2010,59082.02,,,
WB_NA,2011,59602.137,,,
WB_NA,2012,60435.074,,,
WB_NA,2013,61242.504,,,
WB_NA,2014,62295.5,,,
WB_NA,2015,63496.156,,,
WB_NA,2016,64079.96,,,
WB_NA,2017,65200.664,,,
WB_NA,2018,66672.05,,,
WB_SA,2000,3097.8066,,,
WB_SA,2001,3182.3164,,,
WB_SA,2002,3244.373,,,
WB_SA,2003,3427.977,,,
WB_SA,2004,3626.66,,,
WB_SA,2005,3844.0063,,,
WB_SA,2006,4085.0732,,,
WB_SA,2007,4330.3027,,,
WB_SA,2008,4419.832,,,
WB_SA,2009,4683.4233,,,
WB_SA,2010,4997.842,,,
WB_SA,2011,5199.3984,,,
WB_SA,2012,5421.17,,,
WB_SA,2013,5690.3267,,,
WB_SA,2014,6029.549,,,
WB_SA,2015,6420.3975,,,
WB_SA,2016,6853.8364,,,
WB_SA,2017,7237.9014,,,
WB_SA,2018,7622.251,,,
WB_SSA,2000,3534.5173,,,
WB_SSA,2001,3592.1694,,,
WB_SSA,2002,3732.0852,,,
WB_SSA,2003,3787.212,,,
WB_SSA,2004,3938.5247,,,
WB_SSA,2005,4064.7947,,,
WB_SSA,2006,4196.0176,,,
WB_SSA,2007,4334.8833,,,
WB_SSA,2008,4442.5605,,,
WB_SSA,2009,4476.266,,,
WB_SSA,2010,4629.3413,,,
WB_SSA,2011,4716.822,,,
WB_SSA,2012,4779.451,,,
WB_SSA,2013,4893.031,,,
WB_SSA,2014,4999.522,,,
WB_SSA,2015,5016.2275,,,
WB_SSA,2016,4948.61,,,
WB_SSA,2017,4944.827,,,
WB_SSA,2018,4954.5625,,,
WHO_AFR,2000,,,24.978497,47.57725
WHO_AFR,2001,,,25.335533,48.323383
WHO_AFR,2002,,,25.760942,49.149815
WHO_AFR,2003,,,26.21285,50.00732
WHO_AFR,2004,,,26.680445,50.877357
WHO_AFR,2005,,,27.190077,51.757347
WHO_AFR,2006,,,27.721626,52.657143
WHO_AFR,2007,,,28.254553,53.552303
WHO_AFR,2008,,,28.806599,54.4691
WHO_AFR,2009,,,29.375118,55.391773
WHO_AFR,2010,,,29.95133,56.316017
WHO_AFR,2011,,,30.26521,57.052536
WHO_AFR,2012,,,30.84252,57.972317
WHO_AFR,2013,,,31.435654,58.895576
WHO_AFR,2014,,,32.046886,59.829082
WHO_AFR,2015,,,32.67524,60.7395
WHO_AFR,2016,,,33.281933,61.62514
WHO_AFR,2017,,,33.930992,62.513073
WHO_AFR,2018,,,34.503,63.383644
WHO_AMR,2000,,,84.38589,94.20132
WHO_AMR,2001,,,84.83556,94.43315
WHO_AMR,2002,,,85.249146,94.655655
WHO_AMR,2003,,,85.663635,94.87448
WHO_AMR,2004,,,86.078865,95.08357
WHO_AMR,2005,,,86.54113,95.07553
WHO_AMR,2006,,,86.96568,95.27178
WHO_AMR,2007,,,87.3926,95.45256
WHO_AMR,2008,,,87.8178,95.62844
WHO_AMR,2009,,,88.240875,95.79775
WHO_AMR,2010,,,88.66528,95.993515
WHO_AMR,2011,,,89.080025,96.19235
WHO_AMR,2012,,,89.488976,96.38616
WHO_AMR,2013,,,89.89315,96.57118
WHO_AMR,2014,,,90.29498,96.75338
WHO_AMR,2015,,,90.694725,96.93256
WHO_AMR,2016,,,91.09298,97.10648
WHO_AMR,2017,,,91.1231,97.17003
WHO_AMR,2018,,,91.511314,97.381744
WHO_EMR,2000,,,59.162983,81.30637
WHO_EMR,2001,,,59.41198,81.59522
WHO_EMR,2002,,,59.696217,81.85479
WHO_EMR,2003,,,60.02199,82.13909
WHO_EMR,2004,,,60.898552,82.496475
WHO_EMR,2005,,,61.953037,82.77108
WHO_EMR,2006,,,63.06834,83.198296
WHO_EMR,2007,,,64.19546,83.64538
WHO_EMR,2008,,,65.31065,84.20457
WHO_EMR,2009,,,66.38832,84.62795
WHO_EMR,2010,,,67.48674,85.068146
WHO_EMR,2011,,,68.62001,85.51566
WHO_EMR,2012,,,69.763245,85.94305
WHO_EMR,2013,,,71.30506,86.36706
WHO_EMR,2014,,,72.4268,86.78518
WHO_EMR,2015,,,73.54615,87.2074
WHO_EMR,2016,,,74.65751,87.62783
WHO_EMR,2017,,,75.71811,88.02254
WHO_EMR,2018,,,76.724106,88.41407
WHO_EUR,2000,,,94.67298,96.79869
WHO_EUR,2001,,,93.92561,96.85246
WHO_EUR,2002,,,92.73033,96.923164
WHO_EUR,2003,,,92.87438,96.99368
WHO_EUR,2004,,,93.034325,97.03715
WHO_EUR,2005,,,93.2022,97.141594
WHO_EUR,2006,,,93.38504,97.190506
WHO_EUR,2007,,,93.65582,97.24161
WHO_EUR,2008,,,93.92355,97.29355
WHO_EUR,2009,,,94.185555,97.34569
WHO_EUR,2010,,,94.44486,97.374886
WHO_EUR,2011,,,94.70188,97.40417
WHO_EUR,2012,,,94.953316,97.4313
WHO_EUR,2013,,,95.20157,97.47363
WHO_EUR,2014,,,95.447815,97.50274
WHO_EUR,2015,,,95.69798,97.55567
WHO_EUR,2016,,,95.9481,97.608925
WHO_EUR,2017,,,96.185074,97.663605
WHO_EUR,2018,,,96.412,97.72057
WHO_SEAR,2000,,,22.457418,80.96148
WHO_SEAR,2001,,,24.628893,81.50491
WHO_SEAR,2002,,,27.143658,82.12741
WHO_SEAR,2003,,,29.469624,82.77009
WHO_SEAR,2004,,,31.813976,83.41179
WHO_SEAR,2005,,,34.205677,84.0502
WHO_SEAR,2006,,,36.619324,84.68748
WHO_SEAR,2007,,,39.065727,85.323685
WHO_SEAR,2008,,,41.53226,85.96005
WHO_SEAR,2009,,,44.015404,86.59453
WHO_SEAR,2010,,,46.517265,87.22583
WHO_SEAR,2011,,,49.03889,87.855774
WHO_SEAR,2012,,,51.58238,88.48601
WHO_SEAR,2013,,,54.1458,89.11578
WHO_SEAR,2014,,,56.727936,89.74515
WHO_SEAR,2015,,,59.327297,90.37393
WHO_SEAR,2016,,,61.943085,91.00182
WHO_SEAR,2017,,,64.57523,91.62858
WHO_SEAR,2018,,,67.221664,92.25292
WHO_WPAC,2000,,,59.58288,81.56232
WHO_WPAC,2001,,,60.394318,81.966866
WHO_WPAC,2002,,,62.166855,83.155685
WHO_WPAC,2003,,,63.92269,83.93869
WHO_WPAC,2004,,,65.66185,84.704124
WHO_WPAC,2005,,,67.38674,85.45686
WHO_WPAC,2006,,,69.08253,86.18374
WHO_WPAC,2007,,,70.7816,86.89119
WHO_WPAC,2008,,,72.46238,87.58054
WHO_WPAC,2009,,,74.123085,88.24746
WHO_WPAC,2010,,,75.76279,88.88119
WHO_WPAC,2011,,,77.37189,89.4537
WHO_WPAC,2012,,,78.9587,90.00081
WHO_WPAC,2013,,,80.52694,90.52841
WHO_WPAC,2014,,,82.077644,91.037674
WHO_WPAC,2015,,,83.61051,91.5277
WHO_WPAC,2016,,,85.12541,91.998924
WHO_WPAC,2017,,,86.62134,92.450935
WHO_WPAC,2018,,,88.09604,92.89674
WLF,2000,,105.74286,95.80511,99.61854
WLF,2001,,106.65,95.80511,99.61854
WLF,2002,,107.48572,95.80511,99.60261
WLF,2003,,107.65,95.80511,99.58667
WLF,2004,,106.542854,95.80511,99.57074
WLF,2005,,104.53571,95.65348,99.5548
WLF,2006,,102.37857,95.50182,99.538864
WLF,2007,,100.14286,95.350136,99.522934
WLF,2008,,97.9,95.19842,99.506996
WLF,2009,,95.97143,95.04462,99.491066
WLF,2010,,94.207146,94.88387,99.47513
WLF,2011,,92.442856,94.72313,99.4592
WLF,2012,,90.77857,94.56238,99.44326
WLF,2013,,89.28571,94.401634,99.42733
WLF,2014,,88.057144,94.24089,99.41139
WLF,2015,,87.03571,94.08014,99.39546
WLF,2016,,86.12143,93.919395,99.379524
WLF,2017,,85.32143,93.758644,99.36359
WLF,2018,,84.47857,93.5979,99.34766
WSM,2000,4638.594,65.35791,91.957695,87.24258
WSM,2001,4941.115,65.88993,91.95885,87.239586
WSM,2002,5183.4546,66.36043,91.95724,87.24376
WSM,2003,5425.444,66.70756,91.954185,87.25175
WSM,2004,5568.347,67.0018,91.95115,87.25967
WSM,2005,5914.8896,67.26367,92.20574,87.496895
WSM,2006,6017.477,67.52662,92.46082,87.733345
WSM,2007,6013.2764,67.901436,92.716415,87.968895
WSM,2008,6182.763,68.38741,92.972534,88.20362
WSM,2009,6104.1274,68.89568,93.22912,88.43759
WSM,2010,6427.3115,69.43705,93.48618,88.67084
WSM,2011,6616.771,70.04533,93.743706,88.90339
WSM,2012,6311.961,70.689926,94.00156,89.13551
WSM,2013,6262.3237,71.32518,94.2598,90.03607
WSM,2014,6247.905,71.96079,94.51855,90.93824
WSM,2015,6432.36,72.58777,94.77777,91.84203
WSM,2016,6887.305,73.20467,95.03747,92.74743
WSM,2017,6919.0156,73.893166,95.29767,93.65443
WSM,2018,6805.0454,74.67446,95.55852,94.5631
YEM,2000,,37.16904,43.418526,40.09888
YEM,2001,,38.309273,43.716682,40.322792
YEM,2002,,39.462643,44.01943,40.550148
YEM,2003,,40.63939,44.924976,41.548187
YEM,2004,,41.849274,45.827324,42.5403
YEM,2005,,43.165485,46.737083,44.040325
YEM,2006,,44.59172,47.644188,45.55793
YEM,2007,,46.059605,48.547832,47.0921
YEM,2008,,47.563198,49.4478,48.642227
YEM,2009,,49.108326,50.343853,50.2077
YEM,2010,,50.67406,51.235756,51.787884
YEM,2011,,52.243313,52.12278,53.381786
YEM,2012,,53.85468,53.00471,54.988777
YEM,2013,,55.520115,53.88182,56.608566
YEM,2014,,57.250053,54.752922,58.239815
YEM,2015,,59.017326,55.6183,59.88223
YEM,2016,,60.815998,56.47727,61.534813
YEM,2017,,62.675762,57.329647,63.196945
YEM,2018,,64.55894,58.1748,64.86766
ZAF,2000,11183.825,38.875694,60.49737,85.956
ZAF,2001,11387.492,39.211273,61.27595,86.46224
ZAF,2002,11697.565,39.584377,62.062374,86.97574
ZAF,2003,11923.121,39.980835,62.846516,87.48564
ZAF,2004,12341.21,40.385643,63.62336,87.98649
ZAF,2005,12861.563,40.796677,64.3921,88.47753
ZAF,2006,13444.233,41.215633,65.15306,88.959366
ZAF,2007,14016.244,41.652782,65.90613,89.43204
ZAF,2008,14297.688,42.135864,66.651344,89.89583
ZAF,2009,13910.702,42.641945,67.387886,90.34985
ZAF,2010,14164.996,43.149353,68.11619,90.7949
ZAF,2011,14434.261,43.686134,68.83599,91.2308
ZAF,2012,14563.763,44.335186,69.547325,91.65782
ZAF,2013,14681.097,45.073975,70.24974,92.07544
ZAF,2014,14643.339,45.829113,70.94353,92.48434
ZAF,2015,14541.675,46.759544,71.62848,92.27668
ZAF,2016,14501.281,47.201405,72.30452,92.06339
ZAF,2017,14573.598,47.511032,72.971504,91.84466
ZAF,2018,14553.562,48.31711,73.62941,91.620865
ZMB,2000,2220.5654,13.475609,21.041538,46.2308
ZMB,2001,2268.9697,13.889326,21.678688,47.32916
ZMB,2002,2299.333,14.323511,22.413805,48.566933
ZMB,2003,2383.8762,14.7750225,23.144386,49.794666
ZMB,2004,2471.7207,15.252023,23.870035,51.012325
ZMB,2005,2564.4756,15.764026,24.590023,52.219357
ZMB,2006,2673.4614,16.31655,25.304293,53.41626
ZMB,2007,2796.353,16.902424,26.01213,54.60251
ZMB,2008,2908.1436,17.516146,26.713743,55.779037
ZMB,2009,3065.8442,18.147131,27.407558,56.94393
ZMB,2010,3266.5076,18.78636,28.094336,58.09906
ZMB,2011,3335.6433,19.421564,28.773104,59.243465
ZMB,2012,3474.5525,20.061651,29.444685,60.37932
ZMB,2013,3535.2246,20.714565,30.10873,61.506893
ZMB,2014,3585.5774,21.382208,30.764175,62.62519
ZMB,2015,3576.9255,22.059877,31.410866,63.734898
ZMB,2016,3598.1716,22.753101,32.04777,64.83505
ZMB,2017,3612.5059,23.461882,32.67449,65.92593
ZMB,2018,3646.9597,24.177853,33.290398,67.00737
ZWE,2000,6170.334,30.74074,44.517006,67.921745
ZWE,2001,6217.4116,30.947147,44.632782,68.08873
ZWE,2002,5610.1914,31.246378,44.820972,68.265854
ZWE,2003,4601.6606,31.620329,44.8626,68.23002
ZWE,2004,4287.598,31.965622,44.88169,68.16056
ZWE,2005,4004.6646,32.26944,44.25559,68.08982
ZWE,2006,3819.2334,32.664967,43.631374,68.01738
ZWE,2007,3631.5376,33.09826,43.009315,67.94362
ZWE,2008,2954.0994,33.49917,42.389175,67.868126
ZWE,2009,3299.4138,33.97387,41.7712,67.79127
ZWE,2010,3885.3938,34.526436,41.155167,67.71264
ZWE,2011,4358.926,35.14391,40.54131,67.63263
ZWE,2012,5003.4873,35.71898,39.929424,67.550804
ZWE,2013,5031.6875,36.225437,39.31972,67.46756
ZWE,2014,5081.1123,36.725777,38.717083,67.394356
ZWE,2015,5102.7144,37.221165,38.120647,67.33155
ZWE,2016,5070.4023,37.741493,37.529194,67.27867
ZWE,2017,5234.384,38.289993,36.941673,67.23568
ZWE,2018,5415.4697,38.86379,36.35716,67.202934
