iso3,country_name,year,pathogen,antibiotic,resistance_rate
AUT,Austria,2000,Staphylococcus aureus,Meticillin (MRSA),17.80104712
AUT,Austria,2001,Enterococcus faecium,Aminopenicillins,85.71428571
AUT,Austria,2001,Escherichia coli,Carbapenems,0.0
AUT,Austria,2001,Escherichia coli,Fluoroquinolones,7.03517587
AUT,Austria,2001,Escherichia coli,Third-generation cephalosporins,0.0
AUT,Austria,2001,Staphylococcus aureus,Meticillin (MRSA),7.55395683
AUT,Austria,2002,Enterococcus faecium,Aminopenicillins,84.44444444
AUT,Austria,2002,Escherichia coli,Carbapenems,0.0
AUT,Austria,2002,Escherichia coli,Fluoroquinolones,10.16949152
AUT,Austria,2002,Escherichia coli,Third-generation cephalosporins,1.25786163
AUT,Austria,2002,Staphylococcus aureus,Meticillin (MRSA),12.08791208
AUT,Austria,2003,Enterococcus faecium,Aminopenicillins,84.61538461
AUT,Austria,2003,Escherichia coli,Carbapenems,0.15082956
AUT,Austria,2003,Escherichia coli,Fluoroquinolones,14.12487205
AUT,Austria,2003,Escherichia coli,Third-generation cephalosporins,1.84237461
AUT,Austria,2003,Staphylococcus aureus,Meticillin (MRSA),15.38461538
AUT,Austria,2004,Enterococcus faecium,Aminopenicillins,84.84848484
AUT,Austria,2004,Escherichia coli,Carbapenems,0.23809523
AUT,Austria,2004,Escherichia coli,Fluoroquinolones,16.72060409
AUT,Austria,2004,Escherichia coli,Third-generation cephalosporins,2.53232758
AUT,Austria,2004,Staphylococcus aureus,Meticillin (MRSA),14.36619718
AUT,Austria,2005,Enterococcus faecium,Aminopenicillins,84.48275862
AUT,Austria,2005,Escherichia coli,Carbapenems,0.2108222
AUT,Austria,2005,Escherichia coli,Fluoroquinolones,19.37530502
AUT,Austria,2005,Escherichia coli,Third-generation cephalosporins,4.20332355
AUT,Austria,2005,Klebsiella pneumoniae,Carbapenems,0.0
AUT,Austria,2005,Klebsiella pneumoniae,Fluoroquinolones,11.36363636
AUT,Austria,2005,Klebsiella pneumoniae,Third-generation cephalosporins,5.68181818
AUT,Austria,2005,Pseudomonas aeruginosa,Carbapenems,10.38961038
AUT,Austria,2005,Staphylococcus aureus,Meticillin (MRSA),13.6548913
AUT,Austria,2006,Enterococcus faecium,Aminopenicillins,88.8429752
AUT,Austria,2006,Escherichia coli,Carbapenems,0.28392958
AUT,Austria,2006,Escherichia coli,Fluoroquinolones,22.08688591
AUT,Austria,2006,Escherichia coli,Third-generation cephalosporins,6.59651962
AUT,Austria,2006,Klebsiella pneumoniae,Carbapenems,0.0
AUT,Austria,2006,Klebsiella pneumoniae,Fluoroquinolones,8.10185185
AUT,Austria,2006,Klebsiella pneumoniae,Third-generation cephalosporins,6.03248259
AUT,Austria,2006,Pseudomonas aeruginosa,Carbapenems,14.86146095
AUT,Austria,2006,Staphylococcus aureus,Meticillin (MRSA),9.65180207
AUT,Austria,2007,Enterococcus faecium,Aminopenicillins,81.98529411
AUT,Austria,2007,Escherichia coli,Carbapenems,0.19389238
AUT,Austria,2007,Escherichia coli,Fluoroquinolones,25.68154879
AUT,Austria,2007,Escherichia coli,Third-generation cephalosporins,8.87128712
AUT,Austria,2007,Klebsiella pneumoniae,Carbapenems,0.0
AUT,Austria,2007,Klebsiella pneumoniae,Fluoroquinolones,12.58426966
AUT,Austria,2007,Klebsiella pneumoniae,Third-generation cephalosporins,8.18181818
AUT,Austria,2007,Pseudomonas aeruginosa,Carbapenems,11.51960784
AUT,Austria,2007,Staphylococcus aureus,Meticillin (MRSA),12.70791749
AUT,Austria,2008,Enterococcus faecium,Aminopenicillins,90.77380952
AUT,Austria,2008,Escherichia coli,Carbapenems,0.166044
AUT,Austria,2008,Escherichia coli,Fluoroquinolones,22.92436974
AUT,Austria,2008,Escherichia coli,Third-generation cephalosporins,7.41239892
AUT,Austria,2008,Klebsiella pneumoniae,Carbapenems,0.0
AUT,Austria,2008,Klebsiella pneumoniae,Fluoroquinolones,11.70395869
AUT,Austria,2008,Klebsiella pneumoniae,Third-generation cephalosporins,7.94473229
AUT,Austria,2008,Pseudomonas aeruginosa,Carbapenems,10.84812623
AUT,Austria,2008,Staphylococcus aureus,Meticillin (MRSA),8.71172122
AUT,Austria,2009,Enterococcus faecium,Aminopenicillins,87.94788273
AUT,Austria,2009,Escherichia coli,Carbapenems,0.14251781
AUT,Austria,2009,Escherichia coli,Fluoroquinolones,20.48929663
AUT,Austria,2009,Escherichia coli,Third-generation cephalosporins,7.54716981
AUT,Austria,2009,Klebsiella pneumoniae,Carbapenems,0.0
AUT,Austria,2009,Klebsiella pneumoniae,Fluoroquinolones,8.4437086
AUT,Austria,2009,Klebsiella pneumoniae,Third-generation cephalosporins,7.64227642
AUT,Austria,2009,Pseudomonas aeruginosa,Carbapenems,8.77192982
AUT,Austria,2009,Staphylococcus aureus,Meticillin (MRSA),6.21046578
AUT,Austria,2010,Enterococcus faecium,Aminopenicillins,92.37288135
AUT,Austria,2010,Escherichia coli,Carbapenems,0.04056795
AUT,Austria,2010,Escherichia coli,Fluoroquinolones,20.88888888
AUT,Austria,2010,Escherichia coli,Third-generation cephalosporins,7.25530458
AUT,Austria,2010,Klebsiella pneumoniae,Carbapenems,0.58939096
AUT,Austria,2010,Klebsiella pneumoniae,Fluoroquinolones,18.19444444
AUT,Austria,2010,Klebsiella pneumoniae,Third-generation cephalosporins,12.63888888
AUT,Austria,2010,Pseudomonas aeruginosa,Carbapenems,14.37632135
AUT,Austria,2010,Staphylococcus aureus,Meticillin (MRSA),7.44622173
AUT,Austria,2011,Enterococcus faecium,Aminopenicillins,90.4347826
AUT,Austria,2011,Escherichia coli,Carbapenems,0.03687315
AUT,Austria,2011,Escherichia coli,Fluoroquinolones,22.26438962
AUT,Austria,2011,Escherichia coli,Third-generation cephalosporins,9.14556962
AUT,Austria,2011,Klebsiella pneumoniae,Carbapenems,0.16393442
AUT,Austria,2011,Klebsiella pneumoniae,Fluoroquinolones,16.5621079
AUT,Austria,2011,Klebsiella pneumoniae,Third-generation cephalosporins,13.33333333
AUT,Austria,2011,Pseudomonas aeruginosa,Carbapenems,13.56877323
AUT,Austria,2011,Staphylococcus aureus,Meticillin (MRSA),7.22278738
AUT,Austria,2012,Enterococcus faecium,Aminopenicillins,90.59829059
AUT,Austria,2012,Escherichia coli,Carbapenems,0.05988023
AUT,Austria,2012,Escherichia coli,Fluoroquinolones,20.55401662
AUT,Austria,2012,Escherichia coli,Third-generation cephalosporins,8.6522911
AUT,Austria,2012,Klebsiella pneumoniae,Carbapenems,0.81300813
AUT,Austria,2012,Klebsiella pneumoniae,Fluoroquinolones,15.4402895
AUT,Austria,2012,Klebsiella pneumoniae,Third-generation cephalosporins,11.75785797
AUT,Austria,2012,Pseudomonas aeruginosa,Carbapenems,14.59074733
AUT,Austria,2012,Staphylococcus aureus,Meticillin (MRSA),8.04066543
AUT,Austria,2013,Acinetobacter spp.,Carbapenems,7.84313725
AUT,Austria,2013,Enterococcus faecium,Aminopenicillins,92.13759213
AUT,Austria,2013,Escherichia coli,Carbapenems,0.02349072
AUT,Austria,2013,Escherichia coli,Fluoroquinolones,21.96774947
AUT,Austria,2013,Escherichia coli,Third-generation cephalosporins,9.84917733
AUT,Austria,2013,Klebsiella pneumoniae,Carbapenems,1.2087912
AUT,Austria,2013,Klebsiella pneumoniae,Fluoroquinolones,15.78378378
AUT,Austria,2013,Klebsiella pneumoniae,Third-generation cephalosporins,10.73326248
AUT,Austria,2013,Pseudomonas aeruginosa,Carbapenems,12.33766233
AUT,Austria,2013,Staphylococcus aureus,Meticillin (MRSA),9.11602209
AUT,Austria,2014,Acinetobacter spp.,Carbapenems,6.41025641
AUT,Austria,2014,Enterococcus faecium,Aminopenicillins,93.25842696
AUT,Austria,2014,Escherichia coli,Carbapenems,0.02173913
AUT,Austria,2014,Escherichia coli,Fluoroquinolones,19.81904351
AUT,Austria,2014,Escherichia coli,Third-generation cephalosporins,9.3690652
AUT,Austria,2014,Klebsiella pneumoniae,Carbapenems,0.61791967
AUT,Austria,2014,Klebsiella pneumoniae,Fluoroquinolones,10.40164778
AUT,Austria,2014,Klebsiella pneumoniae,Third-generation cephalosporins,8.23293172
AUT,Austria,2014,Pseudomonas aeruginosa,Carbapenems,12.73584905
AUT,Austria,2014,Staphylococcus aureus,Meticillin (MRSA),7.73293096
AUT,Austria,2015,Acinetobacter spp.,Carbapenems,9.375
AUT,Austria,2015,Enterococcus faecium,Aminopenicillins,91.47982062
AUT,Austria,2015,Escherichia coli,Carbapenems,0.0210084
AUT,Austria,2015,Escherichia coli,Fluoroquinolones,20.02911813
AUT,Austria,2015,Escherichia coli,Third-generation cephalosporins,9.67346938
AUT,Austria,2015,Klebsiella pneumoniae,Carbapenems,0.78277886
AUT,Austria,2015,Klebsiella pneumoniae,Fluoroquinolones,11.66180758
AUT,Austria,2015,Klebsiella pneumoniae,Third-generation cephalosporins,8.38095238
AUT,Austria,2015,Pseudomonas aeruginosa,Carbapenems,12.20588235
AUT,Austria,2015,Staphylococcus aureus,Meticillin (MRSA),7.43267504
AUT,Austria,2016,Acinetobacter spp.,Carbapenems,12.34567901
AUT,Austria,2016,Enterococcus faecium,Aminopenicillins,91.24236252
AUT,Austria,2016,Escherichia coli,Carbapenems,0.01947798
AUT,Austria,2016,Escherichia coli,Fluoroquinolones,19.83705949
AUT,Austria,2016,Escherichia coli,Third-generation cephalosporins,10.00569584
AUT,Austria,2016,Klebsiella pneumoniae,Carbapenems,0.66777963
AUT,Austria,2016,Klebsiella pneumoniae,Fluoroquinolones,9.79133226
AUT,Austria,2016,Klebsiella pneumoniae,Third-generation cephalosporins,9.55823293
AUT,Austria,2016,Pseudomonas aeruginosa,Carbapenems,12.93103448
AUT,Austria,2016,Staphylococcus aureus,Meticillin (MRSA),7.20602685
AUT,Austria,2017,Acinetobacter spp.,Carbapenems,6.66666666
AUT,Austria,2017,Enterococcus faecium,Aminopenicillins,90.98939929
AUT,Austria,2017,Escherichia coli,Carbapenems,0.01913143
AUT,Austria,2017,Escherichia coli,Fluoroquinolones,20.45835662
AUT,Austria,2017,Escherichia coli,Third-generation cephalosporins,9.63150711
AUT,Austria,2017,Klebsiella pneumoniae,Carbapenems,0.99188458
AUT,Austria,2017,Klebsiella pneumoniae,Fluoroquinolones,14.21098517
AUT,Austria,2017,Klebsiella pneumoniae,Third-generation cephalosporins,8.58208955
AUT,Austria,2017,Pseudomonas aeruginosa,Carbapenems,13.93103448
AUT,Austria,2017,Staphylococcus aureus,Meticillin (MRSA),5.92146928
AUT,Austria,2018,Acinetobacter spp.,Carbapenems,4.39560439
AUT,Austria,2018,Enterococcus faecium,Aminopenicillins,88.56589147
AUT,Austria,2018,Escherichia coli,Carbapenems,0.07189072
AUT,Austria,2018,Escherichia coli,Fluoroquinolones,21.8524388
AUT,Austria,2018,Escherichia coli,Third-generation cephalosporins,10.20803949
AUT,Austria,2018,Klebsiella pneumoniae,Carbapenems,1.01351351
AUT,Austria,2018,Klebsiella pneumoniae,Fluoroquinolones,13.18591318
AUT,Austria,2018,Klebsiella pneumoniae,Third-generation cephalosporins,8.35380835
AUT,Austria,2018,Pseudomonas aeruginosa,Carbapenems,12.77173913
AUT,Austria,2018,Staphylococcus aureus,Meticillin (MRSA),6.3804052
BEL,Belgium,2000,Staphylococcus aureus,Meticillin (MRSA),20.8523592
BEL,Belgium,2001,Enterococcus faecium,Aminopenicillins,
BEL,Belgium,2001,Escherichia coli,Fluoroquinolones,8.90052356
BEL,Belgium,2001,Escherichia coli,Third-generation cephalosporins,1.8018018
BEL,Belgium,2001,Staphylococcus aureus,Meticillin (MRSA),22.52922422
BEL,Belgium,2002,Enterococcus faecium,Aminopenicillins,56.41025641
BEL,Belgium,2002,Escherichia coli,Fluoroquinolones,13.23529411
BEL,Belgium,2002,Escherichia coli,Third-generation cephalosporins,2.79424216
BEL,Belgium,2002,Staphylococcus aureus,Meticillin (MRSA),28.29670329
BEL,Belgium,2003,Enterococcus faecium,Aminopenicillins,
BEL,Belgium,2003,Escherichia coli,Fluoroquinolones,11.56685808
BEL,Belgium,2003,Escherichia coli,Third-generation cephalosporins,3.49544072
BEL,Belgium,2003,Staphylococcus aureus,Meticillin (MRSA),29.4792586
BEL,Belgium,2004,Enterococcus faecium,Aminopenicillins,63.41463414
BEL,Belgium,2004,Escherichia coli,Fluoroquinolones,15.37884471
BEL,Belgium,2004,Escherichia coli,Third-generation cephalosporins,2.64650283
BEL,Belgium,2004,Staphylococcus aureus,Meticillin (MRSA),33.25183374
BEL,Belgium,2005,Enterococcus faecium,Aminopenicillins,60.97560975
BEL,Belgium,2005,Escherichia coli,Fluoroquinolones,16.83778234
BEL,Belgium,2005,Escherichia coli,Third-generation cephalosporins,3.61445783
BEL,Belgium,2005,Staphylococcus aureus,Meticillin (MRSA),31.39312977
BEL,Belgium,2006,Enterococcus faecium,Aminopenicillins,67.34693877
BEL,Belgium,2006,Escherichia coli,Fluoroquinolones,19.36936936
BEL,Belgium,2006,Escherichia coli,Third-generation cephalosporins,2.91021671
BEL,Belgium,2006,Staphylococcus aureus,Meticillin (MRSA),21.91142191
BEL,Belgium,2007,Enterococcus faecium,Aminopenicillins,68.18181818
BEL,Belgium,2007,Escherichia coli,Fluoroquinolones,19.16726489
BEL,Belgium,2007,Escherichia coli,Third-generation cephalosporins,3.92832529
BEL,Belgium,2007,Staphylococcus aureus,Meticillin (MRSA),23.2748538
BEL,Belgium,2008,Enterococcus faecium,Aminopenicillins,75.86206896
BEL,Belgium,2008,Escherichia coli,Fluoroquinolones,16.8429003
BEL,Belgium,2008,Escherichia coli,Third-generation cephalosporins,4.18736692
BEL,Belgium,2008,Staphylococcus aureus,Meticillin (MRSA),20.6401766
BEL,Belgium,2009,Enterococcus faecium,Aminopenicillins,89.5522388
BEL,Belgium,2009,Escherichia coli,Fluoroquinolones,19.94680851
BEL,Belgium,2009,Escherichia coli,Third-generation cephalosporins,6.45363408
BEL,Belgium,2009,Klebsiella pneumoniae,Carbapenems,1.20481927
BEL,Belgium,2009,Klebsiella pneumoniae,Fluoroquinolones,13.38028169
BEL,Belgium,2009,Klebsiella pneumoniae,Third-generation cephalosporins,14.78873239
BEL,Belgium,2009,Pseudomonas aeruginosa,Carbapenems,8.95522388
BEL,Belgium,2009,Staphylococcus aureus,Meticillin (MRSA),21.07481559
BEL,Belgium,2010,Enterococcus faecium,Aminopenicillins,87.80487804
BEL,Belgium,2010,Escherichia coli,Carbapenems,0.0
BEL,Belgium,2010,Escherichia coli,Fluoroquinolones,21.54882154
BEL,Belgium,2010,Escherichia coli,Third-generation cephalosporins,5.17418032
BEL,Belgium,2010,Klebsiella pneumoniae,Carbapenems,0.0
BEL,Belgium,2010,Klebsiella pneumoniae,Fluoroquinolones,12.5
BEL,Belgium,2010,Klebsiella pneumoniae,Third-generation cephalosporins,12.58741258
BEL,Belgium,2010,Pseudomonas aeruginosa,Carbapenems,4.61538461
BEL,Belgium,2010,Staphylococcus aureus,Meticillin (MRSA),20.52980132
BEL,Belgium,2011,Enterococcus faecium,Aminopenicillins,83.33333333
BEL,Belgium,2011,Escherichia coli,Carbapenems,0.0
BEL,Belgium,2011,Escherichia coli,Fluoroquinolones,21.52719075
BEL,Belgium,2011,Escherichia coli,Third-generation cephalosporins,6.04767879
BEL,Belgium,2011,Klebsiella pneumoniae,Carbapenems,0.30959752
BEL,Belgium,2011,Klebsiella pneumoniae,Fluoroquinolones,14.93212669
BEL,Belgium,2011,Klebsiella pneumoniae,Third-generation cephalosporins,13.62275449
BEL,Belgium,2011,Pseudomonas aeruginosa,Carbapenems,10.67538126
BEL,Belgium,2011,Staphylococcus aureus,Meticillin (MRSA),17.43119266
BEL,Belgium,2012,Enterococcus faecium,Aminopenicillins,78.06122448
BEL,Belgium,2012,Escherichia coli,Carbapenems,0.02427773
BEL,Belgium,2012,Escherichia coli,Fluoroquinolones,22.16216216
BEL,Belgium,2012,Escherichia coli,Third-generation cephalosporins,6.88308518
BEL,Belgium,2012,Klebsiella pneumoniae,Carbapenems,0.73394495
BEL,Belgium,2012,Klebsiella pneumoniae,Fluoroquinolones,17.29323308
BEL,Belgium,2012,Klebsiella pneumoniae,Third-generation cephalosporins,16.48148148
BEL,Belgium,2012,Pseudomonas aeruginosa,Carbapenems,9.71867007
BEL,Belgium,2012,Staphylococcus aureus,Meticillin (MRSA),16.58163265
BEL,Belgium,2013,Acinetobacter spp.,Carbapenems,
BEL,Belgium,2013,Enterococcus faecium,Aminopenicillins,73.8372093
BEL,Belgium,2013,Escherichia coli,Carbapenems,0.04710315
BEL,Belgium,2013,Escherichia coli,Fluoroquinolones,22.95161682
BEL,Belgium,2013,Escherichia coli,Third-generation cephalosporins,7.99802517
BEL,Belgium,2013,Klebsiella pneumoniae,Carbapenems,0.32362459
BEL,Belgium,2013,Klebsiella pneumoniae,Fluoroquinolones,22.22222222
BEL,Belgium,2013,Klebsiella pneumoniae,Third-generation cephalosporins,15.31986531
BEL,Belgium,2013,Pseudomonas aeruginosa,Carbapenems,11.003861
BEL,Belgium,2013,Staphylococcus aureus,Meticillin (MRSA),16.87344913
BEL,Belgium,2014,Acinetobacter spp.,Carbapenems,
BEL,Belgium,2014,Enterococcus faecium,Aminopenicillins,84.81675392
BEL,Belgium,2014,Escherichia coli,Carbapenems,0.03825554
BEL,Belgium,2014,Escherichia coli,Fluoroquinolones,26.70257791
BEL,Belgium,2014,Escherichia coli,Third-generation cephalosporins,9.74304068
BEL,Belgium,2014,Klebsiella pneumoniae,Carbapenems,0.46620046
BEL,Belgium,2014,Klebsiella pneumoniae,Fluoroquinolones,18.18181818
BEL,Belgium,2014,Klebsiella pneumoniae,Third-generation cephalosporins,16.28865979
BEL,Belgium,2014,Pseudomonas aeruginosa,Carbapenems,10.1744186
BEL,Belgium,2014,Staphylococcus aureus,Meticillin (MRSA),13.46153846
BEL,Belgium,2015,Acinetobacter spp.,Carbapenems,0.0
BEL,Belgium,2015,Enterococcus faecium,Aminopenicillins,80.625
BEL,Belgium,2015,Escherichia coli,Carbapenems,0.0
BEL,Belgium,2015,Escherichia coli,Fluoroquinolones,26.58869395
BEL,Belgium,2015,Escherichia coli,Third-generation cephalosporins,9.67990744
BEL,Belgium,2015,Klebsiella pneumoniae,Carbapenems,0.51413881
BEL,Belgium,2015,Klebsiella pneumoniae,Fluoroquinolones,22.69129287
BEL,Belgium,2015,Klebsiella pneumoniae,Third-generation cephalosporins,19.70443349
BEL,Belgium,2015,Pseudomonas aeruginosa,Carbapenems,3.90625
BEL,Belgium,2015,Staphylococcus aureus,Meticillin (MRSA),12.26725082
BEL,Belgium,2016,Acinetobacter spp.,Carbapenems,2.56410256
BEL,Belgium,2016,Enterococcus faecium,Aminopenicillins,85.71428571
BEL,Belgium,2016,Escherichia coli,Carbapenems,0.0520156
BEL,Belgium,2016,Escherichia coli,Fluoroquinolones,24.54592631
BEL,Belgium,2016,Escherichia coli,Third-generation cephalosporins,10.48969761
BEL,Belgium,2016,Klebsiella pneumoniae,Carbapenems,2.39162929
BEL,Belgium,2016,Klebsiella pneumoniae,Fluoroquinolones,23.61733931
BEL,Belgium,2016,Klebsiella pneumoniae,Third-generation cephalosporins,22.86995515
BEL,Belgium,2016,Pseudomonas aeruginosa,Carbapenems,9.58904109
BEL,Belgium,2016,Staphylococcus aureus,Meticillin (MRSA),12.17008797
BEL,Belgium,2017,Acinetobacter spp.,Carbapenems,6.870229
BEL,Belgium,2017,Enterococcus faecium,Aminopenicillins,88.53658536
BEL,Belgium,2017,Escherichia coli,Carbapenems,0.0214041
BEL,Belgium,2017,Escherichia coli,Fluoroquinolones,23.80191693
BEL,Belgium,2017,Escherichia coli,Third-generation cephalosporins,9.73886986
BEL,Belgium,2017,Klebsiella pneumoniae,Carbapenems,1.13780025
BEL,Belgium,2017,Klebsiella pneumoniae,Fluoroquinolones,23.66127023
BEL,Belgium,2017,Klebsiella pneumoniae,Third-generation cephalosporins,19.30261519
BEL,Belgium,2017,Pseudomonas aeruginosa,Carbapenems,8.2278481
BEL,Belgium,2017,Staphylococcus aureus,Meticillin (MRSA),8.53739245
BEL,Belgium,2018,Acinetobacter spp.,Carbapenems,3.78787878
BEL,Belgium,2018,Enterococcus faecium,Aminopenicillins,84.66819221
BEL,Belgium,2018,Escherichia coli,Carbapenems,0.06464124
BEL,Belgium,2018,Escherichia coli,Fluoroquinolones,21.80004749
BEL,Belgium,2018,Escherichia coli,Third-generation cephalosporins,9.02239448
BEL,Belgium,2018,Klebsiella pneumoniae,Carbapenems,1.39037433
BEL,Belgium,2018,Klebsiella pneumoniae,Fluoroquinolones,22.63948497
BEL,Belgium,2018,Klebsiella pneumoniae,Third-generation cephalosporins,21.39037433
BEL,Belgium,2018,Pseudomonas aeruginosa,Carbapenems,7.39219712
BEL,Belgium,2018,Staphylococcus aureus,Meticillin (MRSA),9.04899135
BGR,Bulgaria,2000,Staphylococcus aureus,Meticillin (MRSA),40.19607843
BGR,Bulgaria,2001,Enterococcus faecium,Aminopenicillins,
BGR,Bulgaria,2001,Escherichia coli,Carbapenems,0.0
BGR,Bulgaria,2001,Escherichia coli,Fluoroquinolones,7.86516853
BGR,Bulgaria,2001,Escherichia coli,Third-generation cephalosporins,6.66666666
BGR,Bulgaria,2001,Staphylococcus aureus,Meticillin (MRSA),27.18446601
BGR,Bulgaria,2002,Enterococcus faecium,Aminopenicillins,
BGR,Bulgaria,2002,Escherichia coli,Carbapenems,0.0
BGR,Bulgaria,2002,Escherichia coli,Fluoroquinolones,14.07407407
BGR,Bulgaria,2002,Escherichia coli,Third-generation cephalosporins,13.33333333
BGR,Bulgaria,2002,Staphylococcus aureus,Meticillin (MRSA),32.75862068
BGR,Bulgaria,2003,Enterococcus faecium,Aminopenicillins,
BGR,Bulgaria,2003,Escherichia coli,Carbapenems,0.0
BGR,Bulgaria,2003,Escherichia coli,Fluoroquinolones,19.3548387
BGR,Bulgaria,2003,Escherichia coli,Third-generation cephalosporins,18.35443037
BGR,Bulgaria,2003,Staphylococcus aureus,Meticillin (MRSA),31.21019108
BGR,Bulgaria,2004,Enterococcus faecium,Aminopenicillins,59.09090909
BGR,Bulgaria,2004,Escherichia coli,Carbapenems,0.0
BGR,Bulgaria,2004,Escherichia coli,Fluoroquinolones,23.92638036
BGR,Bulgaria,2004,Escherichia coli,Third-generation cephalosporins,21.55688622
BGR,Bulgaria,2004,Staphylococcus aureus,Meticillin (MRSA),23.52941176
BGR,Bulgaria,2005,Enterococcus faecium,Aminopenicillins,96.15384615
BGR,Bulgaria,2005,Escherichia coli,Carbapenems,0.0
BGR,Bulgaria,2005,Escherichia coli,Fluoroquinolones,28.57142857
BGR,Bulgaria,2005,Escherichia coli,Third-generation cephalosporins,28.07881773
BGR,Bulgaria,2005,Klebsiella pneumoniae,Carbapenems,0.0
BGR,Bulgaria,2005,Klebsiella pneumoniae,Fluoroquinolones,26.47058823
BGR,Bulgaria,2005,Klebsiella pneumoniae,Third-generation cephalosporins,50.0
BGR,Bulgaria,2005,Pseudomonas aeruginosa,Carbapenems,37.5
BGR,Bulgaria,2005,Staphylococcus aureus,Meticillin (MRSA),30.0
BGR,Bulgaria,2006,Enterococcus faecium,Aminopenicillins,96.55172413
BGR,Bulgaria,2006,Escherichia coli,Carbapenems,0.0
BGR,Bulgaria,2006,Escherichia coli,Fluoroquinolones,26.17801047
BGR,Bulgaria,2006,Escherichia coli,Third-generation cephalosporins,28.57142857
BGR,Bulgaria,2006,Klebsiella pneumoniae,Carbapenems,0.0
BGR,Bulgaria,2006,Klebsiella pneumoniae,Fluoroquinolones,23.63636363
BGR,Bulgaria,2006,Klebsiella pneumoniae,Third-generation cephalosporins,60.0
BGR,Bulgaria,2006,Pseudomonas aeruginosa,Carbapenems,14.28571428
BGR,Bulgaria,2006,Staphylococcus aureus,Meticillin (MRSA),28.30188679
BGR,Bulgaria,2007,Enterococcus faecium,Aminopenicillins,
BGR,Bulgaria,2007,Escherichia coli,Carbapenems,0.0
BGR,Bulgaria,2007,Escherichia coli,Fluoroquinolones,34.64566929
BGR,Bulgaria,2007,Escherichia coli,Third-generation cephalosporins,22.83464566
BGR,Bulgaria,2007,Klebsiella pneumoniae,Carbapenems,0.0
BGR,Bulgaria,2007,Klebsiella pneumoniae,Fluoroquinolones,41.37931034
BGR,Bulgaria,2007,Klebsiella pneumoniae,Third-generation cephalosporins,55.17241379
BGR,Bulgaria,2007,Pseudomonas aeruginosa,Carbapenems,
BGR,Bulgaria,2007,Staphylococcus aureus,Meticillin (MRSA),13.22314049
BGR,Bulgaria,2008,Enterococcus faecium,Aminopenicillins,93.10344827
BGR,Bulgaria,2008,Escherichia coli,Carbapenems,0.0
BGR,Bulgaria,2008,Escherichia coli,Fluoroquinolones,31.50684931
BGR,Bulgaria,2008,Escherichia coli,Third-generation cephalosporins,29.25170068
BGR,Bulgaria,2008,Klebsiella pneumoniae,Carbapenems,0.0
BGR,Bulgaria,2008,Klebsiella pneumoniae,Fluoroquinolones,52.08333333
BGR,Bulgaria,2008,Klebsiella pneumoniae,Third-generation cephalosporins,73.46938775
BGR,Bulgaria,2008,Pseudomonas aeruginosa,Carbapenems,17.39130434
BGR,Bulgaria,2008,Staphylococcus aureus,Meticillin (MRSA),25.0
BGR,Bulgaria,2009,Enterococcus faecium,Aminopenicillins,96.42857142
BGR,Bulgaria,2009,Escherichia coli,Carbapenems,0.66225165
BGR,Bulgaria,2009,Escherichia coli,Fluoroquinolones,27.97927461
BGR,Bulgaria,2009,Escherichia coli,Third-generation cephalosporins,19.17098445
BGR,Bulgaria,2009,Klebsiella pneumoniae,Carbapenems,0.0
BGR,Bulgaria,2009,Klebsiella pneumoniae,Fluoroquinolones,48.42105263
BGR,Bulgaria,2009,Klebsiella pneumoniae,Third-generation cephalosporins,69.47368421
BGR,Bulgaria,2009,Pseudomonas aeruginosa,Carbapenems,23.52941176
BGR,Bulgaria,2009,Staphylococcus aureus,Meticillin (MRSA),15.83710407
BGR,Bulgaria,2010,Enterococcus faecium,Aminopenicillins,100.0
BGR,Bulgaria,2010,Escherichia coli,Carbapenems,0.0
BGR,Bulgaria,2010,Escherichia coli,Fluoroquinolones,33.11258278
BGR,Bulgaria,2010,Escherichia coli,Third-generation cephalosporins,24.8366013
BGR,Bulgaria,2010,Klebsiella pneumoniae,Carbapenems,0.0
BGR,Bulgaria,2010,Klebsiella pneumoniae,Fluoroquinolones,52.38095238
BGR,Bulgaria,2010,Klebsiella pneumoniae,Third-generation cephalosporins,75.59055118
BGR,Bulgaria,2010,Pseudomonas aeruginosa,Carbapenems,30.95238095
BGR,Bulgaria,2010,Staphylococcus aureus,Meticillin (MRSA),19.0
BGR,Bulgaria,2011,Enterococcus faecium,Aminopenicillins,84.21052631
BGR,Bulgaria,2011,Escherichia coli,Carbapenems,0.0
BGR,Bulgaria,2011,Escherichia coli,Fluoroquinolones,30.16759776
BGR,Bulgaria,2011,Escherichia coli,Third-generation cephalosporins,22.90502793
BGR,Bulgaria,2011,Klebsiella pneumoniae,Carbapenems,0.0
BGR,Bulgaria,2011,Klebsiella pneumoniae,Fluoroquinolones,51.23966942
BGR,Bulgaria,2011,Klebsiella pneumoniae,Third-generation cephalosporins,80.99173553
BGR,Bulgaria,2011,Pseudomonas aeruginosa,Carbapenems,29.16666666
BGR,Bulgaria,2011,Staphylococcus aureus,Meticillin (MRSA),22.42990654
BGR,Bulgaria,2012,Acinetobacter spp.,Carbapenems,60.34482758
BGR,Bulgaria,2012,Enterococcus faecium,Aminopenicillins,95.0
BGR,Bulgaria,2012,Escherichia coli,Carbapenems,2.61780104
BGR,Bulgaria,2012,Escherichia coli,Fluoroquinolones,34.08071748
BGR,Bulgaria,2012,Escherichia coli,Third-generation cephalosporins,38.11659192
BGR,Bulgaria,2012,Klebsiella pneumoniae,Carbapenems,1.85185185
BGR,Bulgaria,2012,Klebsiella pneumoniae,Fluoroquinolones,47.24409448
BGR,Bulgaria,2012,Klebsiella pneumoniae,Third-generation cephalosporins,74.8031496
BGR,Bulgaria,2012,Pseudomonas aeruginosa,Carbapenems,31.37254901
BGR,Bulgaria,2012,Staphylococcus aureus,Meticillin (MRSA),19.82378854
BGR,Bulgaria,2013,Acinetobacter spp.,Carbapenems,59.55056179
BGR,Bulgaria,2013,Enterococcus faecium,Aminopenicillins,88.37209302
BGR,Bulgaria,2013,Escherichia coli,Carbapenems,2.84090909
BGR,Bulgaria,2013,Escherichia coli,Fluoroquinolones,37.43315508
BGR,Bulgaria,2013,Escherichia coli,Third-generation cephalosporins,39.57219251
BGR,Bulgaria,2013,Klebsiella pneumoniae,Carbapenems,0.0
BGR,Bulgaria,2013,Klebsiella pneumoniae,Fluoroquinolones,45.65217391
BGR,Bulgaria,2013,Klebsiella pneumoniae,Third-generation cephalosporins,69.56521739
BGR,Bulgaria,2013,Pseudomonas aeruginosa,Carbapenems,13.55932203
BGR,Bulgaria,2013,Staphylococcus aureus,Meticillin (MRSA),19.1588785
BGR,Bulgaria,2014,Acinetobacter spp.,Carbapenems,59.09090909
BGR,Bulgaria,2014,Enterococcus faecium,Aminopenicillins,96.66666666
BGR,Bulgaria,2014,Escherichia coli,Carbapenems,0.50761421
BGR,Bulgaria,2014,Escherichia coli,Fluoroquinolones,38.60465116
BGR,Bulgaria,2014,Escherichia coli,Third-generation cephalosporins,40.36697247
BGR,Bulgaria,2014,Klebsiella pneumoniae,Carbapenems,7.1942446
BGR,Bulgaria,2014,Klebsiella pneumoniae,Fluoroquinolones,50.33112582
BGR,Bulgaria,2014,Klebsiella pneumoniae,Third-generation cephalosporins,74.83443708
BGR,Bulgaria,2014,Pseudomonas aeruginosa,Carbapenems,29.16666666
BGR,Bulgaria,2014,Staphylococcus aureus,Meticillin (MRSA),20.83333333
BGR,Bulgaria,2015,Acinetobacter spp.,Carbapenems,73.84615384
BGR,Bulgaria,2015,Enterococcus faecium,Aminopenicillins,95.3488372
BGR,Bulgaria,2015,Escherichia coli,Carbapenems,0.0
BGR,Bulgaria,2015,Escherichia coli,Fluoroquinolones,35.29411764
BGR,Bulgaria,2015,Escherichia coli,Third-generation cephalosporins,38.53658536
BGR,Bulgaria,2015,Klebsiella pneumoniae,Carbapenems,3.15789473
BGR,Bulgaria,2015,Klebsiella pneumoniae,Fluoroquinolones,37.5
BGR,Bulgaria,2015,Klebsiella pneumoniae,Third-generation cephalosporins,75.0
BGR,Bulgaria,2015,Pseudomonas aeruginosa,Carbapenems,25.45454545
BGR,Bulgaria,2015,Staphylococcus aureus,Meticillin (MRSA),13.06306306
BGR,Bulgaria,2016,Acinetobacter spp.,Carbapenems,74.75728155
BGR,Bulgaria,2016,Enterococcus faecium,Aminopenicillins,100.0
BGR,Bulgaria,2016,Escherichia coli,Carbapenems,0.89285714
BGR,Bulgaria,2016,Escherichia coli,Fluoroquinolones,42.19409282
BGR,Bulgaria,2016,Escherichia coli,Third-generation cephalosporins,41.59663865
BGR,Bulgaria,2016,Klebsiella pneumoniae,Carbapenems,4.40251572
BGR,Bulgaria,2016,Klebsiella pneumoniae,Fluoroquinolones,55.625
BGR,Bulgaria,2016,Klebsiella pneumoniae,Third-generation cephalosporins,72.5
BGR,Bulgaria,2016,Pseudomonas aeruginosa,Carbapenems,30.35714285
BGR,Bulgaria,2016,Staphylococcus aureus,Meticillin (MRSA),14.28571428
BGR,Bulgaria,2017,Acinetobacter spp.,Carbapenems,80.4347826
BGR,Bulgaria,2017,Enterococcus faecium,Aminopenicillins,98.8095238
BGR,Bulgaria,2017,Escherichia coli,Carbapenems,0.0
BGR,Bulgaria,2017,Escherichia coli,Fluoroquinolones,42.10526315
BGR,Bulgaria,2017,Escherichia coli,Third-generation cephalosporins,41.29554655
BGR,Bulgaria,2017,Klebsiella pneumoniae,Carbapenems,12.4260355
BGR,Bulgaria,2017,Klebsiella pneumoniae,Fluoroquinolones,59.7633136
BGR,Bulgaria,2017,Klebsiella pneumoniae,Third-generation cephalosporins,76.33136094
BGR,Bulgaria,2017,Pseudomonas aeruginosa,Carbapenems,25.35211267
BGR,Bulgaria,2017,Staphylococcus aureus,Meticillin (MRSA),13.65638766
BGR,Bulgaria,2018,Acinetobacter spp.,Carbapenems,74.54545454
BGR,Bulgaria,2018,Enterococcus faecium,Aminopenicillins,98.9010989
BGR,Bulgaria,2018,Escherichia coli,Carbapenems,1.36986301
BGR,Bulgaria,2018,Escherichia coli,Fluoroquinolones,41.78082191
BGR,Bulgaria,2018,Escherichia coli,Third-generation cephalosporins,38.69863013
BGR,Bulgaria,2018,Klebsiella pneumoniae,Carbapenems,21.24352331
BGR,Bulgaria,2018,Klebsiella pneumoniae,Fluoroquinolones,62.69430051
BGR,Bulgaria,2018,Klebsiella pneumoniae,Third-generation cephalosporins,77.72020725
BGR,Bulgaria,2018,Pseudomonas aeruginosa,Carbapenems,25.55555555
BGR,Bulgaria,2018,Staphylococcus aureus,Meticillin (MRSA),17.57188498
CYP,Cyprus,2003,Enterococcus faecium,Aminopenicillins,
CYP,Cyprus,2003,Escherichia coli,Carbapenems,
CYP,Cyprus,2003,Escherichia coli,Fluoroquinolones,
CYP,Cyprus,2003,Escherichia coli,Third-generation cephalosporins,
CYP,Cyprus,2003,Staphylococcus aureus,Meticillin (MRSA),64.28571428
CYP,Cyprus,2004,Enterococcus faecium,Aminopenicillins,
CYP,Cyprus,2004,Escherichia coli,Carbapenems,0.0
CYP,Cyprus,2004,Escherichia coli,Fluoroquinolones,21.73913043
CYP,Cyprus,2004,Escherichia coli,Third-generation cephalosporins,8.69565217
CYP,Cyprus,2004,Staphylococcus aureus,Meticillin (MRSA),48.71794871
CYP,Cyprus,2005,Enterococcus faecium,Aminopenicillins,
CYP,Cyprus,2005,Escherichia coli,Carbapenems,0.0
CYP,Cyprus,2005,Escherichia coli,Fluoroquinolones,28.76712328
CYP,Cyprus,2005,Escherichia coli,Third-generation cephalosporins,16.0
CYP,Cyprus,2005,Klebsiella pneumoniae,Carbapenems,
CYP,Cyprus,2005,Klebsiella pneumoniae,Fluoroquinolones,
CYP,Cyprus,2005,Klebsiella pneumoniae,Third-generation cephalosporins,
CYP,Cyprus,2005,Pseudomonas aeruginosa,Carbapenems,
CYP,Cyprus,2005,Staphylococcus aureus,Meticillin (MRSA),55.55555555
CYP,Cyprus,2006,Enterococcus faecium,Aminopenicillins,
CYP,Cyprus,2006,Escherichia coli,Carbapenems,0.0
CYP,Cyprus,2006,Escherichia coli,Fluoroquinolones,34.83146067
CYP,Cyprus,2006,Escherichia coli,Third-generation cephalosporins,15.55555555
CYP,Cyprus,2006,Klebsiella pneumoniae,Carbapenems,0.0
CYP,Cyprus,2006,Klebsiella pneumoniae,Fluoroquinolones,11.53846153
CYP,Cyprus,2006,Klebsiella pneumoniae,Third-generation cephalosporins,26.92307692
CYP,Cyprus,2006,Pseudomonas aeruginosa,Carbapenems,11.11111111
CYP,Cyprus,2006,Staphylococcus aureus,Meticillin (MRSA),33.87096774
CYP,Cyprus,2007,Enterococcus faecium,Aminopenicillins,
CYP,Cyprus,2007,Escherichia coli,Carbapenems,1.85185185
CYP,Cyprus,2007,Escherichia coli,Fluoroquinolones,39.44954128
CYP,Cyprus,2007,Escherichia coli,Third-generation cephalosporins,18.34862385
CYP,Cyprus,2007,Klebsiella pneumoniae,Carbapenems,2.56410256
CYP,Cyprus,2007,Klebsiella pneumoniae,Fluoroquinolones,23.07692307
CYP,Cyprus,2007,Klebsiella pneumoniae,Third-generation cephalosporins,30.76923076
CYP,Cyprus,2007,Pseudomonas aeruginosa,Carbapenems,19.23076923
CYP,Cyprus,2007,Staphylococcus aureus,Meticillin (MRSA),48.23529411
CYP,Cyprus,2008,Enterococcus faecium,Aminopenicillins,
CYP,Cyprus,2008,Escherichia coli,Carbapenems,0.0
CYP,Cyprus,2008,Escherichia coli,Fluoroquinolones,45.37815126
CYP,Cyprus,2008,Escherichia coli,Third-generation cephalosporins,19.32773109
CYP,Cyprus,2008,Klebsiella pneumoniae,Carbapenems,9.67741935
CYP,Cyprus,2008,Klebsiella pneumoniae,Fluoroquinolones,22.58064516
CYP,Cyprus,2008,Klebsiella pneumoniae,Third-generation cephalosporins,35.48387096
CYP,Cyprus,2008,Pseudomonas aeruginosa,Carbapenems,18.60465116
CYP,Cyprus,2008,Staphylococcus aureus,Meticillin (MRSA),45.65217391
CYP,Cyprus,2009,Enterococcus faecium,Aminopenicillins,
CYP,Cyprus,2009,Escherichia coli,Carbapenems,0.0
CYP,Cyprus,2009,Escherichia coli,Fluoroquinolones,43.38235294
CYP,Cyprus,2009,Escherichia coli,Third-generation cephalosporins,13.97058823
CYP,Cyprus,2009,Klebsiella pneumoniae,Carbapenems,16.98113207
CYP,Cyprus,2009,Klebsiella pneumoniae,Fluoroquinolones,43.39622641
CYP,Cyprus,2009,Klebsiella pneumoniae,Third-generation cephalosporins,41.50943396
CYP,Cyprus,2009,Pseudomonas aeruginosa,Carbapenems,8.19672131
CYP,Cyprus,2009,Staphylococcus aureus,Meticillin (MRSA),40.4494382
CYP,Cyprus,2010,Enterococcus faecium,Aminopenicillins,78.26086956
CYP,Cyprus,2010,Escherichia coli,Carbapenems,0.72463768
CYP,Cyprus,2010,Escherichia coli,Fluoroquinolones,42.75362318
CYP,Cyprus,2010,Escherichia coli,Third-generation cephalosporins,20.14388489
CYP,Cyprus,2010,Klebsiella pneumoniae,Carbapenems,16.41791044
CYP,Cyprus,2010,Klebsiella pneumoniae,Fluoroquinolones,38.80597014
CYP,Cyprus,2010,Klebsiella pneumoniae,Third-generation cephalosporins,34.3283582
CYP,Cyprus,2010,Pseudomonas aeruginosa,Carbapenems,29.16666666
CYP,Cyprus,2010,Staphylococcus aureus,Meticillin (MRSA),32.32323232
CYP,Cyprus,2011,Enterococcus faecium,Aminopenicillins,
CYP,Cyprus,2011,Escherichia coli,Carbapenems,0.72463768
CYP,Cyprus,2011,Escherichia coli,Fluoroquinolones,47.44525547
CYP,Cyprus,2011,Escherichia coli,Third-generation cephalosporins,36.23188405
CYP,Cyprus,2011,Klebsiella pneumoniae,Carbapenems,15.6626506
CYP,Cyprus,2011,Klebsiella pneumoniae,Fluoroquinolones,36.14457831
CYP,Cyprus,2011,Klebsiella pneumoniae,Third-generation cephalosporins,40.96385542
CYP,Cyprus,2011,Pseudomonas aeruginosa,Carbapenems,43.1372549
CYP,Cyprus,2011,Staphylococcus aureus,Meticillin (MRSA),41.59292035
CYP,Cyprus,2012,Acinetobacter spp.,Carbapenems,56.52173913
CYP,Cyprus,2012,Enterococcus faecium,Aminopenicillins,75.86206896
CYP,Cyprus,2012,Escherichia coli,Carbapenems,0.0
CYP,Cyprus,2012,Escherichia coli,Fluoroquinolones,42.04545454
CYP,Cyprus,2012,Escherichia coli,Third-generation cephalosporins,31.81818181
CYP,Cyprus,2012,Klebsiella pneumoniae,Carbapenems,9.23076923
CYP,Cyprus,2012,Klebsiella pneumoniae,Fluoroquinolones,21.53846153
CYP,Cyprus,2012,Klebsiella pneumoniae,Third-generation cephalosporins,23.07692307
CYP,Cyprus,2012,Pseudomonas aeruginosa,Carbapenems,19.23076923
CYP,Cyprus,2012,Staphylococcus aureus,Meticillin (MRSA),35.15151515
CYP,Cyprus,2013,Acinetobacter spp.,Carbapenems,60.6060606
CYP,Cyprus,2013,Enterococcus faecium,Aminopenicillins,89.65517241
CYP,Cyprus,2013,Escherichia coli,Carbapenems,0.0
CYP,Cyprus,2013,Escherichia coli,Fluoroquinolones,51.85185185
CYP,Cyprus,2013,Escherichia coli,Third-generation cephalosporins,38.88888888
CYP,Cyprus,2013,Klebsiella pneumoniae,Carbapenems,5.88235294
CYP,Cyprus,2013,Klebsiella pneumoniae,Fluoroquinolones,23.52941176
CYP,Cyprus,2013,Klebsiella pneumoniae,Third-generation cephalosporins,30.88235294
CYP,Cyprus,2013,Pseudomonas aeruginosa,Carbapenems,19.14893617
CYP,Cyprus,2013,Staphylococcus aureus,Meticillin (MRSA),32.48407643
CYP,Cyprus,2014,Acinetobacter spp.,Carbapenems,77.58620689
CYP,Cyprus,2014,Enterococcus faecium,Aminopenicillins,82.85714285
CYP,Cyprus,2014,Escherichia coli,Carbapenems,0.0
CYP,Cyprus,2014,Escherichia coli,Fluoroquinolones,46.40522875
CYP,Cyprus,2014,Escherichia coli,Third-generation cephalosporins,28.75816993
CYP,Cyprus,2014,Klebsiella pneumoniae,Carbapenems,5.0
CYP,Cyprus,2014,Klebsiella pneumoniae,Fluoroquinolones,26.25
CYP,Cyprus,2014,Klebsiella pneumoniae,Third-generation cephalosporins,32.5
CYP,Cyprus,2014,Pseudomonas aeruginosa,Carbapenems,33.33333333
CYP,Cyprus,2014,Staphylococcus aureus,Meticillin (MRSA),36.02941176
CYP,Cyprus,2015,Acinetobacter spp.,Carbapenems,83.05084745
CYP,Cyprus,2015,Enterococcus faecium,Aminopenicillins,96.42857142
CYP,Cyprus,2015,Escherichia coli,Carbapenems,0.0
CYP,Cyprus,2015,Escherichia coli,Fluoroquinolones,45.52845528
CYP,Cyprus,2015,Escherichia coli,Third-generation cephalosporins,28.45528455
CYP,Cyprus,2015,Klebsiella pneumoniae,Carbapenems,12.9032258
CYP,Cyprus,2015,Klebsiella pneumoniae,Fluoroquinolones,37.09677419
CYP,Cyprus,2015,Klebsiella pneumoniae,Third-generation cephalosporins,43.54838709
CYP,Cyprus,2015,Pseudomonas aeruginosa,Carbapenems,20.93023255
CYP,Cyprus,2015,Staphylococcus aureus,Meticillin (MRSA),43.35664335
CYP,Cyprus,2016,Acinetobacter spp.,Carbapenems,71.42857142
CYP,Cyprus,2016,Enterococcus faecium,Aminopenicillins,92.68292682
CYP,Cyprus,2016,Escherichia coli,Carbapenems,0.0
CYP,Cyprus,2016,Escherichia coli,Fluoroquinolones,46.97986577
CYP,Cyprus,2016,Escherichia coli,Third-generation cephalosporins,30.20134228
CYP,Cyprus,2016,Klebsiella pneumoniae,Carbapenems,10.66666666
CYP,Cyprus,2016,Klebsiella pneumoniae,Fluoroquinolones,32.0
CYP,Cyprus,2016,Klebsiella pneumoniae,Third-generation cephalosporins,30.66666666
CYP,Cyprus,2016,Pseudomonas aeruginosa,Carbapenems,18.75
CYP,Cyprus,2016,Staphylococcus aureus,Meticillin (MRSA),38.84892086
CYP,Cyprus,2017,Acinetobacter spp.,Carbapenems,76.0
CYP,Cyprus,2017,Enterococcus faecium,Aminopenicillins,92.68292682
CYP,Cyprus,2017,Escherichia coli,Carbapenems,1.28205128
CYP,Cyprus,2017,Escherichia coli,Fluoroquinolones,42.94871794
CYP,Cyprus,2017,Escherichia coli,Third-generation cephalosporins,30.76923076
CYP,Cyprus,2017,Klebsiella pneumoniae,Carbapenems,15.49295774
CYP,Cyprus,2017,Klebsiella pneumoniae,Fluoroquinolones,35.2112676
CYP,Cyprus,2017,Klebsiella pneumoniae,Third-generation cephalosporins,46.47887323
CYP,Cyprus,2017,Pseudomonas aeruginosa,Carbapenems,16.98113207
CYP,Cyprus,2017,Staphylococcus aureus,Meticillin (MRSA),31.2
CYP,Cyprus,2018,Acinetobacter spp.,Carbapenems,84.21052631
CYP,Cyprus,2018,Enterococcus faecium,Aminopenicillins,88.63636363
CYP,Cyprus,2018,Escherichia coli,Carbapenems,2.0
CYP,Cyprus,2018,Escherichia coli,Fluoroquinolones,42.38410596
CYP,Cyprus,2018,Escherichia coli,Third-generation cephalosporins,37.08609271
CYP,Cyprus,2018,Klebsiella pneumoniae,Carbapenems,21.83908045
CYP,Cyprus,2018,Klebsiella pneumoniae,Fluoroquinolones,49.42528735
CYP,Cyprus,2018,Klebsiella pneumoniae,Third-generation cephalosporins,48.27586206
CYP,Cyprus,2018,Pseudomonas aeruginosa,Carbapenems,12.72727272
CYP,Cyprus,2018,Staphylococcus aureus,Meticillin (MRSA),40.17094017
CZE,Czechia,2000,Staphylococcus aureus,Meticillin (MRSA),4.27184466
CZE,Czechia,2001,Enterococcus faecium,Aminopenicillins,67.1875
CZE,Czechia,2001,Escherichia coli,Carbapenems,0.0
CZE,Czechia,2001,Escherichia coli,Fluoroquinolones,8.09199318
CZE,Czechia,2001,Escherichia coli,Third-generation cephalosporins,2.31362467
CZE,Czechia,2001,Staphylococcus aureus,Meticillin (MRSA),5.86046511
CZE,Czechia,2002,Enterococcus faecium,Aminopenicillins,73.1707317
CZE,Czechia,2002,Escherichia coli,Fluoroquinolones,10.40353089
CZE,Czechia,2002,Escherichia coli,Third-generation cephalosporins,1.19873817
CZE,Czechia,2002,Staphylococcus aureus,Meticillin (MRSA),5.90753424
CZE,Czechia,2003,Enterococcus faecium,Aminopenicillins,79.78723404
CZE,Czechia,2003,Escherichia coli,Fluoroquinolones,13.20861678
CZE,Czechia,2003,Escherichia coli,Third-generation cephalosporins,1.13700966
CZE,Czechia,2003,Staphylococcus aureus,Meticillin (MRSA),6.12833453
CZE,Czechia,2004,Enterococcus faecium,Aminopenicillins,81.13207547
CZE,Czechia,2004,Escherichia coli,Fluoroquinolones,15.92875318
CZE,Czechia,2004,Escherichia coli,Third-generation cephalosporins,1.67938931
CZE,Czechia,2004,Staphylococcus aureus,Meticillin (MRSA),8.51800554
CZE,Czechia,2005,Enterococcus faecium,Aminopenicillins,91.94312796
CZE,Czechia,2005,Escherichia coli,Carbapenems,0.0
CZE,Czechia,2005,Escherichia coli,Fluoroquinolones,20.24182713
CZE,Czechia,2005,Escherichia coli,Third-generation cephalosporins,2.23914017
CZE,Czechia,2005,Klebsiella pneumoniae,Carbapenems,0.0
CZE,Czechia,2005,Klebsiella pneumoniae,Fluoroquinolones,38.0753138
CZE,Czechia,2005,Klebsiella pneumoniae,Third-generation cephalosporins,32.42677824
CZE,Czechia,2005,Pseudomonas aeruginosa,Carbapenems,31.12840466
CZE,Czechia,2005,Staphylococcus aureus,Meticillin (MRSA),12.87830006
CZE,Czechia,2006,Enterococcus faecium,Aminopenicillins,90.1098901
CZE,Czechia,2006,Escherichia coli,Carbapenems,0.0
CZE,Czechia,2006,Escherichia coli,Fluoroquinolones,23.22761194
CZE,Czechia,2006,Escherichia coli,Third-generation cephalosporins,5.13888888
CZE,Czechia,2006,Klebsiella pneumoniae,Carbapenems,
CZE,Czechia,2006,Klebsiella pneumoniae,Fluoroquinolones,47.3870682
CZE,Czechia,2006,Klebsiella pneumoniae,Third-generation cephalosporins,34.77876106
CZE,Czechia,2006,Pseudomonas aeruginosa,Carbapenems,32.7198364
CZE,Czechia,2006,Staphylococcus aureus,Meticillin (MRSA),12.31172233
CZE,Czechia,2007,Enterococcus faecium,Aminopenicillins,91.26637554
CZE,Czechia,2007,Escherichia coli,Carbapenems,0.22547914
CZE,Czechia,2007,Escherichia coli,Fluoroquinolones,24.14796342
CZE,Czechia,2007,Escherichia coli,Third-generation cephalosporins,7.39509763
CZE,Czechia,2007,Klebsiella pneumoniae,Carbapenems,0.0
CZE,Czechia,2007,Klebsiella pneumoniae,Fluoroquinolones,48.45528455
CZE,Czechia,2007,Klebsiella pneumoniae,Third-generation cephalosporins,45.69105691
CZE,Czechia,2007,Pseudomonas aeruginosa,Carbapenems,35.97678916
CZE,Czechia,2007,Staphylococcus aureus,Meticillin (MRSA),12.88566243
CZE,Czechia,2008,Enterococcus faecium,Aminopenicillins,94.01709401
CZE,Czechia,2008,Escherichia coli,Carbapenems,0.04732607
CZE,Czechia,2008,Escherichia coli,Fluoroquinolones,26.02339181
CZE,Czechia,2008,Escherichia coli,Third-generation cephalosporins,9.86121256
CZE,Czechia,2008,Klebsiella pneumoniae,Carbapenems,0.23809523
CZE,Czechia,2008,Klebsiella pneumoniae,Fluoroquinolones,51.54155495
CZE,Czechia,2008,Klebsiella pneumoniae,Third-generation cephalosporins,47.68921634
CZE,Czechia,2008,Pseudomonas aeruginosa,Carbapenems,29.07801418
CZE,Czechia,2008,Staphylococcus aureus,Meticillin (MRSA),14.1690962
CZE,Czechia,2009,Enterococcus faecium,Aminopenicillins,97.6076555
CZE,Czechia,2009,Escherichia coli,Carbapenems,0.05966587
CZE,Czechia,2009,Escherichia coli,Fluoroquinolones,23.16896301
CZE,Czechia,2009,Escherichia coli,Third-generation cephalosporins,9.7861544
CZE,Czechia,2009,Klebsiella pneumoniae,Carbapenems,0.24711696
CZE,Czechia,2009,Klebsiella pneumoniae,Fluoroquinolones,54.27561837
CZE,Czechia,2009,Klebsiella pneumoniae,Third-generation cephalosporins,52.08480565
CZE,Czechia,2009,Pseudomonas aeruginosa,Carbapenems,28.86956521
CZE,Czechia,2009,Staphylococcus aureus,Meticillin (MRSA),14.39528023
CZE,Czechia,2010,Enterococcus faecium,Aminopenicillins,97.34042553
CZE,Czechia,2010,Escherichia coli,Carbapenems,0.06071645
CZE,Czechia,2010,Escherichia coli,Fluoroquinolones,22.73276904
CZE,Czechia,2010,Escherichia coli,Third-generation cephalosporins,10.35455278
CZE,Czechia,2010,Klebsiella pneumoniae,Carbapenems,0.09066183
CZE,Czechia,2010,Klebsiella pneumoniae,Fluoroquinolones,55.10688836
CZE,Czechia,2010,Klebsiella pneumoniae,Third-generation cephalosporins,48.21852731
CZE,Czechia,2010,Pseudomonas aeruginosa,Carbapenems,16.47058823
CZE,Czechia,2010,Staphylococcus aureus,Meticillin (MRSA),13.49654739
CZE,Czechia,2011,Enterococcus faecium,Aminopenicillins,97.1563981
CZE,Czechia,2011,Escherichia coli,Carbapenems,0.0
CZE,Czechia,2011,Escherichia coli,Fluoroquinolones,23.48993288
CZE,Czechia,2011,Escherichia coli,Third-generation cephalosporins,11.36363636
CZE,Czechia,2011,Klebsiella pneumoniae,Carbapenems,0.08382229
CZE,Czechia,2011,Klebsiella pneumoniae,Fluoroquinolones,52.83605283
CZE,Czechia,2011,Klebsiella pneumoniae,Third-generation cephalosporins,48.25174825
CZE,Czechia,2011,Pseudomonas aeruginosa,Carbapenems,13.16964285
CZE,Czechia,2011,Staphylococcus aureus,Meticillin (MRSA),14.53376205
CZE,Czechia,2012,Enterococcus faecium,Aminopenicillins,97.70992366
CZE,Czechia,2012,Escherichia coli,Carbapenems,0.05783689
CZE,Czechia,2012,Escherichia coli,Fluoroquinolones,20.96831612
CZE,Czechia,2012,Escherichia coli,Third-generation cephalosporins,11.4509246
CZE,Czechia,2012,Klebsiella pneumoniae,Carbapenems,0.30604437
CZE,Czechia,2012,Klebsiella pneumoniae,Fluoroquinolones,50.39313795
CZE,Czechia,2012,Klebsiella pneumoniae,Third-generation cephalosporins,51.17941386
CZE,Czechia,2012,Pseudomonas aeruginosa,Carbapenems,15.13292433
CZE,Czechia,2012,Staphylococcus aureus,Meticillin (MRSA),13.15952824
CZE,Czechia,2013,Acinetobacter spp.,Carbapenems,4.39560439
CZE,Czechia,2013,Enterococcus faecium,Aminopenicillins,95.91078066
CZE,Czechia,2013,Escherichia coli,Carbapenems,0.0
CZE,Czechia,2013,Escherichia coli,Fluoroquinolones,20.75855062
CZE,Czechia,2013,Escherichia coli,Third-generation cephalosporins,13.10088016
CZE,Czechia,2013,Klebsiella pneumoniae,Carbapenems,0.52956751
CZE,Czechia,2013,Klebsiella pneumoniae,Fluoroquinolones,47.71494965
CZE,Czechia,2013,Klebsiella pneumoniae,Third-generation cephalosporins,51.97521301
CZE,Czechia,2013,Pseudomonas aeruginosa,Carbapenems,15.69767441
CZE,Czechia,2013,Staphylococcus aureus,Meticillin (MRSA),13.41534856
CZE,Czechia,2014,Acinetobacter spp.,Carbapenems,5.08474576
CZE,Czechia,2014,Enterococcus faecium,Aminopenicillins,96.0
CZE,Czechia,2014,Escherichia coli,Carbapenems,0.0
CZE,Czechia,2014,Escherichia coli,Fluoroquinolones,21.60618279
CZE,Czechia,2014,Escherichia coli,Third-generation cephalosporins,13.96910678
CZE,Czechia,2014,Klebsiella pneumoniae,Carbapenems,0.08710801
CZE,Czechia,2014,Klebsiella pneumoniae,Fluoroquinolones,47.97395079
CZE,Czechia,2014,Klebsiella pneumoniae,Third-generation cephalosporins,52.92841648
CZE,Czechia,2014,Pseudomonas aeruginosa,Carbapenems,14.0625
CZE,Czechia,2014,Staphylococcus aureus,Meticillin (MRSA),13.15634218
CZE,Czechia,2015,Acinetobacter spp.,Carbapenems,6.66666666
CZE,Czechia,2015,Enterococcus faecium,Aminopenicillins,96.27329192
CZE,Czechia,2015,Escherichia coli,Carbapenems,0.0
CZE,Czechia,2015,Escherichia coli,Fluoroquinolones,22.59083728
CZE,Czechia,2015,Escherichia coli,Third-generation cephalosporins,14.50189155
CZE,Czechia,2015,Klebsiella pneumoniae,Carbapenems,0.27272727
CZE,Czechia,2015,Klebsiella pneumoniae,Fluoroquinolones,48.87005649
CZE,Czechia,2015,Klebsiella pneumoniae,Third-generation cephalosporins,54.12844036
CZE,Czechia,2015,Pseudomonas aeruginosa,Carbapenems,10.56034482
CZE,Czechia,2015,Staphylococcus aureus,Meticillin (MRSA),13.34440753
CZE,Czechia,2016,Acinetobacter spp.,Carbapenems,1.75438596
CZE,Czechia,2016,Enterococcus faecium,Aminopenicillins,95.33073929
CZE,Czechia,2016,Escherichia coli,Carbapenems,0.0
CZE,Czechia,2016,Escherichia coli,Fluoroquinolones,27.63802678
CZE,Czechia,2016,Escherichia coli,Third-generation cephalosporins,15.06043776
CZE,Czechia,2016,Klebsiella pneumoniae,Carbapenems,0.0
CZE,Czechia,2016,Klebsiella pneumoniae,Fluoroquinolones,50.50578034
CZE,Czechia,2016,Klebsiella pneumoniae,Third-generation cephalosporins,51.80635838
CZE,Czechia,2016,Pseudomonas aeruginosa,Carbapenems,8.83620689
CZE,Czechia,2016,Staphylococcus aureus,Meticillin (MRSA),13.72549019
CZE,Czechia,2017,Acinetobacter spp.,Carbapenems,12.72727272
CZE,Czechia,2017,Enterococcus faecium,Aminopenicillins,96.96969696
CZE,Czechia,2017,Escherichia coli,Carbapenems,0.0
CZE,Czechia,2017,Escherichia coli,Fluoroquinolones,24.47639887
CZE,Czechia,2017,Escherichia coli,Third-generation cephalosporins,14.22319474
CZE,Czechia,2017,Klebsiella pneumoniae,Carbapenems,0.38058991
CZE,Czechia,2017,Klebsiella pneumoniae,Fluoroquinolones,49.20993227
CZE,Czechia,2017,Klebsiella pneumoniae,Third-generation cephalosporins,53.19789315
CZE,Czechia,2017,Pseudomonas aeruginosa,Carbapenems,14.84184914
CZE,Czechia,2017,Staphylococcus aureus,Meticillin (MRSA),14.0946502
CZE,Czechia,2018,Acinetobacter spp.,Carbapenems,19.78021978
CZE,Czechia,2018,Enterococcus faecium,Aminopenicillins,95.25139664
CZE,Czechia,2018,Escherichia coli,Carbapenems,0.05707762
CZE,Czechia,2018,Escherichia coli,Fluoroquinolones,24.27157778
CZE,Czechia,2018,Escherichia coli,Third-generation cephalosporins,15.2156001
CZE,Czechia,2018,Klebsiella pneumoniae,Carbapenems,0.25125628
CZE,Czechia,2018,Klebsiella pneumoniae,Fluoroquinolones,47.23346828
CZE,Czechia,2018,Klebsiella pneumoniae,Third-generation cephalosporins,50.06747638
CZE,Czechia,2018,Pseudomonas aeruginosa,Carbapenems,17.99628942
CZE,Czechia,2018,Staphylococcus aureus,Meticillin (MRSA),13.6870263
DEU,Germany,2000,Enterococcus faecium,Aminopenicillins,
DEU,Germany,2000,Escherichia coli,Fluoroquinolones,7.77777777
DEU,Germany,2000,Escherichia coli,Third-generation cephalosporins,0.0
DEU,Germany,2000,Staphylococcus aureus,Meticillin (MRSA),12.47191011
DEU,Germany,2001,Enterococcus faecium,Aminopenicillins,70.42253521
DEU,Germany,2001,Escherichia coli,Carbapenems,0.0
DEU,Germany,2001,Escherichia coli,Fluoroquinolones,11.24694376
DEU,Germany,2001,Escherichia coli,Third-generation cephalosporins,0.7154213
DEU,Germany,2001,Staphylococcus aureus,Meticillin (MRSA),15.6557377
DEU,Germany,2002,Enterococcus faecium,Aminopenicillins,71.42857142
DEU,Germany,2002,Escherichia coli,Carbapenems,0.0
DEU,Germany,2002,Escherichia coli,Fluoroquinolones,14.51310861
DEU,Germany,2002,Escherichia coli,Third-generation cephalosporins,0.93984962
DEU,Germany,2002,Staphylococcus aureus,Meticillin (MRSA),18.48030018
DEU,Germany,2003,Enterococcus faecium,Aminopenicillins,70.7070707
DEU,Germany,2003,Escherichia coli,Carbapenems,0.0
DEU,Germany,2003,Escherichia coli,Fluoroquinolones,13.9607032
DEU,Germany,2003,Escherichia coli,Third-generation cephalosporins,0.6060606
DEU,Germany,2003,Staphylococcus aureus,Meticillin (MRSA),18.28073993
DEU,Germany,2004,Enterococcus faecium,Aminopenicillins,87.34939759
DEU,Germany,2004,Escherichia coli,Carbapenems,0.69444444
DEU,Germany,2004,Escherichia coli,Fluoroquinolones,24.34928631
DEU,Germany,2004,Escherichia coli,Third-generation cephalosporins,1.8961253
DEU,Germany,2004,Staphylococcus aureus,Meticillin (MRSA),19.52983725
DEU,Germany,2005,Enterococcus faecium,Aminopenicillins,89.95633187
DEU,Germany,2005,Escherichia coli,Carbapenems,0.24752475
DEU,Germany,2005,Escherichia coli,Fluoroquinolones,23.40647857
DEU,Germany,2005,Escherichia coli,Third-generation cephalosporins,1.67189132
DEU,Germany,2005,Klebsiella pneumoniae,Carbapenems,1.96078431
DEU,Germany,2005,Klebsiella pneumoniae,Fluoroquinolones,5.71428571
DEU,Germany,2005,Klebsiella pneumoniae,Third-generation cephalosporins,6.73076923
DEU,Germany,2005,Pseudomonas aeruginosa,Carbapenems,24.78632478
DEU,Germany,2005,Staphylococcus aureus,Meticillin (MRSA),21.42857142
DEU,Germany,2006,Enterococcus faecium,Aminopenicillins,90.87136929
DEU,Germany,2006,Escherichia coli,Carbapenems,0.1345895
DEU,Germany,2006,Escherichia coli,Fluoroquinolones,29.27981109
DEU,Germany,2006,Escherichia coli,Third-generation cephalosporins,4.24528301
DEU,Germany,2006,Klebsiella pneumoniae,Carbapenems,0.0
DEU,Germany,2006,Klebsiella pneumoniae,Fluoroquinolones,12.24489795
DEU,Germany,2006,Klebsiella pneumoniae,Third-generation cephalosporins,13.60544217
DEU,Germany,2006,Pseudomonas aeruginosa,Carbapenems,16.66666666
DEU,Germany,2006,Staphylococcus aureus,Meticillin (MRSA),19.97487437
DEU,Germany,2007,Enterococcus faecium,Aminopenicillins,94.52554744
DEU,Germany,2007,Escherichia coli,Carbapenems,0.2096436
DEU,Germany,2007,Escherichia coli,Fluoroquinolones,29.73251028
DEU,Germany,2007,Escherichia coli,Third-generation cephalosporins,7.70020533
DEU,Germany,2007,Klebsiella pneumoniae,Carbapenems,1.73410404
DEU,Germany,2007,Klebsiella pneumoniae,Fluoroquinolones,9.24855491
DEU,Germany,2007,Klebsiella pneumoniae,Third-generation cephalosporins,6.3583815
DEU,Germany,2007,Pseudomonas aeruginosa,Carbapenems,22.33502538
DEU,Germany,2007,Staphylococcus aureus,Meticillin (MRSA),16.2954279
DEU,Germany,2008,Enterococcus faecium,Aminopenicillins,94.7368421
DEU,Germany,2008,Escherichia coli,Carbapenems,0.0
DEU,Germany,2008,Escherichia coli,Fluoroquinolones,23.41614906
DEU,Germany,2008,Escherichia coli,Third-generation cephalosporins,4.83570985
DEU,Germany,2008,Klebsiella pneumoniae,Carbapenems,0.0
DEU,Germany,2008,Klebsiella pneumoniae,Fluoroquinolones,15.31914893
DEU,Germany,2008,Klebsiella pneumoniae,Third-generation cephalosporins,11.4893617
DEU,Germany,2008,Pseudomonas aeruginosa,Carbapenems,10.77844311
DEU,Germany,2008,Staphylococcus aureus,Meticillin (MRSA),19.37557392
DEU,Germany,2009,Enterococcus faecium,Aminopenicillins,94.01197604
DEU,Germany,2009,Escherichia coli,Carbapenems,0.0
DEU,Germany,2009,Escherichia coli,Fluoroquinolones,23.40272792
DEU,Germany,2009,Escherichia coli,Third-generation cephalosporins,8.15512866
DEU,Germany,2009,Klebsiella pneumoniae,Carbapenems,0.0
DEU,Germany,2009,Klebsiella pneumoniae,Fluoroquinolones,14.82254697
DEU,Germany,2009,Klebsiella pneumoniae,Third-generation cephalosporins,13.16348195
DEU,Germany,2009,Pseudomonas aeruginosa,Carbapenems,10.60070671
DEU,Germany,2009,Staphylococcus aureus,Meticillin (MRSA),18.35543766
DEU,Germany,2010,Enterococcus faecium,Aminopenicillins,94.31818181
DEU,Germany,2010,Escherichia coli,Carbapenems,0.03411804
DEU,Germany,2010,Escherichia coli,Fluoroquinolones,24.75969506
DEU,Germany,2010,Escherichia coli,Third-generation cephalosporins,8.35820895
DEU,Germany,2010,Klebsiella pneumoniae,Carbapenems,0.0
DEU,Germany,2010,Klebsiella pneumoniae,Fluoroquinolones,14.85355648
DEU,Germany,2010,Klebsiella pneumoniae,Third-generation cephalosporins,12.76150627
DEU,Germany,2010,Pseudomonas aeruginosa,Carbapenems,12.54019292
DEU,Germany,2010,Staphylococcus aureus,Meticillin (MRSA),20.95959595
DEU,Germany,2011,Enterococcus faecium,Aminopenicillins,95.89552238
DEU,Germany,2011,Escherichia coli,Carbapenems,0.02783189
DEU,Germany,2011,Escherichia coli,Fluoroquinolones,23.73487348
DEU,Germany,2011,Escherichia coli,Third-generation cephalosporins,7.96265788
DEU,Germany,2011,Klebsiella pneumoniae,Carbapenems,0.0
DEU,Germany,2011,Klebsiella pneumoniae,Fluoroquinolones,14.06551059
DEU,Germany,2011,Klebsiella pneumoniae,Third-generation cephalosporins,12.52408477
DEU,Germany,2011,Pseudomonas aeruginosa,Carbapenems,9.84455958
DEU,Germany,2011,Staphylococcus aureus,Meticillin (MRSA),16.1641541
DEU,Germany,2012,Acinetobacter spp.,Carbapenems,6.61157024
DEU,Germany,2012,Enterococcus faecium,Aminopenicillins,93.16770186
DEU,Germany,2012,Escherichia coli,Carbapenems,0.02390057
DEU,Germany,2012,Escherichia coli,Fluoroquinolones,21.10792741
DEU,Germany,2012,Escherichia coli,Third-generation cephalosporins,8.83898709
DEU,Germany,2012,Klebsiella pneumoniae,Carbapenems,0.0
DEU,Germany,2012,Klebsiella pneumoniae,Fluoroquinolones,13.72549019
DEU,Germany,2012,Klebsiella pneumoniae,Third-generation cephalosporins,12.95180722
DEU,Germany,2012,Pseudomonas aeruginosa,Carbapenems,10.7305936
DEU,Germany,2012,Staphylococcus aureus,Meticillin (MRSA),15.37261022
DEU,Germany,2013,Acinetobacter spp.,Carbapenems,8.88888888
DEU,Germany,2013,Enterococcus faecium,Aminopenicillins,93.30199764
DEU,Germany,2013,Escherichia coli,Carbapenems,0.09375585
DEU,Germany,2013,Escherichia coli,Fluoroquinolones,22.07326283
DEU,Germany,2013,Escherichia coli,Third-generation cephalosporins,10.74039362
DEU,Germany,2013,Klebsiella pneumoniae,Carbapenems,0.65530799
DEU,Germany,2013,Klebsiella pneumoniae,Fluoroquinolones,15.07936507
DEU,Germany,2013,Klebsiella pneumoniae,Third-generation cephalosporins,16.05744125
DEU,Germany,2013,Pseudomonas aeruginosa,Carbapenems,15.39682539
DEU,Germany,2013,Staphylococcus aureus,Meticillin (MRSA),13.23529411
DEU,Germany,2014,Acinetobacter spp.,Carbapenems,5.47263681
DEU,Germany,2014,Enterococcus faecium,Aminopenicillins,92.14975845
DEU,Germany,2014,Escherichia coli,Carbapenems,0.06403073
DEU,Germany,2014,Escherichia coli,Fluoroquinolones,20.59062145
DEU,Germany,2014,Escherichia coli,Third-generation cephalosporins,10.53474223
DEU,Germany,2014,Klebsiella pneumoniae,Carbapenems,0.69582504
DEU,Germany,2014,Klebsiella pneumoniae,Fluoroquinolones,12.65306122
DEU,Germany,2014,Klebsiella pneumoniae,Third-generation cephalosporins,12.72365805
DEU,Germany,2014,Pseudomonas aeruginosa,Carbapenems,16.97819314
DEU,Germany,2014,Staphylococcus aureus,Meticillin (MRSA),12.90527654
DEU,Germany,2015,Acinetobacter spp.,Carbapenems,6.52818991
DEU,Germany,2015,Enterococcus faecium,Aminopenicillins,92.92333614
DEU,Germany,2015,Escherichia coli,Carbapenems,0.03321523
DEU,Germany,2015,Escherichia coli,Fluoroquinolones,19.38130613
DEU,Germany,2015,Escherichia coli,Third-generation cephalosporins,10.29786291
DEU,Germany,2015,Klebsiella pneumoniae,Carbapenems,0.12634238
DEU,Germany,2015,Klebsiella pneumoniae,Fluoroquinolones,9.55696202
DEU,Germany,2015,Klebsiella pneumoniae,Third-generation cephalosporins,10.24667931
DEU,Germany,2015,Pseudomonas aeruginosa,Carbapenems,14.72708547
DEU,Germany,2015,Staphylococcus aureus,Meticillin (MRSA),11.53386454
DEU,Germany,2016,Acinetobacter spp.,Carbapenems,4.86725663
DEU,Germany,2016,Enterococcus faecium,Aminopenicillins,92.75442477
DEU,Germany,2016,Escherichia coli,Carbapenems,0.0058153
DEU,Germany,2016,Escherichia coli,Fluoroquinolones,19.44638287
DEU,Germany,2016,Escherichia coli,Third-generation cephalosporins,11.09947643
DEU,Germany,2016,Klebsiella pneumoniae,Carbapenems,0.48891786
DEU,Germany,2016,Klebsiella pneumoniae,Fluoroquinolones,12.64667535
DEU,Germany,2016,Klebsiella pneumoniae,Third-generation cephalosporins,13.62451108
DEU,Germany,2016,Pseudomonas aeruginosa,Carbapenems,14.48663853
DEU,Germany,2016,Staphylococcus aureus,Meticillin (MRSA),10.16622744
DEU,Germany,2017,Acinetobacter spp.,Carbapenems,4.07407407
DEU,Germany,2017,Enterococcus faecium,Aminopenicillins,90.63899063
DEU,Germany,2017,Escherichia coli,Carbapenems,0.01307759
DEU,Germany,2017,Escherichia coli,Fluoroquinolones,20.74978204
DEU,Germany,2017,Escherichia coli,Third-generation cephalosporins,12.28139037
DEU,Germany,2017,Klebsiella pneumoniae,Carbapenems,0.46668395
DEU,Germany,2017,Klebsiella pneumoniae,Fluoroquinolones,15.32278973
DEU,Germany,2017,Klebsiella pneumoniae,Third-generation cephalosporins,14.60819927
DEU,Germany,2017,Pseudomonas aeruginosa,Carbapenems,12.57928118
DEU,Germany,2017,Staphylococcus aureus,Meticillin (MRSA),9.07221206
DEU,Germany,2018,Acinetobacter spp.,Carbapenems,4.36432637
DEU,Germany,2018,Enterococcus faecium,Aminopenicillins,91.95197865
DEU,Germany,2018,Escherichia coli,Carbapenems,0.01821742
DEU,Germany,2018,Escherichia coli,Fluoroquinolones,19.828764
DEU,Germany,2018,Escherichia coli,Third-generation cephalosporins,12.19700759
DEU,Germany,2018,Klebsiella pneumoniae,Carbapenems,0.42842741
DEU,Germany,2018,Klebsiella pneumoniae,Fluoroquinolones,13.35012594
DEU,Germany,2018,Klebsiella pneumoniae,Third-generation cephalosporins,12.93732695
DEU,Germany,2018,Pseudomonas aeruginosa,Carbapenems,12.0670391
DEU,Germany,2018,Staphylococcus aureus,Meticillin (MRSA),7.65229065
DNK,Denmark,2000,Staphylococcus aureus,Meticillin (MRSA),0.19960079
DNK,Denmark,2001,Staphylococcus aureus,Meticillin (MRSA),0.76923076
DNK,Denmark,2002,Staphylococcus aureus,Meticillin (MRSA),0.93085106
DNK,Denmark,2003,Staphylococcus aureus,Meticillin (MRSA),0.59612518
DNK,Denmark,2004,Staphylococcus aureus,Meticillin (MRSA),1.25348189
DNK,Denmark,2005,Escherichia coli,Carbapenems,0.0
DNK,Denmark,2005,Escherichia coli,Fluoroquinolones,4.74934036
DNK,Denmark,2005,Escherichia coli,Third-generation cephalosporins,1.14942528
DNK,Denmark,2005,Staphylococcus aureus,Meticillin (MRSA),1.55555555
DNK,Denmark,2006,Enterococcus faecium,Aminopenicillins,84.8275862
DNK,Denmark,2006,Escherichia coli,Carbapenems,0.6060606
DNK,Denmark,2006,Escherichia coli,Fluoroquinolones,6.62447257
DNK,Denmark,2006,Escherichia coli,Third-generation cephalosporins,2.44698205
DNK,Denmark,2006,Klebsiella pneumoniae,Carbapenems,0.0
DNK,Denmark,2006,Klebsiella pneumoniae,Fluoroquinolones,6.07210626
DNK,Denmark,2006,Klebsiella pneumoniae,Third-generation cephalosporins,3.72093023
DNK,Denmark,2006,Staphylococcus aureus,Meticillin (MRSA),1.72009382
DNK,Denmark,2007,Enterococcus faecium,Aminopenicillins,86.38888888
DNK,Denmark,2007,Escherichia coli,Carbapenems,0.0
DNK,Denmark,2007,Escherichia coli,Fluoroquinolones,9.29737402
DNK,Denmark,2007,Escherichia coli,Third-generation cephalosporins,3.24601366
DNK,Denmark,2007,Klebsiella pneumoniae,Carbapenems,0.0
DNK,Denmark,2007,Klebsiella pneumoniae,Fluoroquinolones,13.3697135
DNK,Denmark,2007,Klebsiella pneumoniae,Third-generation cephalosporins,10.36585365
DNK,Denmark,2007,Pseudomonas aeruginosa,Carbapenems,2.26537216
DNK,Denmark,2007,Staphylococcus aureus,Meticillin (MRSA),0.8365019
DNK,Denmark,2008,Enterococcus faecium,Aminopenicillins,87.62376237
DNK,Denmark,2008,Escherichia coli,Carbapenems,0.05151983
DNK,Denmark,2008,Escherichia coli,Fluoroquinolones,10.17229953
DNK,Denmark,2008,Escherichia coli,Third-generation cephalosporins,4.05785456
DNK,Denmark,2008,Klebsiella pneumoniae,Carbapenems,0.19120458
DNK,Denmark,2008,Klebsiella pneumoniae,Fluoroquinolones,15.96752368
DNK,Denmark,2008,Klebsiella pneumoniae,Third-generation cephalosporins,9.19354838
DNK,Denmark,2008,Pseudomonas aeruginosa,Carbapenems,1.17647058
DNK,Denmark,2008,Staphylococcus aureus,Meticillin (MRSA),2.54826254
DNK,Denmark,2009,Enterococcus faecium,Aminopenicillins,86.91358024
DNK,Denmark,2009,Escherichia coli,Carbapenems,0.0
DNK,Denmark,2009,Escherichia coli,Fluoroquinolones,13.1826189
DNK,Denmark,2009,Escherichia coli,Third-generation cephalosporins,6.17375231
DNK,Denmark,2009,Klebsiella pneumoniae,Carbapenems,0.0
DNK,Denmark,2009,Klebsiella pneumoniae,Fluoroquinolones,16.18204804
DNK,Denmark,2009,Klebsiella pneumoniae,Third-generation cephalosporins,11.23595505
DNK,Denmark,2009,Pseudomonas aeruginosa,Carbapenems,2.88184438
DNK,Denmark,2009,Staphylococcus aureus,Meticillin (MRSA),2.07885304
DNK,Denmark,2010,Enterococcus faecium,Aminopenicillins,92.10526315
DNK,Denmark,2010,Escherichia coli,Carbapenems,0.0
DNK,Denmark,2010,Escherichia coli,Fluoroquinolones,13.73973468
DNK,Denmark,2010,Escherichia coli,Third-generation cephalosporins,7.59966777
DNK,Denmark,2010,Klebsiella pneumoniae,Carbapenems,0.0
DNK,Denmark,2010,Klebsiella pneumoniae,Fluoroquinolones,11.29271916
DNK,Denmark,2010,Klebsiella pneumoniae,Third-generation cephalosporins,10.55456171
DNK,Denmark,2010,Pseudomonas aeruginosa,Carbapenems,3.08988764
DNK,Denmark,2010,Staphylococcus aureus,Meticillin (MRSA),1.3215859
DNK,Denmark,2011,Enterococcus faecium,Aminopenicillins,93.11663479
DNK,Denmark,2011,Escherichia coli,Carbapenems,0.0
DNK,Denmark,2011,Escherichia coli,Fluoroquinolones,14.06642478
DNK,Denmark,2011,Escherichia coli,Third-generation cephalosporins,8.49131121
DNK,Denmark,2011,Klebsiella pneumoniae,Carbapenems,0.0
DNK,Denmark,2011,Klebsiella pneumoniae,Fluoroquinolones,11.59909909
DNK,Denmark,2011,Klebsiella pneumoniae,Third-generation cephalosporins,11.14599686
DNK,Denmark,2011,Pseudomonas aeruginosa,Carbapenems,5.45905707
DNK,Denmark,2011,Staphylococcus aureus,Meticillin (MRSA),1.30853994
DNK,Denmark,2012,Acinetobacter spp.,Carbapenems,9.375
DNK,Denmark,2012,Enterococcus faecium,Aminopenicillins,93.58372456
DNK,Denmark,2012,Escherichia coli,Carbapenems,0.0
DNK,Denmark,2012,Escherichia coli,Fluoroquinolones,14.12184552
DNK,Denmark,2012,Escherichia coli,Third-generation cephalosporins,7.860262
DNK,Denmark,2012,Klebsiella pneumoniae,Carbapenems,0.29411764
DNK,Denmark,2012,Klebsiella pneumoniae,Fluoroquinolones,8.82040382
DNK,Denmark,2012,Klebsiella pneumoniae,Third-generation cephalosporins,10.46698872
DNK,Denmark,2012,Pseudomonas aeruginosa,Carbapenems,3.66197183
DNK,Denmark,2012,Staphylococcus aureus,Meticillin (MRSA),1.32774283
DNK,Denmark,2013,Acinetobacter spp.,Carbapenems,1.63934426
DNK,Denmark,2013,Enterococcus faecium,Aminopenicillins,92.59259259
DNK,Denmark,2013,Escherichia coli,Carbapenems,0.03531073
DNK,Denmark,2013,Escherichia coli,Fluoroquinolones,12.44007065
DNK,Denmark,2013,Escherichia coli,Third-generation cephalosporins,8.07833537
DNK,Denmark,2013,Klebsiella pneumoniae,Carbapenems,0.15503875
DNK,Denmark,2013,Klebsiella pneumoniae,Fluoroquinolones,8.92448512
DNK,Denmark,2013,Klebsiella pneumoniae,Third-generation cephalosporins,11.53119092
DNK,Denmark,2013,Pseudomonas aeruginosa,Carbapenems,2.92682926
DNK,Denmark,2013,Staphylococcus aureus,Meticillin (MRSA),1.72106824
DNK,Denmark,2014,Acinetobacter spp.,Carbapenems,1.61290322
DNK,Denmark,2014,Enterococcus faecium,Aminopenicillins,93.69747899
DNK,Denmark,2014,Escherichia coli,Carbapenems,0.02534211
DNK,Denmark,2014,Escherichia coli,Fluoroquinolones,12.25217197
DNK,Denmark,2014,Escherichia coli,Third-generation cephalosporins,7.00680272
DNK,Denmark,2014,Klebsiella pneumoniae,Carbapenems,0.24096385
DNK,Denmark,2014,Klebsiella pneumoniae,Fluoroquinolones,6.89289501
DNK,Denmark,2014,Klebsiella pneumoniae,Third-generation cephalosporins,7.56756756
DNK,Denmark,2014,Pseudomonas aeruginosa,Carbapenems,4.66321243
DNK,Denmark,2014,Staphylococcus aureus,Meticillin (MRSA),2.45464247
DNK,Denmark,2015,Acinetobacter spp.,Carbapenems,4.61538461
DNK,Denmark,2015,Enterococcus faecium,Aminopenicillins,95.15625
DNK,Denmark,2015,Escherichia coli,Carbapenems,0.02471576
DNK,Denmark,2015,Escherichia coli,Fluoroquinolones,11.90371991
DNK,Denmark,2015,Escherichia coli,Third-generation cephalosporins,7.4764306
DNK,Denmark,2015,Klebsiella pneumoniae,Carbapenems,0.0
DNK,Denmark,2015,Klebsiella pneumoniae,Fluoroquinolones,5.34759358
DNK,Denmark,2015,Klebsiella pneumoniae,Third-generation cephalosporins,7.7502691
DNK,Denmark,2015,Pseudomonas aeruginosa,Carbapenems,4.57665903
DNK,Denmark,2015,Staphylococcus aureus,Meticillin (MRSA),1.54584221
DNK,Denmark,2016,Acinetobacter spp.,Carbapenems,0.0
DNK,Denmark,2016,Enterococcus faecium,Aminopenicillins,91.57894736
DNK,Denmark,2016,Escherichia coli,Carbapenems,0.0
DNK,Denmark,2016,Escherichia coli,Fluoroquinolones,11.0420551
DNK,Denmark,2016,Escherichia coli,Third-generation cephalosporins,6.56793303
DNK,Denmark,2016,Klebsiella pneumoniae,Carbapenems,0.26809651
DNK,Denmark,2016,Klebsiella pneumoniae,Fluoroquinolones,5.29513888
DNK,Denmark,2016,Klebsiella pneumoniae,Third-generation cephalosporins,7.51341681
DNK,Denmark,2016,Pseudomonas aeruginosa,Carbapenems,2.40174672
DNK,Denmark,2016,Staphylococcus aureus,Meticillin (MRSA),1.98675496
DNK,Denmark,2017,Acinetobacter spp.,Carbapenems,0.0
DNK,Denmark,2017,Enterococcus faecium,Aminopenicillins,93.73368146
DNK,Denmark,2017,Escherichia coli,Carbapenems,0.0195427
DNK,Denmark,2017,Escherichia coli,Fluoroquinolones,12.78547725
DNK,Denmark,2017,Escherichia coli,Third-generation cephalosporins,6.90149498
DNK,Denmark,2017,Klebsiella pneumoniae,Carbapenems,0.25316455
DNK,Denmark,2017,Klebsiella pneumoniae,Fluoroquinolones,9.1293322
DNK,Denmark,2017,Klebsiella pneumoniae,Third-generation cephalosporins,7.28888888
DNK,Denmark,2017,Pseudomonas aeruginosa,Carbapenems,2.47933884
DNK,Denmark,2017,Staphylococcus aureus,Meticillin (MRSA),2.50501002
DNK,Denmark,2018,Acinetobacter spp.,Carbapenems,6.38297872
DNK,Denmark,2018,Enterococcus faecium,Aminopenicillins,94.6084724
DNK,Denmark,2018,Escherichia coli,Carbapenems,0.0
DNK,Denmark,2018,Escherichia coli,Fluoroquinolones,13.25659116
DNK,Denmark,2018,Escherichia coli,Third-generation cephalosporins,7.65570039
DNK,Denmark,2018,Klebsiella pneumoniae,Carbapenems,0.54102795
DNK,Denmark,2018,Klebsiella pneumoniae,Fluoroquinolones,8.52228303
DNK,Denmark,2018,Klebsiella pneumoniae,Third-generation cephalosporins,6.47109577
DNK,Denmark,2018,Pseudomonas aeruginosa,Carbapenems,5.21327014
DNK,Denmark,2018,Staphylococcus aureus,Meticillin (MRSA),1.65061898
ESP,Spain,2000,Staphylococcus aureus,Meticillin (MRSA),29.40490081
ESP,Spain,2001,Enterococcus faecium,Aminopenicillins,49.2063492
ESP,Spain,2001,Escherichia coli,Carbapenems,0.09487666
ESP,Spain,2001,Escherichia coli,Fluoroquinolones,17.25181598
ESP,Spain,2001,Escherichia coli,Third-generation cephalosporins,0.61898211
ESP,Spain,2001,Staphylococcus aureus,Meticillin (MRSA),24.44678609
ESP,Spain,2002,Enterococcus faecium,Aminopenicillins,58.76288659
ESP,Spain,2002,Escherichia coli,Carbapenems,0.0
ESP,Spain,2002,Escherichia coli,Fluoroquinolones,19.28974979
ESP,Spain,2002,Escherichia coli,Third-generation cephalosporins,1.57575757
ESP,Spain,2002,Staphylococcus aureus,Meticillin (MRSA),23.32775919
ESP,Spain,2003,Enterococcus faecium,Aminopenicillins,63.86554621
ESP,Spain,2003,Escherichia coli,Carbapenems,0.0
ESP,Spain,2003,Escherichia coli,Fluoroquinolones,20.9928003
ESP,Spain,2003,Escherichia coli,Third-generation cephalosporins,4.22641509
ESP,Spain,2003,Staphylococcus aureus,Meticillin (MRSA),24.01150251
ESP,Spain,2004,Enterococcus faecium,Aminopenicillins,66.40625
ESP,Spain,2004,Escherichia coli,Carbapenems,0.0
ESP,Spain,2004,Escherichia coli,Fluoroquinolones,25.38949798
ESP,Spain,2004,Escherichia coli,Third-generation cephalosporins,6.5317919
ESP,Spain,2004,Staphylococcus aureus,Meticillin (MRSA),26.27785058
ESP,Spain,2005,Enterococcus faecium,Aminopenicillins,67.37588652
ESP,Spain,2005,Escherichia coli,Carbapenems,0.03624501
ESP,Spain,2005,Escherichia coli,Fluoroquinolones,28.16572001
ESP,Spain,2005,Escherichia coli,Third-generation cephalosporins,7.7410744
ESP,Spain,2005,Klebsiella pneumoniae,Carbapenems,0.0
ESP,Spain,2005,Klebsiella pneumoniae,Fluoroquinolones,10.71428571
ESP,Spain,2005,Klebsiella pneumoniae,Third-generation cephalosporins,7.14285714
ESP,Spain,2005,Pseudomonas aeruginosa,Carbapenems,17.14285714
ESP,Spain,2005,Staphylococcus aureus,Meticillin (MRSA),27.07554225
ESP,Spain,2006,Enterococcus faecium,Aminopenicillins,73.14285714
ESP,Spain,2006,Escherichia coli,Carbapenems,0.03229974
ESP,Spain,2006,Escherichia coli,Fluoroquinolones,28.00595238
ESP,Spain,2006,Escherichia coli,Third-generation cephalosporins,7.13860797
ESP,Spain,2006,Klebsiella pneumoniae,Carbapenems,0.0
ESP,Spain,2006,Klebsiella pneumoniae,Fluoroquinolones,8.34813499
ESP,Spain,2006,Klebsiella pneumoniae,Third-generation cephalosporins,9.43060498
ESP,Spain,2006,Pseudomonas aeruginosa,Carbapenems,11.56812339
ESP,Spain,2006,Staphylococcus aureus,Meticillin (MRSA),25.21915037
ESP,Spain,2007,Enterococcus faecium,Aminopenicillins,78.89908256
ESP,Spain,2007,Escherichia coli,Carbapenems,0.0
ESP,Spain,2007,Escherichia coli,Fluoroquinolones,30.4454769
ESP,Spain,2007,Escherichia coli,Third-generation cephalosporins,7.44884038
ESP,Spain,2007,Klebsiella pneumoniae,Carbapenems,0.0
ESP,Spain,2007,Klebsiella pneumoniae,Fluoroquinolones,16.69367909
ESP,Spain,2007,Klebsiella pneumoniae,Third-generation cephalosporins,9.62479608
ESP,Spain,2007,Pseudomonas aeruginosa,Carbapenems,15.19274376
ESP,Spain,2007,Staphylococcus aureus,Meticillin (MRSA),25.45676004
ESP,Spain,2008,Enterococcus faecium,Aminopenicillins,78.89273356
ESP,Spain,2008,Escherichia coli,Carbapenems,0.0
ESP,Spain,2008,Escherichia coli,Fluoroquinolones,32.52077562
ESP,Spain,2008,Escherichia coli,Third-generation cephalosporins,9.01820187
ESP,Spain,2008,Klebsiella pneumoniae,Carbapenems,0.0
ESP,Spain,2008,Klebsiella pneumoniae,Fluoroquinolones,14.86697965
ESP,Spain,2008,Klebsiella pneumoniae,Third-generation cephalosporins,11.89358372
ESP,Spain,2008,Pseudomonas aeruginosa,Carbapenems,13.16270566
ESP,Spain,2008,Staphylococcus aureus,Meticillin (MRSA),26.69322709
ESP,Spain,2009,Enterococcus faecium,Aminopenicillins,83.33333333
ESP,Spain,2009,Escherichia coli,Carbapenems,0.0
ESP,Spain,2009,Escherichia coli,Fluoroquinolones,31.49606299
ESP,Spain,2009,Escherichia coli,Third-generation cephalosporins,11.30594085
ESP,Spain,2009,Klebsiella pneumoniae,Carbapenems,0.17391304
ESP,Spain,2009,Klebsiella pneumoniae,Fluoroquinolones,15.78947368
ESP,Spain,2009,Klebsiella pneumoniae,Third-generation cephalosporins,11.14649681
ESP,Spain,2009,Pseudomonas aeruginosa,Carbapenems,16.11111111
ESP,Spain,2009,Staphylococcus aureus,Meticillin (MRSA),25.94752186
ESP,Spain,2010,Enterococcus faecium,Aminopenicillins,83.22717622
ESP,Spain,2010,Escherichia coli,Carbapenems,0.01755617
ESP,Spain,2010,Escherichia coli,Fluoroquinolones,32.75983146
ESP,Spain,2010,Escherichia coli,Third-generation cephalosporins,12.11376404
ESP,Spain,2010,Klebsiella pneumoniae,Carbapenems,0.0
ESP,Spain,2010,Klebsiella pneumoniae,Fluoroquinolones,13.60895779
ESP,Spain,2010,Klebsiella pneumoniae,Third-generation cephalosporins,10.24978466
ESP,Spain,2010,Pseudomonas aeruginosa,Carbapenems,17.75700934
ESP,Spain,2010,Staphylococcus aureus,Meticillin (MRSA),25.32729103
ESP,Spain,2011,Enterococcus faecium,Aminopenicillins,82.41758241
ESP,Spain,2011,Escherichia coli,Carbapenems,0.01787949
ESP,Spain,2011,Escherichia coli,Fluoroquinolones,34.48275862
ESP,Spain,2011,Escherichia coli,Third-generation cephalosporins,11.98214285
ESP,Spain,2011,Klebsiella pneumoniae,Carbapenems,0.34965034
ESP,Spain,2011,Klebsiella pneumoniae,Fluoroquinolones,17.03056768
ESP,Spain,2011,Klebsiella pneumoniae,Third-generation cephalosporins,13.36244541
ESP,Spain,2011,Pseudomonas aeruginosa,Carbapenems,16.32896305
ESP,Spain,2011,Staphylococcus aureus,Meticillin (MRSA),22.46153846
ESP,Spain,2012,Enterococcus faecium,Aminopenicillins,87.054409
ESP,Spain,2012,Escherichia coli,Carbapenems,0.05291005
ESP,Spain,2012,Escherichia coli,Fluoroquinolones,33.85214007
ESP,Spain,2012,Escherichia coli,Third-generation cephalosporins,13.50493653
ESP,Spain,2012,Klebsiella pneumoniae,Carbapenems,0.78125
ESP,Spain,2012,Klebsiella pneumoniae,Fluoroquinolones,16.52173913
ESP,Spain,2012,Klebsiella pneumoniae,Third-generation cephalosporins,16.73894189
ESP,Spain,2012,Pseudomonas aeruginosa,Carbapenems,16.41266119
ESP,Spain,2012,Staphylococcus aureus,Meticillin (MRSA),24.2759347
ESP,Spain,2013,Acinetobacter spp.,Carbapenems,75.78947368
ESP,Spain,2013,Enterococcus faecium,Aminopenicillins,85.13761467
ESP,Spain,2013,Escherichia coli,Carbapenems,0.74311771
ESP,Spain,2013,Escherichia coli,Fluoroquinolones,34.89706378
ESP,Spain,2013,Escherichia coli,Third-generation cephalosporins,13.30074173
ESP,Spain,2013,Klebsiella pneumoniae,Carbapenems,1.61160354
ESP,Spain,2013,Klebsiella pneumoniae,Fluoroquinolones,21.83722804
ESP,Spain,2013,Klebsiella pneumoniae,Third-generation cephalosporins,19.8227236
ESP,Spain,2013,Pseudomonas aeruginosa,Carbapenems,17.57575757
ESP,Spain,2013,Staphylococcus aureus,Meticillin (MRSA),22.56612267
ESP,Spain,2014,Acinetobacter spp.,Carbapenems,65.38461538
ESP,Spain,2014,Enterococcus faecium,Aminopenicillins,82.81535648
ESP,Spain,2014,Escherichia coli,Carbapenems,0.05157297
ESP,Spain,2014,Escherichia coli,Fluoroquinolones,34.0323135
ESP,Spain,2014,Escherichia coli,Third-generation cephalosporins,12.3346504
ESP,Spain,2014,Klebsiella pneumoniae,Carbapenems,2.2906793
ESP,Spain,2014,Klebsiella pneumoniae,Fluoroquinolones,18.6413902
ESP,Spain,2014,Klebsiella pneumoniae,Third-generation cephalosporins,18.02371541
ESP,Spain,2014,Pseudomonas aeruginosa,Carbapenems,18.46330275
ESP,Spain,2014,Staphylococcus aureus,Meticillin (MRSA),21.66666666
ESP,Spain,2015,Acinetobacter spp.,Carbapenems,53.68421052
ESP,Spain,2015,Enterococcus faecium,Aminopenicillins,86.57243816
ESP,Spain,2015,Escherichia coli,Carbapenems,0.01562744
ESP,Spain,2015,Escherichia coli,Fluoroquinolones,31.55459592
ESP,Spain,2015,Escherichia coli,Third-generation cephalosporins,11.62103298
ESP,Spain,2015,Klebsiella pneumoniae,Carbapenems,2.15778826
ESP,Spain,2015,Klebsiella pneumoniae,Fluoroquinolones,21.55172413
ESP,Spain,2015,Klebsiella pneumoniae,Third-generation cephalosporins,20.32193158
ESP,Spain,2015,Pseudomonas aeruginosa,Carbapenems,22.70642201
ESP,Spain,2015,Staphylococcus aureus,Meticillin (MRSA),25.2920264
ESP,Spain,2016,Acinetobacter spp.,Carbapenems,62.26415094
ESP,Spain,2016,Enterococcus faecium,Aminopenicillins,87.52
ESP,Spain,2016,Escherichia coli,Carbapenems,0.05887547
ESP,Spain,2016,Escherichia coli,Fluoroquinolones,32.82330439
ESP,Spain,2016,Escherichia coli,Third-generation cephalosporins,14.97058823
ESP,Spain,2016,Klebsiella pneumoniae,Carbapenems,2.08706022
ESP,Spain,2016,Klebsiella pneumoniae,Fluoroquinolones,22.73269689
ESP,Spain,2016,Klebsiella pneumoniae,Third-generation cephalosporins,22.36135957
ESP,Spain,2016,Pseudomonas aeruginosa,Carbapenems,21.3776722
ESP,Spain,2016,Staphylococcus aureus,Meticillin (MRSA),25.80976863
ESP,Spain,2017,Acinetobacter spp.,Carbapenems,66.30434782
ESP,Spain,2017,Enterococcus faecium,Aminopenicillins,83.21678321
ESP,Spain,2017,Escherichia coli,Carbapenems,0.01659475
ESP,Spain,2017,Escherichia coli,Fluoroquinolones,32.50302715
ESP,Spain,2017,Escherichia coli,Third-generation cephalosporins,12.80902604
ESP,Spain,2017,Klebsiella pneumoniae,Carbapenems,2.78145695
ESP,Spain,2017,Klebsiella pneumoniae,Fluoroquinolones,22.54374158
ESP,Spain,2017,Klebsiella pneumoniae,Third-generation cephalosporins,21.28222075
ESP,Spain,2017,Pseudomonas aeruginosa,Carbapenems,18.35075493
ESP,Spain,2017,Staphylococcus aureus,Meticillin (MRSA),25.21551724
ESP,Spain,2018,Acinetobacter spp.,Carbapenems,54.32098765
ESP,Spain,2018,Enterococcus faecium,Aminopenicillins,87.26541554
ESP,Spain,2018,Escherichia coli,Carbapenems,0.03785966
ESP,Spain,2018,Escherichia coli,Fluoroquinolones,32.11659663
ESP,Spain,2018,Escherichia coli,Third-generation cephalosporins,13.75741512
ESP,Spain,2018,Klebsiella pneumoniae,Carbapenems,3.8095238
ESP,Spain,2018,Klebsiella pneumoniae,Fluoroquinolones,23.76751427
ESP,Spain,2018,Klebsiella pneumoniae,Third-generation cephalosporins,25.47642928
ESP,Spain,2018,Pseudomonas aeruginosa,Carbapenems,18.57142857
ESP,Spain,2018,Staphylococcus aureus,Meticillin (MRSA),24.67266775
EST,Estonia,2000,Escherichia coli,Fluoroquinolones,
EST,Estonia,2000,Escherichia coli,Third-generation cephalosporins,
EST,Estonia,2001,Enterococcus faecium,Aminopenicillins,
EST,Estonia,2001,Escherichia coli,Carbapenems,0.0
EST,Estonia,2001,Escherichia coli,Fluoroquinolones,0.0
EST,Estonia,2001,Escherichia coli,Third-generation cephalosporins,5.88235294
EST,Estonia,2001,Staphylococcus aureus,Meticillin (MRSA),5.06329113
EST,Estonia,2002,Enterococcus faecium,Aminopenicillins,
EST,Estonia,2002,Escherichia coli,Carbapenems,0.0
EST,Estonia,2002,Escherichia coli,Fluoroquinolones,4.91803278
EST,Estonia,2002,Escherichia coli,Third-generation cephalosporins,1.53846153
EST,Estonia,2002,Staphylococcus aureus,Meticillin (MRSA),1.21951219
EST,Estonia,2003,Enterococcus faecium,Aminopenicillins,
EST,Estonia,2003,Escherichia coli,Carbapenems,0.0
EST,Estonia,2003,Escherichia coli,Fluoroquinolones,4.59770114
EST,Estonia,2003,Escherichia coli,Third-generation cephalosporins,1.03092783
EST,Estonia,2003,Staphylococcus aureus,Meticillin (MRSA),4.08163265
EST,Estonia,2004,Enterococcus faecium,Aminopenicillins,
EST,Estonia,2004,Escherichia coli,Carbapenems,0.0
EST,Estonia,2004,Escherichia coli,Fluoroquinolones,6.41025641
EST,Estonia,2004,Escherichia coli,Third-generation cephalosporins,3.61445783
EST,Estonia,2004,Staphylococcus aureus,Meticillin (MRSA),4.8076923
EST,Estonia,2005,Enterococcus faecium,Aminopenicillins,82.60869565
EST,Estonia,2005,Escherichia coli,Carbapenems,0.0
EST,Estonia,2005,Escherichia coli,Fluoroquinolones,5.29801324
EST,Estonia,2005,Escherichia coli,Third-generation cephalosporins,1.29032258
EST,Estonia,2005,Klebsiella pneumoniae,Carbapenems,0.0
EST,Estonia,2005,Klebsiella pneumoniae,Fluoroquinolones,0.0
EST,Estonia,2005,Klebsiella pneumoniae,Third-generation cephalosporins,8.1081081
EST,Estonia,2005,Pseudomonas aeruginosa,Carbapenems,37.83783783
EST,Estonia,2005,Staphylococcus aureus,Meticillin (MRSA),2.12765957
EST,Estonia,2006,Enterococcus faecium,Aminopenicillins,83.87096774
EST,Estonia,2006,Escherichia coli,Carbapenems,0.0
EST,Estonia,2006,Escherichia coli,Fluoroquinolones,6.56565656
EST,Estonia,2006,Escherichia coli,Third-generation cephalosporins,0.46948356
EST,Estonia,2006,Klebsiella pneumoniae,Carbapenems,0.0
EST,Estonia,2006,Klebsiella pneumoniae,Fluoroquinolones,4.87804878
EST,Estonia,2006,Klebsiella pneumoniae,Third-generation cephalosporins,8.51063829
EST,Estonia,2006,Pseudomonas aeruginosa,Carbapenems,28.57142857
EST,Estonia,2006,Staphylococcus aureus,Meticillin (MRSA),3.24675324
EST,Estonia,2007,Enterococcus faecium,Aminopenicillins,93.54838709
EST,Estonia,2007,Escherichia coli,Carbapenems,0.0
EST,Estonia,2007,Escherichia coli,Fluoroquinolones,6.73076923
EST,Estonia,2007,Escherichia coli,Third-generation cephalosporins,1.38248847
EST,Estonia,2007,Klebsiella pneumoniae,Carbapenems,0.0
EST,Estonia,2007,Klebsiella pneumoniae,Fluoroquinolones,1.78571428
EST,Estonia,2007,Klebsiella pneumoniae,Third-generation cephalosporins,3.17460317
EST,Estonia,2007,Pseudomonas aeruginosa,Carbapenems,17.77777777
EST,Estonia,2007,Staphylococcus aureus,Meticillin (MRSA),8.25242718
EST,Estonia,2008,Enterococcus faecium,Aminopenicillins,84.61538461
EST,Estonia,2008,Escherichia coli,Carbapenems,0.88495575
EST,Estonia,2008,Escherichia coli,Fluoroquinolones,6.74603174
EST,Estonia,2008,Escherichia coli,Third-generation cephalosporins,4.58015267
EST,Estonia,2008,Klebsiella pneumoniae,Carbapenems,0.0
EST,Estonia,2008,Klebsiella pneumoniae,Fluoroquinolones,6.55737704
EST,Estonia,2008,Klebsiella pneumoniae,Third-generation cephalosporins,11.59420289
EST,Estonia,2008,Pseudomonas aeruginosa,Carbapenems,30.0
EST,Estonia,2008,Staphylococcus aureus,Meticillin (MRSA),4.32432432
EST,Estonia,2009,Enterococcus faecium,Aminopenicillins,90.0
EST,Estonia,2009,Escherichia coli,Carbapenems,0.0
EST,Estonia,2009,Escherichia coli,Fluoroquinolones,8.27814569
EST,Estonia,2009,Escherichia coli,Third-generation cephalosporins,2.19435736
EST,Estonia,2009,Klebsiella pneumoniae,Carbapenems,0.0
EST,Estonia,2009,Klebsiella pneumoniae,Fluoroquinolones,18.96551724
EST,Estonia,2009,Klebsiella pneumoniae,Third-generation cephalosporins,17.24137931
EST,Estonia,2009,Pseudomonas aeruginosa,Carbapenems,17.24137931
EST,Estonia,2009,Staphylococcus aureus,Meticillin (MRSA),3.28638497
EST,Estonia,2010,Enterococcus faecium,Aminopenicillins,90.0
EST,Estonia,2010,Escherichia coli,Carbapenems,0.0
EST,Estonia,2010,Escherichia coli,Fluoroquinolones,8.36501901
EST,Estonia,2010,Escherichia coli,Third-generation cephalosporins,5.50161812
EST,Estonia,2010,Klebsiella pneumoniae,Carbapenems,0.0
EST,Estonia,2010,Klebsiella pneumoniae,Fluoroquinolones,25.0
EST,Estonia,2010,Klebsiella pneumoniae,Third-generation cephalosporins,17.28395061
EST,Estonia,2010,Pseudomonas aeruginosa,Carbapenems,21.42857142
EST,Estonia,2010,Staphylococcus aureus,Meticillin (MRSA),0.68965517
EST,Estonia,2011,Escherichia coli,Carbapenems,0.0
EST,Estonia,2011,Escherichia coli,Fluoroquinolones,9.93589743
EST,Estonia,2011,Escherichia coli,Third-generation cephalosporins,12.22222222
EST,Estonia,2011,Klebsiella pneumoniae,Carbapenems,0.0
EST,Estonia,2011,Klebsiella pneumoniae,Fluoroquinolones,21.97802197
EST,Estonia,2011,Klebsiella pneumoniae,Third-generation cephalosporins,39.53488372
EST,Estonia,2011,Pseudomonas aeruginosa,Carbapenems,
EST,Estonia,2011,Staphylococcus aureus,Meticillin (MRSA),1.72413793
EST,Estonia,2012,Enterococcus faecium,Aminopenicillins,86.84210526
EST,Estonia,2012,Escherichia coli,Carbapenems,0.0
EST,Estonia,2012,Escherichia coli,Fluoroquinolones,14.14473684
EST,Estonia,2012,Escherichia coli,Third-generation cephalosporins,7.86885245
EST,Estonia,2012,Klebsiella pneumoniae,Carbapenems,1.26582278
EST,Estonia,2012,Klebsiella pneumoniae,Fluoroquinolones,17.24137931
EST,Estonia,2012,Klebsiella pneumoniae,Third-generation cephalosporins,17.77777777
EST,Estonia,2012,Pseudomonas aeruginosa,Carbapenems,12.5
EST,Estonia,2012,Staphylococcus aureus,Meticillin (MRSA),7.69230769
EST,Estonia,2013,Enterococcus faecium,Aminopenicillins,74.35897435
EST,Estonia,2013,Escherichia coli,Carbapenems,0.0
EST,Estonia,2013,Escherichia coli,Fluoroquinolones,11.83431952
EST,Estonia,2013,Escherichia coli,Third-generation cephalosporins,7.35294117
EST,Estonia,2013,Klebsiella pneumoniae,Carbapenems,2.7027027
EST,Estonia,2013,Klebsiella pneumoniae,Fluoroquinolones,26.66666666
EST,Estonia,2013,Klebsiella pneumoniae,Third-generation cephalosporins,23.33333333
EST,Estonia,2013,Pseudomonas aeruginosa,Carbapenems,10.0
EST,Estonia,2013,Staphylococcus aureus,Meticillin (MRSA),3.52941176
EST,Estonia,2014,Enterococcus faecium,Aminopenicillins,73.46938775
EST,Estonia,2014,Escherichia coli,Carbapenems,0.0
EST,Estonia,2014,Escherichia coli,Fluoroquinolones,12.28501228
EST,Estonia,2014,Escherichia coli,Third-generation cephalosporins,9.26829268
EST,Estonia,2014,Klebsiella pneumoniae,Carbapenems,0.0
EST,Estonia,2014,Klebsiella pneumoniae,Fluoroquinolones,21.80451127
EST,Estonia,2014,Klebsiella pneumoniae,Third-generation cephalosporins,20.74074074
EST,Estonia,2014,Pseudomonas aeruginosa,Carbapenems,15.38461538
EST,Estonia,2014,Staphylococcus aureus,Meticillin (MRSA),3.13901345
EST,Estonia,2015,Acinetobacter spp.,Carbapenems,
EST,Estonia,2015,Enterococcus faecium,Aminopenicillins,
EST,Estonia,2015,Escherichia coli,Carbapenems,0.0
EST,Estonia,2015,Escherichia coli,Fluoroquinolones,15.234375
EST,Estonia,2015,Escherichia coli,Third-generation cephalosporins,11.38211382
EST,Estonia,2015,Klebsiella pneumoniae,Carbapenems,0.0
EST,Estonia,2015,Klebsiella pneumoniae,Fluoroquinolones,33.87096774
EST,Estonia,2015,Klebsiella pneumoniae,Third-generation cephalosporins,23.65591397
EST,Estonia,2015,Pseudomonas aeruginosa,Carbapenems,
EST,Estonia,2015,Staphylococcus aureus,Meticillin (MRSA),3.97350993
EST,Estonia,2016,Acinetobacter spp.,Carbapenems,
EST,Estonia,2016,Enterococcus faecium,Aminopenicillins,95.3125
EST,Estonia,2016,Escherichia coli,Carbapenems,0.0
EST,Estonia,2016,Escherichia coli,Fluoroquinolones,13.87696709
EST,Estonia,2016,Escherichia coli,Third-generation cephalosporins,8.98716119
EST,Estonia,2016,Klebsiella pneumoniae,Carbapenems,0.0
EST,Estonia,2016,Klebsiella pneumoniae,Fluoroquinolones,29.50819672
EST,Estonia,2016,Klebsiella pneumoniae,Third-generation cephalosporins,32.78688524
EST,Estonia,2016,Pseudomonas aeruginosa,Carbapenems,20.37037037
EST,Estonia,2016,Staphylococcus aureus,Meticillin (MRSA),3.50318471
EST,Estonia,2017,Acinetobacter spp.,Carbapenems,
EST,Estonia,2017,Enterococcus faecium,Aminopenicillins,88.46153846
EST,Estonia,2017,Escherichia coli,Carbapenems,0.0
EST,Estonia,2017,Escherichia coli,Fluoroquinolones,17.41357234
EST,Estonia,2017,Escherichia coli,Third-generation cephalosporins,8.75634517
EST,Estonia,2017,Klebsiella pneumoniae,Carbapenems,0.0
EST,Estonia,2017,Klebsiella pneumoniae,Fluoroquinolones,24.84472049
EST,Estonia,2017,Klebsiella pneumoniae,Third-generation cephalosporins,21.11801242
EST,Estonia,2017,Pseudomonas aeruginosa,Carbapenems,9.09090909
EST,Estonia,2017,Staphylococcus aureus,Meticillin (MRSA),2.06896551
EST,Estonia,2018,Acinetobacter spp.,Carbapenems,
EST,Estonia,2018,Enterococcus faecium,Aminopenicillins,87.5
EST,Estonia,2018,Escherichia coli,Carbapenems,0.0
EST,Estonia,2018,Escherichia coli,Fluoroquinolones,17.61158021
EST,Estonia,2018,Escherichia coli,Third-generation cephalosporins,9.76470588
EST,Estonia,2018,Klebsiella pneumoniae,Carbapenems,0.55865921
EST,Estonia,2018,Klebsiella pneumoniae,Fluoroquinolones,20.97560975
EST,Estonia,2018,Klebsiella pneumoniae,Third-generation cephalosporins,13.592233
EST,Estonia,2018,Pseudomonas aeruginosa,Carbapenems,16.66666666
EST,Estonia,2018,Staphylococcus aureus,Meticillin (MRSA),3.34261838
FIN,Finland,2000,Staphylococcus aureus,Meticillin (MRSA),1.36239782
FIN,Finland,2001,Enterococcus faecium,Aminopenicillins,65.9574468
FIN,Finland,2001,Escherichia coli,Carbapenems,0.0
FIN,Finland,2001,Escherichia coli,Fluoroquinolones,5.40315876
FIN,Finland,2001,Escherichia coli,Third-generation cephalosporins,0.16570008
FIN,Finland,2001,Staphylococcus aureus,Meticillin (MRSA),0.8250825
FIN,Finland,2002,Enterococcus faecium,Aminopenicillins,80.23255813
FIN,Finland,2002,Escherichia coli,Carbapenems,0.0
FIN,Finland,2002,Escherichia coli,Fluoroquinolones,6.34184068
FIN,Finland,2002,Escherichia coli,Third-generation cephalosporins,0.62992125
FIN,Finland,2002,Staphylococcus aureus,Meticillin (MRSA),0.83217753
FIN,Finland,2003,Enterococcus faecium,Aminopenicillins,78.57142857
FIN,Finland,2003,Escherichia coli,Carbapenems,0.0
FIN,Finland,2003,Escherichia coli,Fluoroquinolones,5.10204081
FIN,Finland,2003,Escherichia coli,Third-generation cephalosporins,1.03016924
FIN,Finland,2003,Staphylococcus aureus,Meticillin (MRSA),1.37551581
FIN,Finland,2004,Enterococcus faecium,Aminopenicillins,69.23076923
FIN,Finland,2004,Escherichia coli,Carbapenems,0.06583278
FIN,Finland,2004,Escherichia coli,Fluoroquinolones,7.25952813
FIN,Finland,2004,Escherichia coli,Third-generation cephalosporins,1.52314001
FIN,Finland,2004,Staphylococcus aureus,Meticillin (MRSA),3.06122448
FIN,Finland,2005,Enterococcus faecium,Aminopenicillins,77.77777777
FIN,Finland,2005,Escherichia coli,Carbapenems,0.0
FIN,Finland,2005,Escherichia coli,Fluoroquinolones,7.4010327
FIN,Finland,2005,Escherichia coli,Third-generation cephalosporins,1.77267987
FIN,Finland,2005,Klebsiella pneumoniae,Carbapenems,0.0
FIN,Finland,2005,Klebsiella pneumoniae,Fluoroquinolones,3.22580645
FIN,Finland,2005,Klebsiella pneumoniae,Third-generation cephalosporins,2.28571428
FIN,Finland,2005,Pseudomonas aeruginosa,Carbapenems,15.30612244
FIN,Finland,2005,Staphylococcus aureus,Meticillin (MRSA),2.9113924
FIN,Finland,2006,Enterococcus faecium,Aminopenicillins,80.16528925
FIN,Finland,2006,Escherichia coli,Carbapenems,0.0
FIN,Finland,2006,Escherichia coli,Fluoroquinolones,8.21333333
FIN,Finland,2006,Escherichia coli,Third-generation cephalosporins,1.81526962
FIN,Finland,2006,Klebsiella pneumoniae,Carbapenems,0.0
FIN,Finland,2006,Klebsiella pneumoniae,Fluoroquinolones,3.94736842
FIN,Finland,2006,Klebsiella pneumoniae,Third-generation cephalosporins,0.87719298
FIN,Finland,2006,Pseudomonas aeruginosa,Carbapenems,7.5949367
FIN,Finland,2006,Staphylococcus aureus,Meticillin (MRSA),3.25112107
FIN,Finland,2007,Enterococcus faecium,Aminopenicillins,87.27272727
FIN,Finland,2007,Escherichia coli,Carbapenems,0.0
FIN,Finland,2007,Escherichia coli,Fluoroquinolones,7.69625448
FIN,Finland,2007,Escherichia coli,Third-generation cephalosporins,1.54004106
FIN,Finland,2007,Klebsiella pneumoniae,Carbapenems,0.0
FIN,Finland,2007,Klebsiella pneumoniae,Fluoroquinolones,0.73260073
FIN,Finland,2007,Klebsiella pneumoniae,Third-generation cephalosporins,1.47058823
FIN,Finland,2007,Pseudomonas aeruginosa,Carbapenems,8.52272727
FIN,Finland,2007,Staphylococcus aureus,Meticillin (MRSA),1.59705159
FIN,Finland,2008,Enterococcus faecium,Aminopenicillins,86.875
FIN,Finland,2008,Escherichia coli,Carbapenems,0.04826254
FIN,Finland,2008,Escherichia coli,Fluoroquinolones,8.72451398
FIN,Finland,2008,Escherichia coli,Third-generation cephalosporins,2.10828941
FIN,Finland,2008,Klebsiella pneumoniae,Carbapenems,0.0
FIN,Finland,2008,Klebsiella pneumoniae,Fluoroquinolones,2.09059233
FIN,Finland,2008,Klebsiella pneumoniae,Third-generation cephalosporins,1.73611111
FIN,Finland,2008,Pseudomonas aeruginosa,Carbapenems,6.28571428
FIN,Finland,2008,Staphylococcus aureus,Meticillin (MRSA),2.92524377
FIN,Finland,2009,Enterococcus faecium,Aminopenicillins,86.83127572
FIN,Finland,2009,Escherichia coli,Carbapenems,0.0
FIN,Finland,2009,Escherichia coli,Fluoroquinolones,9.17678812
FIN,Finland,2009,Escherichia coli,Third-generation cephalosporins,2.80330882
FIN,Finland,2009,Klebsiella pneumoniae,Carbapenems,0.28490028
FIN,Finland,2009,Klebsiella pneumoniae,Fluoroquinolones,3.2
FIN,Finland,2009,Klebsiella pneumoniae,Third-generation cephalosporins,1.36239782
FIN,Finland,2009,Pseudomonas aeruginosa,Carbapenems,7.860262
FIN,Finland,2009,Staphylococcus aureus,Meticillin (MRSA),2.45398773
FIN,Finland,2010,Enterococcus faecium,Aminopenicillins,81.81818181
FIN,Finland,2010,Escherichia coli,Carbapenems,0.0
FIN,Finland,2010,Escherichia coli,Fluoroquinolones,9.21568627
FIN,Finland,2010,Escherichia coli,Third-generation cephalosporins,3.74651255
FIN,Finland,2010,Klebsiella pneumoniae,Carbapenems,0.0
FIN,Finland,2010,Klebsiella pneumoniae,Fluoroquinolones,2.49376558
FIN,Finland,2010,Klebsiella pneumoniae,Third-generation cephalosporins,4.0302267
FIN,Finland,2010,Pseudomonas aeruginosa,Carbapenems,9.81818181
FIN,Finland,2010,Staphylococcus aureus,Meticillin (MRSA),2.28519195
FIN,Finland,2011,Enterococcus faecium,Aminopenicillins,87.89473684
FIN,Finland,2011,Escherichia coli,Carbapenems,0.0
FIN,Finland,2011,Escherichia coli,Fluoroquinolones,10.9602649
FIN,Finland,2011,Escherichia coli,Third-generation cephalosporins,5.0
FIN,Finland,2011,Klebsiella pneumoniae,Carbapenems,0.0
FIN,Finland,2011,Klebsiella pneumoniae,Fluoroquinolones,2.72277227
FIN,Finland,2011,Klebsiella pneumoniae,Third-generation cephalosporins,2.47524752
FIN,Finland,2011,Pseudomonas aeruginosa,Carbapenems,10.78066914
FIN,Finland,2011,Staphylococcus aureus,Meticillin (MRSA),3.63912054
FIN,Finland,2012,Enterococcus faecium,Aminopenicillins,85.36585365
FIN,Finland,2012,Escherichia coli,Carbapenems,0.0
FIN,Finland,2012,Escherichia coli,Fluoroquinolones,11.73308032
FIN,Finland,2012,Escherichia coli,Third-generation cephalosporins,6.19860847
FIN,Finland,2012,Klebsiella pneumoniae,Carbapenems,0.0
FIN,Finland,2012,Klebsiella pneumoniae,Fluoroquinolones,2.0522388
FIN,Finland,2012,Klebsiella pneumoniae,Third-generation cephalosporins,1.67910447
FIN,Finland,2012,Pseudomonas aeruginosa,Carbapenems,6.42201834
FIN,Finland,2012,Staphylococcus aureus,Meticillin (MRSA),2.27111426
FIN,Finland,2013,Acinetobacter spp.,Carbapenems,0.0
FIN,Finland,2013,Enterococcus faecium,Aminopenicillins,78.60262008
FIN,Finland,2013,Escherichia coli,Carbapenems,0.0
FIN,Finland,2013,Escherichia coli,Fluoroquinolones,13.23935876
FIN,Finland,2013,Escherichia coli,Third-generation cephalosporins,7.06989247
FIN,Finland,2013,Klebsiella pneumoniae,Carbapenems,0.0
FIN,Finland,2013,Klebsiella pneumoniae,Fluoroquinolones,2.60707635
FIN,Finland,2013,Klebsiella pneumoniae,Third-generation cephalosporins,2.18181818
FIN,Finland,2013,Pseudomonas aeruginosa,Carbapenems,10.39755351
FIN,Finland,2013,Staphylococcus aureus,Meticillin (MRSA),2.08860759
FIN,Finland,2014,Acinetobacter spp.,Carbapenems,3.125
FIN,Finland,2014,Enterococcus faecium,Aminopenicillins,82.97101449
FIN,Finland,2014,Escherichia coli,Carbapenems,0.0
FIN,Finland,2014,Escherichia coli,Fluoroquinolones,11.03586656
FIN,Finland,2014,Escherichia coli,Third-generation cephalosporins,5.4627089
FIN,Finland,2014,Klebsiella pneumoniae,Carbapenems,0.0
FIN,Finland,2014,Klebsiella pneumoniae,Fluoroquinolones,4.64716006
FIN,Finland,2014,Klebsiella pneumoniae,Third-generation cephalosporins,2.40549828
FIN,Finland,2014,Pseudomonas aeruginosa,Carbapenems,7.16612377
FIN,Finland,2014,Staphylococcus aureus,Meticillin (MRSA),3.00382304
FIN,Finland,2015,Acinetobacter spp.,Carbapenems,2.32558139
FIN,Finland,2015,Enterococcus faecium,Aminopenicillins,82.27272727
FIN,Finland,2015,Escherichia coli,Carbapenems,0.0
FIN,Finland,2015,Escherichia coli,Fluoroquinolones,11.17166212
FIN,Finland,2015,Escherichia coli,Third-generation cephalosporins,6.05711653
FIN,Finland,2015,Klebsiella pneumoniae,Carbapenems,0.0
FIN,Finland,2015,Klebsiella pneumoniae,Fluoroquinolones,3.34346504
FIN,Finland,2015,Klebsiella pneumoniae,Third-generation cephalosporins,2.95031055
FIN,Finland,2015,Pseudomonas aeruginosa,Carbapenems,4.69208211
FIN,Finland,2015,Staphylococcus aureus,Meticillin (MRSA),2.07729468
FIN,Finland,2016,Acinetobacter spp.,Carbapenems,0.0
FIN,Finland,2016,Enterococcus faecium,Aminopenicillins,82.87037037
FIN,Finland,2016,Escherichia coli,Carbapenems,0.02069536
FIN,Finland,2016,Escherichia coli,Fluoroquinolones,11.46006655
FIN,Finland,2016,Escherichia coli,Third-generation cephalosporins,6.89582454
FIN,Finland,2016,Klebsiella pneumoniae,Carbapenems,0.25974025
FIN,Finland,2016,Klebsiella pneumoniae,Fluoroquinolones,2.73081924
FIN,Finland,2016,Klebsiella pneumoniae,Third-generation cephalosporins,4.07894736
FIN,Finland,2016,Pseudomonas aeruginosa,Carbapenems,5.96590909
FIN,Finland,2016,Staphylococcus aureus,Meticillin (MRSA),2.32804232
FIN,Finland,2017,Acinetobacter spp.,Carbapenems,2.7027027
FIN,Finland,2017,Enterococcus faecium,Aminopenicillins,80.97345132
FIN,Finland,2017,Escherichia coli,Carbapenems,0.0
FIN,Finland,2017,Escherichia coli,Fluoroquinolones,12.00754005
FIN,Finland,2017,Escherichia coli,Third-generation cephalosporins,6.85429829
FIN,Finland,2017,Klebsiella pneumoniae,Carbapenems,0.26385224
FIN,Finland,2017,Klebsiella pneumoniae,Fluoroquinolones,7.93650793
FIN,Finland,2017,Klebsiella pneumoniae,Third-generation cephalosporins,4.56989247
FIN,Finland,2017,Pseudomonas aeruginosa,Carbapenems,6.10079575
FIN,Finland,2017,Staphylococcus aureus,Meticillin (MRSA),2.09102091
FIN,Finland,2018,Acinetobacter spp.,Carbapenems,0.0
FIN,Finland,2018,Enterococcus faecium,Aminopenicillins,83.89830508
FIN,Finland,2018,Escherichia coli,Carbapenems,0.01977456
FIN,Finland,2018,Escherichia coli,Fluoroquinolones,11.48126115
FIN,Finland,2018,Escherichia coli,Third-generation cephalosporins,7.60956175
FIN,Finland,2018,Klebsiella pneumoniae,Carbapenems,0.61728395
FIN,Finland,2018,Klebsiella pneumoniae,Fluoroquinolones,6.31188118
FIN,Finland,2018,Klebsiella pneumoniae,Third-generation cephalosporins,4.47204968
FIN,Finland,2018,Pseudomonas aeruginosa,Carbapenems,4.85933503
FIN,Finland,2018,Staphylococcus aureus,Meticillin (MRSA),2.09026128
FRA,France,2001,Staphylococcus aureus,Meticillin (MRSA),33.3722287
FRA,France,2002,Enterococcus faecium,Aminopenicillins,29.16666666
FRA,France,2002,Escherichia coli,Carbapenems,0.0
FRA,France,2002,Escherichia coli,Fluoroquinolones,8.18948213
FRA,France,2002,Escherichia coli,Third-generation cephalosporins,0.76152304
FRA,France,2002,Staphylococcus aureus,Meticillin (MRSA),32.95249549
FRA,France,2003,Enterococcus faecium,Aminopenicillins,27.52293577
FRA,France,2003,Escherichia coli,Carbapenems,0.0
FRA,France,2003,Escherichia coli,Fluoroquinolones,9.32390631
FRA,France,2003,Escherichia coli,Third-generation cephalosporins,0.97087378
FRA,France,2003,Staphylococcus aureus,Meticillin (MRSA),28.8056206
FRA,France,2004,Enterococcus faecium,Aminopenicillins,46.35761589
FRA,France,2004,Escherichia coli,Carbapenems,0.0
FRA,France,2004,Escherichia coli,Fluoroquinolones,8.22695035
FRA,France,2004,Escherichia coli,Third-generation cephalosporins,0.95120662
FRA,France,2004,Staphylococcus aureus,Meticillin (MRSA),28.59276964
FRA,France,2005,Enterococcus faecium,Aminopenicillins,58.1632653
FRA,France,2005,Escherichia coli,Carbapenems,0.0
FRA,France,2005,Escherichia coli,Fluoroquinolones,11.01526211
FRA,France,2005,Escherichia coli,Third-generation cephalosporins,1.3881748
FRA,France,2005,Klebsiella pneumoniae,Carbapenems,0.13280212
FRA,France,2005,Klebsiella pneumoniae,Fluoroquinolones,7.15990453
FRA,France,2005,Klebsiella pneumoniae,Third-generation cephalosporins,4.12621359
FRA,France,2005,Pseudomonas aeruginosa,Carbapenems,14.22764227
FRA,France,2005,Staphylococcus aureus,Meticillin (MRSA),27.24662647
FRA,France,2006,Enterococcus faecium,Aminopenicillins,61.46341463
FRA,France,2006,Escherichia coli,Carbapenems,0.0
FRA,France,2006,Escherichia coli,Fluoroquinolones,13.82224234
FRA,France,2006,Escherichia coli,Third-generation cephalosporins,1.96516301
FRA,France,2006,Klebsiella pneumoniae,Carbapenems,0.0
FRA,France,2006,Klebsiella pneumoniae,Fluoroquinolones,8.52878464
FRA,France,2006,Klebsiella pneumoniae,Third-generation cephalosporins,6.12668743
FRA,France,2006,Pseudomonas aeruginosa,Carbapenems,12.15139442
FRA,France,2006,Staphylococcus aureus,Meticillin (MRSA),26.7417496
FRA,France,2007,Enterococcus faecium,Aminopenicillins,60.25641025
FRA,France,2007,Escherichia coli,Carbapenems,0.0
FRA,France,2007,Escherichia coli,Fluoroquinolones,14.79208416
FRA,France,2007,Escherichia coli,Third-generation cephalosporins,2.48724489
FRA,France,2007,Klebsiella pneumoniae,Carbapenems,0.09460737
FRA,France,2007,Klebsiella pneumoniae,Fluoroquinolones,14.04255319
FRA,France,2007,Klebsiella pneumoniae,Third-generation cephalosporins,10.07751937
FRA,France,2007,Pseudomonas aeruginosa,Carbapenems,14.13210445
FRA,France,2007,Staphylococcus aureus,Meticillin (MRSA),25.78823529
FRA,France,2008,Enterococcus faecium,Aminopenicillins,62.05962059
FRA,France,2008,Escherichia coli,Carbapenems,0.01418238
FRA,France,2008,Escherichia coli,Fluoroquinolones,15.69806279
FRA,France,2008,Escherichia coli,Third-generation cephalosporins,3.81727158
FRA,France,2008,Klebsiella pneumoniae,Carbapenems,0.0
FRA,France,2008,Klebsiella pneumoniae,Fluoroquinolones,20.57416267
FRA,France,2008,Klebsiella pneumoniae,Third-generation cephalosporins,15.20210896
FRA,France,2008,Pseudomonas aeruginosa,Carbapenems,14.22730989
FRA,France,2008,Staphylococcus aureus,Meticillin (MRSA),24.49725776
FRA,France,2009,Enterococcus faecium,Aminopenicillins,60.84745762
FRA,France,2009,Escherichia coli,Carbapenems,0.02586987
FRA,France,2009,Escherichia coli,Fluoroquinolones,18.55620735
FRA,France,2009,Escherichia coli,Third-generation cephalosporins,6.72268907
FRA,France,2009,Klebsiella pneumoniae,Carbapenems,0.1577287
FRA,France,2009,Klebsiella pneumoniae,Fluoroquinolones,24.03846153
FRA,France,2009,Klebsiella pneumoniae,Third-generation cephalosporins,18.6502177
FRA,France,2009,Pseudomonas aeruginosa,Carbapenems,17.39130434
FRA,France,2009,Staphylococcus aureus,Meticillin (MRSA),22.75423728
FRA,France,2010,Enterococcus faecium,Aminopenicillins,76.06679035
FRA,France,2010,Escherichia coli,Carbapenems,0.0
FRA,France,2010,Escherichia coli,Fluoroquinolones,17.54191184
FRA,France,2010,Escherichia coli,Third-generation cephalosporins,7.24894701
FRA,France,2010,Klebsiella pneumoniae,Carbapenems,0.0698324
FRA,France,2010,Klebsiella pneumoniae,Fluoroquinolones,21.80746561
FRA,France,2010,Klebsiella pneumoniae,Third-generation cephalosporins,17.83398184
FRA,France,2010,Pseudomonas aeruginosa,Carbapenems,17.79089376
FRA,France,2010,Staphylococcus aureus,Meticillin (MRSA),21.58880428
FRA,France,2011,Enterococcus faecium,Aminopenicillins,78.24
FRA,France,2011,Escherichia coli,Carbapenems,0.02352111
FRA,France,2011,Escherichia coli,Fluoroquinolones,17.92040487
FRA,France,2011,Escherichia coli,Third-generation cephalosporins,8.17313362
FRA,France,2011,Klebsiella pneumoniae,Carbapenems,0.0
FRA,France,2011,Klebsiella pneumoniae,Fluoroquinolones,27.98573975
FRA,France,2011,Klebsiella pneumoniae,Third-generation cephalosporins,25.3325272
FRA,France,2011,Pseudomonas aeruginosa,Carbapenems,19.97533908
FRA,France,2011,Staphylococcus aureus,Meticillin (MRSA),20.12298558
FRA,France,2012,Acinetobacter spp.,Carbapenems,3.34190231
FRA,France,2012,Enterococcus faecium,Aminopenicillins,78.68589743
FRA,France,2012,Escherichia coli,Carbapenems,0.0
FRA,France,2012,Escherichia coli,Fluoroquinolones,17.84582893
FRA,France,2012,Escherichia coli,Third-generation cephalosporins,9.95503503
FRA,France,2012,Klebsiella pneumoniae,Carbapenems,0.49170251
FRA,France,2012,Klebsiella pneumoniae,Fluoroquinolones,24.42341809
FRA,France,2012,Klebsiella pneumoniae,Third-generation cephalosporins,22.61835184
FRA,France,2012,Pseudomonas aeruginosa,Carbapenems,18.00232288
FRA,France,2012,Staphylococcus aureus,Meticillin (MRSA),19.18515684
FRA,France,2013,Acinetobacter spp.,Carbapenems,5.91133004
FRA,France,2013,Enterococcus faecium,Aminopenicillins,77.39726027
FRA,France,2013,Escherichia coli,Carbapenems,0.11476264
FRA,France,2013,Escherichia coli,Fluoroquinolones,16.73453173
FRA,France,2013,Escherichia coli,Third-generation cephalosporins,9.52334055
FRA,France,2013,Klebsiella pneumoniae,Carbapenems,0.65146579
FRA,France,2013,Klebsiella pneumoniae,Fluoroquinolones,29.43632567
FRA,France,2013,Klebsiella pneumoniae,Third-generation cephalosporins,28.01857585
FRA,France,2013,Pseudomonas aeruginosa,Carbapenems,17.18582169
FRA,France,2013,Staphylococcus aureus,Meticillin (MRSA),17.0686798
FRA,France,2014,Acinetobacter spp.,Carbapenems,2.49376558
FRA,France,2014,Enterococcus faecium,Aminopenicillins,76.19680851
FRA,France,2014,Escherichia coli,Carbapenems,0.01031672
FRA,France,2014,Escherichia coli,Fluoroquinolones,17.64820025
FRA,France,2014,Escherichia coli,Third-generation cephalosporins,9.94298966
FRA,France,2014,Klebsiella pneumoniae,Carbapenems,0.47551117
FRA,France,2014,Klebsiella pneumoniae,Fluoroquinolones,30.98850574
FRA,France,2014,Klebsiella pneumoniae,Third-generation cephalosporins,29.56204379
FRA,France,2014,Pseudomonas aeruginosa,Carbapenems,18.70786516
FRA,France,2014,Staphylococcus aureus,Meticillin (MRSA),17.3778264
FRA,France,2015,Acinetobacter spp.,Carbapenems,5.60747663
FRA,France,2015,Enterococcus faecium,Aminopenicillins,79.09887359
FRA,France,2015,Escherichia coli,Carbapenems,0.02862322
FRA,France,2015,Escherichia coli,Fluoroquinolones,17.74868157
FRA,France,2015,Escherichia coli,Third-generation cephalosporins,10.97638222
FRA,France,2015,Klebsiella pneumoniae,Carbapenems,0.49019607
FRA,France,2015,Klebsiella pneumoniae,Fluoroquinolones,30.66037735
FRA,France,2015,Klebsiella pneumoniae,Third-generation cephalosporins,30.53892215
FRA,France,2015,Pseudomonas aeruginosa,Carbapenems,16.41558441
FRA,France,2015,Staphylococcus aureus,Meticillin (MRSA),15.71815718
FRA,France,2016,Acinetobacter spp.,Carbapenems,7.11111111
FRA,France,2016,Enterococcus faecium,Aminopenicillins,78.00511508
FRA,France,2016,Escherichia coli,Carbapenems,0.00914996
FRA,France,2016,Escherichia coli,Fluoroquinolones,16.65629721
FRA,France,2016,Escherichia coli,Third-generation cephalosporins,11.22602315
FRA,France,2016,Klebsiella pneumoniae,Carbapenems,0.39556962
FRA,France,2016,Klebsiella pneumoniae,Fluoroquinolones,27.65546543
FRA,France,2016,Klebsiella pneumoniae,Third-generation cephalosporins,28.87947631
FRA,France,2016,Pseudomonas aeruginosa,Carbapenems,15.59959349
FRA,France,2016,Staphylococcus aureus,Meticillin (MRSA),13.76837576
FRA,France,2017,Acinetobacter spp.,Carbapenems,6.18336886
FRA,France,2017,Enterococcus faecium,Aminopenicillins,81.28342245
FRA,France,2017,Escherichia coli,Carbapenems,0.01557268
FRA,France,2017,Escherichia coli,Fluoroquinolones,15.0210084
FRA,France,2017,Escherichia coli,Third-generation cephalosporins,10.22318753
FRA,France,2017,Klebsiella pneumoniae,Carbapenems,0.67687923
FRA,France,2017,Klebsiella pneumoniae,Fluoroquinolones,26.78447678
FRA,France,2017,Klebsiella pneumoniae,Third-generation cephalosporins,28.83817427
FRA,France,2017,Pseudomonas aeruginosa,Carbapenems,13.91812865
FRA,France,2017,Staphylococcus aureus,Meticillin (MRSA),12.9171817
FRA,France,2018,Acinetobacter spp.,Carbapenems,6.53061224
FRA,France,2018,Enterococcus faecium,Aminopenicillins,79.40528634
FRA,France,2018,Escherichia coli,Carbapenems,0.04839099
FRA,France,2018,Escherichia coli,Fluoroquinolones,16.32243028
FRA,France,2018,Escherichia coli,Third-generation cephalosporins,9.59251625
FRA,France,2018,Klebsiella pneumoniae,Carbapenems,0.50033355
FRA,France,2018,Klebsiella pneumoniae,Fluoroquinolones,30.43043043
FRA,France,2018,Klebsiella pneumoniae,Third-generation cephalosporins,30.76162215
FRA,France,2018,Pseudomonas aeruginosa,Carbapenems,15.98101265
FRA,France,2018,Staphylococcus aureus,Meticillin (MRSA),12.11067651
GBR,United Kingdom,2000,Staphylococcus aureus,Meticillin (MRSA),41.43763213
GBR,United Kingdom,2001,Escherichia coli,Fluoroquinolones,6.20408163
GBR,United Kingdom,2001,Escherichia coli,Third-generation cephalosporins,1.21317157
GBR,United Kingdom,2001,Staphylococcus aureus,Meticillin (MRSA),47.25738396
GBR,United Kingdom,2002,Escherichia coli,Fluoroquinolones,7.34528629
GBR,United Kingdom,2002,Escherichia coli,Third-generation cephalosporins,2.05519671
GBR,United Kingdom,2002,Staphylococcus aureus,Meticillin (MRSA),46.66246851
GBR,United Kingdom,2003,Escherichia coli,Fluoroquinolones,11.27783155
GBR,United Kingdom,2003,Escherichia coli,Third-generation cephalosporins,3.27056491
GBR,United Kingdom,2003,Staphylococcus aureus,Meticillin (MRSA),44.01588201
GBR,United Kingdom,2004,Escherichia coli,Fluoroquinolones,14.16962925
GBR,United Kingdom,2004,Escherichia coli,Third-generation cephalosporins,3.20378151
GBR,United Kingdom,2004,Staphylococcus aureus,Meticillin (MRSA),43.64811691
GBR,United Kingdom,2005,Enterococcus faecium,Aminopenicillins,83.96226415
GBR,United Kingdom,2005,Escherichia coli,Fluoroquinolones,16.83121767
GBR,United Kingdom,2005,Escherichia coli,Third-generation cephalosporins,6.28964059
GBR,United Kingdom,2005,Klebsiella pneumoniae,Carbapenems,0.0
GBR,United Kingdom,2005,Klebsiella pneumoniae,Fluoroquinolones,12.09677419
GBR,United Kingdom,2005,Klebsiella pneumoniae,Third-generation cephalosporins,12.33333333
GBR,United Kingdom,2005,Pseudomonas aeruginosa,Carbapenems,9.21787709
GBR,United Kingdom,2005,Staphylococcus aureus,Meticillin (MRSA),42.95437358
GBR,United Kingdom,2006,Enterococcus faecium,Aminopenicillins,77.57575757
GBR,United Kingdom,2006,Escherichia coli,Carbapenems,0.20422055
GBR,United Kingdom,2006,Escherichia coli,Fluoroquinolones,19.90719257
GBR,United Kingdom,2006,Escherichia coli,Third-generation cephalosporins,7.67494356
GBR,United Kingdom,2006,Klebsiella pneumoniae,Carbapenems,0.34965034
GBR,United Kingdom,2006,Klebsiella pneumoniae,Fluoroquinolones,12.59842519
GBR,United Kingdom,2006,Klebsiella pneumoniae,Third-generation cephalosporins,11.14864864
GBR,United Kingdom,2006,Pseudomonas aeruginosa,Carbapenems,6.20155038
GBR,United Kingdom,2006,Staphylococcus aureus,Meticillin (MRSA),42.075
GBR,United Kingdom,2007,Enterococcus faecium,Aminopenicillins,82.08955223
GBR,United Kingdom,2007,Escherichia coli,Carbapenems,0.06480881
GBR,United Kingdom,2007,Escherichia coli,Fluoroquinolones,17.89719626
GBR,United Kingdom,2007,Escherichia coli,Third-generation cephalosporins,9.40919037
GBR,United Kingdom,2007,Klebsiella pneumoniae,Carbapenems,0.33112582
GBR,United Kingdom,2007,Klebsiella pneumoniae,Fluoroquinolones,11.84971098
GBR,United Kingdom,2007,Klebsiella pneumoniae,Third-generation cephalosporins,12.53822629
GBR,United Kingdom,2007,Pseudomonas aeruginosa,Carbapenems,9.96168582
GBR,United Kingdom,2007,Staphylococcus aureus,Meticillin (MRSA),35.60590313
GBR,United Kingdom,2008,Enterococcus faecium,Aminopenicillins,82.92682926
GBR,United Kingdom,2008,Escherichia coli,Carbapenems,0.13927576
GBR,United Kingdom,2008,Escherichia coli,Fluoroquinolones,15.10548523
GBR,United Kingdom,2008,Escherichia coli,Third-generation cephalosporins,6.93114455
GBR,United Kingdom,2008,Klebsiella pneumoniae,Carbapenems,1.23966942
GBR,United Kingdom,2008,Klebsiella pneumoniae,Fluoroquinolones,7.01219512
GBR,United Kingdom,2008,Klebsiella pneumoniae,Third-generation cephalosporins,6.71140939
GBR,United Kingdom,2008,Pseudomonas aeruginosa,Carbapenems,6.37450199
GBR,United Kingdom,2008,Staphylococcus aureus,Meticillin (MRSA),30.71641791
GBR,United Kingdom,2009,Enterococcus faecium,Aminopenicillins,90.58823529
GBR,United Kingdom,2009,Escherichia coli,Carbapenems,0.02891008
GBR,United Kingdom,2009,Escherichia coli,Fluoroquinolones,18.03874092
GBR,United Kingdom,2009,Escherichia coli,Third-generation cephalosporins,9.35835658
GBR,United Kingdom,2009,Klebsiella pneumoniae,Carbapenems,0.16920473
GBR,United Kingdom,2009,Klebsiella pneumoniae,Fluoroquinolones,5.75757575
GBR,United Kingdom,2009,Klebsiella pneumoniae,Third-generation cephalosporins,7.17557251
GBR,United Kingdom,2009,Pseudomonas aeruginosa,Carbapenems,8.07086614
GBR,United Kingdom,2009,Staphylococcus aureus,Meticillin (MRSA),27.81824488
GBR,United Kingdom,2010,Enterococcus faecium,Aminopenicillins,84.38818565
GBR,United Kingdom,2010,Escherichia coli,Carbapenems,0.02484472
GBR,United Kingdom,2010,Escherichia coli,Fluoroquinolones,17.30010384
GBR,United Kingdom,2010,Escherichia coli,Third-generation cephalosporins,8.97294919
GBR,United Kingdom,2010,Klebsiella pneumoniae,Carbapenems,0.14771048
GBR,United Kingdom,2010,Klebsiella pneumoniae,Fluoroquinolones,7.421875
GBR,United Kingdom,2010,Klebsiella pneumoniae,Third-generation cephalosporins,9.69044414
GBR,United Kingdom,2010,Pseudomonas aeruginosa,Carbapenems,6.49087221
GBR,United Kingdom,2010,Staphylococcus aureus,Meticillin (MRSA),21.57228017
GBR,United Kingdom,2011,Enterococcus faecium,Aminopenicillins,89.22558922
GBR,United Kingdom,2011,Escherichia coli,Carbapenems,0.06465517
GBR,United Kingdom,2011,Escherichia coli,Fluoroquinolones,17.54133716
GBR,United Kingdom,2011,Escherichia coli,Third-generation cephalosporins,9.62948668
GBR,United Kingdom,2011,Klebsiella pneumoniae,Carbapenems,0.36363636
GBR,United Kingdom,2011,Klebsiella pneumoniae,Fluoroquinolones,4.56852791
GBR,United Kingdom,2011,Klebsiella pneumoniae,Third-generation cephalosporins,5.34759358
GBR,United Kingdom,2011,Pseudomonas aeruginosa,Carbapenems,5.55555555
GBR,United Kingdom,2011,Staphylococcus aureus,Meticillin (MRSA),13.64436619
GBR,United Kingdom,2012,Acinetobacter spp.,Carbapenems,2.5
GBR,United Kingdom,2012,Enterococcus faecium,Aminopenicillins,93.08357348
GBR,United Kingdom,2012,Escherichia coli,Carbapenems,0.21227325
GBR,United Kingdom,2012,Escherichia coli,Fluoroquinolones,16.56785771
GBR,United Kingdom,2012,Escherichia coli,Third-generation cephalosporins,13.13791276
GBR,United Kingdom,2012,Klebsiella pneumoniae,Carbapenems,0.45045045
GBR,United Kingdom,2012,Klebsiella pneumoniae,Fluoroquinolones,7.43243243
GBR,United Kingdom,2012,Klebsiella pneumoniae,Third-generation cephalosporins,11.81525241
GBR,United Kingdom,2012,Pseudomonas aeruginosa,Carbapenems,6.30182421
GBR,United Kingdom,2012,Staphylococcus aureus,Meticillin (MRSA),14.16292974
GBR,United Kingdom,2013,Acinetobacter spp.,Carbapenems,2.01342281
GBR,United Kingdom,2013,Enterococcus faecium,Aminopenicillins,92.09302325
GBR,United Kingdom,2013,Escherichia coli,Carbapenems,0.04799232
GBR,United Kingdom,2013,Escherichia coli,Fluoroquinolones,16.30465847
GBR,United Kingdom,2013,Escherichia coli,Third-generation cephalosporins,14.71302763
GBR,United Kingdom,2013,Klebsiella pneumoniae,Carbapenems,0.47573739
GBR,United Kingdom,2013,Klebsiella pneumoniae,Fluoroquinolones,8.65800865
GBR,United Kingdom,2013,Klebsiella pneumoniae,Third-generation cephalosporins,13.64902506
GBR,United Kingdom,2013,Pseudomonas aeruginosa,Carbapenems,5.21609538
GBR,United Kingdom,2013,Staphylococcus aureus,Meticillin (MRSA),13.88757675
GBR,United Kingdom,2014,Acinetobacter spp.,Carbapenems,1.66666666
GBR,United Kingdom,2014,Enterococcus faecium,Aminopenicillins,92.5
GBR,United Kingdom,2014,Escherichia coli,Carbapenems,0.14135385
GBR,United Kingdom,2014,Escherichia coli,Fluoroquinolones,16.81837884
GBR,United Kingdom,2014,Escherichia coli,Third-generation cephalosporins,10.31988426
GBR,United Kingdom,2014,Klebsiella pneumoniae,Carbapenems,0.84190832
GBR,United Kingdom,2014,Klebsiella pneumoniae,Fluoroquinolones,7.69911504
GBR,United Kingdom,2014,Klebsiella pneumoniae,Third-generation cephalosporins,9.30470347
GBR,United Kingdom,2014,Pseudomonas aeruginosa,Carbapenems,6.27118644
GBR,United Kingdom,2014,Staphylococcus aureus,Meticillin (MRSA),11.29166666
GBR,United Kingdom,2015,Acinetobacter spp.,Carbapenems,0.75757575
GBR,United Kingdom,2015,Enterococcus faecium,Aminopenicillins,82.10862619
GBR,United Kingdom,2015,Escherichia coli,Carbapenems,0.25468437
GBR,United Kingdom,2015,Escherichia coli,Fluoroquinolones,15.64005505
GBR,United Kingdom,2015,Escherichia coli,Third-generation cephalosporins,11.25943122
GBR,United Kingdom,2015,Klebsiella pneumoniae,Carbapenems,0.41580041
GBR,United Kingdom,2015,Klebsiella pneumoniae,Fluoroquinolones,13.25420375
GBR,United Kingdom,2015,Klebsiella pneumoniae,Third-generation cephalosporins,10.48034934
GBR,United Kingdom,2015,Pseudomonas aeruginosa,Carbapenems,2.40480961
GBR,United Kingdom,2015,Staphylococcus aureus,Meticillin (MRSA),10.73630758
GBR,United Kingdom,2016,Acinetobacter spp.,Carbapenems,1.54109589
GBR,United Kingdom,2016,Enterococcus faecium,Aminopenicillins,75.05567928
GBR,United Kingdom,2016,Escherichia coli,Carbapenems,0.030753
GBR,United Kingdom,2016,Escherichia coli,Fluoroquinolones,16.33090066
GBR,United Kingdom,2016,Escherichia coli,Third-generation cephalosporins,9.23738899
GBR,United Kingdom,2016,Klebsiella pneumoniae,Carbapenems,0.27040314
GBR,United Kingdom,2016,Klebsiella pneumoniae,Fluoroquinolones,7.47847478
GBR,United Kingdom,2016,Klebsiella pneumoniae,Third-generation cephalosporins,8.86561062
GBR,United Kingdom,2016,Pseudomonas aeruginosa,Carbapenems,5.12333965
GBR,United Kingdom,2016,Staphylococcus aureus,Meticillin (MRSA),6.72919458
GBR,United Kingdom,2017,Acinetobacter spp.,Carbapenems,2.81329923
GBR,United Kingdom,2017,Enterococcus faecium,Aminopenicillins,91.89837008
GBR,United Kingdom,2017,Escherichia coli,Carbapenems,0.02327591
GBR,United Kingdom,2017,Escherichia coli,Fluoroquinolones,17.46894152
GBR,United Kingdom,2017,Escherichia coli,Third-generation cephalosporins,10.25604297
GBR,United Kingdom,2017,Klebsiella pneumoniae,Carbapenems,0.58778915
GBR,United Kingdom,2017,Klebsiella pneumoniae,Fluoroquinolones,9.27640279
GBR,United Kingdom,2017,Klebsiella pneumoniae,Third-generation cephalosporins,11.36135129
GBR,United Kingdom,2017,Pseudomonas aeruginosa,Carbapenems,5.70613409
GBR,United Kingdom,2017,Staphylococcus aureus,Meticillin (MRSA),6.92333671
GBR,United Kingdom,2018,Acinetobacter spp.,Carbapenems,1.82072829
GBR,United Kingdom,2018,Enterococcus faecium,Aminopenicillins,91.53503442
GBR,United Kingdom,2018,Escherichia coli,Carbapenems,0.04162797
GBR,United Kingdom,2018,Escherichia coli,Fluoroquinolones,17.71218889
GBR,United Kingdom,2018,Escherichia coli,Third-generation cephalosporins,10.96697701
GBR,United Kingdom,2018,Klebsiella pneumoniae,Carbapenems,0.69742489
GBR,United Kingdom,2018,Klebsiella pneumoniae,Fluoroquinolones,13.08928571
GBR,United Kingdom,2018,Klebsiella pneumoniae,Third-generation cephalosporins,12.98977031
GBR,United Kingdom,2018,Pseudomonas aeruginosa,Carbapenems,5.96797671
GBR,United Kingdom,2018,Staphylococcus aureus,Meticillin (MRSA),7.25262576
GRC,Greece,2000,Enterococcus faecium,Aminopenicillins,82.89473684
GRC,Greece,2000,Escherichia coli,Carbapenems,1.06382978
GRC,Greece,2000,Escherichia coli,Fluoroquinolones,4.28571428
GRC,Greece,2000,Escherichia coli,Third-generation cephalosporins,3.60110803
GRC,Greece,2000,Staphylococcus aureus,Meticillin (MRSA),49.72677595
GRC,Greece,2001,Enterococcus faecium,Aminopenicillins,85.71428571
GRC,Greece,2001,Escherichia coli,Carbapenems,1.01522842
GRC,Greece,2001,Escherichia coli,Fluoroquinolones,9.4619666
GRC,Greece,2001,Escherichia coli,Third-generation cephalosporins,5.44815465
GRC,Greece,2001,Staphylococcus aureus,Meticillin (MRSA),39.88919667
GRC,Greece,2002,Enterococcus faecium,Aminopenicillins,75.40983606
GRC,Greece,2002,Escherichia coli,Carbapenems,0.35971223
GRC,Greece,2002,Escherichia coli,Fluoroquinolones,13.13993174
GRC,Greece,2002,Escherichia coli,Third-generation cephalosporins,6.36833046
GRC,Greece,2002,Staphylococcus aureus,Meticillin (MRSA),44.02173913
GRC,Greece,2003,Enterococcus faecium,Aminopenicillins,89.33333333
GRC,Greece,2003,Escherichia coli,Carbapenems,0.38095238
GRC,Greece,2003,Escherichia coli,Fluoroquinolones,12.2659176
GRC,Greece,2003,Escherichia coli,Third-generation cephalosporins,5.60224089
GRC,Greece,2003,Staphylococcus aureus,Meticillin (MRSA),45.19519519
GRC,Greece,2004,Enterococcus faecium,Aminopenicillins,83.7037037
GRC,Greece,2004,Escherichia coli,Carbapenems,0.17905102
GRC,Greece,2004,Escherichia coli,Fluoroquinolones,11.61751563
GRC,Greece,2004,Escherichia coli,Third-generation cephalosporins,6.03907637
GRC,Greece,2004,Staphylococcus aureus,Meticillin (MRSA),44.33497536
GRC,Greece,2005,Enterococcus faecium,Aminopenicillins,85.44600938
GRC,Greece,2005,Escherichia coli,Carbapenems,0.35335689
GRC,Greece,2005,Escherichia coli,Fluoroquinolones,12.32394366
GRC,Greece,2005,Escherichia coli,Third-generation cephalosporins,7.023705
GRC,Greece,2005,Klebsiella pneumoniae,Carbapenems,27.8137128
GRC,Greece,2005,Klebsiella pneumoniae,Fluoroquinolones,54.40414507
GRC,Greece,2005,Klebsiella pneumoniae,Third-generation cephalosporins,60.59431524
GRC,Greece,2005,Pseudomonas aeruginosa,Carbapenems,38.68194842
GRC,Greece,2005,Staphylococcus aureus,Meticillin (MRSA),41.99706314
GRC,Greece,2006,Enterococcus faecium,Aminopenicillins,87.58620689
GRC,Greece,2006,Escherichia coli,Carbapenems,0.40749796
GRC,Greece,2006,Escherichia coli,Fluoroquinolones,14.48
GRC,Greece,2006,Escherichia coli,Third-generation cephalosporins,6.07513988
GRC,Greece,2006,Klebsiella pneumoniae,Carbapenems,32.85543608
GRC,Greece,2006,Klebsiella pneumoniae,Fluoroquinolones,49.64285714
GRC,Greece,2006,Klebsiella pneumoniae,Third-generation cephalosporins,57.90725326
GRC,Greece,2006,Pseudomonas aeruginosa,Carbapenems,47.60736196
GRC,Greece,2006,Staphylococcus aureus,Meticillin (MRSA),42.6150121
GRC,Greece,2007,Enterococcus faecium,Aminopenicillins,90.59829059
GRC,Greece,2007,Escherichia coli,Carbapenems,0.08230452
GRC,Greece,2007,Escherichia coli,Fluoroquinolones,19.15240423
GRC,Greece,2007,Escherichia coli,Third-generation cephalosporins,7.62987012
GRC,Greece,2007,Klebsiella pneumoniae,Carbapenems,42.44306418
GRC,Greece,2007,Klebsiella pneumoniae,Fluoroquinolones,55.06198347
GRC,Greece,2007,Klebsiella pneumoniae,Third-generation cephalosporins,61.83127572
GRC,Greece,2007,Pseudomonas aeruginosa,Carbapenems,46.74185463
GRC,Greece,2007,Staphylococcus aureus,Meticillin (MRSA),48.01488833
GRC,Greece,2008,Enterococcus faecium,Aminopenicillins,85.2601156
GRC,Greece,2008,Escherichia coli,Carbapenems,0.34674063
GRC,Greece,2008,Escherichia coli,Fluoroquinolones,22.406639
GRC,Greece,2008,Escherichia coli,Third-generation cephalosporins,9.93150684
GRC,Greece,2008,Klebsiella pneumoniae,Carbapenems,36.59217877
GRC,Greece,2008,Klebsiella pneumoniae,Fluoroquinolones,64.29240862
GRC,Greece,2008,Klebsiella pneumoniae,Third-generation cephalosporins,65.74074074
GRC,Greece,2008,Pseudomonas aeruginosa,Carbapenems,48.68995633
GRC,Greece,2008,Staphylococcus aureus,Meticillin (MRSA),40.62863795
GRC,Greece,2009,Enterococcus faecium,Aminopenicillins,85.89420654
GRC,Greece,2009,Escherichia coli,Carbapenems,0.71823204
GRC,Greece,2009,Escherichia coli,Fluoroquinolones,23.42192691
GRC,Greece,2009,Escherichia coli,Third-generation cephalosporins,10.13774104
GRC,Greece,2009,Klebsiella pneumoniae,Carbapenems,43.51567301
GRC,Greece,2009,Klebsiella pneumoniae,Fluoroquinolones,65.62115621
GRC,Greece,2009,Klebsiella pneumoniae,Third-generation cephalosporins,68.66585067
GRC,Greece,2009,Pseudomonas aeruginosa,Carbapenems,44.01826484
GRC,Greece,2009,Staphylococcus aureus,Meticillin (MRSA),40.36144578
GRC,Greece,2010,Enterococcus faecium,Aminopenicillins,92.77389277
GRC,Greece,2010,Escherichia coli,Carbapenems,0.3949967
GRC,Greece,2010,Escherichia coli,Fluoroquinolones,24.40633245
GRC,Greece,2010,Escherichia coli,Third-generation cephalosporins,14.20039814
GRC,Greece,2010,Klebsiella pneumoniae,Carbapenems,49.08120924
GRC,Greece,2010,Klebsiella pneumoniae,Fluoroquinolones,70.88305489
GRC,Greece,2010,Klebsiella pneumoniae,Third-generation cephalosporins,74.61447212
GRC,Greece,2010,Pseudomonas aeruginosa,Carbapenems,43.14314314
GRC,Greece,2010,Staphylococcus aureus,Meticillin (MRSA),39.21568627
GRC,Greece,2011,Enterococcus faecium,Aminopenicillins,92.80575539
GRC,Greece,2011,Escherichia coli,Carbapenems,0.88731144
GRC,Greece,2011,Escherichia coli,Fluoroquinolones,26.5875785
GRC,Greece,2011,Escherichia coli,Third-generation cephalosporins,14.91289198
GRC,Greece,2011,Klebsiella pneumoniae,Carbapenems,68.15403422
GRC,Greece,2011,Klebsiella pneumoniae,Fluoroquinolones,72.2324159
GRC,Greece,2011,Klebsiella pneumoniae,Third-generation cephalosporins,75.79579579
GRC,Greece,2011,Pseudomonas aeruginosa,Carbapenems,54.0
GRC,Greece,2011,Staphylococcus aureus,Meticillin (MRSA),39.15816326
GRC,Greece,2012,Acinetobacter spp.,Carbapenems,87.79904306
GRC,Greece,2012,Enterococcus faecium,Aminopenicillins,93.50961538
GRC,Greece,2012,Escherichia coli,Carbapenems,1.43266475
GRC,Greece,2012,Escherichia coli,Fluoroquinolones,29.08163265
GRC,Greece,2012,Escherichia coli,Third-generation cephalosporins,16.22397702
GRC,Greece,2012,Klebsiella pneumoniae,Carbapenems,60.47945205
GRC,Greece,2012,Klebsiella pneumoniae,Fluoroquinolones,69.67787114
GRC,Greece,2012,Klebsiella pneumoniae,Third-generation cephalosporins,70.87045921
GRC,Greece,2012,Pseudomonas aeruginosa,Carbapenems,47.73980154
GRC,Greece,2012,Staphylococcus aureus,Meticillin (MRSA),40.98173515
GRC,Greece,2013,Acinetobacter spp.,Carbapenems,90.56603773
GRC,Greece,2013,Enterococcus faecium,Aminopenicillins,88.82521489
GRC,Greece,2013,Escherichia coli,Carbapenems,1.35350318
GRC,Greece,2013,Escherichia coli,Fluoroquinolones,30.88709677
GRC,Greece,2013,Escherichia coli,Third-generation cephalosporins,17.21115537
GRC,Greece,2013,Klebsiella pneumoniae,Carbapenems,59.3879239
GRC,Greece,2013,Klebsiella pneumoniae,Fluoroquinolones,67.5767918
GRC,Greece,2013,Klebsiella pneumoniae,Third-generation cephalosporins,70.11589403
GRC,Greece,2013,Pseudomonas aeruginosa,Carbapenems,49.25883694
GRC,Greece,2013,Staphylococcus aureus,Meticillin (MRSA),40.29062087
GRC,Greece,2014,Acinetobacter spp.,Carbapenems,93.22235434
GRC,Greece,2014,Enterococcus faecium,Aminopenicillins,91.11111111
GRC,Greece,2014,Escherichia coli,Carbapenems,1.15864527
GRC,Greece,2014,Escherichia coli,Fluoroquinolones,32.76018099
GRC,Greece,2014,Escherichia coli,Third-generation cephalosporins,21.03386809
GRC,Greece,2014,Klebsiella pneumoniae,Carbapenems,62.31617647
GRC,Greece,2014,Klebsiella pneumoniae,Fluoroquinolones,67.63875823
GRC,Greece,2014,Klebsiella pneumoniae,Third-generation cephalosporins,72.52747252
GRC,Greece,2014,Pseudomonas aeruginosa,Carbapenems,42.91845493
GRC,Greece,2014,Staphylococcus aureus,Meticillin (MRSA),37.05035971
GRC,Greece,2015,Acinetobacter spp.,Carbapenems,93.48931841
GRC,Greece,2015,Enterococcus faecium,Aminopenicillins,92.76315789
GRC,Greece,2015,Escherichia coli,Carbapenems,1.15226337
GRC,Greece,2015,Escherichia coli,Fluoroquinolones,30.56255247
GRC,Greece,2015,Escherichia coli,Third-generation cephalosporins,19.83539094
GRC,Greece,2015,Klebsiella pneumoniae,Carbapenems,61.94092827
GRC,Greece,2015,Klebsiella pneumoniae,Fluoroquinolones,66.40826873
GRC,Greece,2015,Klebsiella pneumoniae,Third-generation cephalosporins,69.53586497
GRC,Greece,2015,Pseudomonas aeruginosa,Carbapenems,40.44444444
GRC,Greece,2015,Staphylococcus aureus,Meticillin (MRSA),39.37908496
GRC,Greece,2016,Acinetobacter spp.,Carbapenems,95.35423925
GRC,Greece,2016,Enterococcus faecium,Aminopenicillins,93.53932584
GRC,Greece,2016,Escherichia coli,Carbapenems,0.92095165
GRC,Greece,2016,Escherichia coli,Fluoroquinolones,32.13190184
GRC,Greece,2016,Escherichia coli,Third-generation cephalosporins,17.6380368
GRC,Greece,2016,Klebsiella pneumoniae,Carbapenems,66.86440677
GRC,Greece,2016,Klebsiella pneumoniae,Fluoroquinolones,68.64406779
GRC,Greece,2016,Klebsiella pneumoniae,Third-generation cephalosporins,72.48094834
GRC,Greece,2016,Pseudomonas aeruginosa,Carbapenems,42.06008583
GRC,Greece,2016,Staphylococcus aureus,Meticillin (MRSA),38.81064162
GRC,Greece,2017,Acinetobacter spp.,Carbapenems,94.79452054
GRC,Greece,2017,Enterococcus faecium,Aminopenicillins,93.93203883
GRC,Greece,2017,Escherichia coli,Carbapenems,1.56782549
GRC,Greece,2017,Escherichia coli,Fluoroquinolones,32.92349726
GRC,Greece,2017,Escherichia coli,Third-generation cephalosporins,18.29931972
GRC,Greece,2017,Klebsiella pneumoniae,Carbapenems,64.71019809
GRC,Greece,2017,Klebsiella pneumoniae,Fluoroquinolones,66.93907875
GRC,Greece,2017,Klebsiella pneumoniae,Third-generation cephalosporins,69.16299559
GRC,Greece,2017,Pseudomonas aeruginosa,Carbapenems,39.34226552
GRC,Greece,2017,Staphylococcus aureus,Meticillin (MRSA),38.44282238
GRC,Greece,2018,Acinetobacter spp.,Carbapenems,92.39881539
GRC,Greece,2018,Enterococcus faecium,Aminopenicillins,90.50387596
GRC,Greece,2018,Escherichia coli,Carbapenems,1.03658536
GRC,Greece,2018,Escherichia coli,Fluoroquinolones,30.77866339
GRC,Greece,2018,Escherichia coli,Third-generation cephalosporins,19.32926829
GRC,Greece,2018,Klebsiella pneumoniae,Carbapenems,63.88518024
GRC,Greece,2018,Klebsiella pneumoniae,Fluoroquinolones,68.07795698
GRC,Greece,2018,Klebsiella pneumoniae,Third-generation cephalosporins,70.73333333
GRC,Greece,2018,Pseudomonas aeruginosa,Carbapenems,37.5
GRC,Greece,2018,Staphylococcus aureus,Meticillin (MRSA),36.37387387
HRV,Croatia,2001,Enterococcus faecium,Aminopenicillins,
HRV,Croatia,2001,Escherichia coli,Carbapenems,0.0
HRV,Croatia,2001,Escherichia coli,Fluoroquinolones,4.51977401
HRV,Croatia,2001,Escherichia coli,Third-generation cephalosporins,1.64835164
HRV,Croatia,2001,Staphylococcus aureus,Meticillin (MRSA),31.54362416
HRV,Croatia,2002,Enterococcus faecium,Aminopenicillins,
HRV,Croatia,2002,Escherichia coli,Carbapenems,0.0
HRV,Croatia,2002,Escherichia coli,Fluoroquinolones,5.30612244
HRV,Croatia,2002,Escherichia coli,Third-generation cephalosporins,2.85714285
HRV,Croatia,2002,Staphylococcus aureus,Meticillin (MRSA),36.91756272
HRV,Croatia,2003,Enterococcus faecium,Aminopenicillins,46.875
HRV,Croatia,2003,Escherichia coli,Carbapenems,0.0
HRV,Croatia,2003,Escherichia coli,Fluoroquinolones,7.1297989
HRV,Croatia,2003,Escherichia coli,Third-generation cephalosporins,4.38596491
HRV,Croatia,2003,Staphylococcus aureus,Meticillin (MRSA),36.94444444
HRV,Croatia,2004,Enterococcus faecium,Aminopenicillins,68.96551724
HRV,Croatia,2004,Escherichia coli,Carbapenems,0.0
HRV,Croatia,2004,Escherichia coli,Fluoroquinolones,8.23970037
HRV,Croatia,2004,Escherichia coli,Third-generation cephalosporins,2.61682242
HRV,Croatia,2004,Staphylococcus aureus,Meticillin (MRSA),37.5
HRV,Croatia,2005,Enterococcus faecium,Aminopenicillins,82.35294117
HRV,Croatia,2005,Escherichia coli,Carbapenems,0.0
HRV,Croatia,2005,Escherichia coli,Fluoroquinolones,8.79120879
HRV,Croatia,2005,Escherichia coli,Third-generation cephalosporins,0.78492935
HRV,Croatia,2005,Klebsiella pneumoniae,Carbapenems,0.0
HRV,Croatia,2005,Klebsiella pneumoniae,Fluoroquinolones,18.18181818
HRV,Croatia,2005,Klebsiella pneumoniae,Third-generation cephalosporins,45.53571428
HRV,Croatia,2005,Pseudomonas aeruginosa,Carbapenems,23.61111111
HRV,Croatia,2005,Staphylococcus aureus,Meticillin (MRSA),36.72316384
HRV,Croatia,2006,Enterococcus faecium,Aminopenicillins,68.57142857
HRV,Croatia,2006,Escherichia coli,Carbapenems,0.0
HRV,Croatia,2006,Escherichia coli,Fluoroquinolones,15.46391752
HRV,Croatia,2006,Escherichia coli,Third-generation cephalosporins,1.41570141
HRV,Croatia,2006,Klebsiella pneumoniae,Carbapenems,0.0
HRV,Croatia,2006,Klebsiella pneumoniae,Fluoroquinolones,23.41463414
HRV,Croatia,2006,Klebsiella pneumoniae,Third-generation cephalosporins,34.14634146
HRV,Croatia,2006,Pseudomonas aeruginosa,Carbapenems,24.70588235
HRV,Croatia,2006,Staphylococcus aureus,Meticillin (MRSA),36.31713554
HRV,Croatia,2007,Enterococcus faecium,Aminopenicillins,78.43137254
HRV,Croatia,2007,Escherichia coli,Carbapenems,0.11709601
HRV,Croatia,2007,Escherichia coli,Fluoroquinolones,13.13953488
HRV,Croatia,2007,Escherichia coli,Third-generation cephalosporins,2.6744186
HRV,Croatia,2007,Klebsiella pneumoniae,Carbapenems,0.35842293
HRV,Croatia,2007,Klebsiella pneumoniae,Fluoroquinolones,33.81818181
HRV,Croatia,2007,Klebsiella pneumoniae,Third-generation cephalosporins,40.35714285
HRV,Croatia,2007,Pseudomonas aeruginosa,Carbapenems,26.45502645
HRV,Croatia,2007,Staphylococcus aureus,Meticillin (MRSA),37.6
HRV,Croatia,2008,Enterococcus faecium,Aminopenicillins,79.16666666
HRV,Croatia,2008,Escherichia coli,Carbapenems,0.0
HRV,Croatia,2008,Escherichia coli,Fluoroquinolones,14.98905908
HRV,Croatia,2008,Escherichia coli,Third-generation cephalosporins,3.82932166
HRV,Croatia,2008,Klebsiella pneumoniae,Carbapenems,0.31152647
HRV,Croatia,2008,Klebsiella pneumoniae,Fluoroquinolones,43.51851851
HRV,Croatia,2008,Klebsiella pneumoniae,Third-generation cephalosporins,54.38066465
HRV,Croatia,2008,Pseudomonas aeruginosa,Carbapenems,30.0
HRV,Croatia,2008,Staphylococcus aureus,Meticillin (MRSA),35.23206751
HRV,Croatia,2010,Enterococcus faecium,Aminopenicillins,82.22222222
HRV,Croatia,2010,Escherichia coli,Carbapenems,0.34403669
HRV,Croatia,2010,Escherichia coli,Fluoroquinolones,17.00913242
HRV,Croatia,2010,Escherichia coli,Third-generation cephalosporins,8.73015873
HRV,Croatia,2010,Klebsiella pneumoniae,Carbapenems,2.15053763
HRV,Croatia,2010,Klebsiella pneumoniae,Fluoroquinolones,47.48201438
HRV,Croatia,2010,Klebsiella pneumoniae,Third-generation cephalosporins,55.51601423
HRV,Croatia,2010,Pseudomonas aeruginosa,Carbapenems,28.57142857
HRV,Croatia,2010,Staphylococcus aureus,Meticillin (MRSA),26.05042016
HRV,Croatia,2011,Enterococcus faecium,Aminopenicillins,98.27586206
HRV,Croatia,2011,Escherichia coli,Carbapenems,0.0
HRV,Croatia,2011,Escherichia coli,Fluoroquinolones,20.27310924
HRV,Croatia,2011,Escherichia coli,Third-generation cephalosporins,9.56256358
HRV,Croatia,2011,Klebsiella pneumoniae,Carbapenems,0.0
HRV,Croatia,2011,Klebsiella pneumoniae,Fluoroquinolones,42.46575342
HRV,Croatia,2011,Klebsiella pneumoniae,Third-generation cephalosporins,48.16053511
HRV,Croatia,2011,Pseudomonas aeruginosa,Carbapenems,29.64601769
HRV,Croatia,2011,Staphylococcus aureus,Meticillin (MRSA),27.71084337
HRV,Croatia,2012,Enterococcus faecium,Aminopenicillins,98.33333333
HRV,Croatia,2012,Escherichia coli,Carbapenems,0.0
HRV,Croatia,2012,Escherichia coli,Fluoroquinolones,17.04035874
HRV,Croatia,2012,Escherichia coli,Third-generation cephalosporins,7.61589403
HRV,Croatia,2012,Klebsiella pneumoniae,Carbapenems,0.0
HRV,Croatia,2012,Klebsiella pneumoniae,Fluoroquinolones,42.90030211
HRV,Croatia,2012,Klebsiella pneumoniae,Third-generation cephalosporins,52.10843373
HRV,Croatia,2012,Pseudomonas aeruginosa,Carbapenems,29.23076923
HRV,Croatia,2012,Staphylococcus aureus,Meticillin (MRSA),21.33995037
HRV,Croatia,2013,Acinetobacter spp.,Carbapenems,89.47368421
HRV,Croatia,2013,Enterococcus faecium,Aminopenicillins,89.18918918
HRV,Croatia,2013,Escherichia coli,Carbapenems,0.0
HRV,Croatia,2013,Escherichia coli,Fluoroquinolones,20.17543859
HRV,Croatia,2013,Escherichia coli,Third-generation cephalosporins,8.75
HRV,Croatia,2013,Klebsiella pneumoniae,Carbapenems,0.53191489
HRV,Croatia,2013,Klebsiella pneumoniae,Fluoroquinolones,43.16353887
HRV,Croatia,2013,Klebsiella pneumoniae,Third-generation cephalosporins,50.0
HRV,Croatia,2013,Pseudomonas aeruginosa,Carbapenems,25.31120331
HRV,Croatia,2013,Staphylococcus aureus,Meticillin (MRSA),24.03846153
HRV,Croatia,2014,Acinetobacter spp.,Carbapenems,87.34939759
HRV,Croatia,2014,Enterococcus faecium,Aminopenicillins,94.11764705
HRV,Croatia,2014,Escherichia coli,Carbapenems,0.0
HRV,Croatia,2014,Escherichia coli,Fluoroquinolones,20.05597014
HRV,Croatia,2014,Escherichia coli,Third-generation cephalosporins,10.84337349
HRV,Croatia,2014,Klebsiella pneumoniae,Carbapenems,0.89820359
HRV,Croatia,2014,Klebsiella pneumoniae,Fluoroquinolones,44.84848484
HRV,Croatia,2014,Klebsiella pneumoniae,Third-generation cephalosporins,47.90419161
HRV,Croatia,2014,Pseudomonas aeruginosa,Carbapenems,35.34482758
HRV,Croatia,2014,Staphylococcus aureus,Meticillin (MRSA),21.28099173
HRV,Croatia,2015,Acinetobacter spp.,Carbapenems,89.0
HRV,Croatia,2015,Enterococcus faecium,Aminopenicillins,97.84946236
HRV,Croatia,2015,Escherichia coli,Carbapenems,0.0
HRV,Croatia,2015,Escherichia coli,Fluoroquinolones,23.9884393
HRV,Croatia,2015,Escherichia coli,Third-generation cephalosporins,12.52390057
HRV,Croatia,2015,Klebsiella pneumoniae,Carbapenems,2.36842105
HRV,Croatia,2015,Klebsiella pneumoniae,Fluoroquinolones,48.68421052
HRV,Croatia,2015,Klebsiella pneumoniae,Third-generation cephalosporins,46.84210526
HRV,Croatia,2015,Pseudomonas aeruginosa,Carbapenems,38.52140077
HRV,Croatia,2015,Staphylococcus aureus,Meticillin (MRSA),24.4855967
HRV,Croatia,2016,Acinetobacter spp.,Carbapenems,94.47513812
HRV,Croatia,2016,Enterococcus faecium,Aminopenicillins,98.07692307
HRV,Croatia,2016,Escherichia coli,Carbapenems,0.0
HRV,Croatia,2016,Escherichia coli,Fluoroquinolones,27.85782901
HRV,Croatia,2016,Escherichia coli,Third-generation cephalosporins,14.7368421
HRV,Croatia,2016,Klebsiella pneumoniae,Carbapenems,0.0
HRV,Croatia,2016,Klebsiella pneumoniae,Fluoroquinolones,43.39622641
HRV,Croatia,2016,Klebsiella pneumoniae,Third-generation cephalosporins,48.59813084
HRV,Croatia,2016,Pseudomonas aeruginosa,Carbapenems,42.3076923
HRV,Croatia,2016,Staphylococcus aureus,Meticillin (MRSA),25.32751091
HRV,Croatia,2017,Acinetobacter spp.,Carbapenems,96.15384615
HRV,Croatia,2017,Enterococcus faecium,Aminopenicillins,95.50561797
HRV,Croatia,2017,Escherichia coli,Carbapenems,0.0
HRV,Croatia,2017,Escherichia coli,Fluoroquinolones,28.17391304
HRV,Croatia,2017,Escherichia coli,Third-generation cephalosporins,16.46341463
HRV,Croatia,2017,Klebsiella pneumoniae,Carbapenems,0.0
HRV,Croatia,2017,Klebsiella pneumoniae,Fluoroquinolones,40.77669902
HRV,Croatia,2017,Klebsiella pneumoniae,Third-generation cephalosporins,41.74757281
HRV,Croatia,2017,Pseudomonas aeruginosa,Carbapenems,30.6722689
HRV,Croatia,2017,Staphylococcus aureus,Meticillin (MRSA),28.46153846
HRV,Croatia,2018,Acinetobacter spp.,Carbapenems,95.48387096
HRV,Croatia,2018,Enterococcus faecium,Aminopenicillins,97.18309859
HRV,Croatia,2018,Escherichia coli,Carbapenems,0.0
HRV,Croatia,2018,Escherichia coli,Fluoroquinolones,30.02502085
HRV,Croatia,2018,Escherichia coli,Third-generation cephalosporins,14.81164383
HRV,Croatia,2018,Klebsiella pneumoniae,Carbapenems,2.15384615
HRV,Croatia,2018,Klebsiella pneumoniae,Fluoroquinolones,48.62385321
HRV,Croatia,2018,Klebsiella pneumoniae,Third-generation cephalosporins,44.33962264
HRV,Croatia,2018,Pseudomonas aeruginosa,Carbapenems,27.63819095
HRV,Croatia,2018,Staphylococcus aureus,Meticillin (MRSA),26.41921397
HUN,Hungary,2001,Enterococcus faecium,Aminopenicillins,
HUN,Hungary,2001,Escherichia coli,Carbapenems,0.0
HUN,Hungary,2001,Escherichia coli,Fluoroquinolones,5.05836575
HUN,Hungary,2001,Escherichia coli,Third-generation cephalosporins,0.38167938
HUN,Hungary,2001,Staphylococcus aureus,Meticillin (MRSA),4.65116279
HUN,Hungary,2002,Enterococcus faecium,Aminopenicillins,
HUN,Hungary,2002,Escherichia coli,Carbapenems,0.0
HUN,Hungary,2002,Escherichia coli,Fluoroquinolones,10.36585365
HUN,Hungary,2002,Escherichia coli,Third-generation cephalosporins,2.0
HUN,Hungary,2002,Staphylococcus aureus,Meticillin (MRSA),8.95883777
HUN,Hungary,2003,Enterococcus faecium,Aminopenicillins,90.69767441
HUN,Hungary,2003,Escherichia coli,Carbapenems,0.0
HUN,Hungary,2003,Escherichia coli,Fluoroquinolones,14.90147783
HUN,Hungary,2003,Escherichia coli,Third-generation cephalosporins,0.95124851
HUN,Hungary,2003,Staphylococcus aureus,Meticillin (MRSA),14.91841491
HUN,Hungary,2004,Enterococcus faecium,Aminopenicillins,94.91525423
HUN,Hungary,2004,Escherichia coli,Carbapenems,0.23529411
HUN,Hungary,2004,Escherichia coli,Fluoroquinolones,19.42286348
HUN,Hungary,2004,Escherichia coli,Third-generation cephalosporins,3.22580645
HUN,Hungary,2004,Staphylococcus aureus,Meticillin (MRSA),16.66666666
HUN,Hungary,2005,Enterococcus faecium,Aminopenicillins,90.9090909
HUN,Hungary,2005,Escherichia coli,Carbapenems,0.10405827
HUN,Hungary,2005,Escherichia coli,Fluoroquinolones,21.92347466
HUN,Hungary,2005,Escherichia coli,Third-generation cephalosporins,3.74639769
HUN,Hungary,2005,Klebsiella pneumoniae,Carbapenems,0.33333333
HUN,Hungary,2005,Klebsiella pneumoniae,Fluoroquinolones,20.70175438
HUN,Hungary,2005,Klebsiella pneumoniae,Third-generation cephalosporins,27.65273311
HUN,Hungary,2005,Pseudomonas aeruginosa,Carbapenems,18.34677419
HUN,Hungary,2005,Staphylococcus aureus,Meticillin (MRSA),19.85226223
HUN,Hungary,2006,Enterococcus faecium,Aminopenicillins,88.09523809
HUN,Hungary,2006,Escherichia coli,Carbapenems,0.19398642
HUN,Hungary,2006,Escherichia coli,Fluoroquinolones,26.61064425
HUN,Hungary,2006,Escherichia coli,Third-generation cephalosporins,4.964539
HUN,Hungary,2006,Klebsiella pneumoniae,Carbapenems,0.0
HUN,Hungary,2006,Klebsiella pneumoniae,Fluoroquinolones,13.18681318
HUN,Hungary,2006,Klebsiella pneumoniae,Third-generation cephalosporins,20.26578073
HUN,Hungary,2006,Pseudomonas aeruginosa,Carbapenems,16.13508442
HUN,Hungary,2006,Staphylococcus aureus,Meticillin (MRSA),25.11091393
HUN,Hungary,2007,Enterococcus faecium,Aminopenicillins,86.44067796
HUN,Hungary,2007,Escherichia coli,Carbapenems,0.0
HUN,Hungary,2007,Escherichia coli,Fluoroquinolones,26.30676949
HUN,Hungary,2007,Escherichia coli,Third-generation cephalosporins,5.41012216
HUN,Hungary,2007,Klebsiella pneumoniae,Carbapenems,0.0
HUN,Hungary,2007,Klebsiella pneumoniae,Fluoroquinolones,22.1875
HUN,Hungary,2007,Klebsiella pneumoniae,Third-generation cephalosporins,25.23659305
HUN,Hungary,2007,Pseudomonas aeruginosa,Carbapenems,18.54043392
HUN,Hungary,2007,Staphylococcus aureus,Meticillin (MRSA),23.26939115
HUN,Hungary,2008,Enterococcus faecium,Aminopenicillins,94.20289855
HUN,Hungary,2008,Escherichia coli,Carbapenems,0.10152284
HUN,Hungary,2008,Escherichia coli,Fluoroquinolones,26.12440191
HUN,Hungary,2008,Escherichia coli,Third-generation cephalosporins,9.17691579
HUN,Hungary,2008,Klebsiella pneumoniae,Carbapenems,0.0
HUN,Hungary,2008,Klebsiella pneumoniae,Fluoroquinolones,32.87671232
HUN,Hungary,2008,Klebsiella pneumoniae,Third-generation cephalosporins,34.95934959
HUN,Hungary,2008,Pseudomonas aeruginosa,Carbapenems,25.91093117
HUN,Hungary,2008,Staphylococcus aureus,Meticillin (MRSA),22.52328535
HUN,Hungary,2009,Enterococcus faecium,Aminopenicillins,97.36842105
HUN,Hungary,2009,Escherichia coli,Carbapenems,0.0
HUN,Hungary,2009,Escherichia coli,Fluoroquinolones,30.49713193
HUN,Hungary,2009,Escherichia coli,Third-generation cephalosporins,12.92775665
HUN,Hungary,2009,Klebsiella pneumoniae,Carbapenems,0.55555555
HUN,Hungary,2009,Klebsiella pneumoniae,Fluoroquinolones,33.23943661
HUN,Hungary,2009,Klebsiella pneumoniae,Third-generation cephalosporins,38.44011142
HUN,Hungary,2009,Pseudomonas aeruginosa,Carbapenems,26.55038759
HUN,Hungary,2009,Staphylococcus aureus,Meticillin (MRSA),29.02621722
HUN,Hungary,2010,Enterococcus faecium,Aminopenicillins,96.80851063
HUN,Hungary,2010,Escherichia coli,Carbapenems,0.1525553
HUN,Hungary,2010,Escherichia coli,Fluoroquinolones,36.57644476
HUN,Hungary,2010,Escherichia coli,Third-generation cephalosporins,19.45046999
HUN,Hungary,2010,Klebsiella pneumoniae,Carbapenems,5.49898167
HUN,Hungary,2010,Klebsiella pneumoniae,Fluoroquinolones,42.85714285
HUN,Hungary,2010,Klebsiella pneumoniae,Third-generation cephalosporins,45.8984375
HUN,Hungary,2010,Pseudomonas aeruginosa,Carbapenems,24.88188976
HUN,Hungary,2010,Staphylococcus aureus,Meticillin (MRSA),30.22875816
HUN,Hungary,2011,Enterococcus faecium,Aminopenicillins,95.3271028
HUN,Hungary,2011,Escherichia coli,Carbapenems,0.08688097
HUN,Hungary,2011,Escherichia coli,Fluoroquinolones,31.16240725
HUN,Hungary,2011,Escherichia coli,Third-generation cephalosporins,15.11437908
HUN,Hungary,2011,Klebsiella pneumoniae,Carbapenems,1.937046
HUN,Hungary,2011,Klebsiella pneumoniae,Fluoroquinolones,50.95238095
HUN,Hungary,2011,Klebsiella pneumoniae,Third-generation cephalosporins,53.13225058
HUN,Hungary,2011,Pseudomonas aeruginosa,Carbapenems,21.19205298
HUN,Hungary,2011,Staphylococcus aureus,Meticillin (MRSA),26.21107266
HUN,Hungary,2012,Acinetobacter spp.,Carbapenems,48.0861244
HUN,Hungary,2012,Enterococcus faecium,Aminopenicillins,99.24242424
HUN,Hungary,2012,Escherichia coli,Carbapenems,0.0
HUN,Hungary,2012,Escherichia coli,Fluoroquinolones,28.93036611
HUN,Hungary,2012,Escherichia coli,Third-generation cephalosporins,17.43444365
HUN,Hungary,2012,Klebsiella pneumoniae,Carbapenems,2.91060291
HUN,Hungary,2012,Klebsiella pneumoniae,Fluoroquinolones,41.64948453
HUN,Hungary,2012,Klebsiella pneumoniae,Third-generation cephalosporins,43.0
HUN,Hungary,2012,Pseudomonas aeruginosa,Carbapenems,27.46365105
HUN,Hungary,2012,Staphylococcus aureus,Meticillin (MRSA),24.84689413
HUN,Hungary,2013,Acinetobacter spp.,Carbapenems,50.1039501
HUN,Hungary,2013,Enterococcus faecium,Aminopenicillins,99.0521327
HUN,Hungary,2013,Escherichia coli,Carbapenems,0.14760147
HUN,Hungary,2013,Escherichia coli,Fluoroquinolones,30.30726256
HUN,Hungary,2013,Escherichia coli,Third-generation cephalosporins,18.85873347
HUN,Hungary,2013,Klebsiella pneumoniae,Carbapenems,1.69491525
HUN,Hungary,2013,Klebsiella pneumoniae,Fluoroquinolones,37.65765765
HUN,Hungary,2013,Klebsiella pneumoniae,Third-generation cephalosporins,37.34290843
HUN,Hungary,2013,Pseudomonas aeruginosa,Carbapenems,30.23952095
HUN,Hungary,2013,Staphylococcus aureus,Meticillin (MRSA),24.0
HUN,Hungary,2014,Acinetobacter spp.,Carbapenems,44.46952595
HUN,Hungary,2014,Enterococcus faecium,Aminopenicillins,97.76785714
HUN,Hungary,2014,Escherichia coli,Carbapenems,0.0
HUN,Hungary,2014,Escherichia coli,Fluoroquinolones,28.43866171
HUN,Hungary,2014,Escherichia coli,Third-generation cephalosporins,16.42989499
HUN,Hungary,2014,Klebsiella pneumoniae,Carbapenems,1.12721417
HUN,Hungary,2014,Klebsiella pneumoniae,Fluoroquinolones,34.94539781
HUN,Hungary,2014,Klebsiella pneumoniae,Third-generation cephalosporins,35.55900621
HUN,Hungary,2014,Pseudomonas aeruginosa,Carbapenems,33.46774193
HUN,Hungary,2014,Staphylococcus aureus,Meticillin (MRSA),23.06489444
HUN,Hungary,2015,Acinetobacter spp.,Carbapenems,55.24625267
HUN,Hungary,2015,Enterococcus faecium,Aminopenicillins,99.57081545
HUN,Hungary,2015,Escherichia coli,Carbapenems,0.0
HUN,Hungary,2015,Escherichia coli,Fluoroquinolones,28.99554675
HUN,Hungary,2015,Escherichia coli,Third-generation cephalosporins,16.73247778
HUN,Hungary,2015,Klebsiella pneumoniae,Carbapenems,0.1455604
HUN,Hungary,2015,Klebsiella pneumoniae,Fluoroquinolones,36.71428571
HUN,Hungary,2015,Klebsiella pneumoniae,Third-generation cephalosporins,37.21590909
HUN,Hungary,2015,Pseudomonas aeruginosa,Carbapenems,35.84415584
HUN,Hungary,2015,Staphylococcus aureus,Meticillin (MRSA),24.65392221
HUN,Hungary,2016,Acinetobacter spp.,Carbapenems,58.60349127
HUN,Hungary,2016,Enterococcus faecium,Aminopenicillins,98.52941176
HUN,Hungary,2016,Escherichia coli,Carbapenems,0.0
HUN,Hungary,2016,Escherichia coli,Fluoroquinolones,26.78751258
HUN,Hungary,2016,Escherichia coli,Third-generation cephalosporins,16.70847967
HUN,Hungary,2016,Klebsiella pneumoniae,Carbapenems,0.42674253
HUN,Hungary,2016,Klebsiella pneumoniae,Fluoroquinolones,35.20336605
HUN,Hungary,2016,Klebsiella pneumoniae,Third-generation cephalosporins,37.53462603
HUN,Hungary,2016,Pseudomonas aeruginosa,Carbapenems,33.28822733
HUN,Hungary,2016,Staphylococcus aureus,Meticillin (MRSA),25.17985611
HUN,Hungary,2017,Acinetobacter spp.,Carbapenems,52.51396648
HUN,Hungary,2017,Enterococcus faecium,Aminopenicillins,96.82539682
HUN,Hungary,2017,Escherichia coli,Carbapenems,0.05032712
HUN,Hungary,2017,Escherichia coli,Fluoroquinolones,30.61921014
HUN,Hungary,2017,Escherichia coli,Third-generation cephalosporins,20.11661807
HUN,Hungary,2017,Klebsiella pneumoniae,Carbapenems,0.29368575
HUN,Hungary,2017,Klebsiella pneumoniae,Fluoroquinolones,41.45985401
HUN,Hungary,2017,Klebsiella pneumoniae,Third-generation cephalosporins,41.12554112
HUN,Hungary,2017,Pseudomonas aeruginosa,Carbapenems,36.56207366
HUN,Hungary,2017,Staphylococcus aureus,Meticillin (MRSA),23.62707535
HUN,Hungary,2018,Acinetobacter spp.,Carbapenems,55.18207282
HUN,Hungary,2018,Enterococcus faecium,Aminopenicillins,96.36963696
HUN,Hungary,2018,Escherichia coli,Carbapenems,0.0
HUN,Hungary,2018,Escherichia coli,Fluoroquinolones,33.24873096
HUN,Hungary,2018,Escherichia coli,Third-generation cephalosporins,22.61603375
HUN,Hungary,2018,Klebsiella pneumoniae,Carbapenems,0.24183796
HUN,Hungary,2018,Klebsiella pneumoniae,Fluoroquinolones,38.00475059
HUN,Hungary,2018,Klebsiella pneumoniae,Third-generation cephalosporins,40.21226415
HUN,Hungary,2018,Pseudomonas aeruginosa,Carbapenems,37.29863692
HUN,Hungary,2018,Staphylococcus aureus,Meticillin (MRSA),23.12608948
IRL,Ireland,2000,Staphylococcus aureus,Meticillin (MRSA),37.96477495
IRL,Ireland,2001,Staphylococcus aureus,Meticillin (MRSA),42.61275272
IRL,Ireland,2002,Enterococcus faecium,Aminopenicillins,86.41975308
IRL,Ireland,2002,Escherichia coli,Carbapenems,0.0
IRL,Ireland,2002,Escherichia coli,Fluoroquinolones,5.13176144
IRL,Ireland,2002,Escherichia coli,Third-generation cephalosporins,2.18579234
IRL,Ireland,2002,Staphylococcus aureus,Meticillin (MRSA),42.48496993
IRL,Ireland,2003,Enterococcus faecium,Aminopenicillins,90.9090909
IRL,Ireland,2003,Escherichia coli,Carbapenems,0.13422818
IRL,Ireland,2003,Escherichia coli,Fluoroquinolones,9.55882352
IRL,Ireland,2003,Escherichia coli,Third-generation cephalosporins,2.18068535
IRL,Ireland,2003,Staphylococcus aureus,Meticillin (MRSA),42.23826714
IRL,Ireland,2004,Enterococcus faecium,Aminopenicillins,95.55555555
IRL,Ireland,2004,Escherichia coli,Carbapenems,0.0
IRL,Ireland,2004,Escherichia coli,Fluoroquinolones,12.11871393
IRL,Ireland,2004,Escherichia coli,Third-generation cephalosporins,1.92629815
IRL,Ireland,2004,Staphylococcus aureus,Meticillin (MRSA),41.44634525
IRL,Ireland,2005,Enterococcus faecium,Aminopenicillins,93.05555555
IRL,Ireland,2005,Escherichia coli,Carbapenems,0.0
IRL,Ireland,2005,Escherichia coli,Fluoroquinolones,16.86746987
IRL,Ireland,2005,Escherichia coli,Third-generation cephalosporins,3.56125356
IRL,Ireland,2005,Klebsiella pneumoniae,Carbapenems,0.0
IRL,Ireland,2005,Klebsiella pneumoniae,Fluoroquinolones,2.5
IRL,Ireland,2005,Klebsiella pneumoniae,Third-generation cephalosporins,7.14285714
IRL,Ireland,2005,Pseudomonas aeruginosa,Carbapenems,11.11111111
IRL,Ireland,2005,Staphylococcus aureus,Meticillin (MRSA),41.76470588
IRL,Ireland,2006,Enterococcus faecium,Aminopenicillins,93.75
IRL,Ireland,2006,Escherichia coli,Carbapenems,0.0
IRL,Ireland,2006,Escherichia coli,Fluoroquinolones,20.97470697
IRL,Ireland,2006,Escherichia coli,Third-generation cephalosporins,3.50338045
IRL,Ireland,2006,Klebsiella pneumoniae,Carbapenems,0.0
IRL,Ireland,2006,Klebsiella pneumoniae,Fluoroquinolones,15.76354679
IRL,Ireland,2006,Klebsiella pneumoniae,Third-generation cephalosporins,8.54271356
IRL,Ireland,2006,Pseudomonas aeruginosa,Carbapenems,9.24369747
IRL,Ireland,2006,Staphylococcus aureus,Meticillin (MRSA),42.31625835
IRL,Ireland,2007,Enterococcus faecium,Aminopenicillins,92.92604501
IRL,Ireland,2007,Escherichia coli,Carbapenems,0.0
IRL,Ireland,2007,Escherichia coli,Fluoroquinolones,21.30959218
IRL,Ireland,2007,Escherichia coli,Third-generation cephalosporins,5.40229885
IRL,Ireland,2007,Klebsiella pneumoniae,Carbapenems,0.0
IRL,Ireland,2007,Klebsiella pneumoniae,Fluoroquinolones,16.52173913
IRL,Ireland,2007,Klebsiella pneumoniae,Third-generation cephalosporins,7.62711864
IRL,Ireland,2007,Pseudomonas aeruginosa,Carbapenems,8.75
IRL,Ireland,2007,Staphylococcus aureus,Meticillin (MRSA),38.06306306
IRL,Ireland,2008,Enterococcus faecium,Aminopenicillins,95.11568123
IRL,Ireland,2008,Escherichia coli,Carbapenems,0.0
IRL,Ireland,2008,Escherichia coli,Fluoroquinolones,22.62931034
IRL,Ireland,2008,Escherichia coli,Third-generation cephalosporins,5.91715976
IRL,Ireland,2008,Klebsiella pneumoniae,Carbapenems,0.0
IRL,Ireland,2008,Klebsiella pneumoniae,Fluoroquinolones,10.59602649
IRL,Ireland,2008,Klebsiella pneumoniae,Third-generation cephalosporins,10.81967213
IRL,Ireland,2008,Pseudomonas aeruginosa,Carbapenems,6.28571428
IRL,Ireland,2008,Staphylococcus aureus,Meticillin (MRSA),33.09178743
IRL,Ireland,2009,Enterococcus faecium,Aminopenicillins,92.65091863
IRL,Ireland,2009,Escherichia coli,Carbapenems,0.0
IRL,Ireland,2009,Escherichia coli,Fluoroquinolones,21.69576059
IRL,Ireland,2009,Escherichia coli,Third-generation cephalosporins,6.49546827
IRL,Ireland,2009,Klebsiella pneumoniae,Carbapenems,0.0
IRL,Ireland,2009,Klebsiella pneumoniae,Fluoroquinolones,10.79365079
IRL,Ireland,2009,Klebsiella pneumoniae,Third-generation cephalosporins,11.14649681
IRL,Ireland,2009,Pseudomonas aeruginosa,Carbapenems,8.48214285
IRL,Ireland,2009,Staphylococcus aureus,Meticillin (MRSA),26.80412371
IRL,Ireland,2010,Enterococcus faecium,Aminopenicillins,95.52631578
IRL,Ireland,2010,Escherichia coli,Carbapenems,0.0
IRL,Ireland,2010,Escherichia coli,Fluoroquinolones,22.86254133
IRL,Ireland,2010,Escherichia coli,Third-generation cephalosporins,7.69230769
IRL,Ireland,2010,Klebsiella pneumoniae,Carbapenems,0.0
IRL,Ireland,2010,Klebsiella pneumoniae,Fluoroquinolones,8.17610062
IRL,Ireland,2010,Klebsiella pneumoniae,Third-generation cephalosporins,8.49056603
IRL,Ireland,2010,Pseudomonas aeruginosa,Carbapenems,6.48148148
IRL,Ireland,2010,Staphylococcus aureus,Meticillin (MRSA),23.86081193
IRL,Ireland,2011,Enterococcus faecium,Aminopenicillins,95.75070821
IRL,Ireland,2011,Escherichia coli,Carbapenems,0.0
IRL,Ireland,2011,Escherichia coli,Fluoroquinolones,22.94472828
IRL,Ireland,2011,Escherichia coli,Third-generation cephalosporins,8.95660203
IRL,Ireland,2011,Klebsiella pneumoniae,Carbapenems,0.33112582
IRL,Ireland,2011,Klebsiella pneumoniae,Fluoroquinolones,8.91089108
IRL,Ireland,2011,Klebsiella pneumoniae,Third-generation cephalosporins,7.56578947
IRL,Ireland,2011,Pseudomonas aeruginosa,Carbapenems,6.11111111
IRL,Ireland,2011,Staphylococcus aureus,Meticillin (MRSA),23.74645222
IRL,Ireland,2012,Enterococcus faecium,Aminopenicillins,93.12169312
IRL,Ireland,2012,Escherichia coli,Carbapenems,0.0
IRL,Ireland,2012,Escherichia coli,Fluoroquinolones,24.28571428
IRL,Ireland,2012,Escherichia coli,Third-generation cephalosporins,9.17832167
IRL,Ireland,2012,Klebsiella pneumoniae,Carbapenems,0.0
IRL,Ireland,2012,Klebsiella pneumoniae,Fluoroquinolones,7.3964497
IRL,Ireland,2012,Klebsiella pneumoniae,Third-generation cephalosporins,9.50920245
IRL,Ireland,2012,Pseudomonas aeruginosa,Carbapenems,11.26760563
IRL,Ireland,2012,Staphylococcus aureus,Meticillin (MRSA),22.63969171
IRL,Ireland,2013,Acinetobacter spp.,Carbapenems,2.35294117
IRL,Ireland,2013,Enterococcus faecium,Aminopenicillins,92.17171717
IRL,Ireland,2013,Escherichia coli,Carbapenems,0.04038772
IRL,Ireland,2013,Escherichia coli,Fluoroquinolones,24.17271993
IRL,Ireland,2013,Escherichia coli,Third-generation cephalosporins,10.64516129
IRL,Ireland,2013,Klebsiella pneumoniae,Carbapenems,0.31545741
IRL,Ireland,2013,Klebsiella pneumoniae,Fluoroquinolones,14.55696202
IRL,Ireland,2013,Klebsiella pneumoniae,Third-generation cephalosporins,19.30379746
IRL,Ireland,2013,Pseudomonas aeruginosa,Carbapenems,9.31372549
IRL,Ireland,2013,Staphylococcus aureus,Meticillin (MRSA),19.9251637
IRL,Ireland,2014,Acinetobacter spp.,Carbapenems,1.26582278
IRL,Ireland,2014,Enterococcus faecium,Aminopenicillins,94.8051948
IRL,Ireland,2014,Escherichia coli,Carbapenems,0.03707823
IRL,Ireland,2014,Escherichia coli,Fluoroquinolones,24.52830188
IRL,Ireland,2014,Escherichia coli,Third-generation cephalosporins,10.73950204
IRL,Ireland,2014,Klebsiella pneumoniae,Carbapenems,0.56657223
IRL,Ireland,2014,Klebsiella pneumoniae,Fluoroquinolones,13.52112676
IRL,Ireland,2014,Klebsiella pneumoniae,Third-generation cephalosporins,11.5819209
IRL,Ireland,2014,Pseudomonas aeruginosa,Carbapenems,8.47457627
IRL,Ireland,2014,Staphylococcus aureus,Meticillin (MRSA),19.44186046
IRL,Ireland,2015,Acinetobacter spp.,Carbapenems,5.95238095
IRL,Ireland,2015,Enterococcus faecium,Aminopenicillins,94.29280397
IRL,Ireland,2015,Escherichia coli,Carbapenems,0.03824091
IRL,Ireland,2015,Escherichia coli,Fluoroquinolones,23.07107563
IRL,Ireland,2015,Escherichia coli,Third-generation cephalosporins,11.3722517
IRL,Ireland,2015,Klebsiella pneumoniae,Carbapenems,0.51413881
IRL,Ireland,2015,Klebsiella pneumoniae,Fluoroquinolones,17.01030927
IRL,Ireland,2015,Klebsiella pneumoniae,Third-generation cephalosporins,14.72868217
IRL,Ireland,2015,Pseudomonas aeruginosa,Carbapenems,9.23076923
IRL,Ireland,2015,Staphylococcus aureus,Meticillin (MRSA),18.07000946
IRL,Ireland,2016,Acinetobacter spp.,Carbapenems,0.0
IRL,Ireland,2016,Enterococcus faecium,Aminopenicillins,94.04761904
IRL,Ireland,2016,Escherichia coli,Carbapenems,0.033456
IRL,Ireland,2016,Escherichia coli,Fluoroquinolones,22.90969899
IRL,Ireland,2016,Escherichia coli,Third-generation cephalosporins,11.39028475
IRL,Ireland,2016,Klebsiella pneumoniae,Carbapenems,0.66225165
IRL,Ireland,2016,Klebsiella pneumoniae,Fluoroquinolones,11.25827814
IRL,Ireland,2016,Klebsiella pneumoniae,Third-generation cephalosporins,13.49557522
IRL,Ireland,2016,Pseudomonas aeruginosa,Carbapenems,6.1728395
IRL,Ireland,2016,Staphylococcus aureus,Meticillin (MRSA),14.34820647
IRL,Ireland,2017,Acinetobacter spp.,Carbapenems,6.34920634
IRL,Ireland,2017,Enterococcus faecium,Aminopenicillins,93.1707317
IRL,Ireland,2017,Escherichia coli,Carbapenems,0.03209242
IRL,Ireland,2017,Escherichia coli,Fluoroquinolones,23.59730682
IRL,Ireland,2017,Escherichia coli,Third-generation cephalosporins,11.98333867
IRL,Ireland,2017,Klebsiella pneumoniae,Carbapenems,0.20920502
IRL,Ireland,2017,Klebsiella pneumoniae,Fluoroquinolones,14.85355648
IRL,Ireland,2017,Klebsiella pneumoniae,Third-generation cephalosporins,14.64435146
IRL,Ireland,2017,Pseudomonas aeruginosa,Carbapenems,9.02777777
IRL,Ireland,2017,Staphylococcus aureus,Meticillin (MRSA),16.31578947
IRL,Ireland,2018,Acinetobacter spp.,Carbapenems,1.66666666
IRL,Ireland,2018,Enterococcus faecium,Aminopenicillins,95.20383693
IRL,Ireland,2018,Escherichia coli,Carbapenems,0.0
IRL,Ireland,2018,Escherichia coli,Fluoroquinolones,23.90364422
IRL,Ireland,2018,Escherichia coli,Third-generation cephalosporins,12.88229842
IRL,Ireland,2018,Klebsiella pneumoniae,Carbapenems,0.62240663
IRL,Ireland,2018,Klebsiella pneumoniae,Fluoroquinolones,18.01242236
IRL,Ireland,2018,Klebsiella pneumoniae,Third-generation cephalosporins,14.49275362
IRL,Ireland,2018,Pseudomonas aeruginosa,Carbapenems,6.59340659
IRL,Ireland,2018,Staphylococcus aureus,Meticillin (MRSA),12.37373737
ISL,Iceland,2000,Staphylococcus aureus,Meticillin (MRSA),2.5
ISL,Iceland,2001,Enterococcus faecium,Aminopenicillins,
ISL,Iceland,2001,Escherichia coli,Carbapenems,0.0
ISL,Iceland,2001,Escherichia coli,Fluoroquinolones,3.7037037
ISL,Iceland,2001,Escherichia coli,Third-generation cephalosporins,0.0
ISL,Iceland,2001,Staphylococcus aureus,Meticillin (MRSA),0.0
ISL,Iceland,2002,Enterococcus faecium,Aminopenicillins,
ISL,Iceland,2002,Escherichia coli,Carbapenems,0.0
ISL,Iceland,2002,Escherichia coli,Fluoroquinolones,2.7027027
ISL,Iceland,2002,Escherichia coli,Third-generation cephalosporins,0.0
ISL,Iceland,2002,Staphylococcus aureus,Meticillin (MRSA),0.0
ISL,Iceland,2003,Enterococcus faecium,Aminopenicillins,
ISL,Iceland,2003,Escherichia coli,Carbapenems,0.0
ISL,Iceland,2003,Escherichia coli,Fluoroquinolones,5.55555555
ISL,Iceland,2003,Escherichia coli,Third-generation cephalosporins,1.01010101
ISL,Iceland,2003,Staphylococcus aureus,Meticillin (MRSA),0.0
ISL,Iceland,2004,Enterococcus faecium,Aminopenicillins,
ISL,Iceland,2004,Escherichia coli,Carbapenems,0.0
ISL,Iceland,2004,Escherichia coli,Fluoroquinolones,1.7699115
ISL,Iceland,2004,Escherichia coli,Third-generation cephalosporins,0.0
ISL,Iceland,2004,Staphylococcus aureus,Meticillin (MRSA),0.0
ISL,Iceland,2005,Enterococcus faecium,Aminopenicillins,
ISL,Iceland,2005,Escherichia coli,Carbapenems,0.0
ISL,Iceland,2005,Escherichia coli,Fluoroquinolones,3.41880341
ISL,Iceland,2005,Escherichia coli,Third-generation cephalosporins,0.0
ISL,Iceland,2005,Klebsiella pneumoniae,Carbapenems,0.0
ISL,Iceland,2005,Klebsiella pneumoniae,Fluoroquinolones,0.0
ISL,Iceland,2005,Klebsiella pneumoniae,Third-generation cephalosporins,0.0
ISL,Iceland,2005,Pseudomonas aeruginosa,Carbapenems,
ISL,Iceland,2005,Staphylococcus aureus,Meticillin (MRSA),0.0
ISL,Iceland,2006,Enterococcus faecium,Aminopenicillins,
ISL,Iceland,2006,Escherichia coli,Carbapenems,0.0
ISL,Iceland,2006,Escherichia coli,Fluoroquinolones,11.57024793
ISL,Iceland,2006,Escherichia coli,Third-generation cephalosporins,0.0
ISL,Iceland,2006,Klebsiella pneumoniae,Carbapenems,
ISL,Iceland,2006,Klebsiella pneumoniae,Fluoroquinolones,
ISL,Iceland,2006,Klebsiella pneumoniae,Third-generation cephalosporins,
ISL,Iceland,2006,Pseudomonas aeruginosa,Carbapenems,
ISL,Iceland,2006,Staphylococcus aureus,Meticillin (MRSA),0.0
ISL,Iceland,2007,Enterococcus faecium,Aminopenicillins,
ISL,Iceland,2007,Escherichia coli,Carbapenems,0.0
ISL,Iceland,2007,Escherichia coli,Fluoroquinolones,16.66666666
ISL,Iceland,2007,Escherichia coli,Third-generation cephalosporins,1.9047619
ISL,Iceland,2007,Klebsiella pneumoniae,Carbapenems,0.0
ISL,Iceland,2007,Klebsiella pneumoniae,Fluoroquinolones,0.0
ISL,Iceland,2007,Klebsiella pneumoniae,Third-generation cephalosporins,0.0
ISL,Iceland,2007,Pseudomonas aeruginosa,Carbapenems,
ISL,Iceland,2007,Staphylococcus aureus,Meticillin (MRSA),0.0
ISL,Iceland,2008,Enterococcus faecium,Aminopenicillins,
ISL,Iceland,2008,Escherichia coli,Carbapenems,0.0
ISL,Iceland,2008,Escherichia coli,Fluoroquinolones,6.08695652
ISL,Iceland,2008,Escherichia coli,Third-generation cephalosporins,0.81300813
ISL,Iceland,2008,Klebsiella pneumoniae,Carbapenems,0.0
ISL,Iceland,2008,Klebsiella pneumoniae,Fluoroquinolones,8.33333333
ISL,Iceland,2008,Klebsiella pneumoniae,Third-generation cephalosporins,4.16666666
ISL,Iceland,2008,Pseudomonas aeruginosa,Carbapenems,
ISL,Iceland,2008,Staphylococcus aureus,Meticillin (MRSA),1.58730158
ISL,Iceland,2009,Enterococcus faecium,Aminopenicillins,68.0
ISL,Iceland,2009,Escherichia coli,Carbapenems,0.0
ISL,Iceland,2009,Escherichia coli,Fluoroquinolones,7.07070707
ISL,Iceland,2009,Escherichia coli,Third-generation cephalosporins,1.81818181
ISL,Iceland,2009,Klebsiella pneumoniae,Carbapenems,0.0
ISL,Iceland,2009,Klebsiella pneumoniae,Fluoroquinolones,0.0
ISL,Iceland,2009,Klebsiella pneumoniae,Third-generation cephalosporins,0.0
ISL,Iceland,2009,Pseudomonas aeruginosa,Carbapenems,
ISL,Iceland,2009,Staphylococcus aureus,Meticillin (MRSA),0.0
ISL,Iceland,2010,Enterococcus faecium,Aminopenicillins,
ISL,Iceland,2010,Escherichia coli,Carbapenems,0.0
ISL,Iceland,2010,Escherichia coli,Fluoroquinolones,10.52631578
ISL,Iceland,2010,Escherichia coli,Third-generation cephalosporins,3.84615384
ISL,Iceland,2010,Klebsiella pneumoniae,Carbapenems,
ISL,Iceland,2010,Klebsiella pneumoniae,Fluoroquinolones,0.0
ISL,Iceland,2010,Klebsiella pneumoniae,Third-generation cephalosporins,3.7037037
ISL,Iceland,2010,Pseudomonas aeruginosa,Carbapenems,
ISL,Iceland,2010,Staphylococcus aureus,Meticillin (MRSA),1.53846153
ISL,Iceland,2011,Enterococcus faecium,Aminopenicillins,
ISL,Iceland,2011,Escherichia coli,Fluoroquinolones,14.04958677
ISL,Iceland,2011,Escherichia coli,Third-generation cephalosporins,6.15384615
ISL,Iceland,2011,Klebsiella pneumoniae,Fluoroquinolones,4.16666666
ISL,Iceland,2011,Klebsiella pneumoniae,Third-generation cephalosporins,7.69230769
ISL,Iceland,2011,Pseudomonas aeruginosa,Carbapenems,
ISL,Iceland,2011,Staphylococcus aureus,Meticillin (MRSA),2.8169014
ISL,Iceland,2012,Acinetobacter spp.,Carbapenems,
ISL,Iceland,2012,Enterococcus faecium,Aminopenicillins,
ISL,Iceland,2012,Escherichia coli,Fluoroquinolones,9.70149253
ISL,Iceland,2012,Escherichia coli,Third-generation cephalosporins,5.07246376
ISL,Iceland,2012,Klebsiella pneumoniae,Fluoroquinolones,
ISL,Iceland,2012,Klebsiella pneumoniae,Third-generation cephalosporins,
ISL,Iceland,2012,Pseudomonas aeruginosa,Carbapenems,
ISL,Iceland,2012,Staphylococcus aureus,Meticillin (MRSA),1.72413793
ISL,Iceland,2013,Enterococcus faecium,Aminopenicillins,
ISL,Iceland,2013,Escherichia coli,Carbapenems,
ISL,Iceland,2013,Escherichia coli,Fluoroquinolones,14.65517241
ISL,Iceland,2013,Escherichia coli,Third-generation cephalosporins,4.95867768
ISL,Iceland,2013,Klebsiella pneumoniae,Fluoroquinolones,0.0
ISL,Iceland,2013,Klebsiella pneumoniae,Third-generation cephalosporins,0.0
ISL,Iceland,2013,Pseudomonas aeruginosa,Carbapenems,
ISL,Iceland,2013,Staphylococcus aureus,Meticillin (MRSA),0.0
ISL,Iceland,2014,Acinetobacter spp.,Carbapenems,
ISL,Iceland,2014,Enterococcus faecium,Aminopenicillins,
ISL,Iceland,2014,Escherichia coli,Carbapenems,
ISL,Iceland,2014,Escherichia coli,Fluoroquinolones,7.80141843
ISL,Iceland,2014,Escherichia coli,Third-generation cephalosporins,3.28947368
ISL,Iceland,2014,Klebsiella pneumoniae,Fluoroquinolones,3.57142857
ISL,Iceland,2014,Klebsiella pneumoniae,Third-generation cephalosporins,0.0
ISL,Iceland,2014,Pseudomonas aeruginosa,Carbapenems,
ISL,Iceland,2014,Staphylococcus aureus,Meticillin (MRSA),3.27868852
ISL,Iceland,2015,Acinetobacter spp.,Carbapenems,
ISL,Iceland,2015,Enterococcus faecium,Aminopenicillins,90.0
ISL,Iceland,2015,Escherichia coli,Fluoroquinolones,6.79012345
ISL,Iceland,2015,Escherichia coli,Third-generation cephalosporins,1.73410404
ISL,Iceland,2015,Klebsiella pneumoniae,Carbapenems,
ISL,Iceland,2015,Klebsiella pneumoniae,Fluoroquinolones,2.85714285
ISL,Iceland,2015,Klebsiella pneumoniae,Third-generation cephalosporins,0.0
ISL,Iceland,2015,Pseudomonas aeruginosa,Carbapenems,
ISL,Iceland,2015,Staphylococcus aureus,Meticillin (MRSA),0.0
ISL,Iceland,2016,Acinetobacter spp.,Carbapenems,
ISL,Iceland,2016,Enterococcus faecium,Aminopenicillins,
ISL,Iceland,2016,Escherichia coli,Carbapenems,
ISL,Iceland,2016,Escherichia coli,Fluoroquinolones,9.55056179
ISL,Iceland,2016,Escherichia coli,Third-generation cephalosporins,4.16666666
ISL,Iceland,2016,Klebsiella pneumoniae,Carbapenems,
ISL,Iceland,2016,Klebsiella pneumoniae,Fluoroquinolones,0.0
ISL,Iceland,2016,Klebsiella pneumoniae,Third-generation cephalosporins,0.0
ISL,Iceland,2016,Pseudomonas aeruginosa,Carbapenems,
ISL,Iceland,2016,Staphylococcus aureus,Meticillin (MRSA),1.31578947
ISL,Iceland,2017,Acinetobacter spp.,Carbapenems,
ISL,Iceland,2017,Enterococcus faecium,Aminopenicillins,
ISL,Iceland,2017,Escherichia coli,Carbapenems,
ISL,Iceland,2017,Escherichia coli,Fluoroquinolones,11.55778894
ISL,Iceland,2017,Escherichia coli,Third-generation cephalosporins,6.10328638
ISL,Iceland,2017,Klebsiella pneumoniae,Fluoroquinolones,
ISL,Iceland,2017,Klebsiella pneumoniae,Third-generation cephalosporins,
ISL,Iceland,2017,Pseudomonas aeruginosa,Carbapenems,
ISL,Iceland,2017,Staphylococcus aureus,Meticillin (MRSA),1.44927536
ISL,Iceland,2018,Acinetobacter spp.,Carbapenems,
ISL,Iceland,2018,Enterococcus faecium,Aminopenicillins,
ISL,Iceland,2018,Escherichia coli,Carbapenems,
ISL,Iceland,2018,Escherichia coli,Fluoroquinolones,17.1875
ISL,Iceland,2018,Escherichia coli,Third-generation cephalosporins,8.08080808
ISL,Iceland,2018,Klebsiella pneumoniae,Carbapenems,
ISL,Iceland,2018,Klebsiella pneumoniae,Fluoroquinolones,
ISL,Iceland,2018,Klebsiella pneumoniae,Third-generation cephalosporins,
ISL,Iceland,2018,Pseudomonas aeruginosa,Carbapenems,
ISL,Iceland,2018,Staphylococcus aureus,Meticillin (MRSA),0.0
ITA,Italy,2000,Staphylococcus aureus,Meticillin (MRSA),44.25531914
ITA,Italy,2001,Enterococcus faecium,Aminopenicillins,68.83116883
ITA,Italy,2001,Staphylococcus aureus,Meticillin (MRSA),41.00119189
ITA,Italy,2002,Enterococcus faecium,Aminopenicillins,79.06976744
ITA,Italy,2002,Escherichia coli,Fluoroquinolones,21.06969205
ITA,Italy,2002,Escherichia coli,Third-generation cephalosporins,2.93159609
ITA,Italy,2002,Staphylococcus aureus,Meticillin (MRSA),38.19806403
ITA,Italy,2003,Enterococcus faecium,Aminopenicillins,79.87012987
ITA,Italy,2003,Escherichia coli,Fluoroquinolones,24.81040086
ITA,Italy,2003,Escherichia coli,Third-generation cephalosporins,6.17551462
ITA,Italy,2003,Staphylococcus aureus,Meticillin (MRSA),39.38566552
ITA,Italy,2004,Enterococcus faecium,Aminopenicillins,78.44311377
ITA,Italy,2004,Escherichia coli,Fluoroquinolones,27.83825816
ITA,Italy,2004,Escherichia coli,Third-generation cephalosporins,5.3291536
ITA,Italy,2004,Staphylococcus aureus,Meticillin (MRSA),39.78671041
ITA,Italy,2005,Enterococcus faecium,Aminopenicillins,77.48691099
ITA,Italy,2005,Escherichia coli,Fluoroquinolones,28.24497257
ITA,Italy,2005,Escherichia coli,Third-generation cephalosporins,8.48026868
ITA,Italy,2005,Klebsiella pneumoniae,Fluoroquinolones,11.32075471
ITA,Italy,2005,Klebsiella pneumoniae,Third-generation cephalosporins,19.53352769
ITA,Italy,2005,Staphylococcus aureus,Meticillin (MRSA),37.10691823
ITA,Italy,2006,Enterococcus faecium,Aminopenicillins,86.14457831
ITA,Italy,2006,Escherichia coli,Fluoroquinolones,26.87793427
ITA,Italy,2006,Escherichia coli,Third-generation cephalosporins,7.36263736
ITA,Italy,2006,Klebsiella pneumoniae,Carbapenems,1.3114754
ITA,Italy,2006,Klebsiella pneumoniae,Fluoroquinolones,23.05194805
ITA,Italy,2006,Klebsiella pneumoniae,Third-generation cephalosporins,32.8125
ITA,Italy,2006,Pseudomonas aeruginosa,Carbapenems,21.3114754
ITA,Italy,2006,Staphylococcus aureus,Meticillin (MRSA),38.49637681
ITA,Italy,2007,Enterococcus faecium,Aminopenicillins,72.5409836
ITA,Italy,2007,Escherichia coli,Carbapenems,0.10224948
ITA,Italy,2007,Escherichia coli,Fluoroquinolones,31.52507676
ITA,Italy,2007,Escherichia coli,Third-generation cephalosporins,11.45281018
ITA,Italy,2007,Klebsiella pneumoniae,Carbapenems,1.11111111
ITA,Italy,2007,Klebsiella pneumoniae,Fluoroquinolones,27.29729729
ITA,Italy,2007,Klebsiella pneumoniae,Third-generation cephalosporins,34.87738419
ITA,Italy,2007,Pseudomonas aeruginosa,Carbapenems,26.63043478
ITA,Italy,2007,Staphylococcus aureus,Meticillin (MRSA),33.71104815
ITA,Italy,2008,Enterococcus faecium,Aminopenicillins,63.98104265
ITA,Italy,2008,Escherichia coli,Carbapenems,0.0
ITA,Italy,2008,Escherichia coli,Fluoroquinolones,37.59647188
ITA,Italy,2008,Escherichia coli,Third-generation cephalosporins,15.90612777
ITA,Italy,2008,Klebsiella pneumoniae,Carbapenems,1.94174757
ITA,Italy,2008,Klebsiella pneumoniae,Fluoroquinolones,27.50809061
ITA,Italy,2008,Klebsiella pneumoniae,Third-generation cephalosporins,38.92857142
ITA,Italy,2008,Pseudomonas aeruginosa,Carbapenems,32.91925465
ITA,Italy,2008,Staphylococcus aureus,Meticillin (MRSA),33.65591397
ITA,Italy,2009,Enterococcus faecium,Aminopenicillins,59.89010989
ITA,Italy,2009,Escherichia coli,Carbapenems,0.0
ITA,Italy,2009,Escherichia coli,Fluoroquinolones,36.1529548
ITA,Italy,2009,Escherichia coli,Third-generation cephalosporins,17.03056768
ITA,Italy,2009,Klebsiella pneumoniae,Carbapenems,1.31578947
ITA,Italy,2009,Klebsiella pneumoniae,Fluoroquinolones,20.40133779
ITA,Italy,2009,Klebsiella pneumoniae,Third-generation cephalosporins,37.13235294
ITA,Italy,2009,Pseudomonas aeruginosa,Carbapenems,30.85106382
ITA,Italy,2009,Staphylococcus aureus,Meticillin (MRSA),37.42331288
ITA,Italy,2010,Enterococcus faecium,Aminopenicillins,69.62365591
ITA,Italy,2010,Escherichia coli,Carbapenems,0.1156961
ITA,Italy,2010,Escherichia coli,Fluoroquinolones,39.20361247
ITA,Italy,2010,Escherichia coli,Third-generation cephalosporins,21.04175279
ITA,Italy,2010,Klebsiella pneumoniae,Carbapenems,15.18467852
ITA,Italy,2010,Klebsiella pneumoniae,Fluoroquinolones,38.50574712
ITA,Italy,2010,Klebsiella pneumoniae,Third-generation cephalosporins,46.50499286
ITA,Italy,2010,Pseudomonas aeruginosa,Carbapenems,22.00392927
ITA,Italy,2010,Staphylococcus aureus,Meticillin (MRSA),36.5232163
ITA,Italy,2011,Enterococcus faecium,Aminopenicillins,81.92307692
ITA,Italy,2011,Escherichia coli,Carbapenems,0.16181229
ITA,Italy,2011,Escherichia coli,Fluoroquinolones,40.54765666
ITA,Italy,2011,Escherichia coli,Third-generation cephalosporins,19.83957219
ITA,Italy,2011,Klebsiella pneumoniae,Carbapenems,26.66666666
ITA,Italy,2011,Klebsiella pneumoniae,Fluoroquinolones,45.72864321
ITA,Italy,2011,Klebsiella pneumoniae,Third-generation cephalosporins,45.93301435
ITA,Italy,2011,Pseudomonas aeruginosa,Carbapenems,20.56962025
ITA,Italy,2011,Staphylococcus aureus,Meticillin (MRSA),38.22363203
ITA,Italy,2012,Acinetobacter spp.,Carbapenems,83.11688311
ITA,Italy,2012,Enterococcus faecium,Aminopenicillins,86.06356968
ITA,Italy,2012,Escherichia coli,Carbapenems,0.26481297
ITA,Italy,2012,Escherichia coli,Fluoroquinolones,42.05479452
ITA,Italy,2012,Escherichia coli,Third-generation cephalosporins,26.29295962
ITA,Italy,2012,Klebsiella pneumoniae,Carbapenems,29.11242603
ITA,Italy,2012,Klebsiella pneumoniae,Fluoroquinolones,49.94011976
ITA,Italy,2012,Klebsiella pneumoniae,Third-generation cephalosporins,47.88732394
ITA,Italy,2012,Pseudomonas aeruginosa,Carbapenems,25.07331378
ITA,Italy,2012,Staphylococcus aureus,Meticillin (MRSA),35.20782396
ITA,Italy,2013,Acinetobacter spp.,Carbapenems,79.48717948
ITA,Italy,2013,Enterococcus faecium,Aminopenicillins,82.18181818
ITA,Italy,2013,Escherichia coli,Carbapenems,0.62672348
ITA,Italy,2013,Escherichia coli,Fluoroquinolones,42.20977596
ITA,Italy,2013,Escherichia coli,Third-generation cephalosporins,26.19047619
ITA,Italy,2013,Klebsiella pneumoniae,Carbapenems,34.34273916
ITA,Italy,2013,Klebsiella pneumoniae,Fluoroquinolones,54.4117647
ITA,Italy,2013,Klebsiella pneumoniae,Third-generation cephalosporins,55.10062456
ITA,Italy,2013,Pseudomonas aeruginosa,Carbapenems,25.88832487
ITA,Italy,2013,Staphylococcus aureus,Meticillin (MRSA),35.83959899
ITA,Italy,2014,Acinetobacter spp.,Carbapenems,89.93710691
ITA,Italy,2014,Enterococcus faecium,Aminopenicillins,82.56302521
ITA,Italy,2014,Escherichia coli,Carbapenems,0.21645021
ITA,Italy,2014,Escherichia coli,Fluoroquinolones,43.92651494
ITA,Italy,2014,Escherichia coli,Third-generation cephalosporins,28.66811044
ITA,Italy,2014,Klebsiella pneumoniae,Carbapenems,32.92775665
ITA,Italy,2014,Klebsiella pneumoniae,Fluoroquinolones,55.67567567
ITA,Italy,2014,Klebsiella pneumoniae,Third-generation cephalosporins,56.48218347
ITA,Italy,2014,Pseudomonas aeruginosa,Carbapenems,25.09960159
ITA,Italy,2014,Staphylococcus aureus,Meticillin (MRSA),33.55201499
ITA,Italy,2015,Acinetobacter spp.,Carbapenems,78.31325301
ITA,Italy,2015,Enterococcus faecium,Aminopenicillins,86.69301712
ITA,Italy,2015,Escherichia coli,Carbapenems,0.19670958
ITA,Italy,2015,Escherichia coli,Fluoroquinolones,44.38282647
ITA,Italy,2015,Escherichia coli,Third-generation cephalosporins,30.07868383
ITA,Italy,2015,Klebsiella pneumoniae,Carbapenems,33.51675837
ITA,Italy,2015,Klebsiella pneumoniae,Fluoroquinolones,53.65
ITA,Italy,2015,Klebsiella pneumoniae,Third-generation cephalosporins,55.87793896
ITA,Italy,2015,Pseudomonas aeruginosa,Carbapenems,23.012939
ITA,Italy,2015,Staphylococcus aureus,Meticillin (MRSA),34.1
ITA,Italy,2016,Acinetobacter spp.,Carbapenems,78.49002849
ITA,Italy,2016,Enterococcus faecium,Aminopenicillins,87.02531645
ITA,Italy,2016,Escherichia coli,Carbapenems,0.26203734
ITA,Italy,2016,Escherichia coli,Fluoroquinolones,43.2605042
ITA,Italy,2016,Escherichia coli,Third-generation cephalosporins,29.77433479
ITA,Italy,2016,Klebsiella pneumoniae,Carbapenems,33.94018205
ITA,Italy,2016,Klebsiella pneumoniae,Fluoroquinolones,56.04982206
ITA,Italy,2016,Klebsiella pneumoniae,Third-generation cephalosporins,55.83259127
ITA,Italy,2016,Pseudomonas aeruginosa,Carbapenems,23.46600331
ITA,Italy,2016,Staphylococcus aureus,Meticillin (MRSA),33.57933579
ITA,Italy,2017,Acinetobacter spp.,Carbapenems,78.68663594
ITA,Italy,2017,Enterococcus faecium,Aminopenicillins,87.28323699
ITA,Italy,2017,Escherichia coli,Carbapenems,0.28846153
ITA,Italy,2017,Escherichia coli,Fluoroquinolones,44.93880489
ITA,Italy,2017,Escherichia coli,Third-generation cephalosporins,29.48989684
ITA,Italy,2017,Klebsiella pneumoniae,Carbapenems,29.6886864
ITA,Italy,2017,Klebsiella pneumoniae,Fluoroquinolones,55.73770491
ITA,Italy,2017,Klebsiella pneumoniae,Third-generation cephalosporins,54.59544383
ITA,Italy,2017,Pseudomonas aeruginosa,Carbapenems,19.87447698
ITA,Italy,2017,Staphylococcus aureus,Meticillin (MRSA),33.89028125
ITA,Italy,2018,Acinetobacter spp.,Carbapenems,79.24801156
ITA,Italy,2018,Enterococcus faecium,Aminopenicillins,86.73514962
ITA,Italy,2018,Escherichia coli,Carbapenems,0.36888428
ITA,Italy,2018,Escherichia coli,Fluoroquinolones,41.6630306
ITA,Italy,2018,Escherichia coli,Third-generation cephalosporins,28.69624069
ITA,Italy,2018,Klebsiella pneumoniae,Carbapenems,26.78445229
ITA,Italy,2018,Klebsiella pneumoniae,Fluoroquinolones,52.67732962
ITA,Italy,2018,Klebsiella pneumoniae,Third-generation cephalosporins,53.58367626
ITA,Italy,2018,Pseudomonas aeruginosa,Carbapenems,15.79296615
ITA,Italy,2018,Staphylococcus aureus,Meticillin (MRSA),33.98281495
LTU,Lithuania,2006,Enterococcus faecium,Aminopenicillins,
LTU,Lithuania,2006,Escherichia coli,Carbapenems,0.0
LTU,Lithuania,2006,Escherichia coli,Fluoroquinolones,12.28070175
LTU,Lithuania,2006,Escherichia coli,Third-generation cephalosporins,4.67836257
LTU,Lithuania,2006,Klebsiella pneumoniae,Carbapenems,0.0
LTU,Lithuania,2006,Klebsiella pneumoniae,Fluoroquinolones,2.85714285
LTU,Lithuania,2006,Klebsiella pneumoniae,Third-generation cephalosporins,22.85714285
LTU,Lithuania,2006,Pseudomonas aeruginosa,Carbapenems,
LTU,Lithuania,2006,Staphylococcus aureus,Meticillin (MRSA),11.9760479
LTU,Lithuania,2007,Enterococcus faecium,Aminopenicillins,
LTU,Lithuania,2007,Escherichia coli,Carbapenems,0.0
LTU,Lithuania,2007,Escherichia coli,Fluoroquinolones,9.48275862
LTU,Lithuania,2007,Escherichia coli,Third-generation cephalosporins,6.80851063
LTU,Lithuania,2007,Klebsiella pneumoniae,Carbapenems,0.0
LTU,Lithuania,2007,Klebsiella pneumoniae,Fluoroquinolones,7.69230769
LTU,Lithuania,2007,Klebsiella pneumoniae,Third-generation cephalosporins,26.82926829
LTU,Lithuania,2007,Pseudomonas aeruginosa,Carbapenems,30.0
LTU,Lithuania,2007,Staphylococcus aureus,Meticillin (MRSA),8.75
LTU,Lithuania,2008,Enterococcus faecium,Aminopenicillins,87.5
LTU,Lithuania,2008,Escherichia coli,Carbapenems,0.0
LTU,Lithuania,2008,Escherichia coli,Fluoroquinolones,13.81578947
LTU,Lithuania,2008,Escherichia coli,Third-generation cephalosporins,5.59210526
LTU,Lithuania,2008,Klebsiella pneumoniae,Carbapenems,0.0
LTU,Lithuania,2008,Klebsiella pneumoniae,Fluoroquinolones,23.07692307
LTU,Lithuania,2008,Klebsiella pneumoniae,Third-generation cephalosporins,35.8490566
LTU,Lithuania,2008,Pseudomonas aeruginosa,Carbapenems,23.8095238
LTU,Lithuania,2008,Staphylococcus aureus,Meticillin (MRSA),10.7913669
LTU,Lithuania,2009,Enterococcus faecium,Aminopenicillins,
LTU,Lithuania,2009,Escherichia coli,Carbapenems,0.0
LTU,Lithuania,2009,Escherichia coli,Fluoroquinolones,14.57627118
LTU,Lithuania,2009,Escherichia coli,Third-generation cephalosporins,7.84982935
LTU,Lithuania,2009,Klebsiella pneumoniae,Carbapenems,0.0
LTU,Lithuania,2009,Klebsiella pneumoniae,Fluoroquinolones,37.31343283
LTU,Lithuania,2009,Klebsiella pneumoniae,Third-generation cephalosporins,56.71641791
LTU,Lithuania,2009,Pseudomonas aeruginosa,Carbapenems,19.04761904
LTU,Lithuania,2009,Staphylococcus aureus,Meticillin (MRSA),11.02362204
LTU,Lithuania,2010,Enterococcus faecium,Aminopenicillins,88.0
LTU,Lithuania,2010,Escherichia coli,Carbapenems,0.0
LTU,Lithuania,2010,Escherichia coli,Fluoroquinolones,13.51351351
LTU,Lithuania,2010,Escherichia coli,Third-generation cephalosporins,8.7087087
LTU,Lithuania,2010,Klebsiella pneumoniae,Carbapenems,0.0
LTU,Lithuania,2010,Klebsiella pneumoniae,Fluoroquinolones,36.25
LTU,Lithuania,2010,Klebsiella pneumoniae,Third-generation cephalosporins,50.61728395
LTU,Lithuania,2010,Pseudomonas aeruginosa,Carbapenems,26.66666666
LTU,Lithuania,2010,Staphylococcus aureus,Meticillin (MRSA),14.11764705
LTU,Lithuania,2011,Enterococcus faecium,Aminopenicillins,96.15384615
LTU,Lithuania,2011,Escherichia coli,Carbapenems,
LTU,Lithuania,2011,Escherichia coli,Fluoroquinolones,12.86089238
LTU,Lithuania,2011,Escherichia coli,Third-generation cephalosporins,7.01298701
LTU,Lithuania,2011,Klebsiella pneumoniae,Carbapenems,
LTU,Lithuania,2011,Klebsiella pneumoniae,Fluoroquinolones,54.74452554
LTU,Lithuania,2011,Klebsiella pneumoniae,Third-generation cephalosporins,60.5839416
LTU,Lithuania,2011,Pseudomonas aeruginosa,Carbapenems,20.0
LTU,Lithuania,2011,Staphylococcus aureus,Meticillin (MRSA),5.39568345
LTU,Lithuania,2012,Enterococcus faecium,Aminopenicillins,86.48648648
LTU,Lithuania,2012,Escherichia coli,Carbapenems,0.0
LTU,Lithuania,2012,Escherichia coli,Fluoroquinolones,14.69298245
LTU,Lithuania,2012,Escherichia coli,Third-generation cephalosporins,4.76190476
LTU,Lithuania,2012,Klebsiella pneumoniae,Carbapenems,0.0
LTU,Lithuania,2012,Klebsiella pneumoniae,Fluoroquinolones,55.4347826
LTU,Lithuania,2012,Klebsiella pneumoniae,Third-generation cephalosporins,63.97849462
LTU,Lithuania,2012,Pseudomonas aeruginosa,Carbapenems,17.85714285
LTU,Lithuania,2012,Staphylococcus aureus,Meticillin (MRSA),8.66873065
LTU,Lithuania,2013,Enterococcus faecium,Aminopenicillins,96.0
LTU,Lithuania,2013,Escherichia coli,Carbapenems,0.0
LTU,Lithuania,2013,Escherichia coli,Fluoroquinolones,15.93533487
LTU,Lithuania,2013,Escherichia coli,Third-generation cephalosporins,7.60368663
LTU,Lithuania,2013,Klebsiella pneumoniae,Carbapenems,0.0
LTU,Lithuania,2013,Klebsiella pneumoniae,Fluoroquinolones,45.13888888
LTU,Lithuania,2013,Klebsiella pneumoniae,Third-generation cephalosporins,44.13793103
LTU,Lithuania,2013,Pseudomonas aeruginosa,Carbapenems,18.91891891
LTU,Lithuania,2013,Staphylococcus aureus,Meticillin (MRSA),10.11235955
LTU,Lithuania,2014,Acinetobacter spp.,Carbapenems,69.69696969
LTU,Lithuania,2014,Enterococcus faecium,Aminopenicillins,100.0
LTU,Lithuania,2014,Escherichia coli,Carbapenems,0.0
LTU,Lithuania,2014,Escherichia coli,Fluoroquinolones,12.83783783
LTU,Lithuania,2014,Escherichia coli,Third-generation cephalosporins,8.08080808
LTU,Lithuania,2014,Klebsiella pneumoniae,Carbapenems,1.29870129
LTU,Lithuania,2014,Klebsiella pneumoniae,Fluoroquinolones,45.45454545
LTU,Lithuania,2014,Klebsiella pneumoniae,Third-generation cephalosporins,52.59740259
LTU,Lithuania,2014,Pseudomonas aeruginosa,Carbapenems,29.03225806
LTU,Lithuania,2014,Staphylococcus aureus,Meticillin (MRSA),7.31070496
LTU,Lithuania,2015,Acinetobacter spp.,Carbapenems,80.8219178
LTU,Lithuania,2015,Enterococcus faecium,Aminopenicillins,96.15384615
LTU,Lithuania,2015,Escherichia coli,Carbapenems,0.0
LTU,Lithuania,2015,Escherichia coli,Fluoroquinolones,20.58319039
LTU,Lithuania,2015,Escherichia coli,Third-generation cephalosporins,16.00688468
LTU,Lithuania,2015,Klebsiella pneumoniae,Carbapenems,0.0
LTU,Lithuania,2015,Klebsiella pneumoniae,Fluoroquinolones,45.81005586
LTU,Lithuania,2015,Klebsiella pneumoniae,Third-generation cephalosporins,51.68539325
LTU,Lithuania,2015,Pseudomonas aeruginosa,Carbapenems,26.82926829
LTU,Lithuania,2015,Staphylococcus aureus,Meticillin (MRSA),9.04255319
LTU,Lithuania,2016,Acinetobacter spp.,Carbapenems,81.6091954
LTU,Lithuania,2016,Enterococcus faecium,Aminopenicillins,100.0
LTU,Lithuania,2016,Escherichia coli,Carbapenems,0.0
LTU,Lithuania,2016,Escherichia coli,Fluoroquinolones,19.74683544
LTU,Lithuania,2016,Escherichia coli,Third-generation cephalosporins,14.71698113
LTU,Lithuania,2016,Klebsiella pneumoniae,Carbapenems,0.0
LTU,Lithuania,2016,Klebsiella pneumoniae,Fluoroquinolones,54.62962962
LTU,Lithuania,2016,Klebsiella pneumoniae,Third-generation cephalosporins,56.74846625
LTU,Lithuania,2016,Pseudomonas aeruginosa,Carbapenems,16.21621621
LTU,Lithuania,2016,Staphylococcus aureus,Meticillin (MRSA),11.5308151
LTU,Lithuania,2017,Acinetobacter spp.,Carbapenems,88.50574712
LTU,Lithuania,2017,Enterococcus faecium,Aminopenicillins,100.0
LTU,Lithuania,2017,Escherichia coli,Carbapenems,0.0
LTU,Lithuania,2017,Escherichia coli,Fluoroquinolones,25.20612485
LTU,Lithuania,2017,Escherichia coli,Third-generation cephalosporins,16.78403755
LTU,Lithuania,2017,Klebsiella pneumoniae,Carbapenems,0.61538461
LTU,Lithuania,2017,Klebsiella pneumoniae,Fluoroquinolones,64.72392638
LTU,Lithuania,2017,Klebsiella pneumoniae,Third-generation cephalosporins,63.19018404
LTU,Lithuania,2017,Pseudomonas aeruginosa,Carbapenems,24.71910112
LTU,Lithuania,2017,Staphylococcus aureus,Meticillin (MRSA),8.75486381
LTU,Lithuania,2018,Acinetobacter spp.,Carbapenems,89.77272727
LTU,Lithuania,2018,Enterococcus faecium,Aminopenicillins,89.89898989
LTU,Lithuania,2018,Escherichia coli,Carbapenems,0.0
LTU,Lithuania,2018,Escherichia coli,Fluoroquinolones,19.6557971
LTU,Lithuania,2018,Escherichia coli,Third-generation cephalosporins,15.32912533
LTU,Lithuania,2018,Klebsiella pneumoniae,Carbapenems,0.26954177
LTU,Lithuania,2018,Klebsiella pneumoniae,Fluoroquinolones,56.75675675
LTU,Lithuania,2018,Klebsiella pneumoniae,Third-generation cephalosporins,55.79514824
LTU,Lithuania,2018,Pseudomonas aeruginosa,Carbapenems,21.78217821
LTU,Lithuania,2018,Staphylococcus aureus,Meticillin (MRSA),8.39363241
LUX,Luxembourg,2000,Staphylococcus aureus,Meticillin (MRSA),17.91044776
LUX,Luxembourg,2001,Enterococcus faecium,Aminopenicillins,
LUX,Luxembourg,2001,Escherichia coli,Carbapenems,0.0
LUX,Luxembourg,2001,Escherichia coli,Fluoroquinolones,4.23280423
LUX,Luxembourg,2001,Escherichia coli,Third-generation cephalosporins,0.53475935
LUX,Luxembourg,2001,Staphylococcus aureus,Meticillin (MRSA),20.0
LUX,Luxembourg,2002,Enterococcus faecium,Aminopenicillins,
LUX,Luxembourg,2002,Escherichia coli,Carbapenems,0.0
LUX,Luxembourg,2002,Escherichia coli,Fluoroquinolones,9.43396226
LUX,Luxembourg,2002,Escherichia coli,Third-generation cephalosporins,0.52083333
LUX,Luxembourg,2002,Staphylococcus aureus,Meticillin (MRSA),14.7368421
LUX,Luxembourg,2003,Enterococcus faecium,Aminopenicillins,
LUX,Luxembourg,2003,Escherichia coli,Carbapenems,0.0
LUX,Luxembourg,2003,Escherichia coli,Fluoroquinolones,11.94690265
LUX,Luxembourg,2003,Escherichia coli,Third-generation cephalosporins,0.88105726
LUX,Luxembourg,2003,Staphylococcus aureus,Meticillin (MRSA),21.05263157
LUX,Luxembourg,2004,Enterococcus faecium,Aminopenicillins,
LUX,Luxembourg,2004,Escherichia coli,Carbapenems,0.0
LUX,Luxembourg,2004,Escherichia coli,Fluoroquinolones,17.59259259
LUX,Luxembourg,2004,Escherichia coli,Third-generation cephalosporins,0.46296296
LUX,Luxembourg,2004,Staphylococcus aureus,Meticillin (MRSA),15.625
LUX,Luxembourg,2005,Enterococcus faecium,Aminopenicillins,
LUX,Luxembourg,2005,Escherichia coli,Carbapenems,0.0
LUX,Luxembourg,2005,Escherichia coli,Fluoroquinolones,18.61702127
LUX,Luxembourg,2005,Escherichia coli,Third-generation cephalosporins,3.19148936
LUX,Luxembourg,2005,Pseudomonas aeruginosa,Carbapenems,
LUX,Luxembourg,2005,Staphylococcus aureus,Meticillin (MRSA),13.25301204
LUX,Luxembourg,2006,Enterococcus faecium,Aminopenicillins,
LUX,Luxembourg,2006,Escherichia coli,Carbapenems,
LUX,Luxembourg,2006,Escherichia coli,Fluoroquinolones,19.76047904
LUX,Luxembourg,2006,Escherichia coli,Third-generation cephalosporins,1.79640718
LUX,Luxembourg,2006,Klebsiella pneumoniae,Carbapenems,
LUX,Luxembourg,2006,Klebsiella pneumoniae,Fluoroquinolones,
LUX,Luxembourg,2006,Klebsiella pneumoniae,Third-generation cephalosporins,9.52380952
LUX,Luxembourg,2006,Pseudomonas aeruginosa,Carbapenems,
LUX,Luxembourg,2006,Staphylococcus aureus,Meticillin (MRSA),19.48051948
LUX,Luxembourg,2007,Enterococcus faecium,Aminopenicillins,
LUX,Luxembourg,2007,Escherichia coli,Carbapenems,0.0
LUX,Luxembourg,2007,Escherichia coli,Fluoroquinolones,21.45454545
LUX,Luxembourg,2007,Escherichia coli,Third-generation cephalosporins,4.04411764
LUX,Luxembourg,2007,Klebsiella pneumoniae,Carbapenems,
LUX,Luxembourg,2007,Klebsiella pneumoniae,Fluoroquinolones,11.53846153
LUX,Luxembourg,2007,Klebsiella pneumoniae,Third-generation cephalosporins,1.96078431
LUX,Luxembourg,2007,Pseudomonas aeruginosa,Carbapenems,
LUX,Luxembourg,2007,Staphylococcus aureus,Meticillin (MRSA),20.0
LUX,Luxembourg,2008,Enterococcus faecium,Aminopenicillins,
LUX,Luxembourg,2008,Escherichia coli,Carbapenems,
LUX,Luxembourg,2008,Escherichia coli,Fluoroquinolones,22.11221122
LUX,Luxembourg,2008,Escherichia coli,Third-generation cephalosporins,6.29139072
LUX,Luxembourg,2008,Klebsiella pneumoniae,Carbapenems,
LUX,Luxembourg,2008,Klebsiella pneumoniae,Fluoroquinolones,11.76470588
LUX,Luxembourg,2008,Klebsiella pneumoniae,Third-generation cephalosporins,19.23076923
LUX,Luxembourg,2008,Pseudomonas aeruginosa,Carbapenems,
LUX,Luxembourg,2008,Staphylococcus aureus,Meticillin (MRSA),9.4017094
LUX,Luxembourg,2009,Enterococcus faecium,Aminopenicillins,
LUX,Luxembourg,2009,Escherichia coli,Carbapenems,0.0
LUX,Luxembourg,2009,Escherichia coli,Fluoroquinolones,25.58139534
LUX,Luxembourg,2009,Escherichia coli,Third-generation cephalosporins,8.30564784
LUX,Luxembourg,2009,Klebsiella pneumoniae,Carbapenems,0.0
LUX,Luxembourg,2009,Klebsiella pneumoniae,Fluoroquinolones,21.42857142
LUX,Luxembourg,2009,Klebsiella pneumoniae,Third-generation cephalosporins,25.0
LUX,Luxembourg,2009,Pseudomonas aeruginosa,Carbapenems,15.15151515
LUX,Luxembourg,2009,Staphylococcus aureus,Meticillin (MRSA),13.27433628
LUX,Luxembourg,2010,Enterococcus faecium,Aminopenicillins,77.27272727
LUX,Luxembourg,2010,Escherichia coli,Carbapenems,0.0
LUX,Luxembourg,2010,Escherichia coli,Fluoroquinolones,26.27118644
LUX,Luxembourg,2010,Escherichia coli,Third-generation cephalosporins,9.32203389
LUX,Luxembourg,2010,Klebsiella pneumoniae,Carbapenems,0.0
LUX,Luxembourg,2010,Klebsiella pneumoniae,Fluoroquinolones,6.77966101
LUX,Luxembourg,2010,Klebsiella pneumoniae,Third-generation cephalosporins,5.08474576
LUX,Luxembourg,2010,Pseudomonas aeruginosa,Carbapenems,9.375
LUX,Luxembourg,2010,Staphylococcus aureus,Meticillin (MRSA),16.54135338
LUX,Luxembourg,2011,Enterococcus faecium,Aminopenicillins,70.83333333
LUX,Luxembourg,2011,Escherichia coli,Carbapenems,0.0
LUX,Luxembourg,2011,Escherichia coli,Fluoroquinolones,24.07932011
LUX,Luxembourg,2011,Escherichia coli,Third-generation cephalosporins,8.21529745
LUX,Luxembourg,2011,Klebsiella pneumoniae,Carbapenems,0.0
LUX,Luxembourg,2011,Klebsiella pneumoniae,Fluoroquinolones,33.33333333
LUX,Luxembourg,2011,Klebsiella pneumoniae,Third-generation cephalosporins,35.41666666
LUX,Luxembourg,2011,Pseudomonas aeruginosa,Carbapenems,15.625
LUX,Luxembourg,2011,Staphylococcus aureus,Meticillin (MRSA),20.47244094
LUX,Luxembourg,2012,Acinetobacter spp.,Carbapenems,
LUX,Luxembourg,2012,Enterococcus faecium,Aminopenicillins,80.0
LUX,Luxembourg,2012,Escherichia coli,Carbapenems,0.0
LUX,Luxembourg,2012,Escherichia coli,Fluoroquinolones,23.9520958
LUX,Luxembourg,2012,Escherichia coli,Third-generation cephalosporins,11.3772455
LUX,Luxembourg,2012,Klebsiella pneumoniae,Carbapenems,0.0
LUX,Luxembourg,2012,Klebsiella pneumoniae,Fluoroquinolones,32.0
LUX,Luxembourg,2012,Klebsiella pneumoniae,Third-generation cephalosporins,34.0
LUX,Luxembourg,2012,Pseudomonas aeruginosa,Carbapenems,6.4516129
LUX,Luxembourg,2012,Staphylococcus aureus,Meticillin (MRSA),16.03053435
LUX,Luxembourg,2013,Acinetobacter spp.,Carbapenems,
LUX,Luxembourg,2013,Enterococcus faecium,Aminopenicillins,
LUX,Luxembourg,2013,Escherichia coli,Carbapenems,0.0
LUX,Luxembourg,2013,Escherichia coli,Fluoroquinolones,27.79661016
LUX,Luxembourg,2013,Escherichia coli,Third-generation cephalosporins,10.63122923
LUX,Luxembourg,2013,Klebsiella pneumoniae,Carbapenems,1.88679245
LUX,Luxembourg,2013,Klebsiella pneumoniae,Fluoroquinolones,22.64150943
LUX,Luxembourg,2013,Klebsiella pneumoniae,Third-generation cephalosporins,33.96226415
LUX,Luxembourg,2013,Pseudomonas aeruginosa,Carbapenems,17.64705882
LUX,Luxembourg,2013,Staphylococcus aureus,Meticillin (MRSA),8.88888888
LUX,Luxembourg,2014,Acinetobacter spp.,Carbapenems,
LUX,Luxembourg,2014,Enterococcus faecium,Aminopenicillins,77.41935483
LUX,Luxembourg,2014,Escherichia coli,Carbapenems,0.27173913
LUX,Luxembourg,2014,Escherichia coli,Fluoroquinolones,24.72826086
LUX,Luxembourg,2014,Escherichia coli,Third-generation cephalosporins,11.95652173
LUX,Luxembourg,2014,Klebsiella pneumoniae,Carbapenems,1.51515151
LUX,Luxembourg,2014,Klebsiella pneumoniae,Fluoroquinolones,31.81818181
LUX,Luxembourg,2014,Klebsiella pneumoniae,Third-generation cephalosporins,34.84848484
LUX,Luxembourg,2014,Pseudomonas aeruginosa,Carbapenems,4.76190476
LUX,Luxembourg,2014,Staphylococcus aureus,Meticillin (MRSA),12.0
LUX,Luxembourg,2015,Acinetobacter spp.,Carbapenems,
LUX,Luxembourg,2015,Enterococcus faecium,Aminopenicillins,82.60869565
LUX,Luxembourg,2015,Escherichia coli,Carbapenems,0.0
LUX,Luxembourg,2015,Escherichia coli,Fluoroquinolones,24.20749279
LUX,Luxembourg,2015,Escherichia coli,Third-generation cephalosporins,12.68011527
LUX,Luxembourg,2015,Klebsiella pneumoniae,Carbapenems,0.0
LUX,Luxembourg,2015,Klebsiella pneumoniae,Fluoroquinolones,20.0
LUX,Luxembourg,2015,Klebsiella pneumoniae,Third-generation cephalosporins,28.33333333
LUX,Luxembourg,2015,Pseudomonas aeruginosa,Carbapenems,8.33333333
LUX,Luxembourg,2015,Staphylococcus aureus,Meticillin (MRSA),8.88888888
LUX,Luxembourg,2016,Acinetobacter spp.,Carbapenems,
LUX,Luxembourg,2016,Enterococcus faecium,Aminopenicillins,93.54838709
LUX,Luxembourg,2016,Escherichia coli,Carbapenems,0.0
LUX,Luxembourg,2016,Escherichia coli,Fluoroquinolones,28.94736842
LUX,Luxembourg,2016,Escherichia coli,Third-generation cephalosporins,13.63636363
LUX,Luxembourg,2016,Klebsiella pneumoniae,Carbapenems,0.0
LUX,Luxembourg,2016,Klebsiella pneumoniae,Fluoroquinolones,35.89743589
LUX,Luxembourg,2016,Klebsiella pneumoniae,Third-generation cephalosporins,35.89743589
LUX,Luxembourg,2016,Pseudomonas aeruginosa,Carbapenems,6.4516129
LUX,Luxembourg,2016,Staphylococcus aureus,Meticillin (MRSA),9.62566844
LUX,Luxembourg,2017,Acinetobacter spp.,Carbapenems,
LUX,Luxembourg,2017,Enterococcus faecium,Aminopenicillins,85.29411764
LUX,Luxembourg,2017,Escherichia coli,Carbapenems,0.0
LUX,Luxembourg,2017,Escherichia coli,Fluoroquinolones,22.86374133
LUX,Luxembourg,2017,Escherichia coli,Third-generation cephalosporins,9.69976905
LUX,Luxembourg,2017,Klebsiella pneumoniae,Carbapenems,0.0
LUX,Luxembourg,2017,Klebsiella pneumoniae,Fluoroquinolones,28.28282828
LUX,Luxembourg,2017,Klebsiella pneumoniae,Third-generation cephalosporins,27.27272727
LUX,Luxembourg,2017,Pseudomonas aeruginosa,Carbapenems,10.71428571
LUX,Luxembourg,2017,Staphylococcus aureus,Meticillin (MRSA),9.5
LUX,Luxembourg,2018,Acinetobacter spp.,Carbapenems,
LUX,Luxembourg,2018,Enterococcus faecium,Aminopenicillins,86.20689655
LUX,Luxembourg,2018,Escherichia coli,Carbapenems,0.0
LUX,Luxembourg,2018,Escherichia coli,Fluoroquinolones,21.77033492
LUX,Luxembourg,2018,Escherichia coli,Third-generation cephalosporins,12.5
LUX,Luxembourg,2018,Klebsiella pneumoniae,Carbapenems,0.0
LUX,Luxembourg,2018,Klebsiella pneumoniae,Fluoroquinolones,24.70588235
LUX,Luxembourg,2018,Klebsiella pneumoniae,Third-generation cephalosporins,29.4117647
LUX,Luxembourg,2018,Pseudomonas aeruginosa,Carbapenems,11.11111111
LUX,Luxembourg,2018,Staphylococcus aureus,Meticillin (MRSA),7.73480662
LVA,Latvia,2004,Staphylococcus aureus,Meticillin (MRSA),25.28735632
LVA,Latvia,2005,Staphylococcus aureus,Meticillin (MRSA),19.84126984
LVA,Latvia,2006,Enterococcus faecium,Aminopenicillins,
LVA,Latvia,2006,Escherichia coli,Carbapenems,0.0
LVA,Latvia,2006,Escherichia coli,Fluoroquinolones,10.0
LVA,Latvia,2006,Escherichia coli,Third-generation cephalosporins,6.4516129
LVA,Latvia,2006,Klebsiella pneumoniae,Carbapenems,0.0
LVA,Latvia,2006,Klebsiella pneumoniae,Fluoroquinolones,25.92592592
LVA,Latvia,2006,Klebsiella pneumoniae,Third-generation cephalosporins,35.71428571
LVA,Latvia,2006,Pseudomonas aeruginosa,Carbapenems,
LVA,Latvia,2006,Staphylococcus aureus,Meticillin (MRSA),18.60465116
LVA,Latvia,2007,Enterococcus faecium,Aminopenicillins,76.66666666
LVA,Latvia,2007,Escherichia coli,Carbapenems,0.0
LVA,Latvia,2007,Escherichia coli,Fluoroquinolones,17.10526315
LVA,Latvia,2007,Escherichia coli,Third-generation cephalosporins,14.47368421
LVA,Latvia,2007,Klebsiella pneumoniae,Carbapenems,0.0
LVA,Latvia,2007,Klebsiella pneumoniae,Fluoroquinolones,26.92307692
LVA,Latvia,2007,Klebsiella pneumoniae,Third-generation cephalosporins,44.44444444
LVA,Latvia,2007,Pseudomonas aeruginosa,Carbapenems,
LVA,Latvia,2007,Staphylococcus aureus,Meticillin (MRSA),7.69230769
LVA,Latvia,2008,Enterococcus faecium,Aminopenicillins,90.0
LVA,Latvia,2008,Escherichia coli,Carbapenems,0.0
LVA,Latvia,2008,Escherichia coli,Fluoroquinolones,14.44444444
LVA,Latvia,2008,Escherichia coli,Third-generation cephalosporins,11.11111111
LVA,Latvia,2008,Klebsiella pneumoniae,Carbapenems,2.5
LVA,Latvia,2008,Klebsiella pneumoniae,Fluoroquinolones,45.0
LVA,Latvia,2008,Klebsiella pneumoniae,Third-generation cephalosporins,57.5
LVA,Latvia,2008,Pseudomonas aeruginosa,Carbapenems,
LVA,Latvia,2008,Staphylococcus aureus,Meticillin (MRSA),12.19512195
LVA,Latvia,2009,Enterococcus faecium,Aminopenicillins,81.81818181
LVA,Latvia,2009,Escherichia coli,Carbapenems,2.35294117
LVA,Latvia,2009,Escherichia coli,Fluoroquinolones,23.52941176
LVA,Latvia,2009,Escherichia coli,Third-generation cephalosporins,11.62790697
LVA,Latvia,2009,Klebsiella pneumoniae,Carbapenems,0.0
LVA,Latvia,2009,Klebsiella pneumoniae,Fluoroquinolones,34.09090909
LVA,Latvia,2009,Klebsiella pneumoniae,Third-generation cephalosporins,54.54545454
LVA,Latvia,2009,Pseudomonas aeruginosa,Carbapenems,
LVA,Latvia,2009,Staphylococcus aureus,Meticillin (MRSA),8.60215053
LVA,Latvia,2010,Enterococcus faecium,Aminopenicillins,100.0
LVA,Latvia,2010,Escherichia coli,Carbapenems,0.0
LVA,Latvia,2010,Escherichia coli,Fluoroquinolones,14.43298969
LVA,Latvia,2010,Escherichia coli,Third-generation cephalosporins,12.24489795
LVA,Latvia,2010,Klebsiella pneumoniae,Carbapenems,0.0
LVA,Latvia,2010,Klebsiella pneumoniae,Fluoroquinolones,52.38095238
LVA,Latvia,2010,Klebsiella pneumoniae,Third-generation cephalosporins,54.6875
LVA,Latvia,2010,Pseudomonas aeruginosa,Carbapenems,14.28571428
LVA,Latvia,2010,Staphylococcus aureus,Meticillin (MRSA),13.72549019
LVA,Latvia,2011,Enterococcus faecium,Aminopenicillins,95.83333333
LVA,Latvia,2011,Escherichia coli,Carbapenems,0.0
LVA,Latvia,2011,Escherichia coli,Fluoroquinolones,16.79389312
LVA,Latvia,2011,Escherichia coli,Third-generation cephalosporins,15.9090909
LVA,Latvia,2011,Klebsiella pneumoniae,Carbapenems,0.0
LVA,Latvia,2011,Klebsiella pneumoniae,Fluoroquinolones,38.09523809
LVA,Latvia,2011,Klebsiella pneumoniae,Third-generation cephalosporins,38.46153846
LVA,Latvia,2011,Pseudomonas aeruginosa,Carbapenems,
LVA,Latvia,2011,Staphylococcus aureus,Meticillin (MRSA),9.89583333
LVA,Latvia,2012,Enterococcus faecium,Aminopenicillins,
LVA,Latvia,2012,Escherichia coli,Carbapenems,0.0
LVA,Latvia,2012,Escherichia coli,Fluoroquinolones,14.47368421
LVA,Latvia,2012,Escherichia coli,Third-generation cephalosporins,12.98701298
LVA,Latvia,2012,Klebsiella pneumoniae,Carbapenems,0.0
LVA,Latvia,2012,Klebsiella pneumoniae,Fluoroquinolones,46.15384615
LVA,Latvia,2012,Klebsiella pneumoniae,Third-generation cephalosporins,62.82051282
LVA,Latvia,2012,Pseudomonas aeruginosa,Carbapenems,
LVA,Latvia,2012,Staphylococcus aureus,Meticillin (MRSA),9.00473933
LVA,Latvia,2013,Enterococcus faecium,Aminopenicillins,96.0
LVA,Latvia,2013,Escherichia coli,Carbapenems,0.0
LVA,Latvia,2013,Escherichia coli,Fluoroquinolones,18.65671641
LVA,Latvia,2013,Escherichia coli,Third-generation cephalosporins,13.97058823
LVA,Latvia,2013,Klebsiella pneumoniae,Carbapenems,0.0
LVA,Latvia,2013,Klebsiella pneumoniae,Fluoroquinolones,43.18181818
LVA,Latvia,2013,Klebsiella pneumoniae,Third-generation cephalosporins,66.30434782
LVA,Latvia,2013,Pseudomonas aeruginosa,Carbapenems,28.0
LVA,Latvia,2013,Staphylococcus aureus,Meticillin (MRSA),6.97674418
LVA,Latvia,2014,Acinetobacter spp.,Carbapenems,78.84615384
LVA,Latvia,2014,Enterococcus faecium,Aminopenicillins,97.14285714
LVA,Latvia,2014,Escherichia coli,Carbapenems,0.0
LVA,Latvia,2014,Escherichia coli,Fluoroquinolones,17.67955801
LVA,Latvia,2014,Escherichia coli,Third-generation cephalosporins,10.9090909
LVA,Latvia,2014,Klebsiella pneumoniae,Carbapenems,1.69491525
LVA,Latvia,2014,Klebsiella pneumoniae,Fluoroquinolones,44.8275862
LVA,Latvia,2014,Klebsiella pneumoniae,Third-generation cephalosporins,52.88461538
LVA,Latvia,2014,Pseudomonas aeruginosa,Carbapenems,
LVA,Latvia,2014,Staphylococcus aureus,Meticillin (MRSA),8.18181818
LVA,Latvia,2015,Acinetobacter spp.,Carbapenems,68.85245901
LVA,Latvia,2015,Enterococcus faecium,Aminopenicillins,
LVA,Latvia,2015,Escherichia coli,Carbapenems,0.0
LVA,Latvia,2015,Escherichia coli,Fluoroquinolones,27.83505154
LVA,Latvia,2015,Escherichia coli,Third-generation cephalosporins,17.91044776
LVA,Latvia,2015,Klebsiella pneumoniae,Carbapenems,0.0
LVA,Latvia,2015,Klebsiella pneumoniae,Fluoroquinolones,41.96428571
LVA,Latvia,2015,Klebsiella pneumoniae,Third-generation cephalosporins,46.95652173
LVA,Latvia,2015,Pseudomonas aeruginosa,Carbapenems,
LVA,Latvia,2015,Staphylococcus aureus,Meticillin (MRSA),5.57768924
LVA,Latvia,2016,Acinetobacter spp.,Carbapenems,73.1707317
LVA,Latvia,2016,Enterococcus faecium,Aminopenicillins,
LVA,Latvia,2016,Escherichia coli,Carbapenems,0.0
LVA,Latvia,2016,Escherichia coli,Fluoroquinolones,27.75510204
LVA,Latvia,2016,Escherichia coli,Third-generation cephalosporins,24.11067193
LVA,Latvia,2016,Klebsiella pneumoniae,Carbapenems,2.22222222
LVA,Latvia,2016,Klebsiella pneumoniae,Fluoroquinolones,41.75824175
LVA,Latvia,2016,Klebsiella pneumoniae,Third-generation cephalosporins,47.36842105
LVA,Latvia,2016,Pseudomonas aeruginosa,Carbapenems,
LVA,Latvia,2016,Staphylococcus aureus,Meticillin (MRSA),4.22535211
LVA,Latvia,2017,Acinetobacter spp.,Carbapenems,79.4117647
LVA,Latvia,2017,Enterococcus faecium,Aminopenicillins,91.89189189
LVA,Latvia,2017,Escherichia coli,Carbapenems,0.0
LVA,Latvia,2017,Escherichia coli,Fluoroquinolones,30.3482587
LVA,Latvia,2017,Escherichia coli,Third-generation cephalosporins,21.95121951
LVA,Latvia,2017,Klebsiella pneumoniae,Carbapenems,1.72413793
LVA,Latvia,2017,Klebsiella pneumoniae,Fluoroquinolones,32.75862068
LVA,Latvia,2017,Klebsiella pneumoniae,Third-generation cephalosporins,33.62068965
LVA,Latvia,2017,Pseudomonas aeruginosa,Carbapenems,
LVA,Latvia,2017,Staphylococcus aureus,Meticillin (MRSA),5.71428571
LVA,Latvia,2018,Acinetobacter spp.,Carbapenems,78.43137254
LVA,Latvia,2018,Enterococcus faecium,Aminopenicillins,94.11764705
LVA,Latvia,2018,Escherichia coli,Carbapenems,0.0
LVA,Latvia,2018,Escherichia coli,Fluoroquinolones,24.12790697
LVA,Latvia,2018,Escherichia coli,Third-generation cephalosporins,20.40229885
LVA,Latvia,2018,Klebsiella pneumoniae,Carbapenems,0.49019607
LVA,Latvia,2018,Klebsiella pneumoniae,Fluoroquinolones,38.5
LVA,Latvia,2018,Klebsiella pneumoniae,Third-generation cephalosporins,37.74509803
LVA,Latvia,2018,Pseudomonas aeruginosa,Carbapenems,28.2051282
LVA,Latvia,2018,Staphylococcus aureus,Meticillin (MRSA),5.71428571
MLT,Malta,2000,Staphylococcus aureus,Meticillin (MRSA),35.52631578
MLT,Malta,2001,Enterococcus faecium,Aminopenicillins,
MLT,Malta,2001,Escherichia coli,Carbapenems,0.0
MLT,Malta,2001,Escherichia coli,Fluoroquinolones,15.38461538
MLT,Malta,2001,Escherichia coli,Third-generation cephalosporins,0.0
MLT,Malta,2001,Staphylococcus aureus,Meticillin (MRSA),53.65853658
MLT,Malta,2002,Enterococcus faecium,Aminopenicillins,
MLT,Malta,2002,Escherichia coli,Carbapenems,0.0
MLT,Malta,2002,Escherichia coli,Fluoroquinolones,12.16216216
MLT,Malta,2002,Escherichia coli,Third-generation cephalosporins,2.7027027
MLT,Malta,2002,Staphylococcus aureus,Meticillin (MRSA),42.52873563
MLT,Malta,2003,Enterococcus faecium,Aminopenicillins,
MLT,Malta,2003,Escherichia coli,Carbapenems,0.0
MLT,Malta,2003,Escherichia coli,Fluoroquinolones,24.44444444
MLT,Malta,2003,Escherichia coli,Third-generation cephalosporins,2.19780219
MLT,Malta,2003,Staphylococcus aureus,Meticillin (MRSA),42.97520661
MLT,Malta,2004,Enterococcus faecium,Aminopenicillins,
MLT,Malta,2004,Escherichia coli,Carbapenems,0.0
MLT,Malta,2004,Escherichia coli,Fluoroquinolones,35.55555555
MLT,Malta,2004,Escherichia coli,Third-generation cephalosporins,4.39560439
MLT,Malta,2004,Staphylococcus aureus,Meticillin (MRSA),56.38297872
MLT,Malta,2005,Enterococcus faecium,Aminopenicillins,
MLT,Malta,2005,Escherichia coli,Carbapenems,0.0
MLT,Malta,2005,Escherichia coli,Fluoroquinolones,30.58823529
MLT,Malta,2005,Escherichia coli,Third-generation cephalosporins,1.17647058
MLT,Malta,2005,Klebsiella pneumoniae,Carbapenems,
MLT,Malta,2005,Klebsiella pneumoniae,Fluoroquinolones,
MLT,Malta,2005,Klebsiella pneumoniae,Third-generation cephalosporins,
MLT,Malta,2005,Pseudomonas aeruginosa,Carbapenems,17.77777777
MLT,Malta,2005,Staphylococcus aureus,Meticillin (MRSA),55.84415584
MLT,Malta,2006,Enterococcus faecium,Aminopenicillins,
MLT,Malta,2006,Escherichia coli,Carbapenems,0.0
MLT,Malta,2006,Escherichia coli,Fluoroquinolones,31.91489361
MLT,Malta,2006,Escherichia coli,Third-generation cephalosporins,4.25531914
MLT,Malta,2006,Klebsiella pneumoniae,Carbapenems,0.0
MLT,Malta,2006,Klebsiella pneumoniae,Fluoroquinolones,6.25
MLT,Malta,2006,Klebsiella pneumoniae,Third-generation cephalosporins,6.25
MLT,Malta,2006,Pseudomonas aeruginosa,Carbapenems,20.0
MLT,Malta,2006,Staphylococcus aureus,Meticillin (MRSA),66.66666666
MLT,Malta,2007,Enterococcus faecium,Aminopenicillins,
MLT,Malta,2007,Escherichia coli,Carbapenems,0.0
MLT,Malta,2007,Escherichia coli,Fluoroquinolones,35.04273504
MLT,Malta,2007,Escherichia coli,Third-generation cephalosporins,12.82051282
MLT,Malta,2007,Klebsiella pneumoniae,Carbapenems,0.0
MLT,Malta,2007,Klebsiella pneumoniae,Fluoroquinolones,10.71428571
MLT,Malta,2007,Klebsiella pneumoniae,Third-generation cephalosporins,7.14285714
MLT,Malta,2007,Pseudomonas aeruginosa,Carbapenems,11.11111111
MLT,Malta,2007,Staphylococcus aureus,Meticillin (MRSA),52.38095238
MLT,Malta,2008,Enterococcus faecium,Aminopenicillins,
MLT,Malta,2008,Escherichia coli,Carbapenems,0.0
MLT,Malta,2008,Escherichia coli,Fluoroquinolones,33.59375
MLT,Malta,2008,Escherichia coli,Third-generation cephalosporins,20.96774193
MLT,Malta,2008,Klebsiella pneumoniae,Carbapenems,0.0
MLT,Malta,2008,Klebsiella pneumoniae,Fluoroquinolones,8.33333333
MLT,Malta,2008,Klebsiella pneumoniae,Third-generation cephalosporins,0.0
MLT,Malta,2008,Pseudomonas aeruginosa,Carbapenems,30.0
MLT,Malta,2008,Staphylococcus aureus,Meticillin (MRSA),51.85185185
MLT,Malta,2009,Enterococcus faecium,Aminopenicillins,
MLT,Malta,2009,Escherichia coli,Carbapenems,1.26582278
MLT,Malta,2009,Escherichia coli,Fluoroquinolones,30.37974683
MLT,Malta,2009,Escherichia coli,Third-generation cephalosporins,14.55696202
MLT,Malta,2009,Klebsiella pneumoniae,Carbapenems,0.0
MLT,Malta,2009,Klebsiella pneumoniae,Fluoroquinolones,2.63157894
MLT,Malta,2009,Klebsiella pneumoniae,Third-generation cephalosporins,0.0
MLT,Malta,2009,Pseudomonas aeruginosa,Carbapenems,20.68965517
MLT,Malta,2009,Staphylococcus aureus,Meticillin (MRSA),58.82352941
MLT,Malta,2010,Enterococcus faecium,Aminopenicillins,
MLT,Malta,2010,Escherichia coli,Carbapenems,0.0
MLT,Malta,2010,Escherichia coli,Fluoroquinolones,34.375
MLT,Malta,2010,Escherichia coli,Third-generation cephalosporins,15.625
MLT,Malta,2010,Klebsiella pneumoniae,Carbapenems,0.0
MLT,Malta,2010,Klebsiella pneumoniae,Fluoroquinolones,15.78947368
MLT,Malta,2010,Klebsiella pneumoniae,Third-generation cephalosporins,12.28070175
MLT,Malta,2010,Pseudomonas aeruginosa,Carbapenems,23.8095238
MLT,Malta,2010,Staphylococcus aureus,Meticillin (MRSA),48.14814814
MLT,Malta,2011,Enterococcus faecium,Aminopenicillins,
MLT,Malta,2011,Escherichia coli,Carbapenems,0.0
MLT,Malta,2011,Escherichia coli,Fluoroquinolones,31.96347031
MLT,Malta,2011,Escherichia coli,Third-generation cephalosporins,12.78538812
MLT,Malta,2011,Klebsiella pneumoniae,Carbapenems,3.84615384
MLT,Malta,2011,Klebsiella pneumoniae,Fluoroquinolones,13.46153846
MLT,Malta,2011,Klebsiella pneumoniae,Third-generation cephalosporins,13.46153846
MLT,Malta,2011,Pseudomonas aeruginosa,Carbapenems,23.8095238
MLT,Malta,2011,Staphylococcus aureus,Meticillin (MRSA),49.23076923
MLT,Malta,2012,Acinetobacter spp.,Carbapenems,
MLT,Malta,2012,Enterococcus faecium,Aminopenicillins,
MLT,Malta,2012,Escherichia coli,Carbapenems,0.0
MLT,Malta,2012,Escherichia coli,Fluoroquinolones,30.14354066
MLT,Malta,2012,Escherichia coli,Third-generation cephalosporins,12.91866028
MLT,Malta,2012,Klebsiella pneumoniae,Carbapenems,3.57142857
MLT,Malta,2012,Klebsiella pneumoniae,Fluoroquinolones,26.78571428
MLT,Malta,2012,Klebsiella pneumoniae,Third-generation cephalosporins,26.78571428
MLT,Malta,2012,Pseudomonas aeruginosa,Carbapenems,3.33333333
MLT,Malta,2012,Staphylococcus aureus,Meticillin (MRSA),47.52475247
MLT,Malta,2013,Acinetobacter spp.,Carbapenems,
MLT,Malta,2013,Enterococcus faecium,Aminopenicillins,
MLT,Malta,2013,Escherichia coli,Carbapenems,0.0
MLT,Malta,2013,Escherichia coli,Fluoroquinolones,29.75206611
MLT,Malta,2013,Escherichia coli,Third-generation cephalosporins,8.67768595
MLT,Malta,2013,Klebsiella pneumoniae,Carbapenems,5.97014925
MLT,Malta,2013,Klebsiella pneumoniae,Fluoroquinolones,28.35820895
MLT,Malta,2013,Klebsiella pneumoniae,Third-generation cephalosporins,28.35820895
MLT,Malta,2013,Pseudomonas aeruginosa,Carbapenems,16.0
MLT,Malta,2013,Staphylococcus aureus,Meticillin (MRSA),53.7735849
MLT,Malta,2014,Acinetobacter spp.,Carbapenems,
MLT,Malta,2014,Enterococcus faecium,Aminopenicillins,
MLT,Malta,2014,Escherichia coli,Carbapenems,0.0
MLT,Malta,2014,Escherichia coli,Fluoroquinolones,28.73134328
MLT,Malta,2014,Escherichia coli,Third-generation cephalosporins,10.82089552
MLT,Malta,2014,Klebsiella pneumoniae,Carbapenems,9.09090909
MLT,Malta,2014,Klebsiella pneumoniae,Fluoroquinolones,32.32323232
MLT,Malta,2014,Klebsiella pneumoniae,Third-generation cephalosporins,28.28282828
MLT,Malta,2014,Pseudomonas aeruginosa,Carbapenems,13.88888888
MLT,Malta,2014,Staphylococcus aureus,Meticillin (MRSA),43.58974358
MLT,Malta,2015,Acinetobacter spp.,Carbapenems,
MLT,Malta,2015,Enterococcus faecium,Aminopenicillins,
MLT,Malta,2015,Escherichia coli,Carbapenems,0.0
MLT,Malta,2015,Escherichia coli,Fluoroquinolones,37.39495798
MLT,Malta,2015,Escherichia coli,Third-generation cephalosporins,11.76470588
MLT,Malta,2015,Klebsiella pneumoniae,Carbapenems,4.54545454
MLT,Malta,2015,Klebsiella pneumoniae,Fluoroquinolones,26.13636363
MLT,Malta,2015,Klebsiella pneumoniae,Third-generation cephalosporins,15.9090909
MLT,Malta,2015,Pseudomonas aeruginosa,Carbapenems,16.0
MLT,Malta,2015,Staphylococcus aureus,Meticillin (MRSA),49.42528735
MLT,Malta,2016,Acinetobacter spp.,Carbapenems,
MLT,Malta,2016,Enterococcus faecium,Aminopenicillins,
MLT,Malta,2016,Escherichia coli,Carbapenems,0.0
MLT,Malta,2016,Escherichia coli,Fluoroquinolones,41.46341463
MLT,Malta,2016,Escherichia coli,Third-generation cephalosporins,14.63414634
MLT,Malta,2016,Klebsiella pneumoniae,Carbapenems,5.88235294
MLT,Malta,2016,Klebsiella pneumoniae,Fluoroquinolones,33.33333333
MLT,Malta,2016,Klebsiella pneumoniae,Third-generation cephalosporins,21.56862745
MLT,Malta,2016,Pseudomonas aeruginosa,Carbapenems,12.5
MLT,Malta,2016,Staphylococcus aureus,Meticillin (MRSA),37.11340206
MLT,Malta,2017,Acinetobacter spp.,Carbapenems,
MLT,Malta,2017,Enterococcus faecium,Aminopenicillins,
MLT,Malta,2017,Escherichia coli,Carbapenems,0.0
MLT,Malta,2017,Escherichia coli,Fluoroquinolones,43.31210191
MLT,Malta,2017,Escherichia coli,Third-generation cephalosporins,15.60509554
MLT,Malta,2017,Klebsiella pneumoniae,Carbapenems,10.25641025
MLT,Malta,2017,Klebsiella pneumoniae,Fluoroquinolones,39.31623931
MLT,Malta,2017,Klebsiella pneumoniae,Third-generation cephalosporins,35.04273504
MLT,Malta,2017,Pseudomonas aeruginosa,Carbapenems,10.81081081
MLT,Malta,2017,Staphylococcus aureus,Meticillin (MRSA),42.10526315
MLT,Malta,2018,Acinetobacter spp.,Carbapenems,
MLT,Malta,2018,Enterococcus faecium,Aminopenicillins,
MLT,Malta,2018,Escherichia coli,Carbapenems,0.0
MLT,Malta,2018,Escherichia coli,Fluoroquinolones,41.86746987
MLT,Malta,2018,Escherichia coli,Third-generation cephalosporins,15.36144578
MLT,Malta,2018,Klebsiella pneumoniae,Carbapenems,15.44117647
MLT,Malta,2018,Klebsiella pneumoniae,Fluoroquinolones,55.47445255
MLT,Malta,2018,Klebsiella pneumoniae,Third-generation cephalosporins,53.28467153
MLT,Malta,2018,Pseudomonas aeruginosa,Carbapenems,3.44827586
MLT,Malta,2018,Staphylococcus aureus,Meticillin (MRSA),36.36363636
NLD,Netherlands,2000,Enterococcus faecium,Aminopenicillins,
NLD,Netherlands,2000,Escherichia coli,Carbapenems,0.28901734
NLD,Netherlands,2000,Escherichia coli,Fluoroquinolones,3.36065573
NLD,Netherlands,2000,Escherichia coli,Third-generation cephalosporins,0.10235414
NLD,Netherlands,2000,Staphylococcus aureus,Meticillin (MRSA),0.26954177
NLD,Netherlands,2001,Enterococcus faecium,Aminopenicillins,59.25925925
NLD,Netherlands,2001,Escherichia coli,Carbapenems,0.10718113
NLD,Netherlands,2001,Escherichia coli,Fluoroquinolones,5.41989279
NLD,Netherlands,2001,Escherichia coli,Third-generation cephalosporins,0.55325034
NLD,Netherlands,2001,Staphylococcus aureus,Meticillin (MRSA),0.5658852
NLD,Netherlands,2002,Enterococcus faecium,Aminopenicillins,21.39037433
NLD,Netherlands,2002,Escherichia coli,Carbapenems,0.0
NLD,Netherlands,2002,Escherichia coli,Fluoroquinolones,5.42844324
NLD,Netherlands,2002,Escherichia coli,Third-generation cephalosporins,1.00300902
NLD,Netherlands,2002,Staphylococcus aureus,Meticillin (MRSA),0.94466936
NLD,Netherlands,2003,Enterococcus faecium,Aminopenicillins,28.43137254
NLD,Netherlands,2003,Escherichia coli,Carbapenems,0.0
NLD,Netherlands,2003,Escherichia coli,Fluoroquinolones,7.21951219
NLD,Netherlands,2003,Escherichia coli,Third-generation cephalosporins,1.45945945
NLD,Netherlands,2003,Staphylococcus aureus,Meticillin (MRSA),1.027146
NLD,Netherlands,2004,Enterococcus faecium,Aminopenicillins,40.64171122
NLD,Netherlands,2004,Escherichia coli,Carbapenems,0.25531914
NLD,Netherlands,2004,Escherichia coli,Fluoroquinolones,6.59871244
NLD,Netherlands,2004,Escherichia coli,Third-generation cephalosporins,1.42857142
NLD,Netherlands,2004,Staphylococcus aureus,Meticillin (MRSA),1.12275449
NLD,Netherlands,2005,Enterococcus faecium,Aminopenicillins,55.78947368
NLD,Netherlands,2005,Escherichia coli,Carbapenems,0.07168458
NLD,Netherlands,2005,Escherichia coli,Fluoroquinolones,9.93470149
NLD,Netherlands,2005,Escherichia coli,Third-generation cephalosporins,2.48021108
NLD,Netherlands,2005,Klebsiella pneumoniae,Carbapenems,0.0
NLD,Netherlands,2005,Klebsiella pneumoniae,Fluoroquinolones,5.86206896
NLD,Netherlands,2005,Klebsiella pneumoniae,Third-generation cephalosporins,3.90625
NLD,Netherlands,2005,Pseudomonas aeruginosa,Carbapenems,4.81283422
NLD,Netherlands,2005,Staphylococcus aureus,Meticillin (MRSA),0.92395167
NLD,Netherlands,2006,Enterococcus faecium,Aminopenicillins,71.61290322
NLD,Netherlands,2006,Escherichia coli,Carbapenems,0.04730368
NLD,Netherlands,2006,Escherichia coli,Fluoroquinolones,11.20507399
NLD,Netherlands,2006,Escherichia coli,Third-generation cephalosporins,3.28425821
NLD,Netherlands,2006,Klebsiella pneumoniae,Carbapenems,0.30395136
NLD,Netherlands,2006,Klebsiella pneumoniae,Fluoroquinolones,4.30839002
NLD,Netherlands,2006,Klebsiella pneumoniae,Third-generation cephalosporins,3.52644836
NLD,Netherlands,2006,Pseudomonas aeruginosa,Carbapenems,2.06185567
NLD,Netherlands,2006,Staphylococcus aureus,Meticillin (MRSA),1.10091743
NLD,Netherlands,2007,Enterococcus faecium,Aminopenicillins,82.9015544
NLD,Netherlands,2007,Escherichia coli,Carbapenems,0.05359056
NLD,Netherlands,2007,Escherichia coli,Fluoroquinolones,12.58715596
NLD,Netherlands,2007,Escherichia coli,Third-generation cephalosporins,4.28122545
NLD,Netherlands,2007,Klebsiella pneumoniae,Carbapenems,0.0
NLD,Netherlands,2007,Klebsiella pneumoniae,Fluoroquinolones,4.39330543
NLD,Netherlands,2007,Klebsiella pneumoniae,Third-generation cephalosporins,6.87203791
NLD,Netherlands,2007,Pseudomonas aeruginosa,Carbapenems,2.34899328
NLD,Netherlands,2007,Staphylococcus aureus,Meticillin (MRSA),1.4295439
NLD,Netherlands,2008,Enterococcus faecium,Aminopenicillins,84.09090909
NLD,Netherlands,2008,Escherichia coli,Carbapenems,0.04508566
NLD,Netherlands,2008,Escherichia coli,Fluoroquinolones,14.39427805
NLD,Netherlands,2008,Escherichia coli,Third-generation cephalosporins,4.62147887
NLD,Netherlands,2008,Klebsiella pneumoniae,Carbapenems,0.0
NLD,Netherlands,2008,Klebsiella pneumoniae,Fluoroquinolones,6.53594771
NLD,Netherlands,2008,Klebsiella pneumoniae,Third-generation cephalosporins,7.57575757
NLD,Netherlands,2008,Pseudomonas aeruginosa,Carbapenems,6.37681159
NLD,Netherlands,2008,Staphylococcus aureus,Meticillin (MRSA),1.67286245
NLD,Netherlands,2009,Enterococcus faecium,Aminopenicillins,89.16256157
NLD,Netherlands,2009,Escherichia coli,Carbapenems,0.0
NLD,Netherlands,2009,Escherichia coli,Fluoroquinolones,11.02229701
NLD,Netherlands,2009,Escherichia coli,Third-generation cephalosporins,4.2652027
NLD,Netherlands,2009,Klebsiella pneumoniae,Carbapenems,0.0
NLD,Netherlands,2009,Klebsiella pneumoniae,Fluoroquinolones,4.07124681
NLD,Netherlands,2009,Klebsiella pneumoniae,Third-generation cephalosporins,5.5
NLD,Netherlands,2009,Pseudomonas aeruginosa,Carbapenems,2.99145299
NLD,Netherlands,2009,Staphylococcus aureus,Meticillin (MRSA),1.25603864
NLD,Netherlands,2010,Enterococcus faecium,Aminopenicillins,86.86868686
NLD,Netherlands,2010,Escherichia coli,Carbapenems,0.08216926
NLD,Netherlands,2010,Escherichia coli,Fluoroquinolones,13.88032078
NLD,Netherlands,2010,Escherichia coli,Third-generation cephalosporins,4.92711968
NLD,Netherlands,2010,Klebsiella pneumoniae,Carbapenems,0.22421524
NLD,Netherlands,2010,Klebsiella pneumoniae,Fluoroquinolones,6.52418447
NLD,Netherlands,2010,Klebsiella pneumoniae,Third-generation cephalosporins,7.17488789
NLD,Netherlands,2010,Pseudomonas aeruginosa,Carbapenems,3.85356454
NLD,Netherlands,2010,Staphylococcus aureus,Meticillin (MRSA),1.43949617
NLD,Netherlands,2011,Enterococcus faecium,Aminopenicillins,90.08
NLD,Netherlands,2011,Escherichia coli,Carbapenems,0.12903225
NLD,Netherlands,2011,Escherichia coli,Fluoroquinolones,14.44362564
NLD,Netherlands,2011,Escherichia coli,Third-generation cephalosporins,5.83793738
NLD,Netherlands,2011,Klebsiella pneumoniae,Carbapenems,0.23014959
NLD,Netherlands,2011,Klebsiella pneumoniae,Fluoroquinolones,7.37327188
NLD,Netherlands,2011,Klebsiella pneumoniae,Third-generation cephalosporins,6.80507497
NLD,Netherlands,2011,Pseudomonas aeruginosa,Carbapenems,4.10447761
NLD,Netherlands,2011,Staphylococcus aureus,Meticillin (MRSA),1.625239
NLD,Netherlands,2012,Acinetobacter spp.,Carbapenems,5.81395348
NLD,Netherlands,2012,Enterococcus faecium,Aminopenicillins,90.44222539
NLD,Netherlands,2012,Escherichia coli,Carbapenems,0.13538669
NLD,Netherlands,2012,Escherichia coli,Fluoroquinolones,15.63556457
NLD,Netherlands,2012,Escherichia coli,Third-generation cephalosporins,6.07753512
NLD,Netherlands,2012,Klebsiella pneumoniae,Carbapenems,0.10570824
NLD,Netherlands,2012,Klebsiella pneumoniae,Fluoroquinolones,6.65961945
NLD,Netherlands,2012,Klebsiella pneumoniae,Third-generation cephalosporins,7.50528541
NLD,Netherlands,2012,Pseudomonas aeruginosa,Carbapenems,2.54083484
NLD,Netherlands,2012,Staphylococcus aureus,Meticillin (MRSA),1.27360562
NLD,Netherlands,2013,Acinetobacter spp.,Carbapenems,1.05263157
NLD,Netherlands,2013,Enterococcus faecium,Aminopenicillins,90.09247027
NLD,Netherlands,2013,Escherichia coli,Carbapenems,0.0
NLD,Netherlands,2013,Escherichia coli,Fluoroquinolones,14.75926203
NLD,Netherlands,2013,Escherichia coli,Third-generation cephalosporins,6.07651912
NLD,Netherlands,2013,Klebsiella pneumoniae,Carbapenems,0.18957345
NLD,Netherlands,2013,Klebsiella pneumoniae,Fluoroquinolones,7.37937559
NLD,Netherlands,2013,Klebsiella pneumoniae,Third-generation cephalosporins,7.56859035
NLD,Netherlands,2013,Pseudomonas aeruginosa,Carbapenems,3.91156462
NLD,Netherlands,2013,Staphylococcus aureus,Meticillin (MRSA),1.50324564
NLD,Netherlands,2014,Acinetobacter spp.,Carbapenems,0.0
NLD,Netherlands,2014,Enterococcus faecium,Aminopenicillins,86.92810457
NLD,Netherlands,2014,Escherichia coli,Carbapenems,0.0
NLD,Netherlands,2014,Escherichia coli,Fluoroquinolones,13.96295256
NLD,Netherlands,2014,Escherichia coli,Third-generation cephalosporins,6.12015721
NLD,Netherlands,2014,Klebsiella pneumoniae,Carbapenems,0.26714158
NLD,Netherlands,2014,Klebsiella pneumoniae,Fluoroquinolones,4.98664292
NLD,Netherlands,2014,Klebsiella pneumoniae,Third-generation cephalosporins,5.87711487
NLD,Netherlands,2014,Pseudomonas aeruginosa,Carbapenems,4.41826215
NLD,Netherlands,2014,Staphylococcus aureus,Meticillin (MRSA),0.93328724
NLD,Netherlands,2015,Acinetobacter spp.,Carbapenems,4.25531914
NLD,Netherlands,2015,Enterococcus faecium,Aminopenicillins,88.34437086
NLD,Netherlands,2015,Escherichia coli,Carbapenems,0.01414427
NLD,Netherlands,2015,Escherichia coli,Fluoroquinolones,13.16087079
NLD,Netherlands,2015,Escherichia coli,Third-generation cephalosporins,6.07859768
NLD,Netherlands,2015,Klebsiella pneumoniae,Carbapenems,0.16708437
NLD,Netherlands,2015,Klebsiella pneumoniae,Fluoroquinolones,7.34557595
NLD,Netherlands,2015,Klebsiella pneumoniae,Third-generation cephalosporins,9.43238731
NLD,Netherlands,2015,Pseudomonas aeruginosa,Carbapenems,3.69774919
NLD,Netherlands,2015,Staphylococcus aureus,Meticillin (MRSA),1.55234657
NLD,Netherlands,2016,Acinetobacter spp.,Carbapenems,0.0
NLD,Netherlands,2016,Enterococcus faecium,Aminopenicillins,87.15277777
NLD,Netherlands,2016,Escherichia coli,Carbapenems,0.01380262
NLD,Netherlands,2016,Escherichia coli,Fluoroquinolones,12.8983308
NLD,Netherlands,2016,Escherichia coli,Third-generation cephalosporins,6.59310344
NLD,Netherlands,2016,Klebsiella pneumoniae,Carbapenems,0.07593014
NLD,Netherlands,2016,Klebsiella pneumoniae,Fluoroquinolones,7.12121212
NLD,Netherlands,2016,Klebsiella pneumoniae,Third-generation cephalosporins,10.53030303
NLD,Netherlands,2016,Pseudomonas aeruginosa,Carbapenems,4.39393939
NLD,Netherlands,2016,Staphylococcus aureus,Meticillin (MRSA),1.18382111
NLD,Netherlands,2017,Acinetobacter spp.,Carbapenems,0.76923076
NLD,Netherlands,2017,Enterococcus faecium,Aminopenicillins,86.28117913
NLD,Netherlands,2017,Escherichia coli,Carbapenems,0.01332267
NLD,Netherlands,2017,Escherichia coli,Fluoroquinolones,14.41885234
NLD,Netherlands,2017,Escherichia coli,Third-generation cephalosporins,6.36569449
NLD,Netherlands,2017,Klebsiella pneumoniae,Carbapenems,0.45112781
NLD,Netherlands,2017,Klebsiella pneumoniae,Fluoroquinolones,11.7293233
NLD,Netherlands,2017,Klebsiella pneumoniae,Third-generation cephalosporins,10.91045899
NLD,Netherlands,2017,Pseudomonas aeruginosa,Carbapenems,4.48369565
NLD,Netherlands,2017,Staphylococcus aureus,Meticillin (MRSA),1.57635467
NLD,Netherlands,2018,Acinetobacter spp.,Carbapenems,4.72972972
NLD,Netherlands,2018,Enterococcus faecium,Aminopenicillins,88.93320039
NLD,Netherlands,2018,Escherichia coli,Carbapenems,0.01208897
NLD,Netherlands,2018,Escherichia coli,Fluoroquinolones,14.70872613
NLD,Netherlands,2018,Escherichia coli,Third-generation cephalosporins,7.31559854
NLD,Netherlands,2018,Klebsiella pneumoniae,Carbapenems,0.46052631
NLD,Netherlands,2018,Klebsiella pneumoniae,Fluoroquinolones,11.63708086
NLD,Netherlands,2018,Klebsiella pneumoniae,Third-generation cephalosporins,10.72368421
NLD,Netherlands,2018,Pseudomonas aeruginosa,Carbapenems,5.0931677
NLD,Netherlands,2018,Staphylococcus aureus,Meticillin (MRSA),1.20583286
NOR,Norway,2000,Enterococcus faecium,Aminopenicillins,
NOR,Norway,2000,Escherichia coli,Carbapenems,0.16181229
NOR,Norway,2000,Escherichia coli,Fluoroquinolones,1.65605095
NOR,Norway,2000,Escherichia coli,Third-generation cephalosporins,0.32679738
NOR,Norway,2000,Staphylococcus aureus,Meticillin (MRSA),0.0
NOR,Norway,2001,Enterococcus faecium,Aminopenicillins,20.0
NOR,Norway,2001,Escherichia coli,Carbapenems,0.0
NOR,Norway,2001,Escherichia coli,Fluoroquinolones,1.3064133
NOR,Norway,2001,Escherichia coli,Third-generation cephalosporins,0.31120331
NOR,Norway,2001,Staphylococcus aureus,Meticillin (MRSA),0.486618
NOR,Norway,2002,Enterococcus faecium,Aminopenicillins,24.32432432
NOR,Norway,2002,Escherichia coli,Carbapenems,0.13280212
NOR,Norway,2002,Escherichia coli,Fluoroquinolones,1.71026156
NOR,Norway,2002,Escherichia coli,Third-generation cephalosporins,0.17889087
NOR,Norway,2002,Staphylococcus aureus,Meticillin (MRSA),0.19920318
NOR,Norway,2003,Enterococcus faecium,Aminopenicillins,35.13513513
NOR,Norway,2003,Escherichia coli,Carbapenems,0.0
NOR,Norway,2003,Escherichia coli,Fluoroquinolones,1.87265917
NOR,Norway,2003,Escherichia coli,Third-generation cephalosporins,0.2548853
NOR,Norway,2003,Staphylococcus aureus,Meticillin (MRSA),0.39682539
NOR,Norway,2004,Enterococcus faecium,Aminopenicillins,74.28571428
NOR,Norway,2004,Escherichia coli,Carbapenems,0.0
NOR,Norway,2004,Escherichia coli,Fluoroquinolones,4.36760691
NOR,Norway,2004,Escherichia coli,Third-generation cephalosporins,0.66061106
NOR,Norway,2004,Staphylococcus aureus,Meticillin (MRSA),0.77669902
NOR,Norway,2005,Enterococcus faecium,Aminopenicillins,63.07692307
NOR,Norway,2005,Escherichia coli,Carbapenems,0.0
NOR,Norway,2005,Escherichia coli,Fluoroquinolones,4.68364831
NOR,Norway,2005,Escherichia coli,Third-generation cephalosporins,0.82831325
NOR,Norway,2005,Klebsiella pneumoniae,Carbapenems,0.62111801
NOR,Norway,2005,Klebsiella pneumoniae,Fluoroquinolones,1.16279069
NOR,Norway,2005,Klebsiella pneumoniae,Third-generation cephalosporins,2.07253886
NOR,Norway,2005,Pseudomonas aeruginosa,Carbapenems,3.44827586
NOR,Norway,2005,Staphylococcus aureus,Meticillin (MRSA),0.5444646
NOR,Norway,2006,Enterococcus faecium,Aminopenicillins,74.64788732
NOR,Norway,2006,Escherichia coli,Carbapenems,0.07230657
NOR,Norway,2006,Escherichia coli,Fluoroquinolones,4.86815415
NOR,Norway,2006,Escherichia coli,Third-generation cephalosporins,1.39860139
NOR,Norway,2006,Klebsiella pneumoniae,Carbapenems,0.45248868
NOR,Norway,2006,Klebsiella pneumoniae,Fluoroquinolones,6.8548387
NOR,Norway,2006,Klebsiella pneumoniae,Third-generation cephalosporins,1.52091254
NOR,Norway,2006,Pseudomonas aeruginosa,Carbapenems,9.4117647
NOR,Norway,2006,Staphylococcus aureus,Meticillin (MRSA),0.13623978
NOR,Norway,2007,Enterococcus faecium,Aminopenicillins,79.79797979
NOR,Norway,2007,Escherichia coli,Carbapenems,0.0
NOR,Norway,2007,Escherichia coli,Fluoroquinolones,7.08661417
NOR,Norway,2007,Escherichia coli,Third-generation cephalosporins,2.15995329
NOR,Norway,2007,Klebsiella pneumoniae,Carbapenems,0.0
NOR,Norway,2007,Klebsiella pneumoniae,Fluoroquinolones,4.54545454
NOR,Norway,2007,Klebsiella pneumoniae,Third-generation cephalosporins,1.5625
NOR,Norway,2007,Pseudomonas aeruginosa,Carbapenems,9.27835051
NOR,Norway,2007,Staphylococcus aureus,Meticillin (MRSA),0.12658227
NOR,Norway,2008,Enterococcus faecium,Aminopenicillins,75.89285714
NOR,Norway,2008,Escherichia coli,Carbapenems,0.06476683
NOR,Norway,2008,Escherichia coli,Fluoroquinolones,7.39081746
NOR,Norway,2008,Escherichia coli,Third-generation cephalosporins,2.55697609
NOR,Norway,2008,Klebsiella pneumoniae,Carbapenems,0.67340067
NOR,Norway,2008,Klebsiella pneumoniae,Fluoroquinolones,3.74639769
NOR,Norway,2008,Klebsiella pneumoniae,Third-generation cephalosporins,1.7191977
NOR,Norway,2008,Pseudomonas aeruginosa,Carbapenems,6.84931506
NOR,Norway,2008,Staphylococcus aureus,Meticillin (MRSA),0.59808612
NOR,Norway,2009,Enterococcus faecium,Aminopenicillins,75.96153846
NOR,Norway,2009,Escherichia coli,Carbapenems,0.0
NOR,Norway,2009,Escherichia coli,Fluoroquinolones,8.68852459
NOR,Norway,2009,Escherichia coli,Third-generation cephalosporins,2.27518959
NOR,Norway,2009,Klebsiella pneumoniae,Carbapenems,0.0
NOR,Norway,2009,Klebsiella pneumoniae,Fluoroquinolones,5.61224489
NOR,Norway,2009,Klebsiella pneumoniae,Third-generation cephalosporins,2.77777777
NOR,Norway,2009,Pseudomonas aeruginosa,Carbapenems,5.42168674
NOR,Norway,2009,Staphylococcus aureus,Meticillin (MRSA),0.33076074
NOR,Norway,2010,Enterococcus faecium,Aminopenicillins,84.55882352
NOR,Norway,2010,Escherichia coli,Carbapenems,0.0
NOR,Norway,2010,Escherichia coli,Fluoroquinolones,8.7340097
NOR,Norway,2010,Escherichia coli,Third-generation cephalosporins,3.69230769
NOR,Norway,2010,Klebsiella pneumoniae,Carbapenems,0.0
NOR,Norway,2010,Klebsiella pneumoniae,Fluoroquinolones,7.35294117
NOR,Norway,2010,Klebsiella pneumoniae,Third-generation cephalosporins,2.08768267
NOR,Norway,2010,Pseudomonas aeruginosa,Carbapenems,1.19047619
NOR,Norway,2010,Staphylococcus aureus,Meticillin (MRSA),0.66857688
NOR,Norway,2011,Enterococcus faecium,Aminopenicillins,75.0
NOR,Norway,2011,Escherichia coli,Carbapenems,0.03863987
NOR,Norway,2011,Escherichia coli,Fluoroquinolones,8.98203592
NOR,Norway,2011,Escherichia coli,Third-generation cephalosporins,3.64645263
NOR,Norway,2011,Klebsiella pneumoniae,Carbapenems,0.0
NOR,Norway,2011,Klebsiella pneumoniae,Fluoroquinolones,3.51288056
NOR,Norway,2011,Klebsiella pneumoniae,Third-generation cephalosporins,2.85035629
NOR,Norway,2011,Pseudomonas aeruginosa,Carbapenems,4.05405405
NOR,Norway,2011,Staphylococcus aureus,Meticillin (MRSA),0.32706459
NOR,Norway,2012,Acinetobacter spp.,Carbapenems,0.0
NOR,Norway,2012,Enterococcus faecium,Aminopenicillins,82.84023668
NOR,Norway,2012,Escherichia coli,Carbapenems,0.0
NOR,Norway,2012,Escherichia coli,Fluoroquinolones,11.2908899
NOR,Norway,2012,Escherichia coli,Third-generation cephalosporins,4.90228552
NOR,Norway,2012,Klebsiella pneumoniae,Carbapenems,0.48154093
NOR,Norway,2012,Klebsiella pneumoniae,Fluoroquinolones,4.02684563
NOR,Norway,2012,Klebsiella pneumoniae,Third-generation cephalosporins,3.22061191
NOR,Norway,2012,Pseudomonas aeruginosa,Carbapenems,6.73076923
NOR,Norway,2012,Staphylococcus aureus,Meticillin (MRSA),1.25874125
NOR,Norway,2013,Acinetobacter spp.,Carbapenems,0.0
NOR,Norway,2013,Enterococcus faecium,Aminopenicillins,87.32394366
NOR,Norway,2013,Escherichia coli,Carbapenems,0.06495615
NOR,Norway,2013,Escherichia coli,Fluoroquinolones,10.8907563
NOR,Norway,2013,Escherichia coli,Third-generation cephalosporins,5.52486187
NOR,Norway,2013,Klebsiella pneumoniae,Carbapenems,0.15503875
NOR,Norway,2013,Klebsiella pneumoniae,Fluoroquinolones,4.87012987
NOR,Norway,2013,Klebsiella pneumoniae,Third-generation cephalosporins,4.03100775
NOR,Norway,2013,Pseudomonas aeruginosa,Carbapenems,5.82524271
NOR,Norway,2013,Staphylococcus aureus,Meticillin (MRSA),0.67888662
NOR,Norway,2014,Acinetobacter spp.,Carbapenems,2.94117647
NOR,Norway,2014,Enterococcus faecium,Aminopenicillins,84.6491228
NOR,Norway,2014,Escherichia coli,Carbapenems,0.0
NOR,Norway,2014,Escherichia coli,Fluoroquinolones,11.0102489
NOR,Norway,2014,Escherichia coli,Third-generation cephalosporins,5.78778135
NOR,Norway,2014,Klebsiella pneumoniae,Carbapenems,0.0
NOR,Norway,2014,Klebsiella pneumoniae,Fluoroquinolones,6.16621983
NOR,Norway,2014,Klebsiella pneumoniae,Third-generation cephalosporins,5.89812332
NOR,Norway,2014,Pseudomonas aeruginosa,Carbapenems,5.859375
NOR,Norway,2014,Staphylococcus aureus,Meticillin (MRSA),1.03626943
NOR,Norway,2015,Acinetobacter spp.,Carbapenems,9.375
NOR,Norway,2015,Enterococcus faecium,Aminopenicillins,86.48648648
NOR,Norway,2015,Escherichia coli,Carbapenems,0.0303306
NOR,Norway,2015,Escherichia coli,Fluoroquinolones,10.21831412
NOR,Norway,2015,Escherichia coli,Third-generation cephalosporins,6.02847621
NOR,Norway,2015,Klebsiella pneumoniae,Carbapenems,0.14285714
NOR,Norway,2015,Klebsiella pneumoniae,Fluoroquinolones,5.0
NOR,Norway,2015,Klebsiella pneumoniae,Third-generation cephalosporins,4.99286733
NOR,Norway,2015,Pseudomonas aeruginosa,Carbapenems,5.70175438
NOR,Norway,2015,Staphylococcus aureus,Meticillin (MRSA),1.10116999
NOR,Norway,2016,Acinetobacter spp.,Carbapenems,0.0
NOR,Norway,2016,Enterococcus faecium,Aminopenicillins,82.71028037
NOR,Norway,2016,Escherichia coli,Carbapenems,0.05530973
NOR,Norway,2016,Escherichia coli,Fluoroquinolones,10.93879811
NOR,Norway,2016,Escherichia coli,Third-generation cephalosporins,5.55709151
NOR,Norway,2016,Klebsiella pneumoniae,Carbapenems,0.0
NOR,Norway,2016,Klebsiella pneumoniae,Fluoroquinolones,4.33168316
NOR,Norway,2016,Klebsiella pneumoniae,Third-generation cephalosporins,5.79531442
NOR,Norway,2016,Pseudomonas aeruginosa,Carbapenems,6.66666666
NOR,Norway,2016,Staphylococcus aureus,Meticillin (MRSA),1.17403314
NOR,Norway,2017,Acinetobacter spp.,Carbapenems,0.0
NOR,Norway,2017,Enterococcus faecium,Aminopenicillins,75.11961722
NOR,Norway,2017,Escherichia coli,Carbapenems,0.08036431
NOR,Norway,2017,Escherichia coli,Fluoroquinolones,13.5620477
NOR,Norway,2017,Escherichia coli,Third-generation cephalosporins,5.8650241
NOR,Norway,2017,Klebsiella pneumoniae,Carbapenems,0.0
NOR,Norway,2017,Klebsiella pneumoniae,Fluoroquinolones,10.24327784
NOR,Norway,2017,Klebsiella pneumoniae,Third-generation cephalosporins,5.76184379
NOR,Norway,2017,Pseudomonas aeruginosa,Carbapenems,3.41463414
NOR,Norway,2017,Staphylococcus aureus,Meticillin (MRSA),0.95759233
NOR,Norway,2018,Acinetobacter spp.,Carbapenems,0.0
NOR,Norway,2018,Enterococcus faecium,Aminopenicillins,75.28735632
NOR,Norway,2018,Escherichia coli,Carbapenems,0.02577984
NOR,Norway,2018,Escherichia coli,Fluoroquinolones,12.87077637
NOR,Norway,2018,Escherichia coli,Third-generation cephalosporins,6.75431812
NOR,Norway,2018,Klebsiella pneumoniae,Carbapenems,0.13586956
NOR,Norway,2018,Klebsiella pneumoniae,Fluoroquinolones,13.06122448
NOR,Norway,2018,Klebsiella pneumoniae,Third-generation cephalosporins,7.46268656
NOR,Norway,2018,Pseudomonas aeruginosa,Carbapenems,4.8
NOR,Norway,2018,Staphylococcus aureus,Meticillin (MRSA),0.90497737
POL,Poland,2001,Enterococcus faecium,Aminopenicillins,
POL,Poland,2001,Escherichia coli,Carbapenems,
POL,Poland,2001,Escherichia coli,Fluoroquinolones,8.60215053
POL,Poland,2001,Escherichia coli,Third-generation cephalosporins,7.07070707
POL,Poland,2001,Staphylococcus aureus,Meticillin (MRSA),15.23178807
POL,Poland,2002,Enterococcus faecium,Aminopenicillins,
POL,Poland,2002,Escherichia coli,Carbapenems,
POL,Poland,2002,Escherichia coli,Fluoroquinolones,10.52631578
POL,Poland,2002,Escherichia coli,Third-generation cephalosporins,6.15384615
POL,Poland,2002,Staphylococcus aureus,Meticillin (MRSA),23.11827956
POL,Poland,2003,Enterococcus faecium,Aminopenicillins,90.9090909
POL,Poland,2003,Escherichia coli,Fluoroquinolones,6.61157024
POL,Poland,2003,Escherichia coli,Third-generation cephalosporins,4.06504065
POL,Poland,2003,Staphylococcus aureus,Meticillin (MRSA),19.27710843
POL,Poland,2004,Enterococcus faecium,Aminopenicillins,
POL,Poland,2004,Escherichia coli,Carbapenems,
POL,Poland,2004,Escherichia coli,Fluoroquinolones,8.55614973
POL,Poland,2004,Escherichia coli,Third-generation cephalosporins,5.23560209
POL,Poland,2004,Staphylococcus aureus,Meticillin (MRSA),19.46564885
POL,Poland,2005,Enterococcus faecium,Aminopenicillins,95.23809523
POL,Poland,2005,Escherichia coli,Carbapenems,
POL,Poland,2005,Escherichia coli,Fluoroquinolones,19.88636363
POL,Poland,2005,Escherichia coli,Third-generation cephalosporins,4.54545454
POL,Poland,2005,Klebsiella pneumoniae,Carbapenems,0.0
POL,Poland,2005,Klebsiella pneumoniae,Fluoroquinolones,33.96226415
POL,Poland,2005,Klebsiella pneumoniae,Third-generation cephalosporins,66.03773584
POL,Poland,2005,Pseudomonas aeruginosa,Carbapenems,26.92307692
POL,Poland,2005,Staphylococcus aureus,Meticillin (MRSA),24.24242424
POL,Poland,2006,Enterococcus faecium,Aminopenicillins,95.0
POL,Poland,2006,Escherichia coli,Carbapenems,
POL,Poland,2006,Escherichia coli,Fluoroquinolones,20.38834951
POL,Poland,2006,Escherichia coli,Third-generation cephalosporins,4.36893203
POL,Poland,2006,Klebsiella pneumoniae,Carbapenems,
POL,Poland,2006,Klebsiella pneumoniae,Fluoroquinolones,28.57142857
POL,Poland,2006,Klebsiella pneumoniae,Third-generation cephalosporins,38.09523809
POL,Poland,2006,Pseudomonas aeruginosa,Carbapenems,29.72972972
POL,Poland,2006,Staphylococcus aureus,Meticillin (MRSA),19.54022988
POL,Poland,2007,Enterococcus faecium,Aminopenicillins,88.0
POL,Poland,2007,Escherichia coli,Carbapenems,
POL,Poland,2007,Escherichia coli,Fluoroquinolones,12.890625
POL,Poland,2007,Escherichia coli,Third-generation cephalosporins,2.34375
POL,Poland,2007,Klebsiella pneumoniae,Carbapenems,
POL,Poland,2007,Klebsiella pneumoniae,Fluoroquinolones,3.125
POL,Poland,2007,Klebsiella pneumoniae,Third-generation cephalosporins,34.375
POL,Poland,2007,Pseudomonas aeruginosa,Carbapenems,17.91044776
POL,Poland,2007,Staphylococcus aureus,Meticillin (MRSA),15.13513513
POL,Poland,2008,Enterococcus faecium,Aminopenicillins,
POL,Poland,2008,Escherichia coli,Carbapenems,
POL,Poland,2008,Escherichia coli,Fluoroquinolones,20.23809523
POL,Poland,2008,Escherichia coli,Third-generation cephalosporins,2.38095238
POL,Poland,2008,Klebsiella pneumoniae,Carbapenems,
POL,Poland,2008,Klebsiella pneumoniae,Fluoroquinolones,
POL,Poland,2008,Klebsiella pneumoniae,Third-generation cephalosporins,
POL,Poland,2008,Pseudomonas aeruginosa,Carbapenems,13.63636363
POL,Poland,2008,Staphylococcus aureus,Meticillin (MRSA),12.12121212
POL,Poland,2009,Enterococcus faecium,Aminopenicillins,97.5
POL,Poland,2009,Escherichia coli,Carbapenems,0.0
POL,Poland,2009,Escherichia coli,Fluoroquinolones,23.10405643
POL,Poland,2009,Escherichia coli,Third-generation cephalosporins,9.07534246
POL,Poland,2009,Klebsiella pneumoniae,Carbapenems,0.71942446
POL,Poland,2009,Klebsiella pneumoniae,Fluoroquinolones,32.37410071
POL,Poland,2009,Klebsiella pneumoniae,Third-generation cephalosporins,48.95104895
POL,Poland,2009,Pseudomonas aeruginosa,Carbapenems,25.35211267
POL,Poland,2009,Staphylococcus aureus,Meticillin (MRSA),20.15810276
POL,Poland,2010,Enterococcus faecium,Aminopenicillins,95.29411764
POL,Poland,2010,Escherichia coli,Carbapenems,0.14224751
POL,Poland,2010,Escherichia coli,Fluoroquinolones,25.75976845
POL,Poland,2010,Escherichia coli,Third-generation cephalosporins,7.52688172
POL,Poland,2010,Klebsiella pneumoniae,Carbapenems,0.0
POL,Poland,2010,Klebsiella pneumoniae,Fluoroquinolones,33.0316742
POL,Poland,2010,Klebsiella pneumoniae,Third-generation cephalosporins,39.65517241
POL,Poland,2010,Pseudomonas aeruginosa,Carbapenems,24.5508982
POL,Poland,2010,Staphylococcus aureus,Meticillin (MRSA),13.11787072
POL,Poland,2011,Enterococcus faecium,Aminopenicillins,92.85714285
POL,Poland,2011,Escherichia coli,Carbapenems,0.09398496
POL,Poland,2011,Escherichia coli,Fluoroquinolones,27.3444347
POL,Poland,2011,Escherichia coli,Third-generation cephalosporins,11.72707889
POL,Poland,2011,Klebsiella pneumoniae,Carbapenems,0.53191489
POL,Poland,2011,Klebsiella pneumoniae,Fluoroquinolones,57.72357723
POL,Poland,2011,Klebsiella pneumoniae,Third-generation cephalosporins,59.71223021
POL,Poland,2011,Pseudomonas aeruginosa,Carbapenems,24.45652173
POL,Poland,2011,Staphylococcus aureus,Meticillin (MRSA),19.41860465
POL,Poland,2012,Acinetobacter spp.,Carbapenems,38.20754716
POL,Poland,2012,Enterococcus faecium,Aminopenicillins,98.27586206
POL,Poland,2012,Escherichia coli,Carbapenems,0.0
POL,Poland,2012,Escherichia coli,Fluoroquinolones,29.33204259
POL,Poland,2012,Escherichia coli,Third-generation cephalosporins,12.92189006
POL,Poland,2012,Klebsiella pneumoniae,Carbapenems,0.83565459
POL,Poland,2012,Klebsiella pneumoniae,Fluoroquinolones,60.16713091
POL,Poland,2012,Klebsiella pneumoniae,Third-generation cephalosporins,60.49723756
POL,Poland,2012,Pseudomonas aeruginosa,Carbapenems,22.6744186
POL,Poland,2012,Staphylococcus aureus,Meticillin (MRSA),14.43167305
POL,Poland,2013,Acinetobacter spp.,Carbapenems,49.73544973
POL,Poland,2013,Enterococcus faecium,Aminopenicillins,96.66666666
POL,Poland,2013,Escherichia coli,Carbapenems,0.0
POL,Poland,2013,Escherichia coli,Fluoroquinolones,27.34299516
POL,Poland,2013,Escherichia coli,Third-generation cephalosporins,10.9073359
POL,Poland,2013,Klebsiella pneumoniae,Carbapenems,0.81081081
POL,Poland,2013,Klebsiella pneumoniae,Fluoroquinolones,70.05347593
POL,Poland,2013,Klebsiella pneumoniae,Third-generation cephalosporins,65.15957446
POL,Poland,2013,Pseudomonas aeruginosa,Carbapenems,32.27513227
POL,Poland,2013,Staphylococcus aureus,Meticillin (MRSA),16.01615074
POL,Poland,2014,Acinetobacter spp.,Carbapenems,53.43915343
POL,Poland,2014,Enterococcus faecium,Aminopenicillins,96.5317919
POL,Poland,2014,Escherichia coli,Carbapenems,0.20429009
POL,Poland,2014,Escherichia coli,Fluoroquinolones,29.23368022
POL,Poland,2014,Escherichia coli,Third-generation cephalosporins,10.50691244
POL,Poland,2014,Klebsiella pneumoniae,Carbapenems,1.33037694
POL,Poland,2014,Klebsiella pneumoniae,Fluoroquinolones,67.91208791
POL,Poland,2014,Klebsiella pneumoniae,Third-generation cephalosporins,68.17204301
POL,Poland,2014,Pseudomonas aeruginosa,Carbapenems,27.56756756
POL,Poland,2014,Staphylococcus aureus,Meticillin (MRSA),22.24489795
POL,Poland,2015,Acinetobacter spp.,Carbapenems,65.57377049
POL,Poland,2015,Enterococcus faecium,Aminopenicillins,98.78787878
POL,Poland,2015,Escherichia coli,Carbapenems,0.13342228
POL,Poland,2015,Escherichia coli,Fluoroquinolones,27.88033099
POL,Poland,2015,Escherichia coli,Third-generation cephalosporins,11.92546583
POL,Poland,2015,Klebsiella pneumoniae,Carbapenems,0.45454545
POL,Poland,2015,Klebsiella pneumoniae,Fluoroquinolones,63.88467374
POL,Poland,2015,Klebsiella pneumoniae,Third-generation cephalosporins,64.20118343
POL,Poland,2015,Pseudomonas aeruginosa,Carbapenems,37.00787401
POL,Poland,2015,Staphylococcus aureus,Meticillin (MRSA),15.76200417
POL,Poland,2016,Acinetobacter spp.,Carbapenems,65.98465473
POL,Poland,2016,Enterococcus faecium,Aminopenicillins,96.50537634
POL,Poland,2016,Escherichia coli,Carbapenems,0.0391696
POL,Poland,2016,Escherichia coli,Fluoroquinolones,33.06788016
POL,Poland,2016,Escherichia coli,Third-generation cephalosporins,13.71827877
POL,Poland,2016,Klebsiella pneumoniae,Carbapenems,2.13713268
POL,Poland,2016,Klebsiella pneumoniae,Fluoroquinolones,66.84539767
POL,Poland,2016,Klebsiella pneumoniae,Third-generation cephalosporins,64.44833625
POL,Poland,2016,Pseudomonas aeruginosa,Carbapenems,26.19647355
POL,Poland,2016,Staphylococcus aureus,Meticillin (MRSA),16.36568848
POL,Poland,2017,Acinetobacter spp.,Carbapenems,67.44186046
POL,Poland,2017,Enterococcus faecium,Aminopenicillins,98.4
POL,Poland,2017,Escherichia coli,Carbapenems,0.03648303
POL,Poland,2017,Escherichia coli,Fluoroquinolones,35.86244541
POL,Poland,2017,Escherichia coli,Third-generation cephalosporins,16.67829727
POL,Poland,2017,Klebsiella pneumoniae,Carbapenems,6.37381567
POL,Poland,2017,Klebsiella pneumoniae,Fluoroquinolones,66.30581867
POL,Poland,2017,Klebsiella pneumoniae,Third-generation cephalosporins,63.0091438
POL,Poland,2017,Pseudomonas aeruginosa,Carbapenems,24.17302798
POL,Poland,2017,Staphylococcus aureus,Meticillin (MRSA),15.1800554
POL,Poland,2018,Acinetobacter spp.,Carbapenems,67.26618705
POL,Poland,2018,Enterococcus faecium,Aminopenicillins,96.12188365
POL,Poland,2018,Escherichia coli,Carbapenems,0.12
POL,Poland,2018,Escherichia coli,Fluoroquinolones,34.67082197
POL,Poland,2018,Escherichia coli,Third-generation cephalosporins,17.59541984
POL,Poland,2018,Klebsiella pneumoniae,Carbapenems,8.11496196
POL,Poland,2018,Klebsiella pneumoniae,Fluoroquinolones,68.18558409
POL,Poland,2018,Klebsiella pneumoniae,Third-generation cephalosporins,64.64315012
POL,Poland,2018,Pseudomonas aeruginosa,Carbapenems,33.15508021
POL,Poland,2018,Staphylococcus aureus,Meticillin (MRSA),15.87544665
PRT,Portugal,2000,Staphylococcus aureus,Meticillin (MRSA),25.16556291
PRT,Portugal,2001,Enterococcus faecium,Aminopenicillins,73.52941176
PRT,Portugal,2001,Escherichia coli,Fluoroquinolones,17.52577319
PRT,Portugal,2001,Escherichia coli,Third-generation cephalosporins,2.87081339
PRT,Portugal,2001,Staphylococcus aureus,Meticillin (MRSA),31.86180422
PRT,Portugal,2002,Enterococcus faecium,Aminopenicillins,
PRT,Portugal,2002,Escherichia coli,Fluoroquinolones,23.48484848
PRT,Portugal,2002,Escherichia coli,Third-generation cephalosporins,5.65610859
PRT,Portugal,2002,Staphylococcus aureus,Meticillin (MRSA),38.12154696
PRT,Portugal,2003,Enterococcus faecium,Aminopenicillins,88.23529411
PRT,Portugal,2003,Escherichia coli,Fluoroquinolones,25.84118438
PRT,Portugal,2003,Escherichia coli,Third-generation cephalosporins,7.12468193
PRT,Portugal,2003,Staphylococcus aureus,Meticillin (MRSA),45.49854791
PRT,Portugal,2004,Enterococcus faecium,Aminopenicillins,83.49514563
PRT,Portugal,2004,Escherichia coli,Fluoroquinolones,26.70375521
PRT,Portugal,2004,Escherichia coli,Third-generation cephalosporins,8.07799442
PRT,Portugal,2004,Staphylococcus aureus,Meticillin (MRSA),46.09595484
PRT,Portugal,2005,Enterococcus faecium,Aminopenicillins,92.47311827
PRT,Portugal,2005,Escherichia coli,Fluoroquinolones,29.28176795
PRT,Portugal,2005,Escherichia coli,Third-generation cephalosporins,11.71003717
PRT,Portugal,2005,Klebsiella pneumoniae,Fluoroquinolones,
PRT,Portugal,2005,Staphylococcus aureus,Meticillin (MRSA),46.57415437
PRT,Portugal,2006,Enterococcus faecium,Aminopenicillins,75.93984962
PRT,Portugal,2006,Escherichia coli,Fluoroquinolones,27.6744186
PRT,Portugal,2006,Escherichia coli,Third-generation cephalosporins,9.84908657
PRT,Portugal,2006,Klebsiella pneumoniae,Fluoroquinolones,19.67741935
PRT,Portugal,2006,Klebsiella pneumoniae,Third-generation cephalosporins,20.7920792
PRT,Portugal,2006,Pseudomonas aeruginosa,Carbapenems,20.71713147
PRT,Portugal,2006,Staphylococcus aureus,Meticillin (MRSA),48.08575803
PRT,Portugal,2007,Enterococcus faecium,Aminopenicillins,92.25806451
PRT,Portugal,2007,Escherichia coli,Carbapenems,0.41152263
PRT,Portugal,2007,Escherichia coli,Fluoroquinolones,29.84859408
PRT,Portugal,2007,Escherichia coli,Third-generation cephalosporins,9.7037037
PRT,Portugal,2007,Klebsiella pneumoniae,Carbapenems,0.0
PRT,Portugal,2007,Klebsiella pneumoniae,Fluoroquinolones,18.30601092
PRT,Portugal,2007,Klebsiella pneumoniae,Third-generation cephalosporins,16.52173913
PRT,Portugal,2007,Pseudomonas aeruginosa,Carbapenems,14.86068111
PRT,Portugal,2007,Staphylococcus aureus,Meticillin (MRSA),48.37310195
PRT,Portugal,2008,Enterococcus faecium,Aminopenicillins,85.54216867
PRT,Portugal,2008,Escherichia coli,Carbapenems,0.0
PRT,Portugal,2008,Escherichia coli,Fluoroquinolones,28.59860494
PRT,Portugal,2008,Escherichia coli,Third-generation cephalosporins,10.1010101
PRT,Portugal,2008,Klebsiella pneumoniae,Carbapenems,0.72463768
PRT,Portugal,2008,Klebsiella pneumoniae,Fluoroquinolones,21.78030303
PRT,Portugal,2008,Klebsiella pneumoniae,Third-generation cephalosporins,25.70356472
PRT,Portugal,2008,Pseudomonas aeruginosa,Carbapenems,17.6744186
PRT,Portugal,2008,Staphylococcus aureus,Meticillin (MRSA),52.89203084
PRT,Portugal,2009,Enterococcus faecium,Aminopenicillins,90.61032863
PRT,Portugal,2009,Escherichia coli,Carbapenems,0.18007202
PRT,Portugal,2009,Escherichia coli,Fluoroquinolones,27.72427774
PRT,Portugal,2009,Escherichia coli,Third-generation cephalosporins,9.20502092
PRT,Portugal,2009,Klebsiella pneumoniae,Carbapenems,0.82474226
PRT,Portugal,2009,Klebsiella pneumoniae,Fluoroquinolones,27.56052141
PRT,Portugal,2009,Klebsiella pneumoniae,Third-generation cephalosporins,27.51798561
PRT,Portugal,2009,Pseudomonas aeruginosa,Carbapenems,16.34615384
PRT,Portugal,2009,Staphylococcus aureus,Meticillin (MRSA),48.84868421
PRT,Portugal,2010,Enterococcus faecium,Aminopenicillins,90.96045197
PRT,Portugal,2010,Escherichia coli,Carbapenems,0.27720027
PRT,Portugal,2010,Escherichia coli,Fluoroquinolones,27.27745965
PRT,Portugal,2010,Escherichia coli,Third-generation cephalosporins,10.4253112
PRT,Portugal,2010,Klebsiella pneumoniae,Carbapenems,1.3544018
PRT,Portugal,2010,Klebsiella pneumoniae,Fluoroquinolones,31.35888501
PRT,Portugal,2010,Klebsiella pneumoniae,Third-generation cephalosporins,28.27586206
PRT,Portugal,2010,Pseudomonas aeruginosa,Carbapenems,16.10486891
PRT,Portugal,2010,Staphylococcus aureus,Meticillin (MRSA),53.33741579
PRT,Portugal,2011,Enterococcus faecium,Aminopenicillins,81.0
PRT,Portugal,2011,Escherichia coli,Carbapenems,0.0
PRT,Portugal,2011,Escherichia coli,Fluoroquinolones,27.23004694
PRT,Portugal,2011,Escherichia coli,Third-generation cephalosporins,11.25723303
PRT,Portugal,2011,Klebsiella pneumoniae,Carbapenems,0.34482758
PRT,Portugal,2011,Klebsiella pneumoniae,Fluoroquinolones,36.30470016
PRT,Portugal,2011,Klebsiella pneumoniae,Third-generation cephalosporins,35.38961038
PRT,Portugal,2011,Pseudomonas aeruginosa,Carbapenems,19.80198019
PRT,Portugal,2011,Staphylococcus aureus,Meticillin (MRSA),54.55241009
PRT,Portugal,2012,Acinetobacter spp.,Carbapenems,79.16666666
PRT,Portugal,2012,Enterococcus faecium,Aminopenicillins,94.4
PRT,Portugal,2012,Escherichia coli,Carbapenems,0.14698677
PRT,Portugal,2012,Escherichia coli,Fluoroquinolones,30.30583873
PRT,Portugal,2012,Escherichia coli,Third-generation cephalosporins,13.5097493
PRT,Portugal,2012,Klebsiella pneumoniae,Carbapenems,0.66755674
PRT,Portugal,2012,Klebsiella pneumoniae,Fluoroquinolones,35.77863577
PRT,Portugal,2012,Klebsiella pneumoniae,Third-generation cephalosporins,38.66837387
PRT,Portugal,2012,Pseudomonas aeruginosa,Carbapenems,20.42253521
PRT,Portugal,2012,Staphylococcus aureus,Meticillin (MRSA),53.81443298
PRT,Portugal,2013,Acinetobacter spp.,Carbapenems,68.99563318
PRT,Portugal,2013,Enterococcus faecium,Aminopenicillins,90.39145907
PRT,Portugal,2013,Escherichia coli,Carbapenems,0.11244377
PRT,Portugal,2013,Escherichia coli,Fluoroquinolones,31.62011173
PRT,Portugal,2013,Escherichia coli,Third-generation cephalosporins,14.93651979
PRT,Portugal,2013,Klebsiella pneumoniae,Carbapenems,1.7699115
PRT,Portugal,2013,Klebsiella pneumoniae,Fluoroquinolones,35.67508232
PRT,Portugal,2013,Klebsiella pneumoniae,Third-generation cephalosporins,36.99231613
PRT,Portugal,2013,Pseudomonas aeruginosa,Carbapenems,20.60027285
PRT,Portugal,2013,Staphylococcus aureus,Meticillin (MRSA),46.77824267
PRT,Portugal,2014,Acinetobacter spp.,Carbapenems,53.05343511
PRT,Portugal,2014,Enterococcus faecium,Aminopenicillins,88.42443729
PRT,Portugal,2014,Escherichia coli,Carbapenems,0.020008
PRT,Portugal,2014,Escherichia coli,Fluoroquinolones,32.36522777
PRT,Portugal,2014,Escherichia coli,Third-generation cephalosporins,16.42117834
PRT,Portugal,2014,Klebsiella pneumoniae,Carbapenems,1.76366843
PRT,Portugal,2014,Klebsiella pneumoniae,Fluoroquinolones,36.50700934
PRT,Portugal,2014,Klebsiella pneumoniae,Third-generation cephalosporins,40.88785046
PRT,Portugal,2014,Pseudomonas aeruginosa,Carbapenems,22.46240601
PRT,Portugal,2014,Staphylococcus aureus,Meticillin (MRSA),47.44754149
PRT,Portugal,2015,Acinetobacter spp.,Carbapenems,57.65472312
PRT,Portugal,2015,Enterococcus faecium,Aminopenicillins,88.37209302
PRT,Portugal,2015,Escherichia coli,Carbapenems,0.09338812
PRT,Portugal,2015,Escherichia coli,Fluoroquinolones,29.65928132
PRT,Portugal,2015,Escherichia coli,Third-generation cephalosporins,16.09002976
PRT,Portugal,2015,Klebsiella pneumoniae,Carbapenems,3.35731414
PRT,Portugal,2015,Klebsiella pneumoniae,Fluoroquinolones,38.58643744
PRT,Portugal,2015,Klebsiella pneumoniae,Third-generation cephalosporins,40.40114613
PRT,Portugal,2015,Pseudomonas aeruginosa,Carbapenems,19.81528127
PRT,Portugal,2015,Staphylococcus aureus,Meticillin (MRSA),46.83614258
PRT,Portugal,2016,Acinetobacter spp.,Carbapenems,51.94174757
PRT,Portugal,2016,Enterococcus faecium,Aminopenicillins,89.42598187
PRT,Portugal,2016,Escherichia coli,Carbapenems,0.01736111
PRT,Portugal,2016,Escherichia coli,Fluoroquinolones,28.94691336
PRT,Portugal,2016,Escherichia coli,Third-generation cephalosporins,16.0615491
PRT,Portugal,2016,Klebsiella pneumoniae,Carbapenems,5.17094017
PRT,Portugal,2016,Klebsiella pneumoniae,Fluoroquinolones,41.70212765
PRT,Portugal,2016,Klebsiella pneumoniae,Third-generation cephalosporins,46.70072371
PRT,Portugal,2016,Pseudomonas aeruginosa,Carbapenems,19.15240423
PRT,Portugal,2016,Staphylococcus aureus,Meticillin (MRSA),43.57266936
PRT,Portugal,2017,Acinetobacter spp.,Carbapenems,40.69767441
PRT,Portugal,2017,Enterococcus faecium,Aminopenicillins,88.43683083
PRT,Portugal,2017,Escherichia coli,Carbapenems,0.32894736
PRT,Portugal,2017,Escherichia coli,Fluoroquinolones,27.27272727
PRT,Portugal,2017,Escherichia coli,Third-generation cephalosporins,15.58764167
PRT,Portugal,2017,Klebsiella pneumoniae,Carbapenems,8.63970588
PRT,Portugal,2017,Klebsiella pneumoniae,Fluoroquinolones,45.6871345
PRT,Portugal,2017,Klebsiella pneumoniae,Third-generation cephalosporins,44.91432737
PRT,Portugal,2017,Pseudomonas aeruginosa,Carbapenems,18.27160493
PRT,Portugal,2017,Staphylococcus aureus,Meticillin (MRSA),39.16309012
PRT,Portugal,2018,Acinetobacter spp.,Carbapenems,30.70866141
PRT,Portugal,2018,Enterococcus faecium,Aminopenicillins,83.60655737
PRT,Portugal,2018,Escherichia coli,Carbapenems,0.53475935
PRT,Portugal,2018,Escherichia coli,Fluoroquinolones,25.46012269
PRT,Portugal,2018,Escherichia coli,Third-generation cephalosporins,14.70838292
PRT,Portugal,2018,Klebsiella pneumoniae,Carbapenems,11.70503316
PRT,Portugal,2018,Klebsiella pneumoniae,Fluoroquinolones,43.78858024
PRT,Portugal,2018,Klebsiella pneumoniae,Third-generation cephalosporins,49.98061264
PRT,Portugal,2018,Pseudomonas aeruginosa,Carbapenems,15.70397111
PRT,Portugal,2018,Staphylococcus aureus,Meticillin (MRSA),38.0839895
ROU,Romania,2002,Enterococcus faecium,Aminopenicillins,
ROU,Romania,2002,Escherichia coli,Carbapenems,0.0
ROU,Romania,2002,Escherichia coli,Fluoroquinolones,20.0
ROU,Romania,2002,Escherichia coli,Third-generation cephalosporins,17.85714285
ROU,Romania,2002,Staphylococcus aureus,Meticillin (MRSA),36.25
ROU,Romania,2003,Enterococcus faecium,Aminopenicillins,
ROU,Romania,2003,Escherichia coli,Carbapenems,0.0
ROU,Romania,2003,Escherichia coli,Fluoroquinolones,14.0
ROU,Romania,2003,Escherichia coli,Third-generation cephalosporins,18.75
ROU,Romania,2003,Staphylococcus aureus,Meticillin (MRSA),45.88235294
ROU,Romania,2004,Enterococcus faecium,Aminopenicillins,
ROU,Romania,2004,Escherichia coli,Carbapenems,2.7027027
ROU,Romania,2004,Escherichia coli,Fluoroquinolones,20.93023255
ROU,Romania,2004,Escherichia coli,Third-generation cephalosporins,22.91666666
ROU,Romania,2004,Staphylococcus aureus,Meticillin (MRSA),70.52631578
ROU,Romania,2005,Enterococcus faecium,Aminopenicillins,
ROU,Romania,2005,Escherichia coli,Carbapenems,0.0
ROU,Romania,2005,Escherichia coli,Fluoroquinolones,8.86075949
ROU,Romania,2005,Escherichia coli,Third-generation cephalosporins,16.66666666
ROU,Romania,2005,Klebsiella pneumoniae,Carbapenems,
ROU,Romania,2005,Klebsiella pneumoniae,Fluoroquinolones,
ROU,Romania,2005,Klebsiella pneumoniae,Third-generation cephalosporins,
ROU,Romania,2005,Pseudomonas aeruginosa,Carbapenems,60.86956521
ROU,Romania,2005,Staphylococcus aureus,Meticillin (MRSA),58.69565217
ROU,Romania,2006,Enterococcus faecium,Aminopenicillins,
ROU,Romania,2006,Escherichia coli,Carbapenems,3.03030303
ROU,Romania,2006,Escherichia coli,Fluoroquinolones,41.02564102
ROU,Romania,2006,Escherichia coli,Third-generation cephalosporins,41.02564102
ROU,Romania,2006,Klebsiella pneumoniae,Carbapenems,0.0
ROU,Romania,2006,Klebsiella pneumoniae,Fluoroquinolones,34.48275862
ROU,Romania,2006,Klebsiella pneumoniae,Third-generation cephalosporins,93.75
ROU,Romania,2006,Pseudomonas aeruginosa,Carbapenems,
ROU,Romania,2006,Staphylococcus aureus,Meticillin (MRSA),53.01204819
ROU,Romania,2007,Enterococcus faecium,Aminopenicillins,
ROU,Romania,2007,Escherichia coli,Carbapenems,0.0
ROU,Romania,2007,Escherichia coli,Fluoroquinolones,26.66666666
ROU,Romania,2007,Escherichia coli,Third-generation cephalosporins,27.41935483
ROU,Romania,2007,Klebsiella pneumoniae,Carbapenems,0.0
ROU,Romania,2007,Klebsiella pneumoniae,Fluoroquinolones,23.33333333
ROU,Romania,2007,Klebsiella pneumoniae,Third-generation cephalosporins,80.0
ROU,Romania,2007,Pseudomonas aeruginosa,Carbapenems,
ROU,Romania,2007,Staphylococcus aureus,Meticillin (MRSA),26.19047619
ROU,Romania,2008,Enterococcus faecium,Aminopenicillins,
ROU,Romania,2008,Escherichia coli,Carbapenems,0.0
ROU,Romania,2008,Escherichia coli,Fluoroquinolones,26.92307692
ROU,Romania,2008,Escherichia coli,Third-generation cephalosporins,23.63636363
ROU,Romania,2008,Klebsiella pneumoniae,Carbapenems,
ROU,Romania,2008,Klebsiella pneumoniae,Fluoroquinolones,
ROU,Romania,2008,Klebsiella pneumoniae,Third-generation cephalosporins,
ROU,Romania,2008,Pseudomonas aeruginosa,Carbapenems,
ROU,Romania,2008,Staphylococcus aureus,Meticillin (MRSA),33.33333333
ROU,Romania,2009,Enterococcus faecium,Aminopenicillins,
ROU,Romania,2009,Escherichia coli,Carbapenems,
ROU,Romania,2009,Escherichia coli,Fluoroquinolones,18.18181818
ROU,Romania,2009,Escherichia coli,Third-generation cephalosporins,13.55932203
ROU,Romania,2009,Klebsiella pneumoniae,Carbapenems,
ROU,Romania,2009,Klebsiella pneumoniae,Fluoroquinolones,
ROU,Romania,2009,Klebsiella pneumoniae,Third-generation cephalosporins,
ROU,Romania,2009,Pseudomonas aeruginosa,Carbapenems,
ROU,Romania,2009,Staphylococcus aureus,Meticillin (MRSA),34.04255319
ROU,Romania,2010,Enterococcus faecium,Aminopenicillins,
ROU,Romania,2010,Escherichia coli,Carbapenems,0.0
ROU,Romania,2010,Escherichia coli,Fluoroquinolones,24.24242424
ROU,Romania,2010,Escherichia coli,Third-generation cephalosporins,20.58823529
ROU,Romania,2010,Klebsiella pneumoniae,Carbapenems,
ROU,Romania,2010,Klebsiella pneumoniae,Fluoroquinolones,
ROU,Romania,2010,Klebsiella pneumoniae,Third-generation cephalosporins,
ROU,Romania,2010,Pseudomonas aeruginosa,Carbapenems,
ROU,Romania,2010,Staphylococcus aureus,Meticillin (MRSA),39.13043478
ROU,Romania,2011,Enterococcus faecium,Aminopenicillins,
ROU,Romania,2011,Escherichia coli,Carbapenems,0.0
ROU,Romania,2011,Escherichia coli,Fluoroquinolones,28.0
ROU,Romania,2011,Escherichia coli,Third-generation cephalosporins,21.05263157
ROU,Romania,2011,Klebsiella pneumoniae,Carbapenems,
ROU,Romania,2011,Klebsiella pneumoniae,Fluoroquinolones,
ROU,Romania,2011,Klebsiella pneumoniae,Third-generation cephalosporins,44.0
ROU,Romania,2011,Pseudomonas aeruginosa,Carbapenems,
ROU,Romania,2011,Staphylococcus aureus,Meticillin (MRSA),49.5412844
ROU,Romania,2012,Acinetobacter spp.,Carbapenems,81.48148148
ROU,Romania,2012,Enterococcus faecium,Aminopenicillins,94.11764705
ROU,Romania,2012,Escherichia coli,Carbapenems,0.0
ROU,Romania,2012,Escherichia coli,Fluoroquinolones,29.03225806
ROU,Romania,2012,Escherichia coli,Third-generation cephalosporins,25.13089005
ROU,Romania,2012,Klebsiella pneumoniae,Carbapenems,13.72549019
ROU,Romania,2012,Klebsiella pneumoniae,Fluoroquinolones,50.0
ROU,Romania,2012,Klebsiella pneumoniae,Third-generation cephalosporins,60.78431372
ROU,Romania,2012,Pseudomonas aeruginosa,Carbapenems,57.77777777
ROU,Romania,2012,Staphylococcus aureus,Meticillin (MRSA),53.27510917
ROU,Romania,2013,Acinetobacter spp.,Carbapenems,85.40145985
ROU,Romania,2013,Enterococcus faecium,Aminopenicillins,90.74074074
ROU,Romania,2013,Escherichia coli,Carbapenems,0.0
ROU,Romania,2013,Escherichia coli,Fluoroquinolones,31.0
ROU,Romania,2013,Escherichia coli,Third-generation cephalosporins,22.81879194
ROU,Romania,2013,Klebsiella pneumoniae,Carbapenems,20.46511627
ROU,Romania,2013,Klebsiella pneumoniae,Fluoroquinolones,51.64319248
ROU,Romania,2013,Klebsiella pneumoniae,Third-generation cephalosporins,67.28971962
ROU,Romania,2013,Pseudomonas aeruginosa,Carbapenems,60.46511627
ROU,Romania,2013,Staphylococcus aureus,Meticillin (MRSA),64.49086161
ROU,Romania,2014,Acinetobacter spp.,Carbapenems,81.300813
ROU,Romania,2014,Enterococcus faecium,Aminopenicillins,94.54545454
ROU,Romania,2014,Escherichia coli,Carbapenems,0.6557377
ROU,Romania,2014,Escherichia coli,Fluoroquinolones,31.2703583
ROU,Romania,2014,Escherichia coli,Third-generation cephalosporins,29.4117647
ROU,Romania,2014,Klebsiella pneumoniae,Carbapenems,31.51750972
ROU,Romania,2014,Klebsiella pneumoniae,Fluoroquinolones,66.53696498
ROU,Romania,2014,Klebsiella pneumoniae,Third-generation cephalosporins,73.828125
ROU,Romania,2014,Pseudomonas aeruginosa,Carbapenems,58.51063829
ROU,Romania,2014,Staphylococcus aureus,Meticillin (MRSA),56.01265822
ROU,Romania,2015,Acinetobacter spp.,Carbapenems,81.48148148
ROU,Romania,2015,Enterococcus faecium,Aminopenicillins,63.38028169
ROU,Romania,2015,Escherichia coli,Carbapenems,1.90217391
ROU,Romania,2015,Escherichia coli,Fluoroquinolones,30.7277628
ROU,Romania,2015,Escherichia coli,Third-generation cephalosporins,26.82926829
ROU,Romania,2015,Klebsiella pneumoniae,Carbapenems,24.72324723
ROU,Romania,2015,Klebsiella pneumoniae,Fluoroquinolones,61.42322097
ROU,Romania,2015,Klebsiella pneumoniae,Third-generation cephalosporins,70.74074074
ROU,Romania,2015,Pseudomonas aeruginosa,Carbapenems,66.30434782
ROU,Romania,2015,Staphylococcus aureus,Meticillin (MRSA),57.23905723
ROU,Romania,2016,Acinetobacter spp.,Carbapenems,85.0
ROU,Romania,2016,Enterococcus faecium,Aminopenicillins,97.22222222
ROU,Romania,2016,Escherichia coli,Carbapenems,0.973236
ROU,Romania,2016,Escherichia coli,Fluoroquinolones,30.62200956
ROU,Romania,2016,Escherichia coli,Third-generation cephalosporins,23.44497607
ROU,Romania,2016,Klebsiella pneumoniae,Carbapenems,31.43712574
ROU,Romania,2016,Klebsiella pneumoniae,Fluoroquinolones,60.81871345
ROU,Romania,2016,Klebsiella pneumoniae,Third-generation cephalosporins,68.02325581
ROU,Romania,2016,Pseudomonas aeruginosa,Carbapenems,51.61290322
ROU,Romania,2016,Staphylococcus aureus,Meticillin (MRSA),50.73375262
ROU,Romania,2017,Acinetobacter spp.,Carbapenems,87.36263736
ROU,Romania,2017,Enterococcus faecium,Aminopenicillins,87.5
ROU,Romania,2017,Escherichia coli,Carbapenems,0.39215686
ROU,Romania,2017,Escherichia coli,Fluoroquinolones,26.44787644
ROU,Romania,2017,Escherichia coli,Third-generation cephalosporins,18.72586872
ROU,Romania,2017,Klebsiella pneumoniae,Carbapenems,22.45508982
ROU,Romania,2017,Klebsiella pneumoniae,Fluoroquinolones,64.09495548
ROU,Romania,2017,Klebsiella pneumoniae,Third-generation cephalosporins,62.53687315
ROU,Romania,2017,Pseudomonas aeruginosa,Carbapenems,63.35877862
ROU,Romania,2017,Staphylococcus aureus,Meticillin (MRSA),45.36489151
ROU,Romania,2018,Acinetobacter spp.,Carbapenems,85.32110091
ROU,Romania,2018,Enterococcus faecium,Aminopenicillins,94.20289855
ROU,Romania,2018,Escherichia coli,Carbapenems,0.0
ROU,Romania,2018,Escherichia coli,Fluoroquinolones,29.10216718
ROU,Romania,2018,Escherichia coli,Third-generation cephalosporins,20.18348623
ROU,Romania,2018,Klebsiella pneumoniae,Carbapenems,29.47845804
ROU,Romania,2018,Klebsiella pneumoniae,Fluoroquinolones,57.36961451
ROU,Romania,2018,Klebsiella pneumoniae,Third-generation cephalosporins,61.39954853
ROU,Romania,2018,Pseudomonas aeruginosa,Carbapenems,55.12820512
ROU,Romania,2018,Staphylococcus aureus,Meticillin (MRSA),43.0
SVK,Slovakia,2001,Enterococcus faecium,Aminopenicillins,
SVK,Slovakia,2001,Escherichia coli,Fluoroquinolones,15.55555555
SVK,Slovakia,2001,Escherichia coli,Third-generation cephalosporins,6.66666666
SVK,Slovakia,2001,Staphylococcus aureus,Meticillin (MRSA),5.4054054
SVK,Slovakia,2002,Enterococcus faecium,Aminopenicillins,
SVK,Slovakia,2002,Escherichia coli,Carbapenems,0.67567567
SVK,Slovakia,2002,Escherichia coli,Fluoroquinolones,14.4859813
SVK,Slovakia,2002,Escherichia coli,Third-generation cephalosporins,1.86915887
SVK,Slovakia,2002,Staphylococcus aureus,Meticillin (MRSA),8.49420849
SVK,Slovakia,2003,Enterococcus faecium,Aminopenicillins,
SVK,Slovakia,2003,Escherichia coli,Carbapenems,0.0
SVK,Slovakia,2003,Escherichia coli,Fluoroquinolones,20.16806722
SVK,Slovakia,2003,Escherichia coli,Third-generation cephalosporins,0.41841004
SVK,Slovakia,2003,Staphylococcus aureus,Meticillin (MRSA),12.6394052
SVK,Slovakia,2004,Enterococcus faecium,Aminopenicillins,
SVK,Slovakia,2004,Escherichia coli,Carbapenems,0.0
SVK,Slovakia,2004,Escherichia coli,Fluoroquinolones,24.02597402
SVK,Slovakia,2004,Escherichia coli,Third-generation cephalosporins,7.14285714
SVK,Slovakia,2004,Staphylococcus aureus,Meticillin (MRSA),19.03114186
SVK,Slovakia,2005,Enterococcus faecium,Aminopenicillins,
SVK,Slovakia,2005,Escherichia coli,Carbapenems,0.0
SVK,Slovakia,2005,Escherichia coli,Fluoroquinolones,14.39393939
SVK,Slovakia,2005,Escherichia coli,Third-generation cephalosporins,8.24742268
SVK,Slovakia,2005,Staphylococcus aureus,Meticillin (MRSA),19.04761904
SVK,Slovakia,2011,Enterococcus faecium,Aminopenicillins,96.07843137
SVK,Slovakia,2011,Escherichia coli,Carbapenems,0.0
SVK,Slovakia,2011,Escherichia coli,Fluoroquinolones,41.81326116
SVK,Slovakia,2011,Escherichia coli,Third-generation cephalosporins,30.94594594
SVK,Slovakia,2011,Klebsiella pneumoniae,Carbapenems,0.69124423
SVK,Slovakia,2011,Klebsiella pneumoniae,Fluoroquinolones,70.75268817
SVK,Slovakia,2011,Klebsiella pneumoniae,Third-generation cephalosporins,68.24034334
SVK,Slovakia,2011,Pseudomonas aeruginosa,Carbapenems,30.52208835
SVK,Slovakia,2011,Staphylococcus aureus,Meticillin (MRSA),26.14840989
SVK,Slovakia,2012,Enterococcus faecium,Aminopenicillins,95.12195121
SVK,Slovakia,2012,Escherichia coli,Carbapenems,1.06221547
SVK,Slovakia,2012,Escherichia coli,Fluoroquinolones,41.29496402
SVK,Slovakia,2012,Escherichia coli,Third-generation cephalosporins,30.73593073
SVK,Slovakia,2012,Klebsiella pneumoniae,Carbapenems,6.34441087
SVK,Slovakia,2012,Klebsiella pneumoniae,Fluoroquinolones,66.75531914
SVK,Slovakia,2012,Klebsiella pneumoniae,Third-generation cephalosporins,62.69841269
SVK,Slovakia,2012,Pseudomonas aeruginosa,Carbapenems,40.7821229
SVK,Slovakia,2012,Staphylococcus aureus,Meticillin (MRSA),24.05063291
SVK,Slovakia,2013,Acinetobacter spp.,Carbapenems,45.77464788
SVK,Slovakia,2013,Enterococcus faecium,Aminopenicillins,96.92307692
SVK,Slovakia,2013,Escherichia coli,Carbapenems,0.0
SVK,Slovakia,2013,Escherichia coli,Fluoroquinolones,40.34653465
SVK,Slovakia,2013,Escherichia coli,Third-generation cephalosporins,29.73977695
SVK,Slovakia,2013,Klebsiella pneumoniae,Carbapenems,0.58479532
SVK,Slovakia,2013,Klebsiella pneumoniae,Fluoroquinolones,66.87116564
SVK,Slovakia,2013,Klebsiella pneumoniae,Third-generation cephalosporins,66.39344262
SVK,Slovakia,2013,Pseudomonas aeruginosa,Carbapenems,58.87850467
SVK,Slovakia,2013,Staphylococcus aureus,Meticillin (MRSA),48.36956521
SVK,Slovakia,2014,Acinetobacter spp.,Carbapenems,32.91925465
SVK,Slovakia,2014,Enterococcus faecium,Aminopenicillins,94.53125
SVK,Slovakia,2014,Escherichia coli,Carbapenems,0.0
SVK,Slovakia,2014,Escherichia coli,Fluoroquinolones,42.95377677
SVK,Slovakia,2014,Escherichia coli,Third-generation cephalosporins,31.8335208
SVK,Slovakia,2014,Klebsiella pneumoniae,Carbapenems,2.63157894
SVK,Slovakia,2014,Klebsiella pneumoniae,Fluoroquinolones,70.79107505
SVK,Slovakia,2014,Klebsiella pneumoniae,Third-generation cephalosporins,69.37119675
SVK,Slovakia,2014,Pseudomonas aeruginosa,Carbapenems,38.4
SVK,Slovakia,2014,Staphylococcus aureus,Meticillin (MRSA),27.96875
SVK,Slovakia,2015,Acinetobacter spp.,Carbapenems,28.16901408
SVK,Slovakia,2015,Enterococcus faecium,Aminopenicillins,95.8041958
SVK,Slovakia,2015,Escherichia coli,Carbapenems,0.0
SVK,Slovakia,2015,Escherichia coli,Fluoroquinolones,44.18344519
SVK,Slovakia,2015,Escherichia coli,Third-generation cephalosporins,30.0111982
SVK,Slovakia,2015,Klebsiella pneumoniae,Carbapenems,0.91743119
SVK,Slovakia,2015,Klebsiella pneumoniae,Fluoroquinolones,70.04219409
SVK,Slovakia,2015,Klebsiella pneumoniae,Third-generation cephalosporins,67.1641791
SVK,Slovakia,2015,Pseudomonas aeruginosa,Carbapenems,51.90839694
SVK,Slovakia,2015,Staphylococcus aureus,Meticillin (MRSA),28.1303602
SVK,Slovakia,2016,Acinetobacter spp.,Carbapenems,28.44036697
SVK,Slovakia,2016,Enterococcus faecium,Aminopenicillins,96.49122807
SVK,Slovakia,2016,Escherichia coli,Carbapenems,0.0
SVK,Slovakia,2016,Escherichia coli,Fluoroquinolones,40.43583535
SVK,Slovakia,2016,Escherichia coli,Third-generation cephalosporins,29.7330097
SVK,Slovakia,2016,Klebsiella pneumoniae,Carbapenems,2.52873563
SVK,Slovakia,2016,Klebsiella pneumoniae,Fluoroquinolones,66.30901287
SVK,Slovakia,2016,Klebsiella pneumoniae,Third-generation cephalosporins,61.29032258
SVK,Slovakia,2016,Pseudomonas aeruginosa,Carbapenems,42.3076923
SVK,Slovakia,2016,Staphylococcus aureus,Meticillin (MRSA),27.14535901
SVK,Slovakia,2017,Acinetobacter spp.,Carbapenems,31.66666666
SVK,Slovakia,2017,Enterococcus faecium,Aminopenicillins,100.0
SVK,Slovakia,2017,Escherichia coli,Carbapenems,0.0
SVK,Slovakia,2017,Escherichia coli,Fluoroquinolones,43.19727891
SVK,Slovakia,2017,Escherichia coli,Third-generation cephalosporins,30.91954022
SVK,Slovakia,2017,Klebsiella pneumoniae,Carbapenems,4.44444444
SVK,Slovakia,2017,Klebsiella pneumoniae,Fluoroquinolones,66.73819742
SVK,Slovakia,2017,Klebsiella pneumoniae,Third-generation cephalosporins,63.18082788
SVK,Slovakia,2017,Pseudomonas aeruginosa,Carbapenems,47.02970297
SVK,Slovakia,2017,Staphylococcus aureus,Meticillin (MRSA),29.20065252
SVK,Slovakia,2018,Acinetobacter spp.,Carbapenems,43.9716312
SVK,Slovakia,2018,Enterococcus faecium,Aminopenicillins,98.64864864
SVK,Slovakia,2018,Escherichia coli,Carbapenems,0.0
SVK,Slovakia,2018,Escherichia coli,Fluoroquinolones,42.10526315
SVK,Slovakia,2018,Escherichia coli,Third-generation cephalosporins,30.11305241
SVK,Slovakia,2018,Klebsiella pneumoniae,Carbapenems,3.48360655
SVK,Slovakia,2018,Klebsiella pneumoniae,Fluoroquinolones,60.96579476
SVK,Slovakia,2018,Klebsiella pneumoniae,Third-generation cephalosporins,55.93561368
SVK,Slovakia,2018,Pseudomonas aeruginosa,Carbapenems,43.9516129
SVK,Slovakia,2018,Staphylococcus aureus,Meticillin (MRSA),26.55737704
SVN,Slovenia,2000,Staphylococcus aureus,Meticillin (MRSA),21.05263157
SVN,Slovenia,2001,Enterococcus faecium,Aminopenicillins,
SVN,Slovenia,2001,Escherichia coli,Fluoroquinolones,8.040201
SVN,Slovenia,2001,Escherichia coli,Third-generation cephalosporins,0.25125628
SVN,Slovenia,2001,Staphylococcus aureus,Meticillin (MRSA),19.62962962
SVN,Slovenia,2002,Enterococcus faecium,Aminopenicillins,
SVN,Slovenia,2002,Escherichia coli,Carbapenems,0.0
SVN,Slovenia,2002,Escherichia coli,Fluoroquinolones,11.98044009
SVN,Slovenia,2002,Escherichia coli,Third-generation cephalosporins,1.22249388
SVN,Slovenia,2002,Staphylococcus aureus,Meticillin (MRSA),13.76811594
SVN,Slovenia,2003,Enterococcus faecium,Aminopenicillins,82.60869565
SVN,Slovenia,2003,Escherichia coli,Carbapenems,0.0
SVN,Slovenia,2003,Escherichia coli,Fluoroquinolones,11.22194513
SVN,Slovenia,2003,Escherichia coli,Third-generation cephalosporins,0.74812967
SVN,Slovenia,2003,Staphylococcus aureus,Meticillin (MRSA),12.7090301
SVN,Slovenia,2004,Enterococcus faecium,Aminopenicillins,76.47058823
SVN,Slovenia,2004,Escherichia coli,Carbapenems,0.0
SVN,Slovenia,2004,Escherichia coli,Fluoroquinolones,12.39092495
SVN,Slovenia,2004,Escherichia coli,Third-generation cephalosporins,1.39616055
SVN,Slovenia,2004,Staphylococcus aureus,Meticillin (MRSA),11.81556195
SVN,Slovenia,2005,Enterococcus faecium,Aminopenicillins,93.33333333
SVN,Slovenia,2005,Escherichia coli,Carbapenems,0.0
SVN,Slovenia,2005,Escherichia coli,Fluoroquinolones,12.02435312
SVN,Slovenia,2005,Escherichia coli,Third-generation cephalosporins,1.67427701
SVN,Slovenia,2005,Klebsiella pneumoniae,Carbapenems,0.0
SVN,Slovenia,2005,Klebsiella pneumoniae,Fluoroquinolones,14.1025641
SVN,Slovenia,2005,Klebsiella pneumoniae,Third-generation cephalosporins,19.23076923
SVN,Slovenia,2005,Pseudomonas aeruginosa,Carbapenems,13.15789473
SVN,Slovenia,2005,Staphylococcus aureus,Meticillin (MRSA),10.31518624
SVN,Slovenia,2006,Enterococcus faecium,Aminopenicillins,86.0
SVN,Slovenia,2006,Escherichia coli,Carbapenems,0.0
SVN,Slovenia,2006,Escherichia coli,Fluoroquinolones,15.20223152
SVN,Slovenia,2006,Escherichia coli,Third-generation cephalosporins,1.67364016
SVN,Slovenia,2006,Klebsiella pneumoniae,Carbapenems,0.0
SVN,Slovenia,2006,Klebsiella pneumoniae,Fluoroquinolones,21.37931034
SVN,Slovenia,2006,Klebsiella pneumoniae,Third-generation cephalosporins,24.13793103
SVN,Slovenia,2006,Pseudomonas aeruginosa,Carbapenems,5.55555555
SVN,Slovenia,2006,Staphylococcus aureus,Meticillin (MRSA),7.12328767
SVN,Slovenia,2007,Enterococcus faecium,Aminopenicillins,92.3076923
SVN,Slovenia,2007,Escherichia coli,Carbapenems,0.0
SVN,Slovenia,2007,Escherichia coli,Fluoroquinolones,17.15628672
SVN,Slovenia,2007,Escherichia coli,Third-generation cephalosporins,4.23031727
SVN,Slovenia,2007,Klebsiella pneumoniae,Carbapenems,0.0
SVN,Slovenia,2007,Klebsiella pneumoniae,Fluoroquinolones,26.47058823
SVN,Slovenia,2007,Klebsiella pneumoniae,Third-generation cephalosporins,27.64705882
SVN,Slovenia,2007,Pseudomonas aeruginosa,Carbapenems,19.31818181
SVN,Slovenia,2007,Staphylococcus aureus,Meticillin (MRSA),8.29383886
SVN,Slovenia,2008,Enterococcus faecium,Aminopenicillins,96.05263157
SVN,Slovenia,2008,Escherichia coli,Carbapenems,0.0
SVN,Slovenia,2008,Escherichia coli,Fluoroquinolones,16.93363844
SVN,Slovenia,2008,Escherichia coli,Third-generation cephalosporins,4.23340961
SVN,Slovenia,2008,Klebsiella pneumoniae,Carbapenems,0.0
SVN,Slovenia,2008,Klebsiella pneumoniae,Fluoroquinolones,25.477707
SVN,Slovenia,2008,Klebsiella pneumoniae,Third-generation cephalosporins,26.11464968
SVN,Slovenia,2008,Pseudomonas aeruginosa,Carbapenems,15.78947368
SVN,Slovenia,2008,Staphylococcus aureus,Meticillin (MRSA),7.17703349
SVN,Slovenia,2009,Enterococcus faecium,Aminopenicillins,94.36619718
SVN,Slovenia,2009,Escherichia coli,Carbapenems,0.0
SVN,Slovenia,2009,Escherichia coli,Fluoroquinolones,18.2530795
SVN,Slovenia,2009,Escherichia coli,Third-generation cephalosporins,4.59126539
SVN,Slovenia,2009,Klebsiella pneumoniae,Carbapenems,0.52910052
SVN,Slovenia,2009,Klebsiella pneumoniae,Fluoroquinolones,26.98412698
SVN,Slovenia,2009,Klebsiella pneumoniae,Third-generation cephalosporins,31.21693121
SVN,Slovenia,2009,Pseudomonas aeruginosa,Carbapenems,14.95327102
SVN,Slovenia,2009,Staphylococcus aureus,Meticillin (MRSA),9.55414012
SVN,Slovenia,2010,Enterococcus faecium,Aminopenicillins,94.91525423
SVN,Slovenia,2010,Escherichia coli,Carbapenems,0.0
SVN,Slovenia,2010,Escherichia coli,Fluoroquinolones,19.32773109
SVN,Slovenia,2010,Escherichia coli,Third-generation cephalosporins,6.61764705
SVN,Slovenia,2010,Klebsiella pneumoniae,Carbapenems,0.51282051
SVN,Slovenia,2010,Klebsiella pneumoniae,Fluoroquinolones,25.0
SVN,Slovenia,2010,Klebsiella pneumoniae,Third-generation cephalosporins,22.44897959
SVN,Slovenia,2010,Pseudomonas aeruginosa,Carbapenems,19.10112359
SVN,Slovenia,2010,Staphylococcus aureus,Meticillin (MRSA),11.97478991
SVN,Slovenia,2011,Enterococcus faecium,Aminopenicillins,90.36144578
SVN,Slovenia,2011,Escherichia coli,Carbapenems,0.0
SVN,Slovenia,2011,Escherichia coli,Fluoroquinolones,20.65868263
SVN,Slovenia,2011,Escherichia coli,Third-generation cephalosporins,8.78243512
SVN,Slovenia,2011,Klebsiella pneumoniae,Carbapenems,0.0
SVN,Slovenia,2011,Klebsiella pneumoniae,Fluoroquinolones,35.34482758
SVN,Slovenia,2011,Klebsiella pneumoniae,Third-generation cephalosporins,30.17241379
SVN,Slovenia,2011,Pseudomonas aeruginosa,Carbapenems,23.72881355
SVN,Slovenia,2011,Staphylococcus aureus,Meticillin (MRSA),7.11206896
SVN,Slovenia,2012,Acinetobacter spp.,Carbapenems,24.0
SVN,Slovenia,2012,Enterococcus faecium,Aminopenicillins,92.63157894
SVN,Slovenia,2012,Escherichia coli,Carbapenems,0.0
SVN,Slovenia,2012,Escherichia coli,Fluoroquinolones,21.40410958
SVN,Slovenia,2012,Escherichia coli,Third-generation cephalosporins,9.50342465
SVN,Slovenia,2012,Klebsiella pneumoniae,Carbapenems,0.39370078
SVN,Slovenia,2012,Klebsiella pneumoniae,Fluoroquinolones,33.07086614
SVN,Slovenia,2012,Klebsiella pneumoniae,Third-generation cephalosporins,28.34645669
SVN,Slovenia,2012,Pseudomonas aeruginosa,Carbapenems,21.64179104
SVN,Slovenia,2012,Staphylococcus aureus,Meticillin (MRSA),10.33707865
SVN,Slovenia,2013,Acinetobacter spp.,Carbapenems,24.0
SVN,Slovenia,2013,Enterococcus faecium,Aminopenicillins,90.19607843
SVN,Slovenia,2013,Escherichia coli,Carbapenems,0.08169934
SVN,Slovenia,2013,Escherichia coli,Fluoroquinolones,19.85294117
SVN,Slovenia,2013,Escherichia coli,Third-generation cephalosporins,8.74183006
SVN,Slovenia,2013,Klebsiella pneumoniae,Carbapenems,0.40816326
SVN,Slovenia,2013,Klebsiella pneumoniae,Fluoroquinolones,32.65306122
SVN,Slovenia,2013,Klebsiella pneumoniae,Third-generation cephalosporins,28.97959183
SVN,Slovenia,2013,Pseudomonas aeruginosa,Carbapenems,25.56390977
SVN,Slovenia,2013,Staphylococcus aureus,Meticillin (MRSA),9.03225806
SVN,Slovenia,2014,Acinetobacter spp.,Carbapenems,26.47058823
SVN,Slovenia,2014,Enterococcus faecium,Aminopenicillins,96.52173913
SVN,Slovenia,2014,Escherichia coli,Carbapenems,0.0
SVN,Slovenia,2014,Escherichia coli,Fluoroquinolones,23.27302631
SVN,Slovenia,2014,Escherichia coli,Third-generation cephalosporins,12.74671052
SVN,Slovenia,2014,Klebsiella pneumoniae,Carbapenems,0.85836909
SVN,Slovenia,2014,Klebsiella pneumoniae,Fluoroquinolones,32.61802575
SVN,Slovenia,2014,Klebsiella pneumoniae,Third-generation cephalosporins,26.60944206
SVN,Slovenia,2014,Pseudomonas aeruginosa,Carbapenems,31.25
SVN,Slovenia,2014,Staphylococcus aureus,Meticillin (MRSA),13.13131313
SVN,Slovenia,2015,Acinetobacter spp.,Carbapenems,38.70967741
SVN,Slovenia,2015,Enterococcus faecium,Aminopenicillins,93.54838709
SVN,Slovenia,2015,Escherichia coli,Carbapenems,0.0
SVN,Slovenia,2015,Escherichia coli,Fluoroquinolones,24.60377358
SVN,Slovenia,2015,Escherichia coli,Third-generation cephalosporins,13.65007541
SVN,Slovenia,2015,Klebsiella pneumoniae,Carbapenems,1.26582278
SVN,Slovenia,2015,Klebsiella pneumoniae,Fluoroquinolones,24.47257383
SVN,Slovenia,2015,Klebsiella pneumoniae,Third-generation cephalosporins,22.78481012
SVN,Slovenia,2015,Pseudomonas aeruginosa,Carbapenems,15.60283687
SVN,Slovenia,2015,Staphylococcus aureus,Meticillin (MRSA),9.16179337
SVN,Slovenia,2016,Acinetobacter spp.,Carbapenems,43.33333333
SVN,Slovenia,2016,Enterococcus faecium,Aminopenicillins,91.89189189
SVN,Slovenia,2016,Escherichia coli,Carbapenems,0.0
SVN,Slovenia,2016,Escherichia coli,Fluoroquinolones,25.56338028
SVN,Slovenia,2016,Escherichia coli,Third-generation cephalosporins,12.53521126
SVN,Slovenia,2016,Klebsiella pneumoniae,Carbapenems,0.0
SVN,Slovenia,2016,Klebsiella pneumoniae,Fluoroquinolones,29.58801498
SVN,Slovenia,2016,Klebsiella pneumoniae,Third-generation cephalosporins,22.84644194
SVN,Slovenia,2016,Pseudomonas aeruginosa,Carbapenems,19.58041958
SVN,Slovenia,2016,Staphylococcus aureus,Meticillin (MRSA),11.04868913
SVN,Slovenia,2017,Acinetobacter spp.,Carbapenems,41.66666666
SVN,Slovenia,2017,Enterococcus faecium,Aminopenicillins,91.27516778
SVN,Slovenia,2017,Escherichia coli,Carbapenems,0.0
SVN,Slovenia,2017,Escherichia coli,Fluoroquinolones,24.87346348
SVN,Slovenia,2017,Escherichia coli,Third-generation cephalosporins,12.47386759
SVN,Slovenia,2017,Klebsiella pneumoniae,Carbapenems,0.0
SVN,Slovenia,2017,Klebsiella pneumoniae,Fluoroquinolones,30.39215686
SVN,Slovenia,2017,Klebsiella pneumoniae,Third-generation cephalosporins,23.71794871
SVN,Slovenia,2017,Pseudomonas aeruginosa,Carbapenems,17.39130434
SVN,Slovenia,2017,Staphylococcus aureus,Meticillin (MRSA),9.02777777
SVN,Slovenia,2018,Acinetobacter spp.,Carbapenems,17.94871794
SVN,Slovenia,2018,Enterococcus faecium,Aminopenicillins,94.7761194
SVN,Slovenia,2018,Escherichia coli,Carbapenems,0.0
SVN,Slovenia,2018,Escherichia coli,Fluoroquinolones,22.78177458
SVN,Slovenia,2018,Escherichia coli,Third-generation cephalosporins,11.33093525
SVN,Slovenia,2018,Klebsiella pneumoniae,Carbapenems,0.69204152
SVN,Slovenia,2018,Klebsiella pneumoniae,Fluoroquinolones,27.33564013
SVN,Slovenia,2018,Klebsiella pneumoniae,Third-generation cephalosporins,14.87889273
SVN,Slovenia,2018,Pseudomonas aeruginosa,Carbapenems,14.94252873
SVN,Slovenia,2018,Staphylococcus aureus,Meticillin (MRSA),11.71617161
SWE,Sweden,2000,Escherichia coli,Fluoroquinolones,
SWE,Sweden,2000,Escherichia coli,Third-generation cephalosporins,
SWE,Sweden,2000,Staphylococcus aureus,Meticillin (MRSA),0.60893098
SWE,Sweden,2001,Enterococcus faecium,Aminopenicillins,71.35416666
SWE,Sweden,2001,Escherichia coli,Fluoroquinolones,3.73955125
SWE,Sweden,2001,Escherichia coli,Third-generation cephalosporins,0.34259611
SWE,Sweden,2001,Staphylococcus aureus,Meticillin (MRSA),0.85731781
SWE,Sweden,2002,Enterococcus faecium,Aminopenicillins,73.13432835
SWE,Sweden,2002,Escherichia coli,Fluoroquinolones,5.09527754
SWE,Sweden,2002,Escherichia coli,Third-generation cephalosporins,0.32658393
SWE,Sweden,2002,Staphylococcus aureus,Meticillin (MRSA),0.65359477
SWE,Sweden,2003,Enterococcus faecium,Aminopenicillins,76.15062761
SWE,Sweden,2003,Escherichia coli,Fluoroquinolones,6.56840756
SWE,Sweden,2003,Escherichia coli,Third-generation cephalosporins,0.4241139
SWE,Sweden,2003,Staphylococcus aureus,Meticillin (MRSA),0.86253369
SWE,Sweden,2004,Enterococcus faecium,Aminopenicillins,77.69230769
SWE,Sweden,2004,Escherichia coli,Fluoroquinolones,7.58166017
SWE,Sweden,2004,Escherichia coli,Third-generation cephalosporins,0.72926162
SWE,Sweden,2004,Staphylococcus aureus,Meticillin (MRSA),0.73452256
SWE,Sweden,2005,Enterococcus faecium,Aminopenicillins,72.8
SWE,Sweden,2005,Escherichia coli,Carbapenems,0.0
SWE,Sweden,2005,Escherichia coli,Fluoroquinolones,6.32202831
SWE,Sweden,2005,Escherichia coli,Third-generation cephalosporins,1.28125
SWE,Sweden,2005,Klebsiella pneumoniae,Carbapenems,
SWE,Sweden,2005,Klebsiella pneumoniae,Fluoroquinolones,4.90566037
SWE,Sweden,2005,Klebsiella pneumoniae,Third-generation cephalosporins,1.41843971
SWE,Sweden,2005,Pseudomonas aeruginosa,Carbapenems,17.54385964
SWE,Sweden,2005,Staphylococcus aureus,Meticillin (MRSA),1.01465614
SWE,Sweden,2006,Enterococcus faecium,Aminopenicillins,74.63235294
SWE,Sweden,2006,Escherichia coli,Carbapenems,
SWE,Sweden,2006,Escherichia coli,Fluoroquinolones,7.95314426
SWE,Sweden,2006,Escherichia coli,Third-generation cephalosporins,1.52585476
SWE,Sweden,2006,Klebsiella pneumoniae,Carbapenems,
SWE,Sweden,2006,Klebsiella pneumoniae,Fluoroquinolones,5.19713261
SWE,Sweden,2006,Klebsiella pneumoniae,Third-generation cephalosporins,1.44927536
SWE,Sweden,2006,Pseudomonas aeruginosa,Carbapenems,4.68085106
SWE,Sweden,2006,Staphylococcus aureus,Meticillin (MRSA),0.86426029
SWE,Sweden,2007,Enterococcus faecium,Aminopenicillins,78.16091954
SWE,Sweden,2007,Escherichia coli,Carbapenems,0.0
SWE,Sweden,2007,Escherichia coli,Fluoroquinolones,10.32258064
SWE,Sweden,2007,Escherichia coli,Third-generation cephalosporins,2.26848145
SWE,Sweden,2007,Klebsiella pneumoniae,Carbapenems,0.0
SWE,Sweden,2007,Klebsiella pneumoniae,Fluoroquinolones,6.5116279
SWE,Sweden,2007,Klebsiella pneumoniae,Third-generation cephalosporins,1.38674884
SWE,Sweden,2007,Pseudomonas aeruginosa,Carbapenems,7.09876543
SWE,Sweden,2007,Staphylococcus aureus,Meticillin (MRSA),0.50855293
SWE,Sweden,2008,Enterococcus faecium,Aminopenicillins,81.49466192
SWE,Sweden,2008,Escherichia coli,Carbapenems,0.0
SWE,Sweden,2008,Escherichia coli,Fluoroquinolones,10.2793296
SWE,Sweden,2008,Escherichia coli,Third-generation cephalosporins,2.25806451
SWE,Sweden,2008,Klebsiella pneumoniae,Carbapenems,0.0
SWE,Sweden,2008,Klebsiella pneumoniae,Fluoroquinolones,7.02479338
SWE,Sweden,2008,Klebsiella pneumoniae,Third-generation cephalosporins,2.3030303
SWE,Sweden,2008,Pseudomonas aeruginosa,Carbapenems,3.94265232
SWE,Sweden,2008,Staphylococcus aureus,Meticillin (MRSA),0.664176
SWE,Sweden,2009,Escherichia coli,Carbapenems,
SWE,Sweden,2009,Escherichia coli,Fluoroquinolones,
SWE,Sweden,2009,Escherichia coli,Third-generation cephalosporins,
SWE,Sweden,2009,Klebsiella pneumoniae,Carbapenems,
SWE,Sweden,2009,Klebsiella pneumoniae,Fluoroquinolones,
SWE,Sweden,2009,Klebsiella pneumoniae,Third-generation cephalosporins,
SWE,Sweden,2010,Enterococcus faecium,Aminopenicillins,79.67213114
SWE,Sweden,2010,Escherichia coli,Carbapenems,0.02586652
SWE,Sweden,2010,Escherichia coli,Fluoroquinolones,10.50525262
SWE,Sweden,2010,Escherichia coli,Third-generation cephalosporins,2.9082774
SWE,Sweden,2010,Klebsiella pneumoniae,Carbapenems,0.28248587
SWE,Sweden,2010,Klebsiella pneumoniae,Fluoroquinolones,5.79514824
SWE,Sweden,2010,Klebsiella pneumoniae,Third-generation cephalosporins,2.37529691
SWE,Sweden,2010,Pseudomonas aeruginosa,Carbapenems,5.52486187
SWE,Sweden,2010,Staphylococcus aureus,Meticillin (MRSA),0.52592036
SWE,Sweden,2011,Enterococcus faecium,Aminopenicillins,86.86567164
SWE,Sweden,2011,Escherichia coli,Carbapenems,0.0
SWE,Sweden,2011,Escherichia coli,Fluoroquinolones,10.05685159
SWE,Sweden,2011,Escherichia coli,Third-generation cephalosporins,3.64562916
SWE,Sweden,2011,Klebsiella pneumoniae,Carbapenems,0.0
SWE,Sweden,2011,Klebsiella pneumoniae,Fluoroquinolones,3.81760339
SWE,Sweden,2011,Klebsiella pneumoniae,Third-generation cephalosporins,2.33297985
SWE,Sweden,2011,Pseudomonas aeruginosa,Carbapenems,6.9879518
SWE,Sweden,2011,Staphylococcus aureus,Meticillin (MRSA),0.8080808
SWE,Sweden,2012,Enterococcus faecium,Aminopenicillins,83.00835654
SWE,Sweden,2012,Escherichia coli,Carbapenems,0.01808645
SWE,Sweden,2012,Escherichia coli,Fluoroquinolones,11.08903738
SWE,Sweden,2012,Escherichia coli,Third-generation cephalosporins,4.4608994
SWE,Sweden,2012,Klebsiella pneumoniae,Carbapenems,0.10235414
SWE,Sweden,2012,Klebsiella pneumoniae,Fluoroquinolones,3.68474923
SWE,Sweden,2012,Klebsiella pneumoniae,Third-generation cephalosporins,2.86591606
SWE,Sweden,2012,Pseudomonas aeruginosa,Carbapenems,5.88235294
SWE,Sweden,2012,Staphylococcus aureus,Meticillin (MRSA),0.73551946
SWE,Sweden,2013,Acinetobacter spp.,Carbapenems,5.55555555
SWE,Sweden,2013,Enterococcus faecium,Aminopenicillins,79.74452554
SWE,Sweden,2013,Escherichia coli,Carbapenems,0.02722199
SWE,Sweden,2013,Escherichia coli,Fluoroquinolones,11.58238172
SWE,Sweden,2013,Escherichia coli,Third-generation cephalosporins,5.20446096
SWE,Sweden,2013,Klebsiella pneumoniae,Carbapenems,0.0
SWE,Sweden,2013,Klebsiella pneumoniae,Fluoroquinolones,3.93700787
SWE,Sweden,2013,Klebsiella pneumoniae,Third-generation cephalosporins,3.61538461
SWE,Sweden,2013,Pseudomonas aeruginosa,Carbapenems,7.15667311
SWE,Sweden,2013,Staphylococcus aureus,Meticillin (MRSA),1.07343254
SWE,Sweden,2014,Acinetobacter spp.,Carbapenems,3.84615384
SWE,Sweden,2014,Enterococcus faecium,Aminopenicillins,81.56028368
SWE,Sweden,2014,Escherichia coli,Carbapenems,0.0
SWE,Sweden,2014,Escherichia coli,Fluoroquinolones,11.2991054
SWE,Sweden,2014,Escherichia coli,Third-generation cephalosporins,5.56064772
SWE,Sweden,2014,Klebsiella pneumoniae,Carbapenems,0.0
SWE,Sweden,2014,Klebsiella pneumoniae,Fluoroquinolones,4.06290956
SWE,Sweden,2014,Klebsiella pneumoniae,Third-generation cephalosporins,4.5
SWE,Sweden,2014,Pseudomonas aeruginosa,Carbapenems,7.10784313
SWE,Sweden,2014,Staphylococcus aureus,Meticillin (MRSA),0.94717668
SWE,Sweden,2015,Acinetobacter spp.,Carbapenems,2.94117647
SWE,Sweden,2015,Enterococcus faecium,Aminopenicillins,80.95238095
SWE,Sweden,2015,Escherichia coli,Carbapenems,0.07537214
SWE,Sweden,2015,Escherichia coli,Fluoroquinolones,12.61538461
SWE,Sweden,2015,Escherichia coli,Third-generation cephalosporins,6.23853211
SWE,Sweden,2015,Klebsiella pneumoniae,Carbapenems,0.0
SWE,Sweden,2015,Klebsiella pneumoniae,Fluoroquinolones,4.52039691
SWE,Sweden,2015,Klebsiella pneumoniae,Third-generation cephalosporins,3.29670329
SWE,Sweden,2015,Pseudomonas aeruginosa,Carbapenems,6.53266331
SWE,Sweden,2015,Staphylococcus aureus,Meticillin (MRSA),0.80025608
SWE,Sweden,2016,Acinetobacter spp.,Carbapenems,1.19047619
SWE,Sweden,2016,Enterococcus faecium,Aminopenicillins,84.11552346
SWE,Sweden,2016,Escherichia coli,Carbapenems,0.08661758
SWE,Sweden,2016,Escherichia coli,Fluoroquinolones,13.6605729
SWE,Sweden,2016,Escherichia coli,Third-generation cephalosporins,8.26386892
SWE,Sweden,2016,Klebsiella pneumoniae,Carbapenems,0.13063357
SWE,Sweden,2016,Klebsiella pneumoniae,Fluoroquinolones,5.41422048
SWE,Sweden,2016,Klebsiella pneumoniae,Third-generation cephalosporins,4.87963565
SWE,Sweden,2016,Pseudomonas aeruginosa,Carbapenems,11.01694915
SWE,Sweden,2016,Staphylococcus aureus,Meticillin (MRSA),2.26086956
SWE,Sweden,2017,Acinetobacter spp.,Carbapenems,0.0
SWE,Sweden,2017,Enterococcus faecium,Aminopenicillins,87.01298701
SWE,Sweden,2017,Escherichia coli,Carbapenems,0.01733402
SWE,Sweden,2017,Escherichia coli,Fluoroquinolones,15.79312738
SWE,Sweden,2017,Escherichia coli,Third-generation cephalosporins,7.35751295
SWE,Sweden,2017,Klebsiella pneumoniae,Carbapenems,0.09680542
SWE,Sweden,2017,Klebsiella pneumoniae,Fluoroquinolones,9.76789168
SWE,Sweden,2017,Klebsiella pneumoniae,Third-generation cephalosporins,5.60928433
SWE,Sweden,2017,Pseudomonas aeruginosa,Carbapenems,8.96860986
SWE,Sweden,2017,Staphylococcus aureus,Meticillin (MRSA),1.16186955
SWE,Sweden,2018,Acinetobacter spp.,Carbapenems,3.7037037
SWE,Sweden,2018,Enterococcus faecium,Aminopenicillins,83.33333333
SWE,Sweden,2018,Escherichia coli,Carbapenems,0.01855976
SWE,Sweden,2018,Escherichia coli,Fluoroquinolones,18.05503904
SWE,Sweden,2018,Escherichia coli,Third-generation cephalosporins,8.33024118
SWE,Sweden,2018,Klebsiella pneumoniae,Carbapenems,0.18382352
SWE,Sweden,2018,Klebsiella pneumoniae,Fluoroquinolones,10.11959521
SWE,Sweden,2018,Klebsiella pneumoniae,Third-generation cephalosporins,5.50964187
SWE,Sweden,2018,Pseudomonas aeruginosa,Carbapenems,4.36893203
SWE,Sweden,2018,Staphylococcus aureus,Meticillin (MRSA),1.92360538
