iso3,year,TXx,TNx,SU,TR,WSDI,TN90p
AFG,2000,41.052835763075116,24.998218177764922,192.58634891444717,66.06166928683186,12.152803891542359,16.316345121054223
AFG,2001,42.0665390872499,26.579533915175837,198.77732317441752,68.02562941554359,20.851516697640214,19.59097369440955
AFG,2002,41.45305890416877,26.293976703519448,190.99648573874094,63.04132904709445,13.59960862178081,20.933649223588883
AFG,2003,42.13312965940341,27.047647861760474,181.7330386867574,67.7774537352602,11.766363309318795,17.827129505126354
AFG,2004,41.50766405300184,25.988708747640324,193.92936251105746,64.11692216494549,13.537770011570704,20.056109787767518
AFG,2005,43.70162494035193,26.951680683712194,187.50294209875437,69.26442122956982,6.521977444825234,18.573253600821285
AFG,2006,40.99121387574955,26.82590358846424,202.65060135250783,71.28086349451418,20.377877357798575,22.642307263063287
AFG,2007,41.02277629945123,26.755483521069955,183.0238979892081,68.88134023594301,11.588485382960668,17.742005399397915
AFG,2008,42.294281864944324,27.378482978017253,198.68165622572766,74.22728296654233,21.852616462176254,21.02145126057351
AFG,2009,41.360787728836115,25.80030695909366,180.14366470051328,64.73874301807807,8.038111622558256,20.18157248775981
AFG,2010,42.319939769752416,27.073479313770825,191.21150692268026,75.23540435520839,16.212173153451875,25.032091568394556
AFG,2011,41.20967940652981,27.36418560530395,193.5450093981909,74.54124050576077,12.914814862288502,19.719157757271052
AFG,2012,41.030989573153015,26.333981455464112,190.56357043162168,70.35912256054263,5.827406157006274,17.13808894337086
AFG,2013,41.743445089393184,27.023201399267748,187.77081865445913,72.42888012426887,22.83482800870987,20.98265136261379
AFG,2014,42.3779792291953,27.030549370993374,186.72480783273772,73.8428325359174,12.037234179727887,20.03424038495037
AFG,2015,41.09988792797028,27.718932880859434,192.80181875390173,79.84512125985141,14.669637713789912,26.136811572425174
AFG,2016,39.7401949652868,27.111944913556464,197.9598345780099,83.48690316453,31.033734600220928,27.520416609278474
AFG,2017,40.40023714870119,27.320095450076174,198.05537455449766,83.12337590426222,21.048105590081246,24.253935637018476
AFG,2018,39.94312924194687,27.9392005538329,189.92677793914143,84.87624246425972,17.83665123001215,25.01394954716282
AGO,2000,36.05909515881234,23.508757158025084,,106.2530667274052,,6.128933048312065
AGO,2001,38.723412391301075,24.544802920724926,,111.63233584865574,,8.456914165574139
AGO,2002,38.277393832590555,25.014301278047537,,120.43335207797102,,9.120716141938907
AGO,2003,38.306606650419496,27.30129623413086,,133.35127277471466,,13.09236236725994
AGO,2004,37.95480324884043,25.51584978355053,,124.22683132021568,,12.20186184423799
AGO,2005,39.16672124058079,25.621016764038654,,123.31724513284009,,13.032436829972617
AGO,2006,37.74601927061745,25.078449601833956,,118.07177794880879,,12.219134804608126
AGO,2007,38.55275118661087,25.333636039463197,,120.13845272730777,,8.907577906767134
AGO,2008,39.130478258099004,25.061588128716586,,126.46864040509824,,9.785403072528366
AGO,2009,37.57769780340904,26.38641357421875,,119.72138815781709,,11.314936001045396
AGO,2010,38.35420913714194,27.218433380126953,,109.74764005373275,,12.52232527638789
AGO,2011,39.176656055121846,,,35.99024325466393,,8.570642763936666
AGO,2012,38.10442321491041,22.426570892333984,,34.81005949984735,,10.50549491058481
AGO,2013,38.63999561391015,22.930349349975586,,29.780525937618375,,9.202639297388277
AGO,2014,37.41738601175944,22.359230041503906,,28.0113588013293,,12.455832929136438
AGO,2015,40.69423159431183,24.302139282226562,,38.93950021565361,,15.808878582695122
AGO,2016,42.59154628354466,25.001220703125,,41.45410262595831,,16.32839160853666
AGO,2017,37.48373967006935,20.85972785949707,,9.944428165697236,,12.925407381908547
AGO,2018,37.79495291888658,,,14.027210156980933,,19.18252013962884
ALB,2000,38.66066527313676,22.02201070055531,97.69288132656743,13.928578740811577,23.631409269873203,19.009125671562202
ALB,2001,35.92671124886776,21.362097815583127,89.17260180205794,13.408467867160915,15.392920431153687,17.52091869028091
ALB,2002,35.41382175253598,21.56847081074881,83.36528938080018,13.818074007618014,21.747240606456355,19.998382410165956
ALB,2003,37.16168676483716,22.515653162287958,110.02333683333171,22.521610811897904,35.568891685071215,19.576572542314395
ALB,2004,35.345614172094436,20.82218077968925,81.89677423725554,13.35011246552878,12.633718661346414,14.89560630222522
ALB,2005,35.41803412282749,21.56179784540504,80.87250371179947,13.849621140332363,12.412976208322343,14.587235637648147
ALB,2006,36.383887060734295,21.664085689631523,89.43736552323793,16.050704659002367,22.274378753945843,18.83439159249453
ALB,2007,39.98343145566933,22.685852273013445,94.85514821718876,15.761098173868659,40.82407762543239,20.21157008450727
ALB,2008,35.850557110470625,21.26589907673857,89.34337722293127,15.335790675462572,22.083956537606426,17.60611774317609
ALB,2009,35.754752092846644,21.052414060629346,99.43553422672623,14.333682306267423,17.126537753357002,17.826174613632883
ALB,2010,35.82918876589241,21.909565156520205,83.89984881357216,17.009680771340083,15.745169278132682,16.644126987067658
ALB,2011,36.34715525500978,21.624060587267213,101.7174949484099,15.704521784018873,28.734150297720664,16.556001009427167
ALB,2012,38.02627107386887,22.3740272248832,107.20211478565153,20.935930915378567,41.53681200658651,20.114102915666397
ALB,2013,36.7550371967202,21.727472203420014,92.20730141253763,15.135815744198172,24.62530308213506,17.459412174810385
ALB,2014,33.577195400199365,20.616925572480856,76.38401065116567,12.072661311962142,21.04689631503499,22.491004415275228
ALB,2015,36.696795440801154,22.469418963524493,97.74358251939383,19.593685789095723,41.463037554966284,21.210405831051297
ALB,2016,34.388220996572564,21.35316577906319,89.52460526585409,12.004531851139536,18.09951148722529,19.381945683369104
ALB,2017,38.22373394434238,22.77848985284192,97.24435341219451,17.64305719104683,27.755008146743332,17.401955734311407
ALB,2018,34.01455880854596,21.367346416186205,110.73184177016417,17.651321361030472,36.265219821491,25.8262822561266
ARE,2000,44.026259467758386,28.894841932691172,239.8784519020994,104.61280394898778,15.115109187657064,18.158382866527987
ARE,2001,44.70984375029939,28.895961369510943,251.39731644984417,104.35779605231663,18.703388986981533,20.408554706959883
ARE,2002,43.861732541631675,28.69081979390477,242.29381132649027,103.27636637808655,8.039151460285126,19.474334663436053
ARE,2003,43.81810099413287,28.878683225900424,240.91942908126202,104.48953181855151,10.793358332566221,19.60415796236661
ARE,2004,43.679899517772945,28.073858950020295,248.40893584080325,100.07891039773953,10.825718323339874,17.903923039796524
ARE,2005,43.86463791756431,29.165431068080924,236.38391680614362,102.24275658039619,7.53881974564845,16.796199217755373
ARE,2006,44.48801922339636,29.049426980818705,241.55149185339377,106.29659768365273,20.206852743876237,22.35523946283013
ARE,2007,42.80158634878976,28.764702507962753,242.27753912860024,102.77904309176954,6.951035694563543,17.454218967033118
ARE,2008,43.78608325149795,29.681638341211823,249.27552769205332,107.52419086906697,22.64250012013761,20.250617941431805
ARE,2009,44.96287557670711,28.360652241510504,236.27291252660496,101.91195017513333,9.493375915258158,20.01197941746917
ARE,2010,45.1170148852155,29.385690006896322,259.4624116939554,110.66874726415456,25.306480186554,25.485925772402066
ARE,2011,43.74842795744225,29.306467857202556,239.40783853719918,107.93495179833313,8.389453344182915,21.073778909046762
ARE,2012,45.247911716543996,28.75066035147327,236.41534240482224,103.12892868299393,3.1241258692615075,18.501675671155592
ARE,2013,43.27913936254951,28.544382305509334,241.18524982099422,103.32811492572556,16.390013833097562,19.62103139633225
ARE,2014,44.62683153886003,29.046828928606296,235.12817157262637,109.26819702625096,6.756228679356306,20.92484857002623
ARE,2015,44.24488231347969,29.654533012319547,248.11184289611958,115.1181145245866,17.303576537748608,29.129570170686918
ARE,2016,44.628252359637465,29.499540136135796,254.31900513636143,108.13203085378588,29.155593697693167,25.56752495276325
ARE,2017,44.767691027608315,29.40009026286325,248.82429562033815,109.57589997975654,30.51188956284584,24.45743062743325
ARE,2018,43.53764321106544,30.00511904087965,246.21507466238808,112.11952242853815,19.9144273449797,27.010392224951012
ARG,2000,34.96060320203756,20.366841123749722,122.9706305635076,19.14010020974142,0.40954565319976555,9.216119540896358
ARG,2001,34.80932343781729,21.342108589963626,131.32770191214325,28.87051371614378,2.8153727011673086,15.593986908385702
ARG,2002,35.59520950105936,21.161272946573938,129.82998733155546,25.317330081142714,1.8189826094104908,13.86353053342247
ARG,2003,35.699746879498434,21.317232693529125,133.9140229116887,23.69896688364819,2.2307815378306284,13.725729253518265
ARG,2004,35.86078106817137,20.819507240057042,135.93202037614725,21.703863829197918,5.518386164054336,13.168651455967826
ARG,2005,35.71205325490409,21.232936007591892,130.1969770493641,21.78896500038724,3.0288384176723557,12.217717330487593
ARG,2006,36.1780689750915,21.570638703012367,140.71548489178886,24.64186610272176,4.099645707265372,13.2368732322921
ARG,2007,35.80298749299948,21.182135323105975,130.10559566772133,25.496410174359173,1.5277660142183092,11.014854259326256
ARG,2008,36.295404925286405,21.18812424579646,148.5320630920001,22.45413153908841,9.066282797141701,12.788841372057327
ARG,2009,36.5643175019121,21.372514799517898,148.19007110812026,24.95537410263796,7.867586440406623,13.186162405511801
ARG,2010,35.527957727459786,21.271996268992336,130.99391328560893,25.249654135064777,2.2122266032203544,10.89261650872126
ARG,2011,36.719853509443276,21.27585653385316,145.29376585043315,25.786358351131437,1.192366522773622,10.470741477069687
ARG,2012,37.595097697339945,22.409775907658386,148.39682873716214,33.69989775160593,5.440472613867189,15.367022361955694
ARG,2013,37.39064890077747,22.11700293783823,148.3764161734394,29.718322541097045,11.554660943701727,13.337871357355535
ARG,2014,37.29396563905925,22.285243575298065,136.50472783505828,31.651439994673396,7.7440522590525775,15.008021204659931
ARG,2015,35.77695240200342,21.7016556618938,142.1509822051594,32.76633595378608,4.900647963128274,16.923220833513973
ARG,2016,36.495986951664555,21.909638136757255,136.1453633951846,33.71007017429012,4.461828262196304,15.108492376061411
ARG,2017,37.255946869715196,22.222959579816916,141.66023928605318,32.76453049339883,2.9494946920064464,15.871275643142065
ARG,2018,32.43179784167257,18.747930689091454,105.74634425287415,17.06092625512428,2.848840382363624,14.298850716207653
ATA,2000,,,,,,11.72759996195969
ATA,2001,,,,,,10.125709803809292
ATA,2002,,,,,,9.897374985728204
ATA,2003,,,,,,16.303131487731687
ATA,2004,,,,,,22.75310484598173
ATA,2005,,,,,,13.380605315594929
ATA,2006,,,,,,13.645272918834715
ATA,2007,,,,,,11.005048336833168
ATA,2008,,,,,,14.55284060943627
ATA,2009,,,,,,13.30288132773217
ATA,2010,,,,,,10.351052853644314
ATA,2011,,,,,,15.189465843802349
ATA,2012,,,,,,11.403857231140137
ATA,2013,,,,,,18.774577821507947
ATA,2014,,,,,,14.63655852701681
ATA,2015,,,,,,14.106576486384084
ATA,2016,,,,,,21.359676680244934
ATA,2017,,,,,,19.676150130584084
AUS,2000,41.08649086655031,27.22781103890034,230.11753031127742,94.4334503602801,3.389873632085145,11.211304226429167
AUS,2001,42.25411204725337,27.578160069629202,235.06089138553375,90.98824029189315,6.6870039995139345,11.226397795261082
AUS,2002,41.940859548235125,27.04665573413096,250.7731728431542,89.61647321970133,18.01514367846501,11.633949769833851
AUS,2003,42.531121243487455,28.052121885124752,243.33189188616527,94.82053281110686,8.099394842420171,13.04036486594184
AUS,2004,42.740554972427596,28.1540043355612,241.78106971219063,97.37398561014697,9.372977228312374,13.105009062790625
AUS,2005,42.47430758581115,27.46613788647188,244.73508121399055,100.495659790371,18.779356246695297,17.129596869493504
AUS,2006,42.496342155934016,28.123136897703933,238.62710824812197,98.80396076250229,6.892329138239366,13.337825610533134
AUS,2007,42.32667649028696,28.019610593967116,242.96123214588158,100.55308492466574,12.320256908495617,14.51960169985667
AUS,2008,41.548682992162284,27.488721396197818,237.63505068199925,95.03978764776556,5.852045183402944,12.196633113834086
AUS,2009,42.975307274518364,28.299612974018494,247.16271215749708,98.4084333602075,17.48195921209346,15.495221238589343
AUS,2010,41.51332099670172,27.383572731657765,232.44702192820182,104.87730338987097,6.744913053198948,15.954312212331267
AUS,2011,41.765413863088696,27.199590340158597,235.44410936061453,94.43901008229898,4.907454354870332,11.90088157830532
AUS,2012,41.84917614960888,27.12188824170267,242.17546782850226,95.37453009172025,6.226439410864443,11.17075901512217
AUS,2013,43.50121702495215,28.17124754996564,254.0128909481373,107.0399180437402,19.0907915313851,17.651471335922743
AUS,2014,43.31607958145422,28.21060363295915,251.03808527571184,106.52262641935738,12.982029408639823,16.17173734071187
AUS,2015,42.27376776031247,27.953894321652882,243.76671778985198,103.532124086004,13.16458443141407,16.953301429836163
AUS,2016,42.19539443690139,27.661414313449896,241.65573681973106,109.84907364279337,17.49644544345804,20.308031819954632
AUS,2017,42.05073038286322,27.0923791458559,218.1327974844857,93.13203507546162,16.691871695403382,17.51435717632476
AUS,2018,42.51127163720785,27.512598175903726,217.30488264608897,92.13944551576455,15.38118830300964,14.535307838300819
AZE,2000,36.73756980895996,23.779391288757324,100.56928634643553,31.604555130004886,9.41453981399536,15.785192012786865
AZE,2001,35.17358207702637,23.402828216552738,99.49092864990234,29.771267890930176,15.602978229522707,18.046263694763184
AZE,2002,33.60747146606445,22.167056083679196,97.68576431274414,28.075789451599125,19.787924766540527,17.62738609313965
AZE,2003,34.93521308898926,22.072568893432617,93.99309158325197,23.289958000183105,5.986278772354125,12.846805572509766
AZE,2004,32.922096252441406,21.53821849822998,94.29436492919922,22.33686447143555,14.55837154388428,16.76412582397461
AZE,2005,36.039804458618164,23.604176521301266,112.21826171875001,32.22322750091553,10.853875160217283,17.40979099273682
AZE,2006,36.734575271606445,23.49447441101074,101.77499389648436,33.13776683807373,22.156398773193356,18.402990341186523
AZE,2007,35.21304702758789,22.6659517288208,109.89350128173827,33.83677101135254,25.75757122039795,18.032245635986328
AZE,2008,35.36491775512695,23.039505958557132,99.56090927124023,30.91754531860352,18.64283847808838,18.081377983093265
AZE,2009,34.07310104370117,22.12197589874268,89.01298141479492,24.701821327209473,10.970301628112791,16.366731643676758
AZE,2010,37.132503509521484,23.82021999359131,115.16021728515626,42.924747467041016,51.151519775390625,27.7768669128418
AZE,2011,37.55661392211914,24.65518093109131,96.59359741210939,32.557509422302246,9.831027030944824,14.003366947174072
AZE,2012,35.253427505493164,23.018818855285645,120.37404632568358,33.22351264953613,21.739206314086918,21.54837036132813
AZE,2013,33.63492965698242,21.28863906860352,104.19379043579102,25.21675777435303,15.092592239379883,17.621564865112305
AZE,2014,36.9368896484375,23.37628078460693,113.14653778076172,37.35507392883301,19.06368923187256,22.827288627624515
AZE,2015,37.32184028625488,23.68880748748779,115.87173461914062,37.27222442626953,33.7481632232666,23.147675514221195
AZE,2016,35.33375549316406,23.00960445404053,106.7238655090332,35.36916160583496,26.511869430541992,22.175644874572754
AZE,2017,37.340435028076165,24.4067325592041,111.79700088500978,36.97417068481445,30.145089149475098,20.7748384475708
AZE,2018,36.91702651977539,24.545228004455566,117.42162322998048,38.44171142578125,25.83614253997803,24.83028507232666
BEN,2000,40.74795246532479,28.11076165817282,362.88485108550714,275.9655378301281,,
BEN,2001,40.919682748921836,28.331882432301878,361.5953160651238,276.6488668080917,,
BEN,2002,40.86558296790354,28.64494804366815,362.21902418430307,286.32662281043724,,
BEN,2003,40.76394603253282,28.39792187976014,362.8617159614687,295.99910235515335,,
BEN,2004,40.660380635865984,28.620808410860324,363.3650082633002,297.04287393270704,,16.646650314331055
BEN,2005,41.03335612103266,28.926521008474214,361.6939913533964,298.78037370839326,,18.764781951904297
BEN,2006,40.75543898396905,28.444356396436394,362.3261098483027,296.55412131916006,,16.62835693359375
BEN,2007,41.11233589443583,28.613694042919292,362.0709872284341,291.4917524286912,,13.659136772155762
BEN,2008,40.72305796139952,28.192489650864935,363.0767720130285,283.1861746030602,,16.742332458496094
BEN,2009,40.45784480418575,28.204557499749495,362.5039474027171,299.1159738281285,,21.741104125976562
BEN,2010,41.464999328737434,29.386872105174277,363.2221242941736,303.52048880179376,,
BFA,2000,42.25461323889333,28.76198411691135,363.3687460587768,270.36740276117996,,
BFA,2001,42.338445262070685,28.790653162161554,362.77616220819453,268.89667414352215,,
BFA,2002,42.39877179091953,29.287316125026095,362.4111542352878,278.6340185975234,,
BFA,2003,42.22176833993114,28.94035387349784,363.14845917236244,290.4583385588279,,19.33758005078801
BFA,2004,41.94352855600564,29.11607567336153,363.8882153945371,291.20226731781287,,16.6427508715734
BFA,2005,42.202920015370026,29.461804157434077,362.73050121091,291.80118388362274,,18.7419741650153
BFA,2006,41.97101963250533,28.813864613268148,363.08683374678,285.38663668944326,,16.031244718850473
BFA,2007,42.76569820381792,29.4109176945061,362.64501045017187,281.7258724200456,,13.397647517153862
BFA,2008,41.86631201080275,28.94040566420773,363.5277865338147,273.66573534645624,,16.50165782654572
BFA,2009,41.91870029271685,29.062921589104743,362.31062641487404,289.0843342510782,,20.920990034729606
BFA,2010,42.74800907406716,30.12685992937291,363.32506714505485,293.9906009932453,,27.341731337821507
BFA,2011,,29.055423736572266,,139.1274392700312,,19.823651084962428
BFA,2012,,29.06328582763672,,143.0208988273201,,22.37771747675356
BFA,2013,,29.020191192626953,,136.2118853175368,,12.217557679446022
BFA,2014,,30.102378845214844,,139.7307290420928,,21.772515938676598
BFA,2015,,29.533672332763672,,143.07091450423877,,19.394181490687128
BFA,2016,,29.30155372619629,,152.2708956233823,,25.14533995635685
BFA,2017,,28.975248336791992,,141.5631269463792,,17.084101853973756
BFA,2018,,29.493284225463867,,135.96578925994928,,22.160457050200502
BGD,2000,37.187418632489496,24.236080828234666,259.1713254369396,154.9884138874912,10.498898562285275,14.504276620857281
BGD,2001,37.448215787115295,23.658767966295738,251.31268174872775,151.09345015117492,10.490202803296118,18.480390887745557
BGD,2002,38.31127795944897,24.573218868265016,252.15465881040575,152.97627379431523,10.6352991040911,20.07449123181967
BGD,2003,38.295487306146136,24.43208527037973,254.33716390016463,151.57870754627274,5.472311524767827,19.97424150614615
BGD,2004,38.45916425845378,24.061030348213727,250.8093335332975,143.84764587573054,9.765779086473263,16.951039682007526
BGD,2005,39.29341465344369,24.47713077843182,249.02211835133065,145.47787615939782,12.595468538609298,23.16474360378841
BGD,2006,38.02255225096424,24.291198273688885,267.09898291540543,151.335078454629,27.063755175597453,21.19479636058535
BGD,2007,37.58910108788247,24.382973708613573,260.49890214351205,149.5524972768617,20.36906606019128,20.595245013669594
BGD,2008,38.12290398051422,23.793927257571177,262.98683624017985,150.47299913530864,16.39704833649308,18.42614877814073
BGD,2009,39.1182021799866,24.59805663458291,275.1004754054622,154.64781942444978,39.25736678004773,24.586310933836362
BGD,2010,38.57505780018927,25.150629420998765,269.89259807966255,163.30377882898065,20.85747453339487,29.009681979614967
BGD,2011,37.333642602135214,24.06505959791019,263.34671452556216,138.4700243962767,25.10729419032848,17.575795029948793
BGD,2012,38.63239601233048,24.851345085947166,264.33618890533364,140.19140257917468,14.364637245583395,18.66952468453098
BGD,2013,38.24879647197239,24.47245264193533,266.7025717202204,141.23287978144012,31.28439029696717,19.232462036938312
BGD,2014,38.537003999413145,24.863982925285278,254.0095808173614,142.8517994642034,27.846357208811636,19.61315666315772
BGD,2015,37.95091611205433,24.19215355551834,265.9947998711034,141.99659823600524,27.69659823138302,21.68889701940742
BGD,2016,38.78811744427581,24.3987861951645,269.33765575853937,146.0120259518514,34.91605056131938,26.103943463729436
BGD,2017,38.583857062577835,24.071480960251936,270.2080344018079,136.34756144617904,37.20934522556039,26.376339191960454
BGD,2018,37.902851545746664,24.610091001721948,263.2634494243264,140.60805171914154,22.153445876671725,22.40136530817422
BGR,2000,39.90397688928615,22.428754219115614,98.92412218779947,11.698818113824803,22.286240443863537,18.43310136272435
BGR,2001,36.210961013687275,21.48070188293306,91.6984430932777,12.697739307768725,13.660754066793391,17.223008588633753
BGR,2002,36.02360845790784,21.843370438496862,88.82176628311014,13.257923622827859,25.515580889440763,19.845397597863148
BGR,2003,36.87663091353009,21.795592265489493,108.6687119339037,15.67700345185846,25.002302367511362,16.97998538375206
BGR,2004,35.37402719050947,20.374922642361113,79.72306789213253,9.27418863087018,10.079558785806658,14.511014475270725
BGR,2005,34.491837367311334,21.439559192521163,80.087161363517,11.00743604046826,9.807818075572452,14.37094565416972
BGR,2006,36.42965570063043,21.339008901137113,87.29656890216636,12.815071469348075,15.239933037352735,17.945417512912222
BGR,2007,40.70146743991752,22.861502885998576,99.86033829341297,15.22355539400498,41.971899569392974,20.684080996461024
BGR,2008,36.25512809995277,21.234954072894396,94.291168125699,12.811991202836786,23.398389926333817,17.932287042148396
BGR,2009,36.13630464938759,21.2180253990396,103.03050453736728,11.613007698224147,11.957879916779968,17.658245017582786
BGR,2010,36.02499957674202,22.137754517598754,88.02452021383735,17.30956712887258,22.456660579619207,18.69995363568737
BGR,2011,35.927229382851706,21.47983920388438,103.86282130842598,13.017138173534619,19.852347176618903,15.774418667634194
BGR,2012,38.58715236990252,22.76266986583255,115.17255070984933,19.940892904089683,45.45891158432807,20.72929075528981
BGR,2013,36.135887325088795,21.437495813317554,99.03761911514817,13.419235432419677,24.11717101839707,17.99505749200781
BGR,2014,34.204044020730045,20.88920776525905,83.35048941874709,11.26581347108474,18.09060820779901,22.57729348821941
BGR,2015,36.79037564310443,22.416344086968625,98.85331806473624,17.22198513427027,37.54002521869406,21.275310069091415
BGR,2016,35.20230844456492,22.040849932890357,97.76772395772177,13.616823476177064,17.26788565234985,20.28081216363842
BGR,2017,38.323631583562815,22.929437185328602,98.43615617061538,15.305019758921224,24.635191258106097,17.272924257205634
BGR,2018,33.22018662741015,21.40482384527657,116.98597361571505,14.988540755782688,32.467801612053385,25.263934211411243
BLR,2000,31.244612888291247,18.392562386933196,25.795773713812125,0.47925468239032903,21.203417921613674,19.800128095918463
BLR,2001,32.913950272724655,20.230898497377545,34.952969826552575,2.5545484531032496,10.662849937582958,16.70465423067964
BLR,2002,32.6279925762749,20.031267605634522,48.03284224137894,2.2244865372499727,33.69940088900347,19.738952346162282
BLR,2003,30.898874973143005,19.492719011017172,36.876341965290344,1.2692023194642643,12.058739632175149,14.836277626027647
BLR,2004,30.05465104877353,18.574333088709263,24.507091554298302,0.27584952567307974,6.002967372730139,14.230528919365192
BLR,2005,31.442329631129052,18.881852067667506,32.66148725544733,0.6094120500367146,18.4931149703109,15.474008129781305
BLR,2006,32.2972946926679,19.608377664258413,35.96560417931294,0.8993021166330135,30.35597241818181,20.036433753785616
BLR,2007,33.24176440954575,19.988543593116738,42.36885900867456,1.9376375859587562,37.46475065579736,20.583659706488284
BLR,2008,32.011465735258625,18.890494484584263,30.52769553918937,0.7996422880941737,20.73636791257794,18.572742933645667
BLR,2009,30.600763385909605,18.688897239568604,29.941229039737234,0.8050932006585957,11.111987479597532,15.555542754867568
BLR,2010,35.30756175615857,21.68400677243204,50.55064801521026,8.178350982728357,23.447697500135362,17.077130387072977
BLR,2011,31.326928012954973,19.852203698879457,41.426941286813516,1.3919968971162955,12.906401643408438,17.650389022086046
BLR,2012,33.38608264650982,19.936557190109696,38.55251382355963,2.4915590973855637,13.951879863676123,17.18350557785176
BLR,2013,31.823368926014915,19.361500040875363,41.52849763649174,0.7954097565454622,14.40849640162659,17.783279276847548
BLR,2014,33.6952220302458,19.88158042290952,46.274886613652725,1.8332787679619282,33.8785438272474,23.794720418586458
BLR,2015,33.26749217346858,19.397856429974183,39.58563578306375,1.7657861984089736,33.29705776953751,20.932110831464364
BLR,2016,32.20553506364033,19.36548476096959,39.457687308907275,1.3308895012076087,17.228834764583613,19.500116287297605
BLR,2017,31.31285049302286,18.832614298700527,29.076818551718034,1.1420099267080182,11.02308219042991,15.831935288798228
BLR,2018,31.48611642159776,20.86270373308862,62.106369930183284,3.0255290068843848,30.817725536129966,22.199993796891828
BLZ,2000,38.68904495239258,22.225046157836914,307.4137268066406,113.79219818115234,14.778730392456055,8.676480293273926
BLZ,2001,38.32185745239258,22.539451599121094,309.95257568359375,114.48683166503906,23.666885375976562,10.890231132507324
BLZ,2002,38.36773300170898,22.307567596435547,304.0975036621094,117.77116394042967,25.653003692626953,12.789033889770508
BLZ,2003,39.63422775268555,22.849987030029297,301.1836242675781,116.07564544677734,29.913516998291016,13.498373985290527
BLZ,2004,38.6812629699707,22.61193084716797,305.2949523925781,114.84083557128906,25.758054733276367,12.433245658874512
BLZ,2005,39.561832427978516,22.660886764526367,312.9161376953125,113.85974884033203,26.076745986938477,13.514349937438965
BLZ,2006,38.78609848022461,22.058557510375977,302.7893981933594,112.21339416503906,28.42241096496582,14.656649589538574
BLZ,2007,38.54568862915039,22.020126342773438,297.24444580078125,110.08715057373047,21.839651107788086,13.973207473754883
BLZ,2008,38.392765045166016,21.84780502319336,293.95849609375,99.58816528320312,19.50509262084961,11.535091400146484
BLZ,2009,38.59815979003906,22.222787857055664,298.5954284667969,109.12931823730469,33.496917724609375,14.422928810119629
BLZ,2010,38.65957260131836,22.698389053344727,281.7699279785156,99.93907165527344,20.800287246704098,15.83663272857666
BLZ,2011,38.406742095947266,22.211488723754883,290.3573913574219,104.44638061523438,21.68109893798828,13.647660255432129
BLZ,2012,38.003482818603516,21.70294189453125,289.6551818847657,106.8892593383789,17.352174758911133,13.405255317687988
BLZ,2013,38.19215774536133,22.068326950073242,291.7945251464844,116.36509704589844,19.293424606323242,17.884061813354492
BLZ,2014,38.01911163330078,22.281400680541992,292.341796875,120.66162872314453,24.04743003845215,16.559965133666992
BLZ,2015,39.339420318603516,22.439002990722656,297.4484558105469,140.91220092773438,36.05388641357422,25.87775993347168
BLZ,2016,39.566654205322266,22.602005004882812,292.74774169921875,130.15188598632812,39.56339645385742,21.327781677246094
BLZ,2017,40.563514709472656,23.764265060424805,321.4018859863281,148.86056518554688,18.948474884033203,20.260845184326172
BLZ,2018,,22.122661590576172,206.78640747070312,86.9758071899414,,25.955490112304688
BOL,2000,32.29299599276807,18.65144863521724,191.89278869507237,85.51192382215838,3.9708004512323765,10.434135415290134
BOL,2001,32.45265853055503,18.795929229767175,202.51068640555872,93.74279821178463,7.805969741469747,12.987310849600874
BOL,2002,32.63920746725595,18.985706835411357,202.72133228323918,96.45695951954438,9.925011697679931,18.160170655158453
BOL,2003,32.60738439961349,19.08287283904234,204.33245007915238,85.56231383217283,10.369200673102014,14.63307512488119
BOL,2004,33.02228743465791,19.24869680801989,198.8673637071479,92.25775168992342,6.972011776006637,14.638029484709394
BOL,2005,32.35472587896579,19.084219131878406,197.57069350236765,84.97873157657742,11.336446926807954,13.66003526363974
BOL,2006,32.34255541870886,19.248268792448226,206.43369001610026,93.24376734408315,7.348756897730825,16.219855002735923
BOL,2007,33.407385722757006,19.708919083001422,206.00407523100498,96.84870214202911,13.709431806763659,14.122673475915695
BOL,2008,32.51812402063658,18.8579223240752,193.16493224683782,84.89300653908076,10.428236077363284,9.670736052686838
BOL,2009,33.267006633850826,19.79451992565177,206.16752957854106,96.96233823532981,13.174533852401979,15.364963430836145
BOL,2010,33.063204403947566,19.73319517260461,198.07698272743067,91.35736780164387,35.68600843031652,17.307680801662546
BOL,2011,32.365746922730025,18.09887069826026,184.47730363637007,89.56073644396426,17.533009253045147,13.387649443474617
BOL,2012,33.373915207425505,19.10868346695018,207.66281974587494,103.00485438893791,17.703325949527645,16.245019703440814
BOL,2013,34.877449458593276,20.702877954140387,230.59962467454503,109.1291717255112,11.505374129511715,15.104118818669551
BOL,2014,35.7545910211489,20.72945609305964,223.8494590797456,113.45649758770185,15.697480234064463,17.529454032284374
BOL,2015,34.6876853668524,20.379366490152446,215.44047017459306,122.10307638978743,20.889208500650938,27.276516568050912
BOL,2016,35.552019664666204,23.91253972590833,192.74993468867916,138.07685340496812,22.051566647160517,27.337820453081257
BOL,2017,36.213008784813454,22.94080560882575,262.301207791994,141.9236062051451,12.264897303364215,25.286544409838193
BOL,2018,33.723427599384415,23.622387254625707,186.06450377707972,139.79378488552618,5.78290847041088,25.684683798441906
BRA,2000,35.69856140539548,23.949103189128326,323.819375770796,161.00550119609244,7.930655724088548,13.941362710354966
BRA,2001,36.121560206956694,24.30737993221448,328.9664047449555,166.98266277704914,22.218724126248098,17.125555977652674
BRA,2002,36.363245001883065,24.40137035129307,325.76574628294105,167.15440756689466,27.721946395441524,24.4174975955026
BRA,2003,36.24427867103295,24.177970260150257,327.3453090588373,165.14227979845947,28.704333595410624,23.099651537526046
BRA,2004,36.11209430173549,23.926430653437272,317.9746140350325,161.2661781650818,20.857300061495906,20.82862404579222
BRA,2005,36.544630395632346,24.223338235279666,320.3914840484701,156.08313483317937,44.65229853539988,26.131561995191127
BRA,2006,36.195944552107775,24.141973342877833,325.1026118266403,164.85063666507762,28.031669164007173,24.562954154753854
BRA,2007,36.757796309575724,24.487761759828423,327.84174781402896,162.52894129952935,39.586864098521495,24.560755556175003
BRA,2008,36.577391475506396,24.09795651936992,322.45193235127135,162.85972028879078,28.97043508973651,19.175734399314717
BRA,2009,36.32900211346105,24.285606247536933,325.5004967470057,165.5552577464791,36.43896730142096,29.899618356792573
BRA,2010,36.82172696988179,24.617908003607095,325.55941473438656,190.5061505993055,56.307116965728184,30.518183009268398
BRA,2011,36.456866647686,23.831123079435116,324.84212909839124,184.393309565458,32.98525693141349,24.370909558433294
BRA,2012,36.94937468779433,24.308649556261027,330.0045333598342,191.60522768924233,45.67191517586725,25.021809352176184
BRA,2013,36.54564901617218,24.67258916240193,328.9366336787132,200.470501714802,28.189214887088795,30.032381805315044
BRA,2014,37.387368036940856,24.758110213858835,333.259356718276,204.39865805054674,32.3658529594087,31.24580539328667
BRA,2015,37.68111895017228,25.109885005531297,331.00516433482665,212.1773295848969,74.25769406583042,39.975071296240664
BRA,2016,37.145143189141095,25.31901850619767,335.8023789250952,223.21675115139487,73.40024904881659,38.31689657569091
BRA,2017,37.355857445975666,24.955780024082813,334.6569585419497,206.37477185883105,38.10203106532431,35.67690025965919
BRA,2018,37.04798499275389,25.38655293607886,334.189606491013,215.25427238609439,48.54906482821344,38.936140607496206
BRN,2000,34.71770095825195,26.29686737060547,365.9276123046875,355.20928955078125,,21.042470932006836
BRN,2001,35.1550178527832,26.2722110748291,364.83062744140625,353.15985107421875,,25.387231826782227
BRN,2002,35.344242095947266,26.37483024597168,363.91070556640625,354.0323181152344,,24.528884887695312
BRN,2003,35.064598083496094,26.86371612548828,364.9001159667969,353.6033020019531,,23.748310089111328
BRN,2004,34.891395568847656,26.24717140197754,365.9391174316406,353.0712585449219,,22.347177505493164
BRN,2005,35.072174072265625,26.45875358581543,364.7563781738281,354.7959899902344,,27.66952514648437
BRN,2006,34.698726654052734,26.81538200378418,364.8627014160156,353.6316223144531,,28.875253677368164
BRN,2007,34.95323944091797,26.449464797973633,364.73748779296875,354.8905029296875,,27.318593978881836
BRN,2008,34.4549560546875,26.17215919494629,365.6822204589844,355.28936767578125,,21.134828567504883
BRN,2009,35.54828643798828,26.732879638671875,364.4253845214844,355.2512512207031,,25.163501739501953
BRN,2010,34.80479049682617,26.63812828063965,364.7237548828125,356.2981872558594,,36.09632110595703
BRN,2011,34.60491180419922,26.343921661376953,364.75689697265625,354.385009765625,,22.910873413085938
BRN,2012,35.03281021118164,26.04037094116211,365.70489501953125,356.973388671875,,32.550086975097656
BRN,2013,34.867252349853516,26.448619842529297,364.8954162597656,359.286376953125,,33.842529296875
BRN,2014,35.64472198486328,26.560224533081055,363.7815856933594,355.7403869628906,,35.35971450805664
BRN,2015,35.25426483154297,26.89208221435547,364.8107604980469,358.1398010253906,,37.77802276611328
BRN,2016,35.598751068115234,26.971147537231445,365.9653015136719,361.8103332519531,,48.87796401977539
BRN,2017,35.11929702758789,26.669269561767578,364.93817138671875,360.7725524902344,,44.6143798828125
BRN,2018,35.543521881103516,26.715763092041016,364.91741943359375,358.6163635253906,,39.087711334228516
BTN,2000,33.618202209472656,21.515790939331055,183.3388214111328,115.47904205322266,8.732791900634766,14.172872543334961
BTN,2001,32.03507614135742,20.656354904174805,162.73692321777344,110.16340637207031,11.115556716918945,18.026275634765625
BTN,2002,31.787673950195312,21.367136001586914,163.57864379882812,111.27214050292969,10.380110740661621,19.263916015625
BTN,2003,32.507080078125,21.34005355834961,170.23648071289062,111.95585632324219,7.995072841644287,19.85897827148437
BTN,2004,32.36720275878906,20.791099548339844,165.7558135986328,105.0308837890625,12.374886512756348,17.25358772277832
BTN,2005,32.95623779296875,21.309356689453125,167.16636657714844,107.12741088867188,13.572454452514648,23.218059539794922
BTN,2006,34.36870574951172,21.698471069335938,191.0735321044922,113.13589477539062,32.10697937011719,22.039567947387695
BTN,2007,33.661170959472656,21.49799156188965,185.82577514648438,111.6373062133789,33.11573028564453,21.559335708618164
BTN,2008,34.836753845214844,21.202394485473633,193.72068786621094,113.3564910888672,20.690305709838867,19.137744903564453
BTN,2009,35.16121292114258,21.907344818115234,205.43246459960938,116.36973571777344,45.710556030273445,25.396820068359375
BTN,2010,34.567813873291016,22.348175048828125,201.95889282226562,122.49993896484375,19.17693519592285,27.337997436523438
BTN,2011,33.87636947631836,21.668588638305664,197.07501220703128,104.538330078125,29.36939239501953,18.092607498168945
BTN,2012,34.687416076660156,21.962154388427734,197.32920837402344,104.30200958251953,12.342611312866211,18.068332672119144
BTN,2013,34.89592361450195,21.920730590820312,201.2462921142578,106.39946746826172,40.151695251464844,19.794504165649414
BTN,2014,34.10891342163086,22.210731506347656,178.85009765625,108.46680450439453,25.690443038940426,20.228336334228516
BTN,2015,34.42976379394531,21.522138595581055,197.70069885253906,104.78577423095703,29.157033920288086,21.114643096923828
BTN,2016,34.85024642944336,21.821769714355465,199.96600341796875,109.8890151977539,42.93143844604492,25.898231506347656
BTN,2017,34.86193084716797,21.255033493041992,201.97381591796875,100.69857788085938,43.63911056518555,26.77592277526856
BTN,2018,34.640892028808594,21.989665985107422,195.7869415283203,105.65925598144531,19.984256744384766,23.535682678222656
BWA,2000,36.083922754119094,21.14540897193495,207.58578303780564,18.18036878320617,0.8310891826674403,6.830193518486216
BWA,2001,38.200801104814566,22.002129913765412,225.98781660035274,19.962765412575916,0.0,8.96248800136703
BWA,2002,37.97659962474922,21.96498343615387,251.89105151176634,25.05269501613139,1.1719464159119484,9.30883633169421
BWA,2003,38.27190310878182,23.295393578940114,245.53688757474748,19.83574791359462,2.6809397514672417,12.661568539567874
BWA,2004,37.86256634400931,22.825431096296185,232.30736893687813,29.059693477778062,0.9065825513133684,12.489487736576331
BWA,2005,38.94584439373653,23.46273747330801,250.42536887446641,28.041608565942493,0.2035615169122781,12.290238374576793
BWA,2006,37.61040487366491,23.30936480127917,217.64680973677744,28.947588544421958,0.0,12.112597303130261
BWA,2007,38.319597491676596,23.443527582710313,244.1478546581233,26.51636014605064,10.47274031577438,9.775652786130387
BWA,2008,38.602134409218515,22.618731466136023,248.90015425852374,27.489727409494492,0.010582140903425654,10.020455162290087
BWA,2009,37.518874242319505,21.485039266076345,229.1347742186665,11.513039517128757,0.5994536138152602,11.072588402737773
BWA,2010,38.34005450996295,21.068972932874708,237.3080545205882,12.421521044747287,1.6288348526115182,12.735426247776822
BWA,2011,38.85908539622389,21.946764965621508,235.393323444131,27.831267375095575,1.114464896539694,9.804148112842404
BWA,2012,37.951155722600525,21.975760118697615,239.78036975888466,31.132601357254824,6.5476600822484885,11.485425717810076
BWA,2013,38.61018785137678,22.58959965777905,235.9579401429015,24.702569782534606,6.621281880055282,9.917204078391809
BWA,2014,37.59341856247036,22.128530075106468,240.31165716233758,24.527885154394177,8.26712559441647,12.982762714922126
BWA,2015,40.01552715992923,23.789548250077694,270.02027568818244,31.256779860478684,63.42800854249562,15.818627726443502
BWA,2016,41.6499515335464,24.28315015135182,256.295535864947,34.754625397095175,31.895892583808905,16.606947296374617
BWA,2017,37.48106620004333,20.8807142699985,242.6649045277894,10.052642512961684,24.88412336909255,13.39756341343474
BWA,2018,38.20711968095282,21.960974339234966,227.89052035883384,13.009043879116506,5.630007577643546,18.846419777941772
CAF,2000,40.39302635238853,28.229341863847445,358.87969867346527,234.01720880840918,,15.279349612131272
CAF,2001,39.91784737213879,28.302312576319125,358.5970581589115,245.79757511156743,,10.416215519979165
CAF,2002,40.41214024277702,28.904627848195428,356.0727331853367,256.12871378952065,,23.744356075369595
CAF,2003,40.06291450534145,28.840339982277044,360.6550131318486,260.96783358558775,,24.48872247164146
CAF,2004,40.31740852291535,28.477628868876774,359.9832593064279,260.56316751505824,,24.293916431750798
CAF,2005,40.00388652826782,29.04637475253139,356.9154207949088,265.1850261058224,,24.133079922318387
CAF,2006,38.98806932805258,28.13155658065317,357.85045965058686,260.6273209757655,,24.119005877876287
CAF,2007,40.54788889989573,28.407728215791202,357.0916673889798,260.3926213878153,,17.832558991973027
CAF,2008,40.26446081078274,27.627583094674147,359.5504083651736,266.4217474107376,,24.223145732320578
CAF,2009,39.84446603015092,27.76851344069121,361.587000659724,278.36784763897083,,34.25924352532024
CAF,2010,41.58743376009534,28.53250360267965,361.7388618297843,286.8548309350801,,
CAN,2000,28.991822854941365,15.97678687924489,19.43819194599543,0.3760267951832322,5.679311820044261,11.385619938815635
CAN,2001,30.170585828153687,16.738263938096605,26.955873761692736,1.0610672655195164,5.91529455052272,13.65924307976889
CAN,2002,29.76812324821794,16.714932523384892,25.91159836304978,1.349252394999498,9.074929918858526,13.51997009501089
CAN,2003,30.0648444295153,16.54449907263969,28.604563056925493,0.6634589407229357,7.625041013747141,13.362309230773462
CAN,2004,28.86801776841953,15.505451991819502,21.11016147556831,0.3663368144628764,3.0110924185601258,10.048531950648254
CAN,2005,28.7574821502132,15.785091226126953,23.505767189840395,1.3931310146813822,10.765311058745494,15.58655205602537
CAN,2006,29.762153813748125,16.606387004441533,28.371735393777808,0.9162919578673597,11.140312608371458,17.388944356507878
CAN,2007,30.014037057157005,16.97054322090926,25.21104980298389,1.0432496410686016,4.6964321412606,12.40346259757516
CAN,2008,30.177344889718,16.50478457342303,23.181108614730476,0.4762057722388289,3.7742455663028447,11.010140717228566
CAN,2009,28.837473128709817,15.716726926372083,21.59828729788239,0.3523270120874555,7.75237703551109,11.322876116772138
CAN,2010,29.4562887131646,16.292624285310808,25.554698866810867,1.2079954574984382,18.09221621407985,18.813327462393424
CAN,2011,28.647157903996998,16.13920040815453,24.763952758290404,0.9437648484150218,7.777002045465091,13.50294936976548
CAN,2012,30.254401258557273,16.672628111409466,32.055575701419826,0.9301939863091906,9.283121900472961,15.96527138893555
CAN,2013,29.973201290302416,16.74629477807069,26.895489444950854,0.9877634414821659,7.43647086955109,13.005323994223135
CAN,2014,29.607181106873973,16.371273251106942,26.96418751789416,0.5020486951716401,3.4922156289182613,13.051978030983769
CAN,2015,29.551049087285737,16.390896555352246,28.523240486014664,0.6987630276410618,8.525808425063017,15.412877813723105
CAN,2016,29.574693207323808,16.59237909395938,31.140121041533384,1.018575179767274,8.638002153782852,17.85880770654441
CAN,2017,31.065979612816673,16.50632060109287,32.987984088236495,0.5123683508987913,8.676638117689505,14.659136030796107
CAN,2018,34.487158662128714,18.598604744382254,63.50496449926131,4.1748184231241545,3.926436561636405,12.743540690372107
CHE,2000,32.92087809244792,18.97474543253581,57.76777267456055,4.266738891601563,13.703331947326662,19.650833129882816
CHE,2001,32.90117390950521,19.516438166300457,55.88387934366862,5.7830478350321455,11.0632537206014,17.859436670939132
CHE,2002,33.73906580607097,19.87438011169434,51.438156127929695,4.866807460784913,19.09945678710938,19.71718533833822
CHE,2003,36.75275929768881,21.08847490946452,85.34593963623048,13.80930805206299,37.45765050252279,20.779314676920578
CHE,2004,32.22651036580404,19.26814333597819,56.572755177815765,5.444621721903483,12.460050900777183,14.907836596171064
CHE,2005,33.70680109659831,19.80145263671875,59.07622273763022,6.099287033081055,19.98368581136068,16.62154006958008
CHE,2006,34.557122548421226,20.259826024373375,66.25072479248048,7.860498110453287,25.423738479614258,21.373989105224613
CHE,2007,33.80244318644206,19.304021835327152,58.777685801188156,4.3568956057230634,33.39744186401368,19.343390782674156
CHE,2008,32.103535970052086,18.936564127604168,54.31040573120118,5.500442186991374,13.361206054687502,16.060063362121582
CHE,2009,33.89416503906251,19.195276896158855,64.00036112467448,6.981782118479412,17.12513319651286,16.45615323384603
CHE,2010,33.88229115804037,20.101778666178387,53.15354029337565,6.402979214986165,7.030485788981121,12.870552062988281
CHE,2011,33.75571823120117,19.380350748697918,65.72391637166342,4.997830231984456,27.9445743560791,16.971666971842453
CHE,2012,34.807487487792976,19.851301829020187,61.78879801432292,7.481979052225749,22.83347702026368,17.606762568155926
CHE,2013,34.90015029907227,20.05054473876953,57.20325215657553,5.772025426228843,10.134337743123373,15.44452985127767
CHE,2014,33.28180440266927,19.049055735270183,50.56387329101564,2.9662039279937744,19.82884788513184,21.598129272460938
CHE,2015,36.2052230834961,21.023399353027344,66.74481709798178,9.604340235392254,39.60005060831706,20.06649335225423
CHE,2016,33.40118789672852,19.39915275573731,63.525820414225265,4.908950964609782,19.056701660156254,17.367245992024742
CHE,2017,34.25044250488281,19.753592173258465,62.76632944742839,5.916358947753907,25.304644902547206,17.003760019938152
CHE,2018,33.927970886230476,19.963541030883793,81.43614959716798,6.19403060277303,36.44027455647787,24.258926391601562
CHL,2000,30.55294390339345,16.676862327637604,61.34779818184284,8.998683443076656,0.31519551912675503,9.211873887398607
CHL,2001,29.541680451052308,16.97851382118713,66.00756090762275,12.194010511747525,1.0819626832101932,13.493705329844587
CHL,2002,31.904976109413997,17.072485405306793,67.8471416477049,11.393568475310873,2.3288995608263403,12.496642614410296
CHL,2003,30.281638124633385,17.060410757334047,66.76351743217991,11.136287257810801,2.3658824917325973,14.025681230432086
CHL,2004,32.13850568994875,17.38681927410943,71.22817557651928,11.450901079788263,3.696699710808933,14.20864196478704
CHL,2005,31.89992991418371,17.33056392870219,63.56852962940105,11.086515515093266,2.581143750404158,11.735030913026847
CHL,2006,30.855049991081238,17.631935915792273,66.17695169527904,12.444222090533245,1.498253874283944,13.56438514207384
CHL,2007,31.56783521081683,17.27096804551509,62.993555977281616,12.296991787811132,1.265597698182258,9.932382755452165
CHL,2008,32.0788863689143,17.603669615852287,71.75143453108163,10.223144890702898,6.970046966122065,13.383467663407723
CHL,2009,31.36697577043834,17.3363164063763,67.88216312078511,11.925641713432661,3.959541990557428,13.388574866812927
CHL,2010,30.314843293037008,16.65095148109532,57.14473213729959,11.521386695052893,2.0667575431182414,10.771012358739531
CHL,2011,32.178328240907526,17.27072714656874,76.78550858479524,11.77984346053007,1.6873663471263947,10.954663725881566
CHL,2012,32.338246708783316,18.204249994688627,80.74047989958812,17.154500920737906,6.168347395517239,14.62252499036522
CHL,2013,33.29921930564507,18.240717033540037,84.32902461714555,16.28366225975662,10.07379133309088,13.67992706616247
CHL,2014,32.360663975926904,17.95740998931391,76.62772908853574,15.295552269789562,3.930434898057061,13.93290090150919
CHL,2015,32.33898108332625,17.76145167137138,80.28723898006814,17.568915566605455,4.643658980308656,18.473179345019975
CHL,2016,32.981375567542344,18.016432283395417,79.24059170894581,16.96771615617533,7.365014016559174,17.59985969831809
CHL,2017,32.788290139667545,19.0650501336609,80.82205065441087,20.46108243377954,6.815206307021707,16.534243255377184
CHL,2018,30.11306144617558,17.290705324106757,56.869076693517016,2.5461267276539488,0.8040529412814618,13.79790727891165
CHN,2000,34.63195792351542,22.645811558566887,112.71977994978799,55.51204927437788,6.879803818268615,14.83447018744533
CHN,2001,34.46646977303632,22.37631445100899,110.9937513249412,53.851284605427956,10.065917680433635,16.95292284663928
CHN,2002,34.155550138702885,22.427490838299274,110.57131955311505,53.14583195528507,16.34072590671528,20.141251239352858
CHN,2003,33.42009891726683,21.86376404323714,107.09613490218479,52.34039819090945,7.941656556058428,17.782920651754182
CHN,2004,34.012309907412714,22.20548449409283,110.6533699449131,50.40118442904595,9.726923619518026,17.87855771191123
CHN,2005,34.297735930814056,22.62113701972078,112.45429286461044,56.5402945425775,9.142064020528895,18.881753418042276
CHN,2006,34.55224336146147,22.701089717034424,119.2091503325178,56.70280529285383,18.092287188850733,21.626105703200203
CHN,2007,34.08651915587492,22.3061377874084,116.44015220251379,56.6444115862753,17.38286898689997,21.332189851783664
CHN,2008,33.87122136719461,22.142596010567196,113.5151614358137,56.838223164064075,12.25389395034488,19.06432642307236
CHN,2009,34.02830750550017,21.999854809668456,115.24732576068263,54.49180466044557,13.69271581864736,21.128884948049798
CHN,2010,35.51613482592961,23.260609215799388,111.45790564826203,58.40566557442583,15.760501387471189,21.851830082264183
CHN,2011,34.25826705023908,22.499055558353565,110.87121154527816,53.010931530609085,10.097760112121943,17.899184848904323
CHN,2012,33.60968965443346,22.258456879898727,111.67299464605006,53.71012995440559,4.6866648052666555,16.660101055025365
CHN,2013,34.19201316485497,22.513382058637763,115.38289265003878,54.88536092843937,18.19564843309572,21.044231190332273
CHN,2014,34.17942853610214,22.419070681557248,108.54327905517503,53.915291222334744,12.215645758507199,20.754356942625186
CHN,2015,34.60347444850356,22.61340014955164,114.46520929506748,54.91088574671261,13.230789202456714,22.70862269654911
CHN,2016,34.64618192592612,22.943193553818787,114.59645162896399,58.77485883672153,17.0143315630408,25.653517473169085
CHN,2017,35.19376078042979,22.981783250656598,113.64837608107929,56.93463157579461,14.041595511337423,24.71848656183142
CHN,2018,34.25691233224741,22.87696778964189,115.37567963423704,58.951470040604605,12.921447637649337,23.893693306480923
CIV,2000,39.10143337295819,27.36425155205208,362.30236211395805,277.1256222727915,,
CIV,2001,39.23651951671982,27.32284861665206,360.9367113965358,276.36362690780913,,
CIV,2002,39.16668333136303,27.72778127237341,362.1120532677104,282.4744197290613,,
CIV,2003,39.20426424469256,27.648745829045737,362.5967930156929,294.9613458558283,,
CIV,2004,39.06955933050025,27.701848315856083,362.5656166848297,297.4446192413903,,
CIV,2005,39.12782267990762,28.06626861427098,362.466118775845,296.0212757186202,,
CIV,2006,38.838841333605004,27.63503490947686,362.8276239203288,290.66174767144537,,
CIV,2007,39.41321996744313,27.882285727068858,361.8428469231799,286.9248536487184,,
CIV,2008,38.64678140173761,27.43896237935289,363.023472015189,281.47074054460364,,
CIV,2009,38.800196510880156,27.645313187490267,361.9587177747845,293.52121688746433,,
CIV,2010,39.49991711089067,28.471863197273056,362.88689717477274,298.4609870316166,,
CMR,2000,39.6960598352071,27.78399622317944,359.89975574595655,262.45670177263474,,14.335141788728233
CMR,2001,39.24961011624934,27.84830711237143,358.04033956420034,266.89930048460377,,
CMR,2002,39.61219782853596,28.380046739994476,358.3441806964338,278.0482944867353,,26.50512553536927
CMR,2003,39.37283111138385,28.112092150965225,359.68035967919604,287.92610119558975,,27.88635024255919
CMR,2004,39.74893301734966,27.798727926535896,361.3694360928084,285.7700085660352,,25.353111912100204
CMR,2005,39.241828369035474,28.24930121326111,357.0170405212571,290.3175693660649,,24.943621669598667
CMR,2006,38.475331991232636,27.395400244445874,358.00730286273125,291.39938633636797,,25.463301156250175
CMR,2007,39.80034498904197,27.74122360101379,358.13855356406776,284.85051958634403,,18.66728200446843
CMR,2008,39.62967534844072,27.27603633042916,358.95940088570075,283.9793804943557,,24.59438627551777
CMR,2009,39.03918655868699,27.174740061038666,360.2607397186701,297.1882142096271,,32.94164600087478
CMR,2010,40.56400738443649,28.29536383214893,361.9363115180657,303.570595803594,,
COG,2000,38.156986785267044,26.66362208230276,363.5468660898295,278.900558979313,,
COG,2001,37.796259550004784,27.113702389445596,361.0600286493164,284.5076637461547,,
COG,2002,38.11237206492189,27.632612675514792,362.5388486765012,293.3384800846003,,
COG,2003,37.60427819704033,27.623171052901863,362.98670882526943,303.4651153078551,,
COG,2004,38.5181062217697,27.46353929609149,364.6012235289137,300.7189718943968,,
COG,2005,36.987253955039826,27.301209621183727,359.9268146384731,303.3681370324959,,
COG,2006,36.56873012021707,26.537566234462716,360.1835746857007,303.5902579907427,,
COG,2007,38.09528448663638,27.117555275690652,359.6238934607535,299.2028738595335,,
COG,2008,38.29025186192569,26.882731979601925,362.4094613678425,299.577773553632,,
COG,2009,37.10386206162554,26.562205983676996,361.82041574424494,310.6876590935699,,
COG,2010,38.300245670204205,27.484316753926773,364.17611249239604,316.3713115591356,,
COL,2000,32.36205870539143,21.800124418865895,278.50373244737426,205.11031223641012,17.52336095269876,6.84886674808851
COL,2001,32.94138438061521,22.22912645028633,267.81858587269517,220.3275308815344,26.624742435656707,11.524275389284718
COL,2002,33.458674218163615,22.903659887055905,275.3268527846089,231.84994599486802,7.523536544300474,27.08571648133606
COL,2003,35.356926723841276,22.498205458247323,326.4902683767002,214.96597443728587,16.051374908182858,22.86618259412429
COL,2004,34.897495126714475,22.599111473586948,308.20256664147706,205.81830023446543,13.673982932109082,18.053033471552556
COL,2005,35.45084545252622,22.29703203494262,324.63893817380495,194.9208112279033,53.27994765767362,17.952018998854605
COL,2006,34.59403809257217,22.068487572624843,313.79675281514284,203.74004881186627,45.035939004262715,19.465760521842377
COL,2007,33.744657983478945,22.470362656460207,275.802548361663,204.4742355420282,41.224284261377946,17.94132008837031
COL,2008,33.068640521948616,22.182742179450663,289.5943061587784,221.53225887462244,32.13842078761101,13.680187287048412
COL,2009,33.56624845770419,22.185945244145216,279.38340243653613,201.4442214603939,13.154911319584434,28.314600653197683
COL,2010,36.0280229457953,23.39127318221416,321.8744767584596,220.3163373827186,47.725114790216786,26.413320529072497
COL,2011,32.316109839046455,21.29003989350876,267.5772977145813,212.40665283178498,11.560088815660523,19.74060672674953
COL,2012,37.16614690350545,24.68980809461817,361.2071867092201,274.70705513190563,58.30592569361646,17.095107912677054
COL,2013,36.734036420735784,24.94579089534577,353.4289489922612,287.03850683441476,24.957567486738245,32.36082510420411
COL,2014,38.03416773937327,25.40387693396225,358.8292903329431,326.2731028661752,41.429995341745574,31.034324045324684
COL,2015,38.77323165510641,26.005447928077057,358.53867972490593,327.14380086334404,118.82780223226885,48.80428666689143
COL,2016,37.88610822045183,25.493313067011695,358.31637834867377,307.0341685915918,73.21507897840277,19.77883912431806
COL,2017,36.89695655671833,24.97416590596737,356.83003002786455,294.069389437,,36.24295926357438
COL,2018,37.81470574114733,27.030735093891384,356.8256478858006,292.670007377871,,
CRI,2000,33.63446968066123,22.47470228651106,316.4250321261935,144.88804486176633,,8.547041080578644
CRI,2001,35.74357928211607,23.003925737107636,323.6194290433937,145.17575042665334,,11.23814452309029
CRI,2002,34.016225832276774,23.085012028500635,322.31850088547134,156.00169470269188,,15.531553358326452
CRI,2003,34.98908615112305,23.357353112873184,326.62138399895787,148.27478186313522,,14.972605911276245
CRI,2004,35.93830108642578,23.120858280217355,324.59064865200753,142.45280354562638,,13.726034618597868
CRI,2005,34.5229606628418,23.08883376370841,336.7089402514535,139.69019145005663,,14.267211391003528
CRI,2006,33.44115900369547,22.44433775653984,325.95739527867386,138.59235403541203,,15.95149389130608
CRI,2007,34.34512362751157,22.581607049139777,313.4918865883566,137.04758265485006,,15.24831294758679
CRI,2008,33.43433221323229,22.322102115547402,316.08270722181254,132.88949862288214,,12.89293972462782
CRI,2009,33.12715699427617,22.56904893756171,318.13898040747966,134.68925998436217,,16.063453304163012
CRI,2010,35.735965728759766,23.009508657934024,303.98016703860384,120.93086617175868,,18.47037925072708
CRI,2011,34.217098236083984,22.35561071427333,295.4611108436214,123.80581564759773,,14.44476232021808
CRI,2012,36.776832580566406,22.555722372236733,294.31911868222625,120.10066273894893,,13.51757654925248
CRI,2013,34.963783264160156,22.90742758789572,310.043626763744,124.6646441560106,,18.069819244139886
CRI,2014,35.590614318847656,23.21792239234724,311.6642086462156,130.8896258170042,,17.44381975931745
CRI,2015,37.498687744140625,23.73184059043463,318.6727434127674,163.60265699185456,,27.631038723029654
CRI,2016,38.940574645996094,24.089480946526738,333.1434455313792,149.37579319689894,,22.13243682689441
CRI,2017,,25.005631552394565,353.67176957413807,171.73199173099087,,20.251379007873602
CRI,2018,,14.814925193786621,,41.92607347760089,,30.559974670410156
CUB,2000,36.82704162597656,25.163981163312005,320.6699422311386,129.74695190010075,14.569751739501953,8.770364230982471
CUB,2001,37.868743896484375,25.006520975498066,312.84972068083005,131.54850548369703,23.595815658569336,11.136562486642804
CUB,2002,37.49913024902344,24.96480949701752,309.1990622575547,140.35888479876297,15.115144729614258,14.05563811714336
CUB,2003,36.07343673706055,24.91845394830558,307.571763640043,137.05627115625919,23.33782196044922,12.28261487301351
CUB,2004,36.33063507080078,25.097780352532684,315.39748760065567,131.2849299229084,20.71136474609375,12.801104478582076
CUB,2005,35.76142120361328,25.441005835447466,305.2409111088932,133.9045822529598,19.951982498168945,15.150473355103665
CUB,2006,36.36867141723633,24.913962483123747,312.41517940249616,134.08738919715293,23.005474090576172,14.297236979798353
CUB,2007,37.091670989990234,25.362921287492203,321.95684345174607,133.9111024686294,17.75733757019043,14.973053191934811
CUB,2008,36.52729034423828,24.869193765799153,313.3141511396083,122.04325129267828,11.172619819641113,11.61630725356589
CUB,2009,36.70050811767578,25.191652321965606,310.44634037346617,130.00022384140144,22.642160415649414,13.478647494288182
CUB,2010,37.36852264404297,25.852095232179206,292.60546185321203,125.24036778900316,20.626888275146484,16.859051442039497
CUB,2011,36.83676147460938,25.192382807825645,302.96913835743146,113.99247119521716,18.706701278686523,13.531838224991132
CUB,2012,36.10224151611328,24.655717212030957,312.47307845872535,118.17026250428191,10.240911483764647,14.238872687739171
CUB,2013,35.52254867553711,24.556075333010046,309.7956943791823,125.5644550478447,18.44400978088379,16.9756759820522
CUB,2014,36.34312438964844,24.788939324364,295.72777044218765,126.52858541299285,17.739347457885742,14.231439452456996
CUB,2015,36.07392501831055,25.051727522082167,305.2981180194099,143.78107812974676,26.93660545349121,24.794041441440946
CUB,2016,36.47340774536133,25.576228502965282,292.3995125896748,141.80062078144212,25.04094886779785,20.226169318127845
CUB,2017,,25.5400580458795,305.0986201409178,136.90303876003532,19.750347137451172,19.926349697235153
CUB,2018,35.174930572509766,24.92567708771918,255.77822948089795,100.3855716186175,10.05864143371582,20.843463970502945
CZE,2000,33.898768330994685,18.591047700864564,44.98263242867466,1.3752541986493307,16.702166766276285,19.684283563136333
CZE,2001,32.5514508491346,18.96519925635299,40.75756278876299,1.6266157843380045,6.215691902652165,16.096990702232354
CZE,2002,32.91603731381617,19.202553671104273,46.62713324059072,1.6147823498079257,22.50574672662952,20.09902699069348
CZE,2003,35.471169096162605,19.7900622552783,68.80464219789162,3.75522150674979,23.21849530025236,17.466595689907024
CZE,2004,31.372477089482842,18.24450972396115,37.90052308438808,1.3161916453247593,9.198860615839408,13.673125480173349
CZE,2005,33.34398499490438,19.27795083540208,43.809211836747686,1.6868546590289752,14.691812209472936,15.259522113170178
CZE,2006,34.181865546036704,19.629990298418125,52.25696300368575,2.4199738510676543,24.761170138604644,20.255135308472738
CZE,2007,34.854722604231725,19.236358380291385,47.316165585177146,1.6638669583040624,29.965506529455368,19.381411301892257
CZE,2008,31.80341599460471,18.298926676902987,44.92098802447361,1.4915869932957606,12.770539879078926,16.584278969824403
CZE,2009,32.596020383321694,18.08673404749777,46.356295166996695,1.6087616128069182,15.159788897932344,15.617639729123415
CZE,2010,33.95702588950115,19.86368388334133,41.026695364524564,2.391435318442937,7.906801617596147,12.98381238413546
CZE,2011,32.57057805680406,18.78415055137178,48.41107891318238,1.4450331913858632,18.50569711594701,16.191858911183584
CZE,2012,34.93429942417489,19.406638469726275,50.96829801370058,2.458373899042778,17.705457342193604,17.386879259337334
CZE,2013,35.35295557183267,19.917069941903424,45.40954219652735,2.285471560865188,9.965053666319882,15.676208310413335
CZE,2014,32.92884175379898,18.95591427570514,40.88401212290586,0.989455398559305,19.491470622247338,22.88673301449954
CZE,2015,36.03604150385511,20.34626564444426,53.32144901097937,3.933806194012058,34.928146908396805,20.114664528317117
CZE,2016,32.99485537533511,18.933587484682587,52.01523508143137,1.583445765885041,16.585052268333676,17.72042614086313
CZE,2017,33.54830063366126,19.151153711348172,49.285956584351595,1.8807944997105563,12.334057651595757,15.959846989474714
CZE,2018,34.54242963411709,20.104691405812122,77.49107739343148,2.6880902516805985,37.943677610498156,24.308740621287445
DJI,2000,,30.673681259155273,,241.09136962890625,,16.090381622314453
DJI,2001,,30.323108673095703,363.56402587890625,249.3642120361328,,15.180378913879395
DJI,2002,,31.547592163085938,360.92431640625,251.14385986328125,,19.73295021057129
DJI,2003,,31.84440803527832,364.2660217285156,252.0814971923828,,18.344562530517578
DJI,2004,,30.478321075439453,364.1877746582031,253.90365600585938,,18.750852584838867
DJI,2005,,31.43628692626953,361.7652282714844,260.3116149902344,,21.701200485229492
DJI,2006,,31.549808502197266,363.258056640625,229.5668487548828,,14.41588020324707
DJI,2007,,31.442174911499023,361.1067810058594,248.97232055664062,,16.48503875732422
DJI,2008,,30.62274169921875,358.4614562988281,260.02215576171875,,18.778358459472656
DJI,2009,,31.81511878967285,364.8852233886719,257.5422058105469,,27.914270401000977
DJI,2010,,,,243.26039123535156,,
DJI,2011,,,,196.0989532470703,,
DNK,2000,30.294575199594952,17.24599957907169,13.27064986319312,0.07769919681025832,16.204241605444285,20.51914135082472
DNK,2001,30.4388310050376,18.50426924061281,17.63236330461747,0.19305074871726596,5.577474829053771,16.00798488258614
DNK,2002,30.518057507784675,18.94779535104964,25.39113470788178,0.3406781214659098,28.13516443631206,20.602292314153885
DNK,2003,30.97221802645941,18.989066257372414,28.722871331241176,0.5516497763592553,17.393588781594207,17.005906318131643
DNK,2004,28.91745213973512,18.018782911489296,14.79518761320229,0.1332611344117526,9.69974724932325,14.412362388256504
DNK,2005,30.425150198132588,17.640900122846983,20.066343897481183,0.08802491790110328,21.848360779110152,16.71344712706166
DNK,2006,31.803310196963853,18.93959302810665,32.604293878651376,0.6602047525798578,39.682860626475026,22.826128034187747
DNK,2007,30.787011025920517,17.927203121478207,16.728958509755465,0.08630180869527841,27.42347932790522,19.140620194153474
DNK,2008,30.590283764579457,17.402774188318986,20.61501905348007,0.09263533409538921,15.029177041403546,16.977576387668776
DNK,2009,30.717998045176994,17.444582547832237,19.972734567906528,0.048687957706316336,14.136894771558906,15.179159530040238
DNK,2010,31.211926446960003,19.03019327690057,18.653264910971764,0.6388623783740041,4.880602325995673,11.801258822402625
DNK,2011,28.457172363883217,17.804060218339387,17.126277455794625,0.03848760340121108,15.956815520826403,17.568397525568727
DNK,2012,30.201274449397918,17.753331361505623,15.719426046139095,0.09440100121514512,10.715954081027933,15.135213680564233
DNK,2013,30.66928016277482,18.123093846731678,18.582963981853872,0.1947540155454987,7.241052596980421,15.220806684852507
DNK,2014,30.967620227103442,18.913769847588068,24.112563415970456,0.5397962329611065,25.357526765804483,24.344608220567988
DNK,2015,30.873224323871845,17.978165838244326,17.81670948865195,0.3207400625959494,28.23534032193396,18.795815714849667
DNK,2016,30.068427628355437,17.908108561301386,22.300631772344346,0.08359270803529731,18.357076282747457,18.365358301094954
DNK,2017,27.999141856995095,16.644344164135877,14.417311944682611,0.02538864632361222,5.874451292536961,15.90350813867639
DNK,2018,33.34758530920266,20.280070692000137,48.542920297670506,1.627213831778668,34.75621862296399,22.600832172083965
DOM,2000,,25.60620880126953,365.6030578613281,197.1343994140625,,7.399817943572998
DOM,2001,,25.978227615356445,363.8890075683594,222.44734191894528,,11.869827270507812
DOM,2002,,26.286483764648438,364.5092468261719,228.27676391601562,,15.135416030883789
DOM,2003,,25.920034408569332,364.0476989746094,227.536376953125,,13.446421623229982
DOM,2004,,25.7056884765625,364.72637939453125,204.1116943359375,,8.151434898376465
DOM,2005,,26.516998291015625,,187.9862060546875,,18.217029571533203
DOM,2006,,26.259206771850586,364.24493408203125,211.51449584960938,,18.830629348754883
DOM,2007,,26.88067626953125,364.0228576660156,223.50729370117185,,15.562155723571777
DOM,2008,,25.919998168945312,365.7322998046875,187.5962371826172,,7.019620418548584
DOM,2009,,25.730859756469727,364.821533203125,186.4103240966797,,6.904284477233887
DOM,2010,,27.028715133666992,364.5926818847657,180.69190979003906,,11.185823440551758
DOM,2011,,24.866878509521484,,122.70050048828125,,5.934390068054199
DOM,2012,,25.432714462280273,,116.41895294189453,,7.137324333190918
DOM,2013,,25.36855697631836,,130.0308837890625,,15.363801002502441
DOM,2014,,25.058563232421875,,132.68006896972656,,12.466351509094238
DOM,2015,,25.402231216430664,,138.3667449951172,,24.84819221496582
DOM,2016,,25.45347023010254,,134.01315307617188,,18.63327407836914
DOM,2017,,25.26846694946289,,129.14993286132812,,18.31946563720703
DOM,2018,,25.872722625732422,,132.3344268798828,,20.60945701599121
DZA,2000,41.20871620313572,26.033494760348656,210.77263818754363,89.67033872230739,10.00410268903132,14.51954297454569
DZA,2001,41.864701982413244,26.54756764883063,219.77076772054764,92.42505126486375,18.500784147563074,18.65034459016984
DZA,2002,42.17151144728369,26.34853396781604,215.2241637024019,94.62132892571006,19.998141901243446,16.33821455778863
DZA,2003,42.486412354820835,27.49196724486699,215.31153493064824,107.59740820949277,22.52088836873821,21.915819010846352
DZA,2004,41.29193404411065,26.9567878994275,209.81004625570637,96.65006685083695,12.37021612733278,17.247099591287885
DZA,2005,41.461586501437864,26.63534374021192,211.7165118260986,99.76104173590595,27.856561586274697,18.580423753207718
DZA,2006,41.98508348453174,26.79878136750804,216.04334746910266,98.2238854193775,34.193799787522984,21.548075753931634
DZA,2007,42.37631690625679,26.658237491361636,210.07584537829595,91.24889879698421,25.66170688736671,15.505421090438288
DZA,2008,41.8832842093018,26.73486481461169,206.39575088622792,96.21656333408863,21.50733470212526,16.705689822100425
DZA,2009,42.73070672127584,27.429556695941777,225.87071611226395,105.5953188361032,22.556646877937435,20.42385066721561
DZA,2010,43.66459878675507,27.656342879027566,233.5008841119175,108.21584586799915,46.952745729763286,21.419595699631962
DZA,2011,42.0553306801595,26.146790659566776,203.25599969669707,58.196660247737896,23.324855746925802,20.441286994783372
DZA,2012,41.69375880926434,26.334608320528886,171.21346986841982,62.895597941365565,15.514780977569954,20.350131765558274
DZA,2013,37.982926480674514,25.88530649629184,175.26169497269885,55.439649409627464,12.515516897642684,16.228982178694885
DZA,2014,39.99865218437861,25.971956416892187,185.90880515702108,56.22970955060943,25.852106383897983,22.398175709947655
DZA,2015,40.99840657709274,26.93976296774669,173.86548703203934,64.23148309855493,34.85902311259785,22.734198295467124
DZA,2016,40.45707782248961,26.581390543791468,182.47882845170022,66.08480363565772,21.440709606610273,22.760340508237498
DZA,2017,42.425258353862006,26.46984728064357,211.20902438950102,65.23534264643047,33.50749102490487,21.731178983247297
DZA,2018,43.01387315466314,26.569877332945033,204.37557928333678,64.9836193798221,35.42089901501201,21.532262062934528
ECU,2000,31.318090537487745,20.3023461572791,242.9335806297554,149.73757713131033,3.0898853870815435,8.472623333860737
ECU,2001,31.32113516173415,20.415965021336913,237.34393991403167,150.25547911254287,5.490647851413564,12.060586244946684
ECU,2002,32.124252199668575,21.353632112706094,258.49286960520436,186.2731466035293,3.7406116553349777,28.14650435698933
ECU,2003,32.33825560591957,21.247811861969645,265.6922444025226,168.5446145238111,5.925266156655119,22.6656814654604
ECU,2004,31.477343022470254,20.43985499322035,242.18122501179863,152.38313949048222,9.622336474740356,20.79651378205995
ECU,2005,32.70623319189406,20.54730296331904,268.86696168681897,146.89338634449123,7.964591228088982,19.43287882940812
ECU,2006,31.485807669433655,20.152908440082356,245.07009481722068,146.00996606756948,5.078789188538672,22.321251728379263
ECU,2007,30.78235235916916,20.432140616384327,214.9419936535495,141.70830945619147,8.200369758883696,19.463568053848068
ECU,2008,31.112888756348102,20.721917153254545,253.12895480662976,182.61771206837466,5.635259462828475,16.686036408222197
ECU,2009,31.519665007927617,19.834655411378368,228.27911516708664,145.38458397986133,9.169783517232315,27.87117505189969
ECU,2010,31.809151817815664,20.892858968516965,242.66297417641874,152.2622796768314,14.820293263404325,29.670666363442294
ECU,2011,31.01498626088794,20.753735784666855,255.09759336147286,182.03949567761424,12.566114519189476,19.016848249271952
ECU,2012,34.58049846594097,24.279504024201323,341.9448972597613,221.55621786117604,70.63239359229146,18.104497857518165
ECU,2013,33.19872684352461,22.761295440287146,207.49274188872164,183.6856379987022,7.84750303138514,29.149539581197853
ECU,2014,,24.662756149668052,,302.79426795166245,,26.449754976325515
ECU,2015,,25.132089592488427,,299.47668017982033,,53.741587755643415
ECU,2016,,24.96364249549882,,290.49228641580964,,23.101751497006223
ECU,2017,,23.877338432152836,,266.6651611124251,,37.60529597432028
ECU,2018,,27.28672377866377,,246.2531627895391,,
EGY,2000,42.51644101503974,27.614717551398964,218.2288169746884,96.92928766173414,7.185651627180148,18.950456755691054
EGY,2001,42.4139634008825,27.515164301819304,236.95785956845205,107.11321069516366,12.1009240294209,20.802789104662263
EGY,2002,43.61205313605768,28.786273365711065,233.7286067283907,110.41047893405174,13.337572172880103,22.12936721057755
EGY,2003,42.315061558131305,27.477954003959557,231.065676095929,110.30500958111799,15.336009854874156,21.53612947626562
EGY,2004,43.359608191392695,26.757321511869485,236.46587850150314,106.57563429557214,10.435260065185208,18.92718608608218
EGY,2005,41.703971237023005,27.119215822272317,233.36784440376707,103.52906324916215,5.286814842040797,19.343567345385544
EGY,2006,42.910681086057274,27.737070652716362,227.19571866918028,106.63136342663317,4.291723596726403,19.067732368011754
EGY,2007,42.86694446917653,28.146545130923347,233.99884606786335,113.06291422137105,19.981881194649098,22.599589381534383
EGY,2008,42.89813173370627,27.759286282415005,243.2222221510805,114.7471761050199,14.639060839147662,24.53389481606503
EGY,2009,42.03408143813707,27.78127818496159,236.01276649228348,115.07126467661233,11.526301557508173,26.39809557846073
EGY,2010,44.25806912247895,28.99759545095433,265.96658419968946,123.69395875069135,65.10841457586514,38.30242639673977
EGY,2011,41.98192339688694,27.199179831173307,217.51747810070339,97.19485020642529,6.206919638119397,20.149315896696503
EGY,2012,41.711827943653404,28.226090039199697,231.79888933144548,109.5362945866393,30.755964719631354,28.64382432849594
EGY,2013,43.1908050527186,26.210547300844752,246.15401528892437,91.18149138736949,7.847385571871157,25.79344628166931
EGY,2014,42.85245890766729,26.455019289041978,236.1594953348825,81.09182296602727,13.719444706772714,25.144907420928458
EGY,2015,43.37570313221923,29.18133818609736,232.17566814007444,105.85914007108023,35.283839266026135,28.982640970624338
EGY,2016,44.452437010173725,27.72599778885271,243.95950324151235,112.97756010794596,22.109798234762913,30.703475559094024
EGY,2017,41.10882146125697,28.306532528977336,221.14061150228196,90.10352637020478,14.471014322341198,25.601812645179113
EGY,2018,41.48298391158927,26.86145248367756,222.50809721121487,90.79715082814158,25.24357753829542,35.86315249853292
ERI,2000,,30.13372153280284,349.83742054922556,199.6653264867167,,17.563793493909127
ERI,2001,45.883965972950406,29.919781008416987,358.293556319478,213.8378211872971,13.125548444692784,17.00060273496639
ERI,2002,46.40175988871654,31.141404467533953,355.4974637699246,215.53733207350743,25.302498716752797,20.668746346599
ERI,2003,46.69480954622964,31.002225012827715,359.0463989364464,215.59501894638532,20.3942189076763,19.45426919944817
ERI,2004,46.30596415352028,29.872116812955436,358.28064198251315,216.2224341916892,19.643438738582102,19.063330580569854
ERI,2005,46.35263325398479,30.52578522455529,355.7570785142987,218.9016349920849,30.983233424284137,21.634151238610198
ERI,2006,46.279239459176864,30.64092715716114,358.0763979115329,200.85299743004302,14.15178357165419,15.90482185072368
ERI,2007,45.79309586476692,30.880878009656488,356.5670245879534,214.76524220838607,12.015327588595754,18.646885087575054
ERI,2008,44.96707875958381,30.153123850978606,354.3189922892535,222.6289918522942,10.099697592370319,20.64885387879947
ERI,2009,46.063648996769466,31.117564793588585,360.8003033602228,218.54955398971217,28.651612688231136,27.96242113767644
ERI,2010,,31.928575203850173,353.26171729221323,193.90354914125152,,39.89934735448366
ERI,2011,,31.31101220145533,332.7838398827902,156.11777842445224,,17.618550151924783
ERI,2012,,29.40663949745341,,157.074302183073,,31.04240158288926
ERI,2013,,27.214908895375807,,136.91229410664232,,27.823969103014765
ERI,2014,,27.164232370747815,,104.7322654298917,,27.04835372612772
ERI,2015,,30.75098682644347,,152.54378463748535,,33.79598782768491
ERI,2016,,28.80141550051475,,157.9471431991253,,33.509176107881096
ERI,2017,,29.490219613099057,,156.14205839882894,,31.19186973264106
ERI,2018,,28.45706640322179,,146.35637852864576,,41.87133744524783
ESP,2000,34.97432327270508,20.9342098236084,178.79678344726562,22.402374267578125,0.1482122540473938,6.95855712890625
ESP,2001,36.39970397949219,20.91456413269043,202.53898620605466,17.81485939025879,0.0,9.062560081481934
ESP,2002,36.643192291259766,21.63874053955078,218.37930297851562,23.27829360961914,0.16805320978164673,9.793554306030272
ESP,2003,37.960906982421875,22.873329162597656,222.85670471191406,30.762939453125,2.0601460933685303,13.584566116333008
ESP,2004,37.37626266479492,22.383350372314457,211.38719177246094,32.85336685180664,0.6442044973373414,12.946447372436523
ESP,2005,37.321250915527344,22.35508918762207,212.55612182617188,26.896808624267578,0.0,12.04942512512207
ESP,2006,37.049102783203125,22.255224227905273,194.964599609375,31.62156867980957,0.0,13.3734130859375
ESP,2007,36.427120208740234,22.361915588378906,216.05029296875,28.16816520690918,6.424715518951416,11.728604316711428
ESP,2008,37.12984848022461,21.680038452148438,209.67861938476562,27.106929779052734,0.0,11.209851264953613
ESP,2009,37.159019470214844,21.861562728881836,198.3152313232422,17.879627227783203,0.0,10.955231666564941
ESP,2010,38.40642547607422,21.624107360839844,210.18348693847653,19.185497283935547,0.0,12.896537780761719
ESP,2011,37.90645980834962,21.54043197631836,197.97169494628906,27.572265625000004,1.2008841037750244,12.126898765563965
ESP,2012,36.716556549072266,22.04261016845703,212.84307861328125,38.08712768554687,6.377211570739746,14.498586654663086
ESP,2013,37.786434173583984,21.826141357421875,211.4616394042969,29.359695434570312,4.255860805511475,11.457886695861815
ESP,2014,37.50635528564453,22.071317672729492,214.12600708007812,27.849193572998047,4.162513256072998,13.46406364440918
ESP,2015,38.44955825805664,22.520597457885742,249.8840789794922,33.485965728759766,29.069053649902344,17.699153900146484
ESP,2016,39.20720291137695,23.31976890563965,226.2493896484375,36.19523239135742,11.516650199890137,18.928491592407227
ESP,2017,37.10426712036133,21.043298721313477,212.66143798828125,18.642087936401367,8.014567375183105,14.450459480285645
ESP,2018,37.16967010498047,21.37495231628418,211.86549377441406,17.370874404907227,8.734821319580078,21.378765106201172
ETH,2000,,29.73319704279528,363.6120805895131,246.99498576633076,,14.908238981713959
ETH,2001,44.73324156490689,29.63899184152865,362.9296485662975,252.0322687892862,8.90882421987013,13.946421769933709
ETH,2002,45.63710736233424,30.497722685076482,361.2384484131724,258.02645373858263,24.09536779340377,18.829249911414017
ETH,2003,45.47173671172569,30.927965775070973,363.4457293517909,257.9215707489339,16.624654853912343,17.442927087239823
ETH,2004,45.0241512046127,29.828627164970957,363.7425251607391,260.0021211394911,12.295694136722854,18.094257617411113
ETH,2005,45.940564218466484,30.832889423616432,362.93862416556965,266.0325471903324,33.55623892420732,20.623319312580783
ETH,2006,45.18373798990777,31.266811369430297,359.4712107193992,229.83387575284243,13.652270019852343,14.458987751689703
ETH,2007,44.69042183732936,30.740602003410856,360.8210641387614,253.03876249354147,3.556291348461722,15.407660442477704
ETH,2008,43.603874728278534,29.830184707493878,359.5025187166537,270.59149536371586,4.560520613562286,18.563624747051783
ETH,2009,44.52989832541423,30.60609442726005,364.02524396761737,271.2902260149127,24.76175686073705,27.922828520242028
ETH,2010,,33.540897216069524,,232.7430879434818,,40.9875857035319
ETH,2011,,33.53523735738149,,188.70437258165657,,17.563631057739258
ETH,2012,,32.08553266372717,,186.47808551754528,,33.620957692464195
ETH,2013,,29.434937159220382,,152.8322499277439,,28.856259663899742
ETH,2014,,28.254939079284668,,128.83966117929438,,27.55654462178548
ETH,2015,,32.97931005124256,,178.94153210228652,,35.47431310017904
ETH,2016,,31.2732036813903,,190.6262689482357,,35.8109982808431
ETH,2017,,29.769102096557617,,149.50278727213544,,32.03779602050782
ETH,2018,,28.15876579284668,,156.33464558919272,,44.4723243713379
GAB,2000,38.083046862840604,26.68067050659526,362.63168431450663,288.38704460295605,,
GAB,2001,37.68539100745315,27.089702259796912,360.42452453303935,292.9062690079232,,
GAB,2002,38.10375088143337,27.365404501165695,362.080750466194,300.771184443291,,
GAB,2003,37.589574120453776,27.502930412301808,362.2472561915849,310.90890268761154,,
GAB,2004,38.31867470594934,27.290934565680903,363.9096035073369,309.2236744685755,,
GAB,2005,36.99218653973962,27.23567699328516,360.4295233142356,310.8120343921514,,
GAB,2006,36.60339911819049,26.660549124727833,359.92626365865596,310.6818573818364,,
GAB,2007,37.904432335215645,26.99615351960892,359.26525464677303,306.7476656154316,,
GAB,2008,38.0840768760618,26.778087273735373,362.01633738701406,304.58068490691807,,
GAB,2009,37.14859167029211,26.532718210005374,361.96929424657867,315.5379220870211,,
GAB,2010,38.325726972441196,27.505326501560575,364.01269998272613,320.13830932465925,,
GBR,2000,27.333370734938775,16.717220964990087,8.866270678158127,0.0532150937672946,7.763476899970708,18.232389877064026
GBR,2001,27.481218915731414,17.66432854134831,11.659756637508849,0.14495003025942657,4.082418812793801,15.934555299494958
GBR,2002,26.693379879532547,17.27756545448589,9.371927544599247,0.1315609984847581,13.869898925798264,19.37044613850551
GBR,2003,30.260944113990107,18.438444580058686,20.86038329234365,0.6604188627115256,18.45162304847425,18.432537931652018
GBR,2004,27.1343507314776,17.94528914200127,10.946353729380036,0.18026328280445317,8.35046891254427,16.100083586275453
GBR,2005,28.406409961378387,17.298718448146257,14.561175364041022,0.1288835665391864,16.411748482142247,18.0498281616069
GBR,2006,30.36398717733843,18.50580207594503,22.19065539424986,0.46290121189447486,23.92364001220596,22.62622990451748
GBR,2007,25.841319954160365,16.438789020538223,7.9461998866718,0.0430735036473897,20.434721987181835,18.860071564087672
GBR,2008,26.617538508252235,17.024103016215008,10.237499171806977,0.043152758683658386,12.107414161516964,15.867704922305373
GBR,2009,28.12018503782679,17.3196516189969,12.413953110293523,0.06457881786461342,10.345813895131599,15.669483479903056
GBR,2010,26.659290576009216,17.150420691848595,11.412992959422956,0.17673196740801295,3.4385043810406963,11.483198024444588
GBR,2011,26.908813158475812,16.953762917041264,11.29452735449695,0.08370116297847331,18.359014750350678,18.03012961031499
GBR,2012,27.362883911846748,17.125324864377045,11.280786235788922,0.12487733296823075,14.073723860197278,15.558735006278724
GBR,2013,29.02657124022258,17.491539858909018,15.031090570730072,0.15080828932611637,6.831876307714905,14.527054430344172
GBR,2014,27.97282567043754,17.49599142195684,11.991023553092495,0.12549542265241584,15.422588631228498,22.477806479259094
GBR,2015,28.734020167719066,17.270756830005812,11.55059777876193,0.29484208818426605,20.65194945436899,17.20213066894109
GBR,2016,28.788822830510732,17.896252841409066,13.799998741373075,0.21664362399176376,11.285040164078499,17.709695490939637
GBR,2017,28.15444865056158,16.84488501548763,13.444017425201153,0.17382923022454613,9.160292163612127,17.578240283126128
GBR,2018,30.986320048599435,19.186725815682806,35.76336227008292,0.6818052290427484,28.09354807299155,22.225425374643326
GEO,2000,37.28157324034428,23.452465147907795,90.73072291985005,25.453871415564905,9.731767038846677,15.531048931099479
GEO,2001,35.15628888143975,23.25821371701418,89.67905837120422,24.78771248834334,17.8782659196333,17.827776868010364
GEO,2002,33.69776671596573,21.875215413641758,87.63828867642697,22.4705769838456,21.27831745378633,17.540947320963262
GEO,2003,34.31924712873044,21.43255745320443,85.81035609053674,16.988650016100877,4.734089438116393,12.509552512954604
GEO,2004,32.675346966021124,21.029004223076562,83.81434950517065,16.290918284069324,12.809653122624496,16.557282521916697
GEO,2005,35.24706243671697,22.935520912813036,99.96058928699637,25.927333832903752,9.177644109910785,16.86802752945319
GEO,2006,36.88572833612503,22.97542128985769,90.95371470850792,27.341713059992543,20.965268989994907,17.59850031870699
GEO,2007,35.455191003427416,22.33033632514054,105.07425533663711,28.876968818863848,31.043331502691935,18.879521055571832
GEO,2008,34.71755329252345,22.410167177655353,89.68705529148603,24.48574005682898,17.46671310227369,17.576748696231046
GEO,2009,33.852613822067084,21.750005046029326,83.06625217694837,19.023486420130233,12.149740726469721,16.848219147280734
GEO,2010,36.845816592798556,23.471296058846292,109.00516700956616,38.288414719881494,51.57244955261308,28.160420231950518
GEO,2011,37.12145256649124,24.179543972769387,87.97242072881663,25.75992020524311,8.684093510069571,13.632873587569444
GEO,2012,35.40888766013943,22.673840126894877,115.30444586954327,26.763338674299824,24.69022598778312,21.929003521490714
GEO,2013,33.33472769363358,20.721331316922782,96.99942079347734,18.401926689248434,15.761616938811368,17.776106357889592
GEO,2014,36.735362142510034,22.65519343905294,103.95292421106494,30.241552201966496,18.69097842421711,22.92932005850273
GEO,2015,36.824852937230744,22.951943849152485,106.52768412044436,29.23875143730302,34.8459414889353,22.40387304610319
GEO,2016,34.692604182521016,22.349559971904213,96.8492415208699,27.900579399527054,28.794506669742667,21.4220884161529
GEO,2017,36.68793542046003,23.833726609617283,99.21447144388225,29.557343596063657,31.029062464853244,19.969339977303115
GEO,2018,35.94008117575462,23.708594639580063,113.70417842736765,31.46223414970961,23.709833719590566,24.29243814439875
GHA,2000,38.80271732615544,27.474612214935103,362.7472785267598,291.3481808929395,,
GHA,2001,39.04293702776361,27.571075947742678,360.7261003585304,292.91305252319506,,
GHA,2002,39.02049571998842,27.930271455909114,362.2584119816732,298.60033187460255,,
GHA,2003,38.91749548578352,27.8198611648274,363.1492336767451,308.4197657917026,,
GHA,2004,38.90195567974984,28.002250259828877,362.5617191651429,311.7583556405262,,
GHA,2005,39.00669674822543,28.269194579783566,362.4222764620772,309.52359370023845,,
GHA,2006,38.57502643120795,27.82454060194143,362.8552173911317,307.197591366238,,
GHA,2007,39.00145153263438,27.958926188001193,362.36353816123824,302.7845686396482,,
GHA,2008,38.51608554849629,27.616414007836042,363.6370231299345,296.10045504973004,,
GHA,2009,38.45086854035875,27.664291171461404,362.3439852251373,308.56212857787244,,
GHA,2010,39.2932435950474,28.597491437153096,363.2540706290591,311.5162521789281,,
GIN,2000,40.4470649224569,26.97983024022106,360.2475331083352,244.4554582985922,,18.053710339582096
GIN,2001,39.77286304115919,26.748443843161457,360.05814449200176,238.01414033384665,,35.95933291227192
GIN,2002,40.101174202068634,27.096089166023603,359.80714163140465,242.6310880690935,,27.19957753132131
GIN,2003,40.22946811943594,27.208831137373878,359.84341157998455,259.62056988441753,,18.913214078185156
GIN,2004,39.584443658023844,26.850741815845904,361.9981180960046,258.1920777614402,,26.16016109968218
GIN,2005,39.990283738029994,27.50464516045527,361.2499016098897,261.9103517163537,,16.99024613199738
GIN,2006,39.739276767279286,27.119417845592647,361.1618933993975,247.9096379983194,,13.557713109095763
GIN,2007,40.37400953928162,27.477714647397722,360.11594086620687,248.00232301072802,,11.90719913592369
GIN,2008,39.67962418123062,26.874228566826822,361.09701238814154,244.2822563901657,,16.118535226203548
GIN,2009,39.94235988328576,27.406763643021062,360.58791482112326,254.55197594082705,,26.330174281401913
GIN,2010,40.85906938181882,28.159443111201366,361.8262468381326,267.3409848348359,,37.87441920821861
GIN,2011,,,,115.19610648574785,,24.549981611250363
GIN,2012,,,,127.97085594770402,,25.8886887892432
GIN,2013,,,,105.72427559942918,,28.717977783747084
GIN,2014,,,,106.1466446697602,,28.10830328632799
GIN,2015,,,,122.18271756464057,,31.56131915728144
GIN,2016,,,,115.7840327368594,,35.673429652081154
GIN,2017,,,,130.37650774171195,,36.07615683835875
GIN,2018,,,,91.5239986244978,,10.665808127448583
GNB,2000,42.13116264343262,26.839451789855957,359.46832275390625,234.45206451416016,,17.348186492919922
GNB,2001,40.984317779541016,26.99366760253906,360.093994140625,236.61286163330078,,34.132545471191406
GNB,2002,41.41984558105469,26.882489204406735,358.9867858886719,232.44844818115234,,25.522057533264164
GNB,2003,41.300424575805664,27.14186573028564,359.63603210449213,251.25975036621094,,18.384306907653805
GNB,2004,40.54035568237305,26.62005615234375,363.30262756347656,249.569580078125,,25.462169647216797
GNB,2005,41.164297103881836,27.481819152832028,361.21844482421875,254.3837127685547,,16.481172561645508
GNB,2006,41.111223220825195,27.09560203552246,360.1083984375,228.29275512695312,,12.62602949142456
GNB,2007,41.277166366577156,27.293377876281742,361.34962463378906,234.02191162109375,,10.994330406188965
GNB,2008,41.14239692687988,26.712276458740234,362.4592742919922,232.52088928222656,,14.840750217437744
GNB,2009,40.54449653625488,27.177556991577145,359.8040771484375,235.15452575683597,,25.566682815551758
GNB,2010,42.352849960327156,28.150800704956055,362.6304016113281,259.13905334472656,,36.650245666503906
GNB,2011,,23.72456169128418,,107.0154037475586,,23.459173202514652
GNB,2012,,24.834389686584476,,119.15760040283203,,25.74783420562744
GNB,2013,,24.93205833435059,,95.34327697753906,,27.500333786010742
GNB,2014,,23.684093475341797,,97.98880004882811,,26.109607696533203
GNB,2015,,25.589486122131348,,110.29551315307617,,30.059412002563477
GNB,2016,,25.487540245056152,,105.58767318725586,,33.761234283447266
GNB,2017,,24.548675537109375,,120.47370529174805,,35.91880798339844
GNB,2018,,23.49727439880371,,83.8113784790039,,10.640084266662598
GNQ,2000,38.18629455566406,26.944875717163086,361.278076171875,286.51922607421875,,
GNQ,2001,37.8098258972168,27.301210403442383,359.3506774902344,290.7899475097656,,
GNQ,2002,38.107547760009766,27.56635856628418,360.61737060546875,299.0910339355469,,
GNQ,2003,37.77821350097656,27.630319595336914,361.1714172363281,309.5390625,,
GNQ,2004,38.310089111328125,27.487974166870117,362.6222229003906,307.84002685546875,,
GNQ,2005,37.47430419921875,27.57848358154297,359.4850158691406,309.6991271972656,,
GNQ,2006,36.95286178588867,27.028345108032227,359.0223388671875,308.7845764160156,,
GNQ,2007,38.14886474609375,27.231731414794922,359.03887939453125,305.0571594238281,,
GNQ,2008,38.136783599853516,26.981521606445312,361.0062255859375,302.2882995605469,,
GNQ,2009,37.32719802856445,26.787609100341797,361.3371887207031,313.6369323730469,,
GNQ,2010,38.56724166870117,27.81216812133789,363.0959777832031,318.1619567871094,,
GRC,2000,39.67122919072162,22.832454691729623,107.51153947699225,16.360856491040703,24.15720803869805,18.67337206443008
GRC,2001,36.561704696974964,22.004696912030784,101.67909307762291,16.780697759858967,16.775319214940726,17.579120516583494
GRC,2002,36.028235048436166,22.241488226598094,93.23752891921632,17.241518134426286,21.634968697048155,19.902839910564946
GRC,2003,37.40540960104253,22.853901367512506,117.41319744448958,24.308896876135822,33.38866215103919,19.06576235536861
GRC,2004,35.637527408356995,21.27297436814607,91.16107722552846,15.814106759281325,12.212161998301289,14.948586048619488
GRC,2005,35.336236397193524,22.071309357241436,88.12125927480511,16.54616677457847,10.489215788209645,14.553133452832416
GRC,2006,37.13278618165267,22.206352601108435,96.47486267847827,18.825507470361334,20.047837589151772,18.424341964984393
GRC,2007,40.894376258268125,23.484811541881076,103.58934531337962,18.896462208158187,40.70057052577921,20.391858661479066
GRC,2008,36.654742197066355,21.899262859196405,99.85864986147251,18.4703319470436,24.080294265693002,17.833504696236187
GRC,2009,36.59018570808316,21.705004471430303,109.19948845724822,17.209219643463932,15.545328269942095,18.155219305824016
GRC,2010,36.37779468828564,22.53767843774259,95.46395526196267,21.185770712398973,18.835263270725036,17.974817365134594
GRC,2011,36.47388190970622,22.11391668448905,109.77736673086744,17.740531581602287,26.778015429574072,16.35338029703078
GRC,2012,38.59354857186826,23.12016124152016,118.50838844729527,23.50140303670935,45.72321560891918,20.752122673500452
GRC,2013,36.5843053266573,22.08597454293997,102.86527781306098,17.37721525258402,26.94546693211875,17.883316389414453
GRC,2014,34.23407572512242,21.157231291165473,85.79344969750514,14.627444616730129,20.175418487873063,22.475565719805818
GRC,2015,37.04388438574408,22.882663361710296,105.20287710573454,21.764227485030982,39.93400658437712,21.401692820006733
GRC,2016,35.10986260043094,22.04291366181384,98.3240064237376,15.853314573760791,18.141244602281752,19.97057074761336
GRC,2017,38.61517506418375,23.474266187532663,105.36150087672561,18.853192149250784,28.11273350029937,17.564381875203008
GRC,2018,34.165500722990146,21.80330239072681,118.69237219092332,19.109544187085305,33.527079499845094,25.968280612857576
GRL,2000,18.257491227046266,9.994739425289286,0.0,0.0,7.5158261774719834,14.79282838858362
GRL,2001,17.626733788524476,8.73005168628439,0.00010207201900884027,0.0,9.452791807585738,16.44726433740049
GRL,2002,18.561555827880095,10.105940645502002,0.0,0.0,19.113355467557255,17.912366969355805
GRL,2003,19.505984760377036,9.796537075081364,6.444109716177879e-05,0.0,17.60934477666136,21.48658200330923
GRL,2004,17.75290976265177,7.683467112499062,0.0,0.0,8.073923773408431,14.60775075177462
GRL,2005,20.13106727973054,9.081061497178556,0.14333765800627538,0.0,16.19181520001096,20.74650578420276
GRL,2006,18.193221509621498,9.049939845238644,0.0,0.0,25.850696484595996,22.648411376390484
GRL,2007,19.067062959090833,10.520674406155456,0.0,0.0,7.776714151277939,16.483007919683732
GRL,2008,19.28211620528037,10.273682426812913,0.03709713346272206,0.0,6.288847920411435,15.930977628770606
GRL,2009,18.366200538857154,9.129057920702643,9.00994594231655e-05,0.0,11.421688201073572,17.780176095376532
GRL,2010,18.907739229822877,11.35445975371182,0.0,0.0,31.123795787480322,29.99295451761866
GRL,2011,18.79528910159935,9.480809712342879,0.0,0.0,13.34711579508285,17.4201507562355
GRL,2012,21.07986403661299,10.370749790996724,0.0,0.0,15.65634392627843,19.89159690091935
GRL,2013,17.600893821506954,8.231681734787784,0.13745749231539747,0.0,9.564040706113119,15.574798406993574
GRL,2014,19.489108994017663,9.61320676745103,0.0,0.0,9.37156777584191,18.82382206033327
GRL,2015,18.469867045634185,9.29777616801655,0.0,0.0,7.465208004438591,13.936702053149672
GRL,2016,19.408054709170756,9.794551522666804,0.0,0.0,25.387188497527603,25.673380165356665
GRL,2017,20.96638704731939,10.105474947807046,0.0,0.0,13.68123305109905,16.816358836749405
GRL,2018,18.374145591977125,8.210461452361637,0.0,0.0,6.598918677104523,14.971240948662741
GTM,2000,37.704649952715194,21.78049323643077,297.7343966881731,108.48027262569306,12.910409163964355,8.864294975866489
GTM,2001,37.72684471659516,22.204688883151523,303.4796400744791,109.16645189914175,24.60924706932383,11.112617025464102
GTM,2002,37.80400060699131,21.98779041166146,298.06401091552,112.37964318637796,24.423558445818642,13.175011984185145
GTM,2003,38.96380138321657,22.527711520989556,295.51964179793987,110.60924023790513,27.273744223643277,13.708455103796199
GTM,2004,38.36169037355137,22.29336195433823,297.489514388615,108.75825058953204,24.751400489335364,12.193928052055806
GTM,2005,38.80680810706055,22.325855947535103,305.79227227980596,107.78525275868824,23.88766671023398,13.367300003052852
GTM,2006,37.837239004397205,21.698829975733396,296.1062228552489,105.48204607519169,23.4956112142081,14.666786340510873
GTM,2007,37.98377113856213,21.581678537073834,288.9584844100229,103.62827176345169,18.813642589718647,13.841341640031214
GTM,2008,37.60201064334045,21.466174447046942,285.9484742066653,93.68622643513697,18.898197177783338,11.614082155530701
GTM,2009,37.81814352694759,21.81771519554616,291.80865537438905,102.64280726658664,28.966318836811094,14.255831963411904
GTM,2010,37.84469502226732,22.29681672141575,274.3850239015994,94.29856331270851,17.418723535057783,15.933562621539481
GTM,2011,37.51564264996133,21.847374007502218,282.89343940103663,99.37310303666445,17.23085573048648,13.570734922874781
GTM,2012,37.545607956637355,21.337566477075192,278.84807700738236,100.43977877738101,14.433740802001328,13.235359856155837
GTM,2013,37.51765772090431,21.717108232101264,282.841699178569,109.51401226544449,18.515253139917437,17.503906109240003
GTM,2014,37.32766669185374,21.916855331227016,283.58812251515855,114.73345257762237,22.34865469699388,16.716118087637007
GTM,2015,38.271599667465864,22.166847489748008,290.1244296089918,136.6158049636258,35.11922601417499,26.040806206329982
GTM,2016,39.16142234188916,22.246680163683568,286.35496351961615,125.84911414288685,38.74860962415287,21.47356709710627
GTM,2017,40.44261699958772,23.284204753820692,311.04813200365857,141.82586691796556,16.708179297669826,19.648335856441868
GTM,2018,,21.053225749884344,204.46711630735263,77.01543329786625,,27.26370073643651
GUY,2000,35.80108920316664,25.537768491430622,365.3258728477953,274.48438011247146,9.942498564563884,7.460797535086488
GUY,2001,37.06989404381709,26.87083256025016,362.8574720007611,298.85558430074593,47.81384090843477,17.60507637168962
GUY,2002,37.2791153058936,26.55227588946202,361.75363363174154,267.55708603380475,55.28253818875933,27.370233685770128
GUY,2003,37.11130453445246,26.255524279265295,363.2122543260925,282.65287194218337,76.70973812439826,29.57711729280518
GUY,2004,36.693256523115515,26.182153288676062,365.83254357102663,282.45664674919385,49.3635147138628,18.628685768834675
GUY,2005,37.137156862224664,26.1346920590241,364.89417096373063,247.48459216142453,41.59875241362694,25.01121392535398
GUY,2006,37.62877201460311,26.16202452085998,364.21992807135786,277.7416872745497,46.03875818460955,25.584139442450653
GUY,2007,37.63797232894555,26.53825496384017,364.36087337518904,274.948772801647,63.68681547263708,28.392896553226475
GUY,2008,37.3639390647599,26.009734262950737,364.98185352679127,290.38222447818487,37.95134638762786,19.990345833399015
GUY,2009,38.395805315886804,26.818234628138782,363.3710411752089,268.86218823405284,125.57694423874376,45.084015055734355
GUY,2010,37.50687746117961,26.770306534715964,363.73731649059965,346.04992270739575,30.679704903610332,37.8653682714647
GUY,2011,37.15848918784316,26.47718931741291,363.24857954826143,348.8489287375085,83.04457153148422,42.65570296436648
GUY,2012,37.695207164130174,26.402992235986005,365.7612397899578,352.7292439115585,79.97628844077614,30.951122961242884
GUY,2013,37.07058612377367,26.661985808351524,364.53730962104873,360.87464460826084,62.12778755151959,48.976179269948446
GUY,2014,38.06817623622402,26.486192930495243,361.7802453827842,359.93416151135006,88.39135581903442,55.50168208831434
GUY,2015,37.63714386656016,26.93359442958878,361.43452860531767,359.2345904551706,68.22985803680253,71.81475247864627
GUY,2016,36.6338924310348,26.738378299261424,360.18454640977313,348.75810004656915,,49.89799756994394
GUY,2017,36.81370449585426,26.721999991259253,361.0852577368724,349.49690134809305,,60.23458627004413
GUY,2018,38.49075939436529,26.668200718824785,361.01046709854336,350.74111323587687,,62.092561509979085
HND,2000,38.00182961929713,22.151705182869136,317.18259793490085,118.44479902300186,14.042474785638163,8.675594206773436
HND,2001,38.00931383854487,22.522837213723545,318.9361764538496,118.8876584136302,25.71371798332472,10.961225565186254
HND,2002,37.80370906631169,22.318929039192458,314.3803703076364,123.01240186603881,25.75184468462311,13.098963064999879
HND,2003,38.88568302109582,22.804703645066116,312.17154367234787,120.82329097558535,28.16658852259116,13.673168795240572
HND,2004,38.41795116653203,22.56730992171195,315.3852407965298,118.27071825229709,25.413961690947414,12.395258996165733
HND,2005,38.81310216309458,22.61531178629409,323.81218543582025,116.86828061145502,24.400538083342322,13.607603998005791
HND,2006,38.092358436716644,22.003452513507366,311.9120243219069,115.61915722871326,28.316371828187084,14.653875486087404
HND,2007,38.04874624687596,21.982783664280277,308.15015056322744,114.19879955984732,21.469723531077875,14.006769207505716
HND,2008,37.65737924480797,21.79553544348699,303.2389871199463,104.44488605903297,19.678636942963635,11.688057102913218
HND,2009,37.86139581893723,22.153028866101483,306.7860868455903,112.40859215226637,32.968708112682364,14.381499398413574
HND,2010,38.2624525560749,22.577725405937525,288.8832033891221,100.53744844022232,21.417713874270373,15.981522515464356
HND,2011,37.80555353229421,22.0389969995102,297.38674213666144,103.86886382058242,20.436238734486448,13.588674656386914
HND,2012,37.87749497628394,21.581080046948593,298.17999495716396,105.10510242106282,17.961053895512368,13.255578411567978
HND,2013,37.74034515016653,21.958758295801157,301.068399218038,114.1691790924659,20.586469586682195,17.722294651316968
HND,2014,37.603358899530804,22.166163443013442,301.56532330409294,119.03883242333907,24.540165458797656,16.61998777935125
HND,2015,38.87804051623996,22.35290850595672,306.874613226438,139.96947417822952,39.31836942296589,26.071830078522826
HND,2016,39.407182383379194,22.431123847514908,309.5359434874234,128.5312419996752,44.79108025557281,21.37791530755048
HND,2017,40.704739765867444,23.596417649073775,332.48453932124244,146.87375875140953,19.23123329373885,19.98818728502251
HND,2018,,21.214152005902292,195.95636403244688,87.48596241854361,,26.74160789406548
HRV,2000,35.50607905007421,20.241304160536615,75.31971715926822,7.922727407428713,21.537103618316163,19.704366917187333
HRV,2001,34.101273341258526,20.162354437408663,67.24991910878884,8.162248526171439,12.629843561677534,17.292094156170826
HRV,2002,34.083385268740095,20.37844983535796,66.9038179001013,7.7766538787424,22.361049323595587,20.28507773048412
HRV,2003,36.55641843802998,21.476901705338143,95.4458092667769,16.105087141465678,35.81777058199088,19.600727738585324
HRV,2004,33.49477900529241,19.75698632136123,63.85514045759577,7.716581668881451,12.102236594379026,14.570542685318019
HRV,2005,34.22555697695724,20.522767706102353,65.52949777701299,8.088279585209836,14.341790579904817,14.957912779733949
HRV,2006,34.605781943220265,20.594442990559163,72.46204813293996,9.504628384427253,25.09290342523867,19.673557441792163
HRV,2007,36.57526127641895,20.729380218039598,74.39543960729571,8.54741592274057,38.217235268597115,19.85540759167567
HRV,2008,33.35452759291404,19.9549649861576,69.62667806120488,8.973572866962973,17.77007368378309,17.416657171120164
HRV,2009,33.96424158318411,19.821428197297664,77.93797559723848,9.086838414509716,17.432505170742093,17.26735419485308
HRV,2010,34.31939954752902,20.858586640738505,63.48542445184641,9.559856505173252,11.921794697681092,14.756108710906291
HRV,2011,35.00060026733602,20.378416186272343,81.15451372922446,9.00665393907109,28.55612573104769,16.687301084837756
HRV,2012,36.15201231309855,20.90893584034481,81.46434444751863,12.8822134999968,32.61894241811292,18.99573820698001
HRV,2013,36.53363472940578,20.82987564075247,70.39002827538857,9.033762310917611,18.972650287312444,16.715314448763095
HRV,2014,32.970653844765316,19.599073841982467,60.50271284572075,5.549027683112014,21.5290323279977,22.904865465920963
HRV,2015,35.96076319788348,21.49038732868686,77.72984538614394,13.28718192048916,41.33345479984851,20.993456958402987
HRV,2016,33.20118681963897,20.271486347177017,74.02485049992919,8.039844462220957,17.659772794965505,18.563265400821585
HRV,2017,36.17435835840647,21.08405994531214,75.27828220888325,10.726341458299698,24.793880621935283,17.001560153591747
HRV,2018,33.50745759833946,20.549580220232087,94.06024806963559,10.547465804180002,38.74914499448381,25.54797370836362
HTI,2000,,25.507219314575195,355.3077087402344,179.05899047851562,,7.653627395629883
HTI,2001,,25.90544509887695,358.9465026855469,194.00184631347653,,11.420484542846678
HTI,2002,,26.09123992919922,357.66162109375,205.1931610107422,,14.768152236938477
HTI,2003,,25.74319076538086,352.32550048828125,196.2702178955078,,13.127366065979004
HTI,2004,,25.7708797454834,357.1788635253906,184.15341186523438,,10.69861888885498
HTI,2005,,26.205514907836914,332.1008605957031,172.86167907714844,,17.40304183959961
HTI,2006,,25.833154678344727,355.0091857910157,191.98023986816406,,17.57219886779785
HTI,2007,,26.352264404296875,356.3252868652344,198.33346557617188,,16.439210891723633
HTI,2008,,25.705156326293945,355.7441101074219,175.168212890625,,9.470049858093262
HTI,2009,,25.80193519592285,354.77740478515625,176.69464111328125,,10.8411865234375
HTI,2010,,26.764617919921875,347.4665832519532,172.93588256835938,,14.795212745666504
HTI,2011,,25.202062606811523,354.57562255859375,127.2507095336914,,9.63161563873291
HTI,2012,,25.095409393310547,356.2948913574219,125.2967300415039,,11.207537651062012
HTI,2013,,25.03761100769043,352.7784118652344,138.24891662597656,,19.09165382385254
HTI,2014,,25.15103530883789,,140.24559020996094,,15.144695281982422
HTI,2015,,25.646326065063477,,151.68495178222656,,26.655202865600586
HTI,2016,,25.824405670166016,,148.87542724609375,,21.90286636352539
HTI,2017,,26.16519546508789,,144.75048828125,,22.76856231689453
HTI,2018,,25.843400955200195,,124.70227813720703,,20.908777236938477
HUN,2000,35.46720956964542,19.71048420250429,65.05674380403778,4.000586115292298,20.812096664251726,19.52485153971355
HUN,2001,33.60988031904124,19.73033457931383,56.559762662728474,4.127882098137113,8.997692239943449,16.617504215610644
HUN,2002,33.82658014397547,19.955261851715612,62.764169175570366,4.369725545641643,23.820253265354754,20.30111076202324
HUN,2003,35.62793859375811,20.545708704651606,84.60787525190236,7.671001216198671,26.663133689972213,17.683751153667593
HUN,2004,32.89936296847885,19.049066958031926,51.49915276932614,3.3043789804938446,9.907078324334025,14.051616044536905
HUN,2005,33.748991606286374,20.07303559608494,55.998406880630526,3.94180976465125,12.7345415260105,14.741593673687271
HUN,2006,34.03166897706009,20.08646636754262,62.72453529737479,4.820941201494231,23.139108436192686,19.44314623648121
HUN,2007,36.640195066959215,20.380708951718287,65.88676099247094,4.9222726684169835,34.90288379068709,19.980470069985156
HUN,2008,33.00227616712721,19.36138498077785,61.72385098482842,4.16467628126661,16.76197674677097,17.40092025387697
HUN,2009,33.31151435276224,19.202473326338385,67.1959524597077,4.194644479579447,14.18880067885402,16.661311059860353
HUN,2010,34.05870443634435,20.551776257673197,55.25117620047115,5.885547087517758,12.046642489924723,15.055273339926961
HUN,2011,34.095302901890335,19.80565028450109,69.00238405395585,4.340119147949825,20.895420652740437,16.3845465585155
HUN,2012,35.94708457985368,20.41211174610558,73.3983396530614,7.055374985561268,27.722974445432996,18.600453028855625
HUN,2013,36.3060025666094,20.516707696399877,62.5913928446028,5.015764554514941,17.200006289131636,16.716708046055984
HUN,2014,33.0880958589992,19.430673349442124,54.544512774880666,2.790388291479398,20.6150265280809,23.20854481307306
HUN,2015,36.070065749477024,21.038621225157478,69.24940008354884,7.965779435508083,37.56171812145079,20.919697790084395
HUN,2016,33.363532236745634,19.97083581915992,68.0405369780463,4.43051427873205,16.046221165665564,18.69286837191193
HUN,2017,35.55205452793418,20.55853352579532,66.36766000076987,5.86117830537429,18.04946035409183,16.558571296466656
HUN,2018,33.56555680224113,20.365815702771204,90.61661510083302,5.689398879583423,38.056836102887715,25.08829789172834
ISL,2000,41.21688169932059,26.55551221631656,202.47441371334568,75.8104181514568,9.565545731818412,18.45356406905026
ISL,2000,41.21688169932059,26.55551221631656,202.47441371334568,75.8104181514568,9.565545731818412,17.721245000207265
ISL,2000,41.21688169932059,26.55551221631656,202.47441371334568,75.8104181514568,5.946433409049394,18.45356406905026
ISL,2000,41.21688169932059,26.55551221631656,202.47441371334568,75.8104181514568,5.946433409049394,17.721245000207265
ISL,2000,41.21688169932059,26.55551221631656,202.47441371334568,0.0,9.565545731818412,18.45356406905026
ISL,2000,41.21688169932059,26.55551221631656,202.47441371334568,0.0,9.565545731818412,17.721245000207265
ISL,2000,41.21688169932059,26.55551221631656,202.47441371334568,0.0,5.946433409049394,18.45356406905026
ISL,2000,41.21688169932059,26.55551221631656,202.47441371334568,0.0,5.946433409049394,17.721245000207265
ISL,2000,41.21688169932059,26.55551221631656,0.0,75.8104181514568,9.565545731818412,18.45356406905026
ISL,2000,41.21688169932059,26.55551221631656,0.0,75.8104181514568,9.565545731818412,17.721245000207265
ISL,2000,41.21688169932059,26.55551221631656,0.0,75.8104181514568,5.946433409049394,18.45356406905026
ISL,2000,41.21688169932059,26.55551221631656,0.0,75.8104181514568,5.946433409049394,17.721245000207265
ISL,2000,41.21688169932059,26.55551221631656,0.0,0.0,9.565545731818412,18.45356406905026
ISL,2000,41.21688169932059,26.55551221631656,0.0,0.0,9.565545731818412,17.721245000207265
ISL,2000,41.21688169932059,26.55551221631656,0.0,0.0,5.946433409049394,18.45356406905026
ISL,2000,41.21688169932059,26.55551221631656,0.0,0.0,5.946433409049394,17.721245000207265
ISL,2000,41.21688169932059,12.615449874118648,202.47441371334568,75.8104181514568,9.565545731818412,18.45356406905026
ISL,2000,41.21688169932059,12.615449874118648,202.47441371334568,75.8104181514568,9.565545731818412,17.721245000207265
ISL,2000,41.21688169932059,12.615449874118648,202.47441371334568,75.8104181514568,5.946433409049394,18.45356406905026
ISL,2000,41.21688169932059,12.615449874118648,202.47441371334568,75.8104181514568,5.946433409049394,17.721245000207265
ISL,2000,41.21688169932059,12.615449874118648,202.47441371334568,0.0,9.565545731818412,18.45356406905026
ISL,2000,41.21688169932059,12.615449874118648,202.47441371334568,0.0,9.565545731818412,17.721245000207265
ISL,2000,41.21688169932059,12.615449874118648,202.47441371334568,0.0,5.946433409049394,18.45356406905026
ISL,2000,41.21688169932059,12.615449874118648,202.47441371334568,0.0,5.946433409049394,17.721245000207265
ISL,2000,41.21688169932059,12.615449874118648,0.0,75.8104181514568,9.565545731818412,18.45356406905026
ISL,2000,41.21688169932059,12.615449874118648,0.0,75.8104181514568,9.565545731818412,17.721245000207265
ISL,2000,41.21688169932059,12.615449874118648,0.0,75.8104181514568,5.946433409049394,18.45356406905026
ISL,2000,41.21688169932059,12.615449874118648,0.0,75.8104181514568,5.946433409049394,17.721245000207265
ISL,2000,41.21688169932059,12.615449874118648,0.0,0.0,9.565545731818412,18.45356406905026
ISL,2000,41.21688169932059,12.615449874118648,0.0,0.0,9.565545731818412,17.721245000207265
ISL,2000,41.21688169932059,12.615449874118648,0.0,0.0,5.946433409049394,18.45356406905026
ISL,2000,41.21688169932059,12.615449874118648,0.0,0.0,5.946433409049394,17.721245000207265
ISL,2000,18.977264140050718,26.55551221631656,202.47441371334568,75.8104181514568,9.565545731818412,18.45356406905026
ISL,2000,18.977264140050718,26.55551221631656,202.47441371334568,75.8104181514568,9.565545731818412,17.721245000207265
ISL,2000,18.977264140050718,26.55551221631656,202.47441371334568,75.8104181514568,5.946433409049394,18.45356406905026
ISL,2000,18.977264140050718,26.55551221631656,202.47441371334568,75.8104181514568,5.946433409049394,17.721245000207265
ISL,2000,18.977264140050718,26.55551221631656,202.47441371334568,0.0,9.565545731818412,18.45356406905026
ISL,2000,18.977264140050718,26.55551221631656,202.47441371334568,0.0,9.565545731818412,17.721245000207265
ISL,2000,18.977264140050718,26.55551221631656,202.47441371334568,0.0,5.946433409049394,18.45356406905026
ISL,2000,18.977264140050718,26.55551221631656,202.47441371334568,0.0,5.946433409049394,17.721245000207265
ISL,2000,18.977264140050718,26.55551221631656,0.0,75.8104181514568,9.565545731818412,18.45356406905026
ISL,2000,18.977264140050718,26.55551221631656,0.0,75.8104181514568,9.565545731818412,17.721245000207265
ISL,2000,18.977264140050718,26.55551221631656,0.0,75.8104181514568,5.946433409049394,18.45356406905026
ISL,2000,18.977264140050718,26.55551221631656,0.0,75.8104181514568,5.946433409049394,17.721245000207265
ISL,2000,18.977264140050718,26.55551221631656,0.0,0.0,9.565545731818412,18.45356406905026
ISL,2000,18.977264140050718,26.55551221631656,0.0,0.0,9.565545731818412,17.721245000207265
ISL,2000,18.977264140050718,26.55551221631656,0.0,0.0,5.946433409049394,18.45356406905026
ISL,2000,18.977264140050718,26.55551221631656,0.0,0.0,5.946433409049394,17.721245000207265
ISL,2000,18.977264140050718,12.615449874118648,202.47441371334568,75.8104181514568,9.565545731818412,18.45356406905026
ISL,2000,18.977264140050718,12.615449874118648,202.47441371334568,75.8104181514568,9.565545731818412,17.721245000207265
ISL,2000,18.977264140050718,12.615449874118648,202.47441371334568,75.8104181514568,5.946433409049394,18.45356406905026
ISL,2000,18.977264140050718,12.615449874118648,202.47441371334568,75.8104181514568,5.946433409049394,17.721245000207265
ISL,2000,18.977264140050718,12.615449874118648,202.47441371334568,0.0,9.565545731818412,18.45356406905026
ISL,2000,18.977264140050718,12.615449874118648,202.47441371334568,0.0,9.565545731818412,17.721245000207265
ISL,2000,18.977264140050718,12.615449874118648,202.47441371334568,0.0,5.946433409049394,18.45356406905026
ISL,2000,18.977264140050718,12.615449874118648,202.47441371334568,0.0,5.946433409049394,17.721245000207265
ISL,2000,18.977264140050718,12.615449874118648,0.0,75.8104181514568,9.565545731818412,18.45356406905026
ISL,2000,18.977264140050718,12.615449874118648,0.0,75.8104181514568,9.565545731818412,17.721245000207265
ISL,2000,18.977264140050718,12.615449874118648,0.0,75.8104181514568,5.946433409049394,18.45356406905026
ISL,2000,18.977264140050718,12.615449874118648,0.0,75.8104181514568,5.946433409049394,17.721245000207265
ISL,2000,18.977264140050718,12.615449874118648,0.0,0.0,9.565545731818412,18.45356406905026
ISL,2000,18.977264140050718,12.615449874118648,0.0,0.0,9.565545731818412,17.721245000207265
ISL,2000,18.977264140050718,12.615449874118648,0.0,0.0,5.946433409049394,18.45356406905026
ISL,2000,18.977264140050718,12.615449874118648,0.0,0.0,5.946433409049394,17.721245000207265
ISL,2001,41.0201264940665,26.149465143452897,216.286944591491,80.27507048244142,11.994323807820836,21.00928170658253
ISL,2001,41.0201264940665,26.149465143452897,216.286944591491,80.27507048244142,11.994323807820836,15.494632035693893
ISL,2001,41.0201264940665,26.149465143452897,216.286944591491,80.27507048244142,10.240898842800089,21.00928170658253
ISL,2001,41.0201264940665,26.149465143452897,216.286944591491,80.27507048244142,10.240898842800089,15.494632035693893
ISL,2001,41.0201264940665,26.149465143452897,216.286944591491,0.0,11.994323807820836,21.00928170658253
ISL,2001,41.0201264940665,26.149465143452897,216.286944591491,0.0,11.994323807820836,15.494632035693893
ISL,2001,41.0201264940665,26.149465143452897,216.286944591491,0.0,10.240898842800089,21.00928170658253
ISL,2001,41.0201264940665,26.149465143452897,216.286944591491,0.0,10.240898842800089,15.494632035693893
ISL,2001,41.0201264940665,26.149465143452897,0.0,80.27507048244142,11.994323807820836,21.00928170658253
ISL,2001,41.0201264940665,26.149465143452897,0.0,80.27507048244142,11.994323807820836,15.494632035693893
ISL,2001,41.0201264940665,26.149465143452897,0.0,80.27507048244142,10.240898842800089,21.00928170658253
ISL,2001,41.0201264940665,26.149465143452897,0.0,80.27507048244142,10.240898842800089,15.494632035693893
ISL,2001,41.0201264940665,26.149465143452897,0.0,0.0,11.994323807820836,21.00928170658253
ISL,2001,41.0201264940665,26.149465143452897,0.0,0.0,11.994323807820836,15.494632035693893
ISL,2001,41.0201264940665,26.149465143452897,0.0,0.0,10.240898842800089,21.00928170658253
ISL,2001,41.0201264940665,26.149465143452897,0.0,0.0,10.240898842800089,15.494632035693893
ISL,2001,41.0201264940665,11.046496350878442,216.286944591491,80.27507048244142,11.994323807820836,21.00928170658253
ISL,2001,41.0201264940665,11.046496350878442,216.286944591491,80.27507048244142,11.994323807820836,15.494632035693893
ISL,2001,41.0201264940665,11.046496350878442,216.286944591491,80.27507048244142,10.240898842800089,21.00928170658253
ISL,2001,41.0201264940665,11.046496350878442,216.286944591491,80.27507048244142,10.240898842800089,15.494632035693893
ISL,2001,41.0201264940665,11.046496350878442,216.286944591491,0.0,11.994323807820836,21.00928170658253
ISL,2001,41.0201264940665,11.046496350878442,216.286944591491,0.0,11.994323807820836,15.494632035693893
ISL,2001,41.0201264940665,11.046496350878442,216.286944591491,0.0,10.240898842800089,21.00928170658253
ISL,2001,41.0201264940665,11.046496350878442,216.286944591491,0.0,10.240898842800089,15.494632035693893
ISL,2001,41.0201264940665,11.046496350878442,0.0,80.27507048244142,11.994323807820836,21.00928170658253
ISL,2001,41.0201264940665,11.046496350878442,0.0,80.27507048244142,11.994323807820836,15.494632035693893
ISL,2001,41.0201264940665,11.046496350878442,0.0,80.27507048244142,10.240898842800089,21.00928170658253
ISL,2001,41.0201264940665,11.046496350878442,0.0,80.27507048244142,10.240898842800089,15.494632035693893
ISL,2001,41.0201264940665,11.046496350878442,0.0,0.0,11.994323807820836,21.00928170658253
ISL,2001,41.0201264940665,11.046496350878442,0.0,0.0,11.994323807820836,15.494632035693893
ISL,2001,41.0201264940665,11.046496350878442,0.0,0.0,10.240898842800089,21.00928170658253
ISL,2001,41.0201264940665,11.046496350878442,0.0,0.0,10.240898842800089,15.494632035693893
ISL,2001,17.869958954264924,26.149465143452897,216.286944591491,80.27507048244142,11.994323807820836,21.00928170658253
ISL,2001,17.869958954264924,26.149465143452897,216.286944591491,80.27507048244142,11.994323807820836,15.494632035693893
ISL,2001,17.869958954264924,26.149465143452897,216.286944591491,80.27507048244142,10.240898842800089,21.00928170658253
ISL,2001,17.869958954264924,26.149465143452897,216.286944591491,80.27507048244142,10.240898842800089,15.494632035693893
ISL,2001,17.869958954264924,26.149465143452897,216.286944591491,0.0,11.994323807820836,21.00928170658253
ISL,2001,17.869958954264924,26.149465143452897,216.286944591491,0.0,11.994323807820836,15.494632035693893
ISL,2001,17.869958954264924,26.149465143452897,216.286944591491,0.0,10.240898842800089,21.00928170658253
ISL,2001,17.869958954264924,26.149465143452897,216.286944591491,0.0,10.240898842800089,15.494632035693893
ISL,2001,17.869958954264924,26.149465143452897,0.0,80.27507048244142,11.994323807820836,21.00928170658253
ISL,2001,17.869958954264924,26.149465143452897,0.0,80.27507048244142,11.994323807820836,15.494632035693893
ISL,2001,17.869958954264924,26.149465143452897,0.0,80.27507048244142,10.240898842800089,21.00928170658253
ISL,2001,17.869958954264924,26.149465143452897,0.0,80.27507048244142,10.240898842800089,15.494632035693893
ISL,2001,17.869958954264924,26.149465143452897,0.0,0.0,11.994323807820836,21.00928170658253
ISL,2001,17.869958954264924,26.149465143452897,0.0,0.0,11.994323807820836,15.494632035693893
ISL,2001,17.869958954264924,26.149465143452897,0.0,0.0,10.240898842800089,21.00928170658253
ISL,2001,17.869958954264924,26.149465143452897,0.0,0.0,10.240898842800089,15.494632035693893
ISL,2001,17.869958954264924,11.046496350878442,216.286944591491,80.27507048244142,11.994323807820836,21.00928170658253
ISL,2001,17.869958954264924,11.046496350878442,216.286944591491,80.27507048244142,11.994323807820836,15.494632035693893
ISL,2001,17.869958954264924,11.046496350878442,216.286944591491,80.27507048244142,10.240898842800089,21.00928170658253
ISL,2001,17.869958954264924,11.046496350878442,216.286944591491,80.27507048244142,10.240898842800089,15.494632035693893
ISL,2001,17.869958954264924,11.046496350878442,216.286944591491,0.0,11.994323807820836,21.00928170658253
ISL,2001,17.869958954264924,11.046496350878442,216.286944591491,0.0,11.994323807820836,15.494632035693893
ISL,2001,17.869958954264924,11.046496350878442,216.286944591491,0.0,10.240898842800089,21.00928170658253
ISL,2001,17.869958954264924,11.046496350878442,216.286944591491,0.0,10.240898842800089,15.494632035693893
ISL,2001,17.869958954264924,11.046496350878442,0.0,80.27507048244142,11.994323807820836,21.00928170658253
ISL,2001,17.869958954264924,11.046496350878442,0.0,80.27507048244142,11.994323807820836,15.494632035693893
ISL,2001,17.869958954264924,11.046496350878442,0.0,80.27507048244142,10.240898842800089,21.00928170658253
ISL,2001,17.869958954264924,11.046496350878442,0.0,80.27507048244142,10.240898842800089,15.494632035693893
ISL,2001,17.869958954264924,11.046496350878442,0.0,0.0,11.994323807820836,21.00928170658253
ISL,2001,17.869958954264924,11.046496350878442,0.0,0.0,11.994323807820836,15.494632035693893
ISL,2001,17.869958954264924,11.046496350878442,0.0,0.0,10.240898842800089,21.00928170658253
ISL,2001,17.869958954264924,11.046496350878442,0.0,0.0,10.240898842800089,15.494632035693893
ISL,2002,42.77383182716088,27.46388308940101,214.95721632808707,84.34243865575235,14.707504803992839,21.327271403323607
ISL,2002,42.77383182716088,27.46388308940101,214.95721632808707,84.34243865575235,14.707504803992839,20.52419445289037
ISL,2002,42.77383182716088,27.46388308940101,214.95721632808707,84.34243865575235,20.923744217074827,21.327271403323607
ISL,2002,42.77383182716088,27.46388308940101,214.95721632808707,84.34243865575235,20.923744217074827,20.52419445289037
ISL,2002,42.77383182716088,27.46388308940101,214.95721632808707,0.0,14.707504803992839,21.327271403323607
ISL,2002,42.77383182716088,27.46388308940101,214.95721632808707,0.0,14.707504803992839,20.52419445289037
ISL,2002,42.77383182716088,27.46388308940101,214.95721632808707,0.0,20.923744217074827,21.327271403323607
ISL,2002,42.77383182716088,27.46388308940101,214.95721632808707,0.0,20.923744217074827,20.52419445289037
ISL,2002,42.77383182716088,27.46388308940101,0.0,84.34243865575235,14.707504803992839,21.327271403323607
ISL,2002,42.77383182716088,27.46388308940101,0.0,84.34243865575235,14.707504803992839,20.52419445289037
ISL,2002,42.77383182716088,27.46388308940101,0.0,84.34243865575235,20.923744217074827,21.327271403323607
ISL,2002,42.77383182716088,27.46388308940101,0.0,84.34243865575235,20.923744217074827,20.52419445289037
ISL,2002,42.77383182716088,27.46388308940101,0.0,0.0,14.707504803992839,21.327271403323607
ISL,2002,42.77383182716088,27.46388308940101,0.0,0.0,14.707504803992839,20.52419445289037
ISL,2002,42.77383182716088,27.46388308940101,0.0,0.0,20.923744217074827,21.327271403323607
ISL,2002,42.77383182716088,27.46388308940101,0.0,0.0,20.923744217074827,20.52419445289037
ISL,2002,42.77383182716088,11.648407787161165,214.95721632808707,84.34243865575235,14.707504803992839,21.327271403323607
ISL,2002,42.77383182716088,11.648407787161165,214.95721632808707,84.34243865575235,14.707504803992839,20.52419445289037
ISL,2002,42.77383182716088,11.648407787161165,214.95721632808707,84.34243865575235,20.923744217074827,21.327271403323607
ISL,2002,42.77383182716088,11.648407787161165,214.95721632808707,84.34243865575235,20.923744217074827,20.52419445289037
ISL,2002,42.77383182716088,11.648407787161165,214.95721632808707,0.0,14.707504803992839,21.327271403323607
ISL,2002,42.77383182716088,11.648407787161165,214.95721632808707,0.0,14.707504803992839,20.52419445289037
ISL,2002,42.77383182716088,11.648407787161165,214.95721632808707,0.0,20.923744217074827,21.327271403323607
ISL,2002,42.77383182716088,11.648407787161165,214.95721632808707,0.0,20.923744217074827,20.52419445289037
ISL,2002,42.77383182716088,11.648407787161165,0.0,84.34243865575235,14.707504803992839,21.327271403323607
ISL,2002,42.77383182716088,11.648407787161165,0.0,84.34243865575235,14.707504803992839,20.52419445289037
ISL,2002,42.77383182716088,11.648407787161165,0.0,84.34243865575235,20.923744217074827,21.327271403323607
ISL,2002,42.77383182716088,11.648407787161165,0.0,84.34243865575235,20.923744217074827,20.52419445289037
ISL,2002,42.77383182716088,11.648407787161165,0.0,0.0,14.707504803992839,21.327271403323607
ISL,2002,42.77383182716088,11.648407787161165,0.0,0.0,14.707504803992839,20.52419445289037
ISL,2002,42.77383182716088,11.648407787161165,0.0,0.0,20.923744217074827,21.327271403323607
ISL,2002,42.77383182716088,11.648407787161165,0.0,0.0,20.923744217074827,20.52419445289037
ISL,2002,19.66662134715262,27.46388308940101,214.95721632808707,84.34243865575235,14.707504803992839,21.327271403323607
ISL,2002,19.66662134715262,27.46388308940101,214.95721632808707,84.34243865575235,14.707504803992839,20.52419445289037
ISL,2002,19.66662134715262,27.46388308940101,214.95721632808707,84.34243865575235,20.923744217074827,21.327271403323607
ISL,2002,19.66662134715262,27.46388308940101,214.95721632808707,84.34243865575235,20.923744217074827,20.52419445289037
ISL,2002,19.66662134715262,27.46388308940101,214.95721632808707,0.0,14.707504803992839,21.327271403323607
ISL,2002,19.66662134715262,27.46388308940101,214.95721632808707,0.0,14.707504803992839,20.52419445289037
ISL,2002,19.66662134715262,27.46388308940101,214.95721632808707,0.0,20.923744217074827,21.327271403323607
ISL,2002,19.66662134715262,27.46388308940101,214.95721632808707,0.0,20.923744217074827,20.52419445289037
ISL,2002,19.66662134715262,27.46388308940101,0.0,84.34243865575235,14.707504803992839,21.327271403323607
ISL,2002,19.66662134715262,27.46388308940101,0.0,84.34243865575235,14.707504803992839,20.52419445289037
ISL,2002,19.66662134715262,27.46388308940101,0.0,84.34243865575235,20.923744217074827,21.327271403323607
ISL,2002,19.66662134715262,27.46388308940101,0.0,84.34243865575235,20.923744217074827,20.52419445289037
ISL,2002,19.66662134715262,27.46388308940101,0.0,0.0,14.707504803992839,21.327271403323607
ISL,2002,19.66662134715262,27.46388308940101,0.0,0.0,14.707504803992839,20.52419445289037
ISL,2002,19.66662134715262,27.46388308940101,0.0,0.0,20.923744217074827,21.327271403323607
ISL,2002,19.66662134715262,27.46388308940101,0.0,0.0,20.923744217074827,20.52419445289037
ISL,2002,19.66662134715262,11.648407787161165,214.95721632808707,84.34243865575235,14.707504803992839,21.327271403323607
ISL,2002,19.66662134715262,11.648407787161165,214.95721632808707,84.34243865575235,14.707504803992839,20.52419445289037
ISL,2002,19.66662134715262,11.648407787161165,214.95721632808707,84.34243865575235,20.923744217074827,21.327271403323607
ISL,2002,19.66662134715262,11.648407787161165,214.95721632808707,84.34243865575235,20.923744217074827,20.52419445289037
ISL,2002,19.66662134715262,11.648407787161165,214.95721632808707,0.0,14.707504803992839,21.327271403323607
ISL,2002,19.66662134715262,11.648407787161165,214.95721632808707,0.0,14.707504803992839,20.52419445289037
ISL,2002,19.66662134715262,11.648407787161165,214.95721632808707,0.0,20.923744217074827,21.327271403323607
ISL,2002,19.66662134715262,11.648407787161165,214.95721632808707,0.0,20.923744217074827,20.52419445289037
ISL,2002,19.66662134715262,11.648407787161165,0.0,84.34243865575235,14.707504803992839,21.327271403323607
ISL,2002,19.66662134715262,11.648407787161165,0.0,84.34243865575235,14.707504803992839,20.52419445289037
ISL,2002,19.66662134715262,11.648407787161165,0.0,84.34243865575235,20.923744217074827,21.327271403323607
ISL,2002,19.66662134715262,11.648407787161165,0.0,84.34243865575235,20.923744217074827,20.52419445289037
ISL,2002,19.66662134715262,11.648407787161165,0.0,0.0,14.707504803992839,21.327271403323607
ISL,2002,19.66662134715262,11.648407787161165,0.0,0.0,14.707504803992839,20.52419445289037
ISL,2002,19.66662134715262,11.648407787161165,0.0,0.0,20.923744217074827,21.327271403323607
ISL,2002,19.66662134715262,11.648407787161165,0.0,0.0,20.923744217074827,20.52419445289037
ISL,2003,40.32284079425861,25.749326737215878,208.19685344400682,80.44106793188365,12.636630816749319,18.83399078881378
ISL,2003,40.32284079425861,25.749326737215878,208.19685344400682,80.44106793188365,12.636630816749319,20.848498046683606
ISL,2003,40.32284079425861,25.749326737215878,208.19685344400682,80.44106793188365,29.6233752255631,18.83399078881378
ISL,2003,40.32284079425861,25.749326737215878,208.19685344400682,80.44106793188365,29.6233752255631,20.848498046683606
ISL,2003,40.32284079425861,25.749326737215878,208.19685344400682,0.0,12.636630816749319,18.83399078881378
ISL,2003,40.32284079425861,25.749326737215878,208.19685344400682,0.0,12.636630816749319,20.848498046683606
ISL,2003,40.32284079425861,25.749326737215878,208.19685344400682,0.0,29.6233752255631,18.83399078881378
ISL,2003,40.32284079425861,25.749326737215878,208.19685344400682,0.0,29.6233752255631,20.848498046683606
ISL,2003,40.32284079425861,25.749326737215878,0.0,80.44106793188365,12.636630816749319,18.83399078881378
ISL,2003,40.32284079425861,25.749326737215878,0.0,80.44106793188365,12.636630816749319,20.848498046683606
ISL,2003,40.32284079425861,25.749326737215878,0.0,80.44106793188365,29.6233752255631,18.83399078881378
ISL,2003,40.32284079425861,25.749326737215878,0.0,80.44106793188365,29.6233752255631,20.848498046683606
ISL,2003,40.32284079425861,25.749326737215878,0.0,0.0,12.636630816749319,18.83399078881378
ISL,2003,40.32284079425861,25.749326737215878,0.0,0.0,12.636630816749319,20.848498046683606
ISL,2003,40.32284079425861,25.749326737215878,0.0,0.0,29.6233752255631,18.83399078881378
ISL,2003,40.32284079425861,25.749326737215878,0.0,0.0,29.6233752255631,20.848498046683606
ISL,2003,40.32284079425861,13.164809343801027,208.19685344400682,80.44106793188365,12.636630816749319,18.83399078881378
ISL,2003,40.32284079425861,13.164809343801027,208.19685344400682,80.44106793188365,12.636630816749319,20.848498046683606
ISL,2003,40.32284079425861,13.164809343801027,208.19685344400682,80.44106793188365,29.6233752255631,18.83399078881378
ISL,2003,40.32284079425861,13.164809343801027,208.19685344400682,80.44106793188365,29.6233752255631,20.848498046683606
ISL,2003,40.32284079425861,13.164809343801027,208.19685344400682,0.0,12.636630816749319,18.83399078881378
ISL,2003,40.32284079425861,13.164809343801027,208.19685344400682,0.0,12.636630816749319,20.848498046683606
ISL,2003,40.32284079425861,13.164809343801027,208.19685344400682,0.0,29.6233752255631,18.83399078881378
ISL,2003,40.32284079425861,13.164809343801027,208.19685344400682,0.0,29.6233752255631,20.848498046683606
ISL,2003,40.32284079425861,13.164809343801027,0.0,80.44106793188365,12.636630816749319,18.83399078881378
ISL,2003,40.32284079425861,13.164809343801027,0.0,80.44106793188365,12.636630816749319,20.848498046683606
ISL,2003,40.32284079425861,13.164809343801027,0.0,80.44106793188365,29.6233752255631,18.83399078881378
ISL,2003,40.32284079425861,13.164809343801027,0.0,80.44106793188365,29.6233752255631,20.848498046683606
ISL,2003,40.32284079425861,13.164809343801027,0.0,0.0,12.636630816749319,18.83399078881378
ISL,2003,40.32284079425861,13.164809343801027,0.0,0.0,12.636630816749319,20.848498046683606
ISL,2003,40.32284079425861,13.164809343801027,0.0,0.0,29.6233752255631,18.83399078881378
ISL,2003,40.32284079425861,13.164809343801027,0.0,0.0,29.6233752255631,20.848498046683606
ISL,2003,20.372038284669973,25.749326737215878,208.19685344400682,80.44106793188365,12.636630816749319,18.83399078881378
ISL,2003,20.372038284669973,25.749326737215878,208.19685344400682,80.44106793188365,12.636630816749319,20.848498046683606
ISL,2003,20.372038284669973,25.749326737215878,208.19685344400682,80.44106793188365,29.6233752255631,18.83399078881378
ISL,2003,20.372038284669973,25.749326737215878,208.19685344400682,80.44106793188365,29.6233752255631,20.848498046683606
ISL,2003,20.372038284669973,25.749326737215878,208.19685344400682,0.0,12.636630816749319,18.83399078881378
ISL,2003,20.372038284669973,25.749326737215878,208.19685344400682,0.0,12.636630816749319,20.848498046683606
ISL,2003,20.372038284669973,25.749326737215878,208.19685344400682,0.0,29.6233752255631,18.83399078881378
ISL,2003,20.372038284669973,25.749326737215878,208.19685344400682,0.0,29.6233752255631,20.848498046683606
ISL,2003,20.372038284669973,25.749326737215878,0.0,80.44106793188365,12.636630816749319,18.83399078881378
ISL,2003,20.372038284669973,25.749326737215878,0.0,80.44106793188365,12.636630816749319,20.848498046683606
ISL,2003,20.372038284669973,25.749326737215878,0.0,80.44106793188365,29.6233752255631,18.83399078881378
ISL,2003,20.372038284669973,25.749326737215878,0.0,80.44106793188365,29.6233752255631,20.848498046683606
ISL,2003,20.372038284669973,25.749326737215878,0.0,0.0,12.636630816749319,18.83399078881378
ISL,2003,20.372038284669973,25.749326737215878,0.0,0.0,12.636630816749319,20.848498046683606
ISL,2003,20.372038284669973,25.749326737215878,0.0,0.0,29.6233752255631,18.83399078881378
ISL,2003,20.372038284669973,25.749326737215878,0.0,0.0,29.6233752255631,20.848498046683606
ISL,2003,20.372038284669973,13.164809343801027,208.19685344400682,80.44106793188365,12.636630816749319,18.83399078881378
ISL,2003,20.372038284669973,13.164809343801027,208.19685344400682,80.44106793188365,12.636630816749319,20.848498046683606
ISL,2003,20.372038284669973,13.164809343801027,208.19685344400682,80.44106793188365,29.6233752255631,18.83399078881378
ISL,2003,20.372038284669973,13.164809343801027,208.19685344400682,80.44106793188365,29.6233752255631,20.848498046683606
ISL,2003,20.372038284669973,13.164809343801027,208.19685344400682,0.0,12.636630816749319,18.83399078881378
ISL,2003,20.372038284669973,13.164809343801027,208.19685344400682,0.0,12.636630816749319,20.848498046683606
ISL,2003,20.372038284669973,13.164809343801027,208.19685344400682,0.0,29.6233752255631,18.83399078881378
ISL,2003,20.372038284669973,13.164809343801027,208.19685344400682,0.0,29.6233752255631,20.848498046683606
ISL,2003,20.372038284669973,13.164809343801027,0.0,80.44106793188365,12.636630816749319,18.83399078881378
ISL,2003,20.372038284669973,13.164809343801027,0.0,80.44106793188365,12.636630816749319,20.848498046683606
ISL,2003,20.372038284669973,13.164809343801027,0.0,80.44106793188365,29.6233752255631,18.83399078881378
ISL,2003,20.372038284669973,13.164809343801027,0.0,80.44106793188365,29.6233752255631,20.848498046683606
ISL,2003,20.372038284669973,13.164809343801027,0.0,0.0,12.636630816749319,18.83399078881378
ISL,2003,20.372038284669973,13.164809343801027,0.0,0.0,12.636630816749319,20.848498046683606
ISL,2003,20.372038284669973,13.164809343801027,0.0,0.0,29.6233752255631,18.83399078881378
ISL,2003,20.372038284669973,13.164809343801027,0.0,0.0,29.6233752255631,20.848498046683606
ISL,2004,40.936286667023936,25.16139618879495,216.9722169801408,75.66171701054098,6.444443333095247,17.487841065601177
ISL,2004,40.936286667023936,25.16139618879495,216.9722169801408,75.66171701054098,6.444443333095247,17.945923963179776
ISL,2004,40.936286667023936,25.16139618879495,216.9722169801408,75.66171701054098,18.66119169763213,17.487841065601177
ISL,2004,40.936286667023936,25.16139618879495,216.9722169801408,75.66171701054098,18.66119169763213,17.945923963179776
ISL,2004,40.936286667023936,25.16139618879495,216.9722169801408,0.0,6.444443333095247,17.487841065601177
ISL,2004,40.936286667023936,25.16139618879495,216.9722169801408,0.0,6.444443333095247,17.945923963179776
ISL,2004,40.936286667023936,25.16139618879495,216.9722169801408,0.0,18.66119169763213,17.487841065601177
ISL,2004,40.936286667023936,25.16139618879495,216.9722169801408,0.0,18.66119169763213,17.945923963179776
ISL,2004,40.936286667023936,25.16139618879495,0.0,75.66171701054098,6.444443333095247,17.487841065601177
ISL,2004,40.936286667023936,25.16139618879495,0.0,75.66171701054098,6.444443333095247,17.945923963179776
ISL,2004,40.936286667023936,25.16139618879495,0.0,75.66171701054098,18.66119169763213,17.487841065601177
ISL,2004,40.936286667023936,25.16139618879495,0.0,75.66171701054098,18.66119169763213,17.945923963179776
ISL,2004,40.936286667023936,25.16139618879495,0.0,0.0,6.444443333095247,17.487841065601177
ISL,2004,40.936286667023936,25.16139618879495,0.0,0.0,6.444443333095247,17.945923963179776
ISL,2004,40.936286667023936,25.16139618879495,0.0,0.0,18.66119169763213,17.487841065601177
ISL,2004,40.936286667023936,25.16139618879495,0.0,0.0,18.66119169763213,17.945923963179776
ISL,2004,40.936286667023936,13.09438863069979,216.9722169801408,75.66171701054098,6.444443333095247,17.487841065601177
ISL,2004,40.936286667023936,13.09438863069979,216.9722169801408,75.66171701054098,6.444443333095247,17.945923963179776
ISL,2004,40.936286667023936,13.09438863069979,216.9722169801408,75.66171701054098,18.66119169763213,17.487841065601177
ISL,2004,40.936286667023936,13.09438863069979,216.9722169801408,75.66171701054098,18.66119169763213,17.945923963179776
ISL,2004,40.936286667023936,13.09438863069979,216.9722169801408,0.0,6.444443333095247,17.487841065601177
ISL,2004,40.936286667023936,13.09438863069979,216.9722169801408,0.0,6.444443333095247,17.945923963179776
ISL,2004,40.936286667023936,13.09438863069979,216.9722169801408,0.0,18.66119169763213,17.487841065601177
ISL,2004,40.936286667023936,13.09438863069979,216.9722169801408,0.0,18.66119169763213,17.945923963179776
ISL,2004,40.936286667023936,13.09438863069979,0.0,75.66171701054098,6.444443333095247,17.487841065601177
ISL,2004,40.936286667023936,13.09438863069979,0.0,75.66171701054098,6.444443333095247,17.945923963179776
ISL,2004,40.936286667023936,13.09438863069979,0.0,75.66171701054098,18.66119169763213,17.487841065601177
ISL,2004,40.936286667023936,13.09438863069979,0.0,75.66171701054098,18.66119169763213,17.945923963179776
ISL,2004,40.936286667023936,13.09438863069979,0.0,0.0,6.444443333095247,17.487841065601177
ISL,2004,40.936286667023936,13.09438863069979,0.0,0.0,6.444443333095247,17.945923963179776
ISL,2004,40.936286667023936,13.09438863069979,0.0,0.0,18.66119169763213,17.487841065601177
ISL,2004,40.936286667023936,13.09438863069979,0.0,0.0,18.66119169763213,17.945923963179776
ISL,2004,20.97435296806044,25.16139618879495,216.9722169801408,75.66171701054098,6.444443333095247,17.487841065601177
ISL,2004,20.97435296806044,25.16139618879495,216.9722169801408,75.66171701054098,6.444443333095247,17.945923963179776
ISL,2004,20.97435296806044,25.16139618879495,216.9722169801408,75.66171701054098,18.66119169763213,17.487841065601177
ISL,2004,20.97435296806044,25.16139618879495,216.9722169801408,75.66171701054098,18.66119169763213,17.945923963179776
ISL,2004,20.97435296806044,25.16139618879495,216.9722169801408,0.0,6.444443333095247,17.487841065601177
ISL,2004,20.97435296806044,25.16139618879495,216.9722169801408,0.0,6.444443333095247,17.945923963179776
ISL,2004,20.97435296806044,25.16139618879495,216.9722169801408,0.0,18.66119169763213,17.487841065601177
ISL,2004,20.97435296806044,25.16139618879495,216.9722169801408,0.0,18.66119169763213,17.945923963179776
ISL,2004,20.97435296806044,25.16139618879495,0.0,75.66171701054098,6.444443333095247,17.487841065601177
ISL,2004,20.97435296806044,25.16139618879495,0.0,75.66171701054098,6.444443333095247,17.945923963179776
ISL,2004,20.97435296806044,25.16139618879495,0.0,75.66171701054098,18.66119169763213,17.487841065601177
ISL,2004,20.97435296806044,25.16139618879495,0.0,75.66171701054098,18.66119169763213,17.945923963179776
ISL,2004,20.97435296806044,25.16139618879495,0.0,0.0,6.444443333095247,17.487841065601177
ISL,2004,20.97435296806044,25.16139618879495,0.0,0.0,6.444443333095247,17.945923963179776
ISL,2004,20.97435296806044,25.16139618879495,0.0,0.0,18.66119169763213,17.487841065601177
ISL,2004,20.97435296806044,25.16139618879495,0.0,0.0,18.66119169763213,17.945923963179776
ISL,2004,20.97435296806044,13.09438863069979,216.9722169801408,75.66171701054098,6.444443333095247,17.487841065601177
ISL,2004,20.97435296806044,13.09438863069979,216.9722169801408,75.66171701054098,6.444443333095247,17.945923963179776
ISL,2004,20.97435296806044,13.09438863069979,216.9722169801408,75.66171701054098,18.66119169763213,17.487841065601177
ISL,2004,20.97435296806044,13.09438863069979,216.9722169801408,75.66171701054098,18.66119169763213,17.945923963179776
ISL,2004,20.97435296806044,13.09438863069979,216.9722169801408,0.0,6.444443333095247,17.487841065601177
ISL,2004,20.97435296806044,13.09438863069979,216.9722169801408,0.0,6.444443333095247,17.945923963179776
ISL,2004,20.97435296806044,13.09438863069979,216.9722169801408,0.0,18.66119169763213,17.487841065601177
ISL,2004,20.97435296806044,13.09438863069979,216.9722169801408,0.0,18.66119169763213,17.945923963179776
ISL,2004,20.97435296806044,13.09438863069979,0.0,75.66171701054098,6.444443333095247,17.487841065601177
ISL,2004,20.97435296806044,13.09438863069979,0.0,75.66171701054098,6.444443333095247,17.945923963179776
ISL,2004,20.97435296806044,13.09438863069979,0.0,75.66171701054098,18.66119169763213,17.487841065601177
ISL,2004,20.97435296806044,13.09438863069979,0.0,75.66171701054098,18.66119169763213,17.945923963179776
ISL,2004,20.97435296806044,13.09438863069979,0.0,0.0,6.444443333095247,17.487841065601177
ISL,2004,20.97435296806044,13.09438863069979,0.0,0.0,6.444443333095247,17.945923963179776
ISL,2004,20.97435296806044,13.09438863069979,0.0,0.0,18.66119169763213,17.487841065601177
ISL,2004,20.97435296806044,13.09438863069979,0.0,0.0,18.66119169763213,17.945923963179776
ISL,2005,38.99246685377186,25.60866368564411,209.84309374518693,75.30757965560191,3.0187120633256312,18.230470504357378
ISL,2005,38.99246685377186,25.60866368564411,209.84309374518693,75.30757965560191,3.0187120633256312,17.7379463840547
ISL,2005,38.99246685377186,25.60866368564411,209.84309374518693,75.30757965560191,19.255061083990846,18.230470504357378
ISL,2005,38.99246685377186,25.60866368564411,209.84309374518693,75.30757965560191,19.255061083990846,17.7379463840547
ISL,2005,38.99246685377186,25.60866368564411,209.84309374518693,0.0,3.0187120633256312,18.230470504357378
ISL,2005,38.99246685377186,25.60866368564411,209.84309374518693,0.0,3.0187120633256312,17.7379463840547
ISL,2005,38.99246685377186,25.60866368564411,209.84309374518693,0.0,19.255061083990846,18.230470504357378
ISL,2005,38.99246685377186,25.60866368564411,209.84309374518693,0.0,19.255061083990846,17.7379463840547
ISL,2005,38.99246685377186,25.60866368564411,0.003634754758012012,75.30757965560191,3.0187120633256312,18.230470504357378
ISL,2005,38.99246685377186,25.60866368564411,0.003634754758012012,75.30757965560191,3.0187120633256312,17.7379463840547
ISL,2005,38.99246685377186,25.60866368564411,0.003634754758012012,75.30757965560191,19.255061083990846,18.230470504357378
ISL,2005,38.99246685377186,25.60866368564411,0.003634754758012012,75.30757965560191,19.255061083990846,17.7379463840547
ISL,2005,38.99246685377186,25.60866368564411,0.003634754758012012,0.0,3.0187120633256312,18.230470504357378
ISL,2005,38.99246685377186,25.60866368564411,0.003634754758012012,0.0,3.0187120633256312,17.7379463840547
ISL,2005,38.99246685377186,25.60866368564411,0.003634754758012012,0.0,19.255061083990846,18.230470504357378
ISL,2005,38.99246685377186,25.60866368564411,0.003634754758012012,0.0,19.255061083990846,17.7379463840547
ISL,2005,38.99246685377186,11.519988389455861,209.84309374518693,75.30757965560191,3.0187120633256312,18.230470504357378
ISL,2005,38.99246685377186,11.519988389455861,209.84309374518693,75.30757965560191,3.0187120633256312,17.7379463840547
ISL,2005,38.99246685377186,11.519988389455861,209.84309374518693,75.30757965560191,19.255061083990846,18.230470504357378
ISL,2005,38.99246685377186,11.519988389455861,209.84309374518693,75.30757965560191,19.255061083990846,17.7379463840547
ISL,2005,38.99246685377186,11.519988389455861,209.84309374518693,0.0,3.0187120633256312,18.230470504357378
ISL,2005,38.99246685377186,11.519988389455861,209.84309374518693,0.0,3.0187120633256312,17.7379463840547
ISL,2005,38.99246685377186,11.519988389455861,209.84309374518693,0.0,19.255061083990846,18.230470504357378
ISL,2005,38.99246685377186,11.519988389455861,209.84309374518693,0.0,19.255061083990846,17.7379463840547
ISL,2005,38.99246685377186,11.519988389455861,0.003634754758012012,75.30757965560191,3.0187120633256312,18.230470504357378
ISL,2005,38.99246685377186,11.519988389455861,0.003634754758012012,75.30757965560191,3.0187120633256312,17.7379463840547
ISL,2005,38.99246685377186,11.519988389455861,0.003634754758012012,75.30757965560191,19.255061083990846,18.230470504357378
ISL,2005,38.99246685377186,11.519988389455861,0.003634754758012012,75.30757965560191,19.255061083990846,17.7379463840547
ISL,2005,38.99246685377186,11.519988389455861,0.003634754758012012,0.0,3.0187120633256312,18.230470504357378
ISL,2005,38.99246685377186,11.519988389455861,0.003634754758012012,0.0,3.0187120633256312,17.7379463840547
ISL,2005,38.99246685377186,11.519988389455861,0.003634754758012012,0.0,19.255061083990846,18.230470504357378
ISL,2005,38.99246685377186,11.519988389455861,0.003634754758012012,0.0,19.255061083990846,17.7379463840547
ISL,2005,19.472597869669,25.60866368564411,209.84309374518693,75.30757965560191,3.0187120633256312,18.230470504357378
ISL,2005,19.472597869669,25.60866368564411,209.84309374518693,75.30757965560191,3.0187120633256312,17.7379463840547
ISL,2005,19.472597869669,25.60866368564411,209.84309374518693,75.30757965560191,19.255061083990846,18.230470504357378
ISL,2005,19.472597869669,25.60866368564411,209.84309374518693,75.30757965560191,19.255061083990846,17.7379463840547
ISL,2005,19.472597869669,25.60866368564411,209.84309374518693,0.0,3.0187120633256312,18.230470504357378
ISL,2005,19.472597869669,25.60866368564411,209.84309374518693,0.0,3.0187120633256312,17.7379463840547
ISL,2005,19.472597869669,25.60866368564411,209.84309374518693,0.0,19.255061083990846,18.230470504357378
ISL,2005,19.472597869669,25.60866368564411,209.84309374518693,0.0,19.255061083990846,17.7379463840547
ISL,2005,19.472597869669,25.60866368564411,0.003634754758012012,75.30757965560191,3.0187120633256312,18.230470504357378
ISL,2005,19.472597869669,25.60866368564411,0.003634754758012012,75.30757965560191,3.0187120633256312,17.7379463840547
ISL,2005,19.472597869669,25.60866368564411,0.003634754758012012,75.30757965560191,19.255061083990846,18.230470504357378
ISL,2005,19.472597869669,25.60866368564411,0.003634754758012012,75.30757965560191,19.255061083990846,17.7379463840547
ISL,2005,19.472597869669,25.60866368564411,0.003634754758012012,0.0,3.0187120633256312,18.230470504357378
ISL,2005,19.472597869669,25.60866368564411,0.003634754758012012,0.0,3.0187120633256312,17.7379463840547
ISL,2005,19.472597869669,25.60866368564411,0.003634754758012012,0.0,19.255061083990846,18.230470504357378
ISL,2005,19.472597869669,25.60866368564411,0.003634754758012012,0.0,19.255061083990846,17.7379463840547
ISL,2005,19.472597869669,11.519988389455861,209.84309374518693,75.30757965560191,3.0187120633256312,18.230470504357378
ISL,2005,19.472597869669,11.519988389455861,209.84309374518693,75.30757965560191,3.0187120633256312,17.7379463840547
ISL,2005,19.472597869669,11.519988389455861,209.84309374518693,75.30757965560191,19.255061083990846,18.230470504357378
ISL,2005,19.472597869669,11.519988389455861,209.84309374518693,75.30757965560191,19.255061083990846,17.7379463840547
ISL,2005,19.472597869669,11.519988389455861,209.84309374518693,0.0,3.0187120633256312,18.230470504357378
ISL,2005,19.472597869669,11.519988389455861,209.84309374518693,0.0,3.0187120633256312,17.7379463840547
ISL,2005,19.472597869669,11.519988389455861,209.84309374518693,0.0,19.255061083990846,18.230470504357378
ISL,2005,19.472597869669,11.519988389455861,209.84309374518693,0.0,19.255061083990846,17.7379463840547
ISL,2005,19.472597869669,11.519988389455861,0.003634754758012012,75.30757965560191,3.0187120633256312,18.230470504357378
ISL,2005,19.472597869669,11.519988389455861,0.003634754758012012,75.30757965560191,3.0187120633256312,17.7379463840547
ISL,2005,19.472597869669,11.519988389455861,0.003634754758012012,75.30757965560191,19.255061083990846,18.230470504357378
ISL,2005,19.472597869669,11.519988389455861,0.003634754758012012,75.30757965560191,19.255061083990846,17.7379463840547
ISL,2005,19.472597869669,11.519988389455861,0.003634754758012012,0.0,3.0187120633256312,18.230470504357378
ISL,2005,19.472597869669,11.519988389455861,0.003634754758012012,0.0,3.0187120633256312,17.7379463840547
ISL,2005,19.472597869669,11.519988389455861,0.003634754758012012,0.0,19.255061083990846,18.230470504357378
ISL,2005,19.472597869669,11.519988389455861,0.003634754758012012,0.0,19.255061083990846,17.7379463840547
ISL,2006,40.59115203727728,26.232967648774903,202.05297797029533,79.52178609013475,2.3069495434900023,18.79462245587859
ISL,2006,40.59115203727728,26.232967648774903,202.05297797029533,79.52178609013475,2.3069495434900023,22.920043920098475
ISL,2006,40.59115203727728,26.232967648774903,202.05297797029533,79.52178609013475,23.44730832258072,18.79462245587859
ISL,2006,40.59115203727728,26.232967648774903,202.05297797029533,79.52178609013475,23.44730832258072,22.920043920098475
ISL,2006,40.59115203727728,26.232967648774903,202.05297797029533,0.0,2.3069495434900023,18.79462245587859
ISL,2006,40.59115203727728,26.232967648774903,202.05297797029533,0.0,2.3069495434900023,22.920043920098475
ISL,2006,40.59115203727728,26.232967648774903,202.05297797029533,0.0,23.44730832258072,18.79462245587859
ISL,2006,40.59115203727728,26.232967648774903,202.05297797029533,0.0,23.44730832258072,22.920043920098475
ISL,2006,40.59115203727728,26.232967648774903,0.0,79.52178609013475,2.3069495434900023,18.79462245587859
ISL,2006,40.59115203727728,26.232967648774903,0.0,79.52178609013475,2.3069495434900023,22.920043920098475
ISL,2006,40.59115203727728,26.232967648774903,0.0,79.52178609013475,23.44730832258072,18.79462245587859
ISL,2006,40.59115203727728,26.232967648774903,0.0,79.52178609013475,23.44730832258072,22.920043920098475
ISL,2006,40.59115203727728,26.232967648774903,0.0,0.0,2.3069495434900023,18.79462245587859
ISL,2006,40.59115203727728,26.232967648774903,0.0,0.0,2.3069495434900023,22.920043920098475
ISL,2006,40.59115203727728,26.232967648774903,0.0,0.0,23.44730832258072,18.79462245587859
ISL,2006,40.59115203727728,26.232967648774903,0.0,0.0,23.44730832258072,22.920043920098475
ISL,2006,40.59115203727728,11.245799308018603,202.05297797029533,79.52178609013475,2.3069495434900023,18.79462245587859
ISL,2006,40.59115203727728,11.245799308018603,202.05297797029533,79.52178609013475,2.3069495434900023,22.920043920098475
ISL,2006,40.59115203727728,11.245799308018603,202.05297797029533,79.52178609013475,23.44730832258072,18.79462245587859
ISL,2006,40.59115203727728,11.245799308018603,202.05297797029533,79.52178609013475,23.44730832258072,22.920043920098475
ISL,2006,40.59115203727728,11.245799308018603,202.05297797029533,0.0,2.3069495434900023,18.79462245587859
ISL,2006,40.59115203727728,11.245799308018603,202.05297797029533,0.0,2.3069495434900023,22.920043920098475
ISL,2006,40.59115203727728,11.245799308018603,202.05297797029533,0.0,23.44730832258072,18.79462245587859
ISL,2006,40.59115203727728,11.245799308018603,202.05297797029533,0.0,23.44730832258072,22.920043920098475
ISL,2006,40.59115203727728,11.245799308018603,0.0,79.52178609013475,2.3069495434900023,18.79462245587859
ISL,2006,40.59115203727728,11.245799308018603,0.0,79.52178609013475,2.3069495434900023,22.920043920098475
ISL,2006,40.59115203727728,11.245799308018603,0.0,79.52178609013475,23.44730832258072,18.79462245587859
ISL,2006,40.59115203727728,11.245799308018603,0.0,79.52178609013475,23.44730832258072,22.920043920098475
ISL,2006,40.59115203727728,11.245799308018603,0.0,0.0,2.3069495434900023,18.79462245587859
ISL,2006,40.59115203727728,11.245799308018603,0.0,0.0,2.3069495434900023,22.920043920098475
ISL,2006,40.59115203727728,11.245799308018603,0.0,0.0,23.44730832258072,18.79462245587859
ISL,2006,40.59115203727728,11.245799308018603,0.0,0.0,23.44730832258072,22.920043920098475
ISL,2006,19.040083465420466,26.232967648774903,202.05297797029533,79.52178609013475,2.3069495434900023,18.79462245587859
ISL,2006,19.040083465420466,26.232967648774903,202.05297797029533,79.52178609013475,2.3069495434900023,22.920043920098475
ISL,2006,19.040083465420466,26.232967648774903,202.05297797029533,79.52178609013475,23.44730832258072,18.79462245587859
ISL,2006,19.040083465420466,26.232967648774903,202.05297797029533,79.52178609013475,23.44730832258072,22.920043920098475
ISL,2006,19.040083465420466,26.232967648774903,202.05297797029533,0.0,2.3069495434900023,18.79462245587859
ISL,2006,19.040083465420466,26.232967648774903,202.05297797029533,0.0,2.3069495434900023,22.920043920098475
ISL,2006,19.040083465420466,26.232967648774903,202.05297797029533,0.0,23.44730832258072,18.79462245587859
ISL,2006,19.040083465420466,26.232967648774903,202.05297797029533,0.0,23.44730832258072,22.920043920098475
ISL,2006,19.040083465420466,26.232967648774903,0.0,79.52178609013475,2.3069495434900023,18.79462245587859
ISL,2006,19.040083465420466,26.232967648774903,0.0,79.52178609013475,2.3069495434900023,22.920043920098475
ISL,2006,19.040083465420466,26.232967648774903,0.0,79.52178609013475,23.44730832258072,18.79462245587859
ISL,2006,19.040083465420466,26.232967648774903,0.0,79.52178609013475,23.44730832258072,22.920043920098475
ISL,2006,19.040083465420466,26.232967648774903,0.0,0.0,2.3069495434900023,18.79462245587859
ISL,2006,19.040083465420466,26.232967648774903,0.0,0.0,2.3069495434900023,22.920043920098475
ISL,2006,19.040083465420466,26.232967648774903,0.0,0.0,23.44730832258072,18.79462245587859
ISL,2006,19.040083465420466,26.232967648774903,0.0,0.0,23.44730832258072,22.920043920098475
ISL,2006,19.040083465420466,11.245799308018603,202.05297797029533,79.52178609013475,2.3069495434900023,18.79462245587859
ISL,2006,19.040083465420466,11.245799308018603,202.05297797029533,79.52178609013475,2.3069495434900023,22.920043920098475
ISL,2006,19.040083465420466,11.245799308018603,202.05297797029533,79.52178609013475,23.44730832258072,18.79462245587859
ISL,2006,19.040083465420466,11.245799308018603,202.05297797029533,79.52178609013475,23.44730832258072,22.920043920098475
ISL,2006,19.040083465420466,11.245799308018603,202.05297797029533,0.0,2.3069495434900023,18.79462245587859
ISL,2006,19.040083465420466,11.245799308018603,202.05297797029533,0.0,2.3069495434900023,22.920043920098475
ISL,2006,19.040083465420466,11.245799308018603,202.05297797029533,0.0,23.44730832258072,18.79462245587859
ISL,2006,19.040083465420466,11.245799308018603,202.05297797029533,0.0,23.44730832258072,22.920043920098475
ISL,2006,19.040083465420466,11.245799308018603,0.0,79.52178609013475,2.3069495434900023,18.79462245587859
ISL,2006,19.040083465420466,11.245799308018603,0.0,79.52178609013475,2.3069495434900023,22.920043920098475
ISL,2006,19.040083465420466,11.245799308018603,0.0,79.52178609013475,23.44730832258072,18.79462245587859
ISL,2006,19.040083465420466,11.245799308018603,0.0,79.52178609013475,23.44730832258072,22.920043920098475
ISL,2006,19.040083465420466,11.245799308018603,0.0,0.0,2.3069495434900023,18.79462245587859
ISL,2006,19.040083465420466,11.245799308018603,0.0,0.0,2.3069495434900023,22.920043920098475
ISL,2006,19.040083465420466,11.245799308018603,0.0,0.0,23.44730832258072,18.79462245587859
ISL,2006,19.040083465420466,11.245799308018603,0.0,0.0,23.44730832258072,22.920043920098475
ISL,2007,41.74619881924523,26.963896941281394,212.09643095228014,86.3878577045746,16.43788595132486,22.397553562979088
ISL,2007,41.74619881924523,26.963896941281394,212.09643095228014,86.3878577045746,16.43788595132486,17.612377779012817
ISL,2007,41.74619881924523,26.963896941281394,212.09643095228014,86.3878577045746,20.500073023337947,22.397553562979088
ISL,2007,41.74619881924523,26.963896941281394,212.09643095228014,86.3878577045746,20.500073023337947,17.612377779012817
ISL,2007,41.74619881924523,26.963896941281394,212.09643095228014,0.0,16.43788595132486,22.397553562979088
ISL,2007,41.74619881924523,26.963896941281394,212.09643095228014,0.0,16.43788595132486,17.612377779012817
ISL,2007,41.74619881924523,26.963896941281394,212.09643095228014,0.0,20.500073023337947,22.397553562979088
ISL,2007,41.74619881924523,26.963896941281394,212.09643095228014,0.0,20.500073023337947,17.612377779012817
ISL,2007,41.74619881924523,26.963896941281394,0.0,86.3878577045746,16.43788595132486,22.397553562979088
ISL,2007,41.74619881924523,26.963896941281394,0.0,86.3878577045746,16.43788595132486,17.612377779012817
ISL,2007,41.74619881924523,26.963896941281394,0.0,86.3878577045746,20.500073023337947,22.397553562979088
ISL,2007,41.74619881924523,26.963896941281394,0.0,86.3878577045746,20.500073023337947,17.612377779012817
ISL,2007,41.74619881924523,26.963896941281394,0.0,0.0,16.43788595132486,22.397553562979088
ISL,2007,41.74619881924523,26.963896941281394,0.0,0.0,16.43788595132486,17.612377779012817
ISL,2007,41.74619881924523,26.963896941281394,0.0,0.0,20.500073023337947,22.397553562979088
ISL,2007,41.74619881924523,26.963896941281394,0.0,0.0,20.500073023337947,17.612377779012817
ISL,2007,41.74619881924523,11.742056617119426,212.09643095228014,86.3878577045746,16.43788595132486,22.397553562979088
ISL,2007,41.74619881924523,11.742056617119426,212.09643095228014,86.3878577045746,16.43788595132486,17.612377779012817
ISL,2007,41.74619881924523,11.742056617119426,212.09643095228014,86.3878577045746,20.500073023337947,22.397553562979088
ISL,2007,41.74619881924523,11.742056617119426,212.09643095228014,86.3878577045746,20.500073023337947,17.612377779012817
ISL,2007,41.74619881924523,11.742056617119426,212.09643095228014,0.0,16.43788595132486,22.397553562979088
ISL,2007,41.74619881924523,11.742056617119426,212.09643095228014,0.0,16.43788595132486,17.612377779012817
ISL,2007,41.74619881924523,11.742056617119426,212.09643095228014,0.0,20.500073023337947,22.397553562979088
ISL,2007,41.74619881924523,11.742056617119426,212.09643095228014,0.0,20.500073023337947,17.612377779012817
ISL,2007,41.74619881924523,11.742056617119426,0.0,86.3878577045746,16.43788595132486,22.397553562979088
ISL,2007,41.74619881924523,11.742056617119426,0.0,86.3878577045746,16.43788595132486,17.612377779012817
ISL,2007,41.74619881924523,11.742056617119426,0.0,86.3878577045746,20.500073023337947,22.397553562979088
ISL,2007,41.74619881924523,11.742056617119426,0.0,86.3878577045746,20.500073023337947,17.612377779012817
ISL,2007,41.74619881924523,11.742056617119426,0.0,0.0,16.43788595132486,22.397553562979088
ISL,2007,41.74619881924523,11.742056617119426,0.0,0.0,16.43788595132486,17.612377779012817
ISL,2007,41.74619881924523,11.742056617119426,0.0,0.0,20.500073023337947,22.397553562979088
ISL,2007,41.74619881924523,11.742056617119426,0.0,0.0,20.500073023337947,17.612377779012817
ISL,2007,20.23523047690282,26.963896941281394,212.09643095228014,86.3878577045746,16.43788595132486,22.397553562979088
ISL,2007,20.23523047690282,26.963896941281394,212.09643095228014,86.3878577045746,16.43788595132486,17.612377779012817
ISL,2007,20.23523047690282,26.963896941281394,212.09643095228014,86.3878577045746,20.500073023337947,22.397553562979088
ISL,2007,20.23523047690282,26.963896941281394,212.09643095228014,86.3878577045746,20.500073023337947,17.612377779012817
ISL,2007,20.23523047690282,26.963896941281394,212.09643095228014,0.0,16.43788595132486,22.397553562979088
ISL,2007,20.23523047690282,26.963896941281394,212.09643095228014,0.0,16.43788595132486,17.612377779012817
ISL,2007,20.23523047690282,26.963896941281394,212.09643095228014,0.0,20.500073023337947,22.397553562979088
ISL,2007,20.23523047690282,26.963896941281394,212.09643095228014,0.0,20.500073023337947,17.612377779012817
ISL,2007,20.23523047690282,26.963896941281394,0.0,86.3878577045746,16.43788595132486,22.397553562979088
ISL,2007,20.23523047690282,26.963896941281394,0.0,86.3878577045746,16.43788595132486,17.612377779012817
ISL,2007,20.23523047690282,26.963896941281394,0.0,86.3878577045746,20.500073023337947,22.397553562979088
ISL,2007,20.23523047690282,26.963896941281394,0.0,86.3878577045746,20.500073023337947,17.612377779012817
ISL,2007,20.23523047690282,26.963896941281394,0.0,0.0,16.43788595132486,22.397553562979088
ISL,2007,20.23523047690282,26.963896941281394,0.0,0.0,16.43788595132486,17.612377779012817
ISL,2007,20.23523047690282,26.963896941281394,0.0,0.0,20.500073023337947,22.397553562979088
ISL,2007,20.23523047690282,26.963896941281394,0.0,0.0,20.500073023337947,17.612377779012817
ISL,2007,20.23523047690282,11.742056617119426,212.09643095228014,86.3878577045746,16.43788595132486,22.397553562979088
ISL,2007,20.23523047690282,11.742056617119426,212.09643095228014,86.3878577045746,16.43788595132486,17.612377779012817
ISL,2007,20.23523047690282,11.742056617119426,212.09643095228014,86.3878577045746,20.500073023337947,22.397553562979088
ISL,2007,20.23523047690282,11.742056617119426,212.09643095228014,86.3878577045746,20.500073023337947,17.612377779012817
ISL,2007,20.23523047690282,11.742056617119426,212.09643095228014,0.0,16.43788595132486,22.397553562979088
ISL,2007,20.23523047690282,11.742056617119426,212.09643095228014,0.0,16.43788595132486,17.612377779012817
ISL,2007,20.23523047690282,11.742056617119426,212.09643095228014,0.0,20.500073023337947,22.397553562979088
ISL,2007,20.23523047690282,11.742056617119426,212.09643095228014,0.0,20.500073023337947,17.612377779012817
ISL,2007,20.23523047690282,11.742056617119426,0.0,86.3878577045746,16.43788595132486,22.397553562979088
ISL,2007,20.23523047690282,11.742056617119426,0.0,86.3878577045746,16.43788595132486,17.612377779012817
ISL,2007,20.23523047690282,11.742056617119426,0.0,86.3878577045746,20.500073023337947,22.397553562979088
ISL,2007,20.23523047690282,11.742056617119426,0.0,86.3878577045746,20.500073023337947,17.612377779012817
ISL,2007,20.23523047690282,11.742056617119426,0.0,0.0,16.43788595132486,22.397553562979088
ISL,2007,20.23523047690282,11.742056617119426,0.0,0.0,16.43788595132486,17.612377779012817
ISL,2007,20.23523047690282,11.742056617119426,0.0,0.0,20.500073023337947,22.397553562979088
ISL,2007,20.23523047690282,11.742056617119426,0.0,0.0,20.500073023337947,17.612377779012817
ISL,2008,40.85350457330532,26.38558034512669,223.4331829402256,86.16134741355599,13.951290777919265,23.815851024264056
ISL,2008,40.85350457330532,26.38558034512669,223.4331829402256,86.16134741355599,13.951290777919265,16.75541069641232
ISL,2008,40.85350457330532,26.38558034512669,223.4331829402256,86.16134741355599,13.214800574210996,23.815851024264056
ISL,2008,40.85350457330532,26.38558034512669,223.4331829402256,86.16134741355599,13.214800574210996,16.75541069641232
ISL,2008,40.85350457330532,26.38558034512669,223.4331829402256,0.0,13.951290777919265,23.815851024264056
ISL,2008,40.85350457330532,26.38558034512669,223.4331829402256,0.0,13.951290777919265,16.75541069641232
ISL,2008,40.85350457330532,26.38558034512669,223.4331829402256,0.0,13.214800574210996,23.815851024264056
ISL,2008,40.85350457330532,26.38558034512669,223.4331829402256,0.0,13.214800574210996,16.75541069641232
ISL,2008,40.85350457330532,26.38558034512669,0.0,86.16134741355599,13.951290777919265,23.815851024264056
ISL,2008,40.85350457330532,26.38558034512669,0.0,86.16134741355599,13.951290777919265,16.75541069641232
ISL,2008,40.85350457330532,26.38558034512669,0.0,86.16134741355599,13.214800574210996,23.815851024264056
ISL,2008,40.85350457330532,26.38558034512669,0.0,86.16134741355599,13.214800574210996,16.75541069641232
ISL,2008,40.85350457330532,26.38558034512669,0.0,0.0,13.951290777919265,23.815851024264056
ISL,2008,40.85350457330532,26.38558034512669,0.0,0.0,13.951290777919265,16.75541069641232
ISL,2008,40.85350457330532,26.38558034512669,0.0,0.0,13.214800574210996,23.815851024264056
ISL,2008,40.85350457330532,26.38558034512669,0.0,0.0,13.214800574210996,16.75541069641232
ISL,2008,40.85350457330532,12.968903804187418,223.4331829402256,86.16134741355599,13.951290777919265,23.815851024264056
ISL,2008,40.85350457330532,12.968903804187418,223.4331829402256,86.16134741355599,13.951290777919265,16.75541069641232
ISL,2008,40.85350457330532,12.968903804187418,223.4331829402256,86.16134741355599,13.214800574210996,23.815851024264056
ISL,2008,40.85350457330532,12.968903804187418,223.4331829402256,86.16134741355599,13.214800574210996,16.75541069641232
ISL,2008,40.85350457330532,12.968903804187418,223.4331829402256,0.0,13.951290777919265,23.815851024264056
ISL,2008,40.85350457330532,12.968903804187418,223.4331829402256,0.0,13.951290777919265,16.75541069641232
ISL,2008,40.85350457330532,12.968903804187418,223.4331829402256,0.0,13.214800574210996,23.815851024264056
ISL,2008,40.85350457330532,12.968903804187418,223.4331829402256,0.0,13.214800574210996,16.75541069641232
ISL,2008,40.85350457330532,12.968903804187418,0.0,86.16134741355599,13.951290777919265,23.815851024264056
ISL,2008,40.85350457330532,12.968903804187418,0.0,86.16134741355599,13.951290777919265,16.75541069641232
ISL,2008,40.85350457330532,12.968903804187418,0.0,86.16134741355599,13.214800574210996,23.815851024264056
ISL,2008,40.85350457330532,12.968903804187418,0.0,86.16134741355599,13.214800574210996,16.75541069641232
ISL,2008,40.85350457330532,12.968903804187418,0.0,0.0,13.951290777919265,23.815851024264056
ISL,2008,40.85350457330532,12.968903804187418,0.0,0.0,13.951290777919265,16.75541069641232
ISL,2008,40.85350457330532,12.968903804187418,0.0,0.0,13.214800574210996,23.815851024264056
ISL,2008,40.85350457330532,12.968903804187418,0.0,0.0,13.214800574210996,16.75541069641232
ISL,2008,20.510016753535908,26.38558034512669,223.4331829402256,86.16134741355599,13.951290777919265,23.815851024264056
ISL,2008,20.510016753535908,26.38558034512669,223.4331829402256,86.16134741355599,13.951290777919265,16.75541069641232
ISL,2008,20.510016753535908,26.38558034512669,223.4331829402256,86.16134741355599,13.214800574210996,23.815851024264056
ISL,2008,20.510016753535908,26.38558034512669,223.4331829402256,86.16134741355599,13.214800574210996,16.75541069641232
ISL,2008,20.510016753535908,26.38558034512669,223.4331829402256,0.0,13.951290777919265,23.815851024264056
ISL,2008,20.510016753535908,26.38558034512669,223.4331829402256,0.0,13.951290777919265,16.75541069641232
ISL,2008,20.510016753535908,26.38558034512669,223.4331829402256,0.0,13.214800574210996,23.815851024264056
ISL,2008,20.510016753535908,26.38558034512669,223.4331829402256,0.0,13.214800574210996,16.75541069641232
ISL,2008,20.510016753535908,26.38558034512669,0.0,86.16134741355599,13.951290777919265,23.815851024264056
ISL,2008,20.510016753535908,26.38558034512669,0.0,86.16134741355599,13.951290777919265,16.75541069641232
ISL,2008,20.510016753535908,26.38558034512669,0.0,86.16134741355599,13.214800574210996,23.815851024264056
ISL,2008,20.510016753535908,26.38558034512669,0.0,86.16134741355599,13.214800574210996,16.75541069641232
ISL,2008,20.510016753535908,26.38558034512669,0.0,0.0,13.951290777919265,23.815851024264056
ISL,2008,20.510016753535908,26.38558034512669,0.0,0.0,13.951290777919265,16.75541069641232
ISL,2008,20.510016753535908,26.38558034512669,0.0,0.0,13.214800574210996,23.815851024264056
ISL,2008,20.510016753535908,26.38558034512669,0.0,0.0,13.214800574210996,16.75541069641232
ISL,2008,20.510016753535908,12.968903804187418,223.4331829402256,86.16134741355599,13.951290777919265,23.815851024264056
ISL,2008,20.510016753535908,12.968903804187418,223.4331829402256,86.16134741355599,13.951290777919265,16.75541069641232
ISL,2008,20.510016753535908,12.968903804187418,223.4331829402256,86.16134741355599,13.214800574210996,23.815851024264056
ISL,2008,20.510016753535908,12.968903804187418,223.4331829402256,86.16134741355599,13.214800574210996,16.75541069641232
ISL,2008,20.510016753535908,12.968903804187418,223.4331829402256,0.0,13.951290777919265,23.815851024264056
ISL,2008,20.510016753535908,12.968903804187418,223.4331829402256,0.0,13.951290777919265,16.75541069641232
ISL,2008,20.510016753535908,12.968903804187418,223.4331829402256,0.0,13.214800574210996,23.815851024264056
ISL,2008,20.510016753535908,12.968903804187418,223.4331829402256,0.0,13.214800574210996,16.75541069641232
ISL,2008,20.510016753535908,12.968903804187418,0.0,86.16134741355599,13.951290777919265,23.815851024264056
ISL,2008,20.510016753535908,12.968903804187418,0.0,86.16134741355599,13.951290777919265,16.75541069641232
ISL,2008,20.510016753535908,12.968903804187418,0.0,86.16134741355599,13.214800574210996,23.815851024264056
ISL,2008,20.510016753535908,12.968903804187418,0.0,86.16134741355599,13.214800574210996,16.75541069641232
ISL,2008,20.510016753535908,12.968903804187418,0.0,0.0,13.951290777919265,23.815851024264056
ISL,2008,20.510016753535908,12.968903804187418,0.0,0.0,13.951290777919265,16.75541069641232
ISL,2008,20.510016753535908,12.968903804187418,0.0,0.0,13.214800574210996,23.815851024264056
ISL,2008,20.510016753535908,12.968903804187418,0.0,0.0,13.214800574210996,16.75541069641232
ISL,2009,40.332435297143725,26.08031348062981,211.00377186392657,85.97824175138918,12.973870948927921,24.120656418806995
ISL,2009,40.332435297143725,26.08031348062981,211.00377186392657,85.97824175138918,12.973870948927921,17.166556269431705
ISL,2009,40.332435297143725,26.08031348062981,211.00377186392657,85.97824175138918,13.785194790082441,24.120656418806995
ISL,2009,40.332435297143725,26.08031348062981,211.00377186392657,85.97824175138918,13.785194790082441,17.166556269431705
ISL,2009,40.332435297143725,26.08031348062981,211.00377186392657,0.0,12.973870948927921,24.120656418806995
ISL,2009,40.332435297143725,26.08031348062981,211.00377186392657,0.0,12.973870948927921,17.166556269431705
ISL,2009,40.332435297143725,26.08031348062981,211.00377186392657,0.0,13.785194790082441,24.120656418806995
ISL,2009,40.332435297143725,26.08031348062981,211.00377186392657,0.0,13.785194790082441,17.166556269431705
ISL,2009,40.332435297143725,26.08031348062981,0.0,85.97824175138918,12.973870948927921,24.120656418806995
ISL,2009,40.332435297143725,26.08031348062981,0.0,85.97824175138918,12.973870948927921,17.166556269431705
ISL,2009,40.332435297143725,26.08031348062981,0.0,85.97824175138918,13.785194790082441,24.120656418806995
ISL,2009,40.332435297143725,26.08031348062981,0.0,85.97824175138918,13.785194790082441,17.166556269431705
ISL,2009,40.332435297143725,26.08031348062981,0.0,0.0,12.973870948927921,24.120656418806995
ISL,2009,40.332435297143725,26.08031348062981,0.0,0.0,12.973870948927921,17.166556269431705
ISL,2009,40.332435297143725,26.08031348062981,0.0,0.0,13.785194790082441,24.120656418806995
ISL,2009,40.332435297143725,26.08031348062981,0.0,0.0,13.785194790082441,17.166556269431705
ISL,2009,40.332435297143725,12.513360482562431,211.00377186392657,85.97824175138918,12.973870948927921,24.120656418806995
ISL,2009,40.332435297143725,12.513360482562431,211.00377186392657,85.97824175138918,12.973870948927921,17.166556269431705
ISL,2009,40.332435297143725,12.513360482562431,211.00377186392657,85.97824175138918,13.785194790082441,24.120656418806995
ISL,2009,40.332435297143725,12.513360482562431,211.00377186392657,85.97824175138918,13.785194790082441,17.166556269431705
ISL,2009,40.332435297143725,12.513360482562431,211.00377186392657,0.0,12.973870948927921,24.120656418806995
ISL,2009,40.332435297143725,12.513360482562431,211.00377186392657,0.0,12.973870948927921,17.166556269431705
ISL,2009,40.332435297143725,12.513360482562431,211.00377186392657,0.0,13.785194790082441,24.120656418806995
ISL,2009,40.332435297143725,12.513360482562431,211.00377186392657,0.0,13.785194790082441,17.166556269431705
ISL,2009,40.332435297143725,12.513360482562431,0.0,85.97824175138918,12.973870948927921,24.120656418806995
ISL,2009,40.332435297143725,12.513360482562431,0.0,85.97824175138918,12.973870948927921,17.166556269431705
ISL,2009,40.332435297143725,12.513360482562431,0.0,85.97824175138918,13.785194790082441,24.120656418806995
ISL,2009,40.332435297143725,12.513360482562431,0.0,85.97824175138918,13.785194790082441,17.166556269431705
ISL,2009,40.332435297143725,12.513360482562431,0.0,0.0,12.973870948927921,24.120656418806995
ISL,2009,40.332435297143725,12.513360482562431,0.0,0.0,12.973870948927921,17.166556269431705
ISL,2009,40.332435297143725,12.513360482562431,0.0,0.0,13.785194790082441,24.120656418806995
ISL,2009,40.332435297143725,12.513360482562431,0.0,0.0,13.785194790082441,17.166556269431705
ISL,2009,18.959543396265115,26.08031348062981,211.00377186392657,85.97824175138918,12.973870948927921,24.120656418806995
ISL,2009,18.959543396265115,26.08031348062981,211.00377186392657,85.97824175138918,12.973870948927921,17.166556269431705
ISL,2009,18.959543396265115,26.08031348062981,211.00377186392657,85.97824175138918,13.785194790082441,24.120656418806995
ISL,2009,18.959543396265115,26.08031348062981,211.00377186392657,85.97824175138918,13.785194790082441,17.166556269431705
ISL,2009,18.959543396265115,26.08031348062981,211.00377186392657,0.0,12.973870948927921,24.120656418806995
ISL,2009,18.959543396265115,26.08031348062981,211.00377186392657,0.0,12.973870948927921,17.166556269431705
ISL,2009,18.959543396265115,26.08031348062981,211.00377186392657,0.0,13.785194790082441,24.120656418806995
ISL,2009,18.959543396265115,26.08031348062981,211.00377186392657,0.0,13.785194790082441,17.166556269431705
ISL,2009,18.959543396265115,26.08031348062981,0.0,85.97824175138918,12.973870948927921,24.120656418806995
ISL,2009,18.959543396265115,26.08031348062981,0.0,85.97824175138918,12.973870948927921,17.166556269431705
ISL,2009,18.959543396265115,26.08031348062981,0.0,85.97824175138918,13.785194790082441,24.120656418806995
ISL,2009,18.959543396265115,26.08031348062981,0.0,85.97824175138918,13.785194790082441,17.166556269431705
ISL,2009,18.959543396265115,26.08031348062981,0.0,0.0,12.973870948927921,24.120656418806995
ISL,2009,18.959543396265115,26.08031348062981,0.0,0.0,12.973870948927921,17.166556269431705
ISL,2009,18.959543396265115,26.08031348062981,0.0,0.0,13.785194790082441,24.120656418806995
ISL,2009,18.959543396265115,26.08031348062981,0.0,0.0,13.785194790082441,17.166556269431705
ISL,2009,18.959543396265115,12.513360482562431,211.00377186392657,85.97824175138918,12.973870948927921,24.120656418806995
ISL,2009,18.959543396265115,12.513360482562431,211.00377186392657,85.97824175138918,12.973870948927921,17.166556269431705
ISL,2009,18.959543396265115,12.513360482562431,211.00377186392657,85.97824175138918,13.785194790082441,24.120656418806995
ISL,2009,18.959543396265115,12.513360482562431,211.00377186392657,85.97824175138918,13.785194790082441,17.166556269431705
ISL,2009,18.959543396265115,12.513360482562431,211.00377186392657,0.0,12.973870948927921,24.120656418806995
ISL,2009,18.959543396265115,12.513360482562431,211.00377186392657,0.0,12.973870948927921,17.166556269431705
ISL,2009,18.959543396265115,12.513360482562431,211.00377186392657,0.0,13.785194790082441,24.120656418806995
ISL,2009,18.959543396265115,12.513360482562431,211.00377186392657,0.0,13.785194790082441,17.166556269431705
ISL,2009,18.959543396265115,12.513360482562431,0.0,85.97824175138918,12.973870948927921,24.120656418806995
ISL,2009,18.959543396265115,12.513360482562431,0.0,85.97824175138918,12.973870948927921,17.166556269431705
ISL,2009,18.959543396265115,12.513360482562431,0.0,85.97824175138918,13.785194790082441,24.120656418806995
ISL,2009,18.959543396265115,12.513360482562431,0.0,85.97824175138918,13.785194790082441,17.166556269431705
ISL,2009,18.959543396265115,12.513360482562431,0.0,0.0,12.973870948927921,24.120656418806995
ISL,2009,18.959543396265115,12.513360482562431,0.0,0.0,12.973870948927921,17.166556269431705
ISL,2009,18.959543396265115,12.513360482562431,0.0,0.0,13.785194790082441,24.120656418806995
ISL,2009,18.959543396265115,12.513360482562431,0.0,0.0,13.785194790082441,17.166556269431705
ISL,2010,42.654290200398435,27.93697822611456,247.58099334584728,101.74790448200702,68.60994345641785,38.60884567479428
ISL,2010,42.654290200398435,27.93697822611456,247.58099334584728,101.74790448200702,68.60994345641785,16.871016393390015
ISL,2010,42.654290200398435,27.93697822611456,247.58099334584728,101.74790448200702,37.4473459001483,38.60884567479428
ISL,2010,42.654290200398435,27.93697822611456,247.58099334584728,101.74790448200702,37.4473459001483,16.871016393390015
ISL,2010,42.654290200398435,27.93697822611456,247.58099334584728,0.0,68.60994345641785,38.60884567479428
ISL,2010,42.654290200398435,27.93697822611456,247.58099334584728,0.0,68.60994345641785,16.871016393390015
ISL,2010,42.654290200398435,27.93697822611456,247.58099334584728,0.0,37.4473459001483,38.60884567479428
ISL,2010,42.654290200398435,27.93697822611456,247.58099334584728,0.0,37.4473459001483,16.871016393390015
ISL,2010,42.654290200398435,27.93697822611456,0.0,101.74790448200702,68.60994345641785,38.60884567479428
ISL,2010,42.654290200398435,27.93697822611456,0.0,101.74790448200702,68.60994345641785,16.871016393390015
ISL,2010,42.654290200398435,27.93697822611456,0.0,101.74790448200702,37.4473459001483,38.60884567479428
ISL,2010,42.654290200398435,27.93697822611456,0.0,101.74790448200702,37.4473459001483,16.871016393390015
ISL,2010,42.654290200398435,27.93697822611456,0.0,0.0,68.60994345641785,38.60884567479428
ISL,2010,42.654290200398435,27.93697822611456,0.0,0.0,68.60994345641785,16.871016393390015
ISL,2010,42.654290200398435,27.93697822611456,0.0,0.0,37.4473459001483,38.60884567479428
ISL,2010,42.654290200398435,27.93697822611456,0.0,0.0,37.4473459001483,16.871016393390015
ISL,2010,42.654290200398435,12.770633980805378,247.58099334584728,101.74790448200702,68.60994345641785,38.60884567479428
ISL,2010,42.654290200398435,12.770633980805378,247.58099334584728,101.74790448200702,68.60994345641785,16.871016393390015
ISL,2010,42.654290200398435,12.770633980805378,247.58099334584728,101.74790448200702,37.4473459001483,38.60884567479428
ISL,2010,42.654290200398435,12.770633980805378,247.58099334584728,101.74790448200702,37.4473459001483,16.871016393390015
ISL,2010,42.654290200398435,12.770633980805378,247.58099334584728,0.0,68.60994345641785,38.60884567479428
ISL,2010,42.654290200398435,12.770633980805378,247.58099334584728,0.0,68.60994345641785,16.871016393390015
ISL,2010,42.654290200398435,12.770633980805378,247.58099334584728,0.0,37.4473459001483,38.60884567479428
ISL,2010,42.654290200398435,12.770633980805378,247.58099334584728,0.0,37.4473459001483,16.871016393390015
ISL,2010,42.654290200398435,12.770633980805378,0.0,101.74790448200702,68.60994345641785,38.60884567479428
ISL,2010,42.654290200398435,12.770633980805378,0.0,101.74790448200702,68.60994345641785,16.871016393390015
ISL,2010,42.654290200398435,12.770633980805378,0.0,101.74790448200702,37.4473459001483,38.60884567479428
ISL,2010,42.654290200398435,12.770633980805378,0.0,101.74790448200702,37.4473459001483,16.871016393390015
ISL,2010,42.654290200398435,12.770633980805378,0.0,0.0,68.60994345641785,38.60884567479428
ISL,2010,42.654290200398435,12.770633980805378,0.0,0.0,68.60994345641785,16.871016393390015
ISL,2010,42.654290200398435,12.770633980805378,0.0,0.0,37.4473459001483,38.60884567479428
ISL,2010,42.654290200398435,12.770633980805378,0.0,0.0,37.4473459001483,16.871016393390015
ISL,2010,19.28368536996992,27.93697822611456,247.58099334584728,101.74790448200702,68.60994345641785,38.60884567479428
ISL,2010,19.28368536996992,27.93697822611456,247.58099334584728,101.74790448200702,68.60994345641785,16.871016393390015
ISL,2010,19.28368536996992,27.93697822611456,247.58099334584728,101.74790448200702,37.4473459001483,38.60884567479428
ISL,2010,19.28368536996992,27.93697822611456,247.58099334584728,101.74790448200702,37.4473459001483,16.871016393390015
ISL,2010,19.28368536996992,27.93697822611456,247.58099334584728,0.0,68.60994345641785,38.60884567479428
ISL,2010,19.28368536996992,27.93697822611456,247.58099334584728,0.0,68.60994345641785,16.871016393390015
ISL,2010,19.28368536996992,27.93697822611456,247.58099334584728,0.0,37.4473459001483,38.60884567479428
ISL,2010,19.28368536996992,27.93697822611456,247.58099334584728,0.0,37.4473459001483,16.871016393390015
ISL,2010,19.28368536996992,27.93697822611456,0.0,101.74790448200702,68.60994345641785,38.60884567479428
ISL,2010,19.28368536996992,27.93697822611456,0.0,101.74790448200702,68.60994345641785,16.871016393390015
ISL,2010,19.28368536996992,27.93697822611456,0.0,101.74790448200702,37.4473459001483,38.60884567479428
ISL,2010,19.28368536996992,27.93697822611456,0.0,101.74790448200702,37.4473459001483,16.871016393390015
ISL,2010,19.28368536996992,27.93697822611456,0.0,0.0,68.60994345641785,38.60884567479428
ISL,2010,19.28368536996992,27.93697822611456,0.0,0.0,68.60994345641785,16.871016393390015
ISL,2010,19.28368536996992,27.93697822611456,0.0,0.0,37.4473459001483,38.60884567479428
ISL,2010,19.28368536996992,27.93697822611456,0.0,0.0,37.4473459001483,16.871016393390015
ISL,2010,19.28368536996992,12.770633980805378,247.58099334584728,101.74790448200702,68.60994345641785,38.60884567479428
ISL,2010,19.28368536996992,12.770633980805378,247.58099334584728,101.74790448200702,68.60994345641785,16.871016393390015
ISL,2010,19.28368536996992,12.770633980805378,247.58099334584728,101.74790448200702,37.4473459001483,38.60884567479428
ISL,2010,19.28368536996992,12.770633980805378,247.58099334584728,101.74790448200702,37.4473459001483,16.871016393390015
ISL,2010,19.28368536996992,12.770633980805378,247.58099334584728,0.0,68.60994345641785,38.60884567479428
ISL,2010,19.28368536996992,12.770633980805378,247.58099334584728,0.0,68.60994345641785,16.871016393390015
ISL,2010,19.28368536996992,12.770633980805378,247.58099334584728,0.0,37.4473459001483,38.60884567479428
ISL,2010,19.28368536996992,12.770633980805378,247.58099334584728,0.0,37.4473459001483,16.871016393390015
ISL,2010,19.28368536996992,12.770633980805378,0.0,101.74790448200702,68.60994345641785,38.60884567479428
ISL,2010,19.28368536996992,12.770633980805378,0.0,101.74790448200702,68.60994345641785,16.871016393390015
ISL,2010,19.28368536996992,12.770633980805378,0.0,101.74790448200702,37.4473459001483,38.60884567479428
ISL,2010,19.28368536996992,12.770633980805378,0.0,101.74790448200702,37.4473459001483,16.871016393390015
ISL,2010,19.28368536996992,12.770633980805378,0.0,0.0,68.60994345641785,38.60884567479428
ISL,2010,19.28368536996992,12.770633980805378,0.0,0.0,68.60994345641785,16.871016393390015
ISL,2010,19.28368536996992,12.770633980805378,0.0,0.0,37.4473459001483,38.60884567479428
ISL,2010,19.28368536996992,12.770633980805378,0.0,0.0,37.4473459001483,16.871016393390015
ISL,2011,40.226991787219276,26.08925927456578,198.94578708418925,81.4325142525896,5.982012071826151,19.986443378877095
ISL,2011,40.226991787219276,26.08925927456578,198.94578708418925,81.4325142525896,5.982012071826151,19.498466503629448
ISL,2011,40.226991787219276,26.08925927456578,198.94578708418925,81.4325142525896,13.176862275015115,19.986443378877095
ISL,2011,40.226991787219276,26.08925927456578,198.94578708418925,81.4325142525896,13.176862275015115,19.498466503629448
ISL,2011,40.226991787219276,26.08925927456578,198.94578708418925,0.0,5.982012071826151,19.986443378877095
ISL,2011,40.226991787219276,26.08925927456578,198.94578708418925,0.0,5.982012071826151,19.498466503629448
ISL,2011,40.226991787219276,26.08925927456578,198.94578708418925,0.0,13.176862275015115,19.986443378877095
ISL,2011,40.226991787219276,26.08925927456578,198.94578708418925,0.0,13.176862275015115,19.498466503629448
ISL,2011,40.226991787219276,26.08925927456578,0.0,81.4325142525896,5.982012071826151,19.986443378877095
ISL,2011,40.226991787219276,26.08925927456578,0.0,81.4325142525896,5.982012071826151,19.498466503629448
ISL,2011,40.226991787219276,26.08925927456578,0.0,81.4325142525896,13.176862275015115,19.986443378877095
ISL,2011,40.226991787219276,26.08925927456578,0.0,81.4325142525896,13.176862275015115,19.498466503629448
ISL,2011,40.226991787219276,26.08925927456578,0.0,0.0,5.982012071826151,19.986443378877095
ISL,2011,40.226991787219276,26.08925927456578,0.0,0.0,5.982012071826151,19.498466503629448
ISL,2011,40.226991787219276,26.08925927456578,0.0,0.0,13.176862275015115,19.986443378877095
ISL,2011,40.226991787219276,26.08925927456578,0.0,0.0,13.176862275015115,19.498466503629448
ISL,2011,40.226991787219276,11.472501067806771,198.94578708418925,81.4325142525896,5.982012071826151,19.986443378877095
ISL,2011,40.226991787219276,11.472501067806771,198.94578708418925,81.4325142525896,5.982012071826151,19.498466503629448
ISL,2011,40.226991787219276,11.472501067806771,198.94578708418925,81.4325142525896,13.176862275015115,19.986443378877095
ISL,2011,40.226991787219276,11.472501067806771,198.94578708418925,81.4325142525896,13.176862275015115,19.498466503629448
ISL,2011,40.226991787219276,11.472501067806771,198.94578708418925,0.0,5.982012071826151,19.986443378877095
ISL,2011,40.226991787219276,11.472501067806771,198.94578708418925,0.0,5.982012071826151,19.498466503629448
ISL,2011,40.226991787219276,11.472501067806771,198.94578708418925,0.0,13.176862275015115,19.986443378877095
ISL,2011,40.226991787219276,11.472501067806771,198.94578708418925,0.0,13.176862275015115,19.498466503629448
ISL,2011,40.226991787219276,11.472501067806771,0.0,81.4325142525896,5.982012071826151,19.986443378877095
ISL,2011,40.226991787219276,11.472501067806771,0.0,81.4325142525896,5.982012071826151,19.498466503629448
ISL,2011,40.226991787219276,11.472501067806771,0.0,81.4325142525896,13.176862275015115,19.986443378877095
ISL,2011,40.226991787219276,11.472501067806771,0.0,81.4325142525896,13.176862275015115,19.498466503629448
ISL,2011,40.226991787219276,11.472501067806771,0.0,0.0,5.982012071826151,19.986443378877095
ISL,2011,40.226991787219276,11.472501067806771,0.0,0.0,5.982012071826151,19.498466503629448
ISL,2011,40.226991787219276,11.472501067806771,0.0,0.0,13.176862275015115,19.986443378877095
ISL,2011,40.226991787219276,11.472501067806771,0.0,0.0,13.176862275015115,19.498466503629448
ISL,2011,18.71671424170296,26.08925927456578,198.94578708418925,81.4325142525896,5.982012071826151,19.986443378877095
ISL,2011,18.71671424170296,26.08925927456578,198.94578708418925,81.4325142525896,5.982012071826151,19.498466503629448
ISL,2011,18.71671424170296,26.08925927456578,198.94578708418925,81.4325142525896,13.176862275015115,19.986443378877095
ISL,2011,18.71671424170296,26.08925927456578,198.94578708418925,81.4325142525896,13.176862275015115,19.498466503629448
ISL,2011,18.71671424170296,26.08925927456578,198.94578708418925,0.0,5.982012071826151,19.986443378877095
ISL,2011,18.71671424170296,26.08925927456578,198.94578708418925,0.0,5.982012071826151,19.498466503629448
ISL,2011,18.71671424170296,26.08925927456578,198.94578708418925,0.0,13.176862275015115,19.986443378877095
ISL,2011,18.71671424170296,26.08925927456578,198.94578708418925,0.0,13.176862275015115,19.498466503629448
ISL,2011,18.71671424170296,26.08925927456578,0.0,81.4325142525896,5.982012071826151,19.986443378877095
ISL,2011,18.71671424170296,26.08925927456578,0.0,81.4325142525896,5.982012071826151,19.498466503629448
ISL,2011,18.71671424170296,26.08925927456578,0.0,81.4325142525896,13.176862275015115,19.986443378877095
ISL,2011,18.71671424170296,26.08925927456578,0.0,81.4325142525896,13.176862275015115,19.498466503629448
ISL,2011,18.71671424170296,26.08925927456578,0.0,0.0,5.982012071826151,19.986443378877095
ISL,2011,18.71671424170296,26.08925927456578,0.0,0.0,5.982012071826151,19.498466503629448
ISL,2011,18.71671424170296,26.08925927456578,0.0,0.0,13.176862275015115,19.986443378877095
ISL,2011,18.71671424170296,26.08925927456578,0.0,0.0,13.176862275015115,19.498466503629448
ISL,2011,18.71671424170296,11.472501067806771,198.94578708418925,81.4325142525896,5.982012071826151,19.986443378877095
ISL,2011,18.71671424170296,11.472501067806771,198.94578708418925,81.4325142525896,5.982012071826151,19.498466503629448
ISL,2011,18.71671424170296,11.472501067806771,198.94578708418925,81.4325142525896,13.176862275015115,19.986443378877095
ISL,2011,18.71671424170296,11.472501067806771,198.94578708418925,81.4325142525896,13.176862275015115,19.498466503629448
ISL,2011,18.71671424170296,11.472501067806771,198.94578708418925,0.0,5.982012071826151,19.986443378877095
ISL,2011,18.71671424170296,11.472501067806771,198.94578708418925,0.0,5.982012071826151,19.498466503629448
ISL,2011,18.71671424170296,11.472501067806771,198.94578708418925,0.0,13.176862275015115,19.986443378877095
ISL,2011,18.71671424170296,11.472501067806771,198.94578708418925,0.0,13.176862275015115,19.498466503629448
ISL,2011,18.71671424170296,11.472501067806771,0.0,81.4325142525896,5.982012071826151,19.986443378877095
ISL,2011,18.71671424170296,11.472501067806771,0.0,81.4325142525896,5.982012071826151,19.498466503629448
ISL,2011,18.71671424170296,11.472501067806771,0.0,81.4325142525896,13.176862275015115,19.986443378877095
ISL,2011,18.71671424170296,11.472501067806771,0.0,81.4325142525896,13.176862275015115,19.498466503629448
ISL,2011,18.71671424170296,11.472501067806771,0.0,0.0,5.982012071826151,19.986443378877095
ISL,2011,18.71671424170296,11.472501067806771,0.0,0.0,5.982012071826151,19.498466503629448
ISL,2011,18.71671424170296,11.472501067806771,0.0,0.0,13.176862275015115,19.986443378877095
ISL,2011,18.71671424170296,11.472501067806771,0.0,0.0,13.176862275015115,19.498466503629448
ISL,2012,40.87523985011994,27.317645633827105,219.77002649950467,95.45522820817428,35.06736516409915,27.59640414261158
ISL,2012,40.87523985011994,27.317645633827105,219.77002649950467,95.45522820817428,35.06736516409915,14.828731852141079
ISL,2012,40.87523985011994,27.317645633827105,219.77002649950467,95.45522820817428,19.720135702705242,27.59640414261158
ISL,2012,40.87523985011994,27.317645633827105,219.77002649950467,95.45522820817428,19.720135702705242,14.828731852141079
ISL,2012,40.87523985011994,27.317645633827105,219.77002649950467,0.0,35.06736516409915,27.59640414261158
ISL,2012,40.87523985011994,27.317645633827105,219.77002649950467,0.0,35.06736516409915,14.828731852141079
ISL,2012,40.87523985011994,27.317645633827105,219.77002649950467,0.0,19.720135702705242,27.59640414261158
ISL,2012,40.87523985011994,27.317645633827105,219.77002649950467,0.0,19.720135702705242,14.828731852141079
ISL,2012,40.87523985011994,27.317645633827105,0.0,95.45522820817428,35.06736516409915,27.59640414261158
ISL,2012,40.87523985011994,27.317645633827105,0.0,95.45522820817428,35.06736516409915,14.828731852141079
ISL,2012,40.87523985011994,27.317645633827105,0.0,95.45522820817428,19.720135702705242,27.59640414261158
ISL,2012,40.87523985011994,27.317645633827105,0.0,95.45522820817428,19.720135702705242,14.828731852141079
ISL,2012,40.87523985011994,27.317645633827105,0.0,0.0,35.06736516409915,27.59640414261158
ISL,2012,40.87523985011994,27.317645633827105,0.0,0.0,35.06736516409915,14.828731852141079
ISL,2012,40.87523985011994,27.317645633827105,0.0,0.0,19.720135702705242,27.59640414261158
ISL,2012,40.87523985011994,27.317645633827105,0.0,0.0,19.720135702705242,14.828731852141079
ISL,2012,40.87523985011994,13.403928227488068,219.77002649950467,95.45522820817428,35.06736516409915,27.59640414261158
ISL,2012,40.87523985011994,13.403928227488068,219.77002649950467,95.45522820817428,35.06736516409915,14.828731852141079
ISL,2012,40.87523985011994,13.403928227488068,219.77002649950467,95.45522820817428,19.720135702705242,27.59640414261158
ISL,2012,40.87523985011994,13.403928227488068,219.77002649950467,95.45522820817428,19.720135702705242,14.828731852141079
ISL,2012,40.87523985011994,13.403928227488068,219.77002649950467,0.0,35.06736516409915,27.59640414261158
ISL,2012,40.87523985011994,13.403928227488068,219.77002649950467,0.0,35.06736516409915,14.828731852141079
ISL,2012,40.87523985011994,13.403928227488068,219.77002649950467,0.0,19.720135702705242,27.59640414261158
ISL,2012,40.87523985011994,13.403928227488068,219.77002649950467,0.0,19.720135702705242,14.828731852141079
ISL,2012,40.87523985011994,13.403928227488068,0.0,95.45522820817428,35.06736516409915,27.59640414261158
ISL,2012,40.87523985011994,13.403928227488068,0.0,95.45522820817428,35.06736516409915,14.828731852141079
ISL,2012,40.87523985011994,13.403928227488068,0.0,95.45522820817428,19.720135702705242,27.59640414261158
ISL,2012,40.87523985011994,13.403928227488068,0.0,95.45522820817428,19.720135702705242,14.828731852141079
ISL,2012,40.87523985011994,13.403928227488068,0.0,0.0,35.06736516409915,27.59640414261158
ISL,2012,40.87523985011994,13.403928227488068,0.0,0.0,35.06736516409915,14.828731852141079
ISL,2012,40.87523985011994,13.403928227488068,0.0,0.0,19.720135702705242,27.59640414261158
ISL,2012,40.87523985011994,13.403928227488068,0.0,0.0,19.720135702705242,14.828731852141079
ISL,2012,20.805562948382224,27.317645633827105,219.77002649950467,95.45522820817428,35.06736516409915,27.59640414261158
ISL,2012,20.805562948382224,27.317645633827105,219.77002649950467,95.45522820817428,35.06736516409915,14.828731852141079
ISL,2012,20.805562948382224,27.317645633827105,219.77002649950467,95.45522820817428,19.720135702705242,27.59640414261158
ISL,2012,20.805562948382224,27.317645633827105,219.77002649950467,95.45522820817428,19.720135702705242,14.828731852141079
ISL,2012,20.805562948382224,27.317645633827105,219.77002649950467,0.0,35.06736516409915,27.59640414261158
ISL,2012,20.805562948382224,27.317645633827105,219.77002649950467,0.0,35.06736516409915,14.828731852141079
ISL,2012,20.805562948382224,27.317645633827105,219.77002649950467,0.0,19.720135702705242,27.59640414261158
ISL,2012,20.805562948382224,27.317645633827105,219.77002649950467,0.0,19.720135702705242,14.828731852141079
ISL,2012,20.805562948382224,27.317645633827105,0.0,95.45522820817428,35.06736516409915,27.59640414261158
ISL,2012,20.805562948382224,27.317645633827105,0.0,95.45522820817428,35.06736516409915,14.828731852141079
ISL,2012,20.805562948382224,27.317645633827105,0.0,95.45522820817428,19.720135702705242,27.59640414261158
ISL,2012,20.805562948382224,27.317645633827105,0.0,95.45522820817428,19.720135702705242,14.828731852141079
ISL,2012,20.805562948382224,27.317645633827105,0.0,0.0,35.06736516409915,27.59640414261158
ISL,2012,20.805562948382224,27.317645633827105,0.0,0.0,35.06736516409915,14.828731852141079
ISL,2012,20.805562948382224,27.317645633827105,0.0,0.0,19.720135702705242,27.59640414261158
ISL,2012,20.805562948382224,27.317645633827105,0.0,0.0,19.720135702705242,14.828731852141079
ISL,2012,20.805562948382224,13.403928227488068,219.77002649950467,95.45522820817428,35.06736516409915,27.59640414261158
ISL,2012,20.805562948382224,13.403928227488068,219.77002649950467,95.45522820817428,35.06736516409915,14.828731852141079
ISL,2012,20.805562948382224,13.403928227488068,219.77002649950467,95.45522820817428,19.720135702705242,27.59640414261158
ISL,2012,20.805562948382224,13.403928227488068,219.77002649950467,95.45522820817428,19.720135702705242,14.828731852141079
ISL,2012,20.805562948382224,13.403928227488068,219.77002649950467,0.0,35.06736516409915,27.59640414261158
ISL,2012,20.805562948382224,13.403928227488068,219.77002649950467,0.0,35.06736516409915,14.828731852141079
ISL,2012,20.805562948382224,13.403928227488068,219.77002649950467,0.0,19.720135702705242,27.59640414261158
ISL,2012,20.805562948382224,13.403928227488068,219.77002649950467,0.0,19.720135702705242,14.828731852141079
ISL,2012,20.805562948382224,13.403928227488068,0.0,95.45522820817428,35.06736516409915,27.59640414261158
ISL,2012,20.805562948382224,13.403928227488068,0.0,95.45522820817428,35.06736516409915,14.828731852141079
ISL,2012,20.805562948382224,13.403928227488068,0.0,95.45522820817428,19.720135702705242,27.59640414261158
ISL,2012,20.805562948382224,13.403928227488068,0.0,95.45522820817428,19.720135702705242,14.828731852141079
ISL,2012,20.805562948382224,13.403928227488068,0.0,0.0,35.06736516409915,27.59640414261158
ISL,2012,20.805562948382224,13.403928227488068,0.0,0.0,35.06736516409915,14.828731852141079
ISL,2012,20.805562948382224,13.403928227488068,0.0,0.0,19.720135702705242,27.59640414261158
ISL,2012,20.805562948382224,13.403928227488068,0.0,0.0,19.720135702705242,14.828731852141079
ISL,2013,40.362749377971056,25.478261412467084,230.89586875977992,80.8986464773657,8.783371447539558,24.597196536119064
ISL,2013,40.362749377971056,25.478261412467084,230.89586875977992,80.8986464773657,8.783371447539558,14.478994083872008
ISL,2013,40.362749377971056,25.478261412467084,230.89586875977992,80.8986464773657,3.8480108363889918,24.597196536119064
ISL,2013,40.362749377971056,25.478261412467084,230.89586875977992,80.8986464773657,3.8480108363889918,14.478994083872008
ISL,2013,40.362749377971056,25.478261412467084,230.89586875977992,0.0,8.783371447539558,24.597196536119064
ISL,2013,40.362749377971056,25.478261412467084,230.89586875977992,0.0,8.783371447539558,14.478994083872008
ISL,2013,40.362749377971056,25.478261412467084,230.89586875977992,0.0,3.8480108363889918,24.597196536119064
ISL,2013,40.362749377971056,25.478261412467084,230.89586875977992,0.0,3.8480108363889918,14.478994083872008
ISL,2013,40.362749377971056,25.478261412467084,0.0,80.8986464773657,8.783371447539558,24.597196536119064
ISL,2013,40.362749377971056,25.478261412467084,0.0,80.8986464773657,8.783371447539558,14.478994083872008
ISL,2013,40.362749377971056,25.478261412467084,0.0,80.8986464773657,3.8480108363889918,24.597196536119064
ISL,2013,40.362749377971056,25.478261412467084,0.0,80.8986464773657,3.8480108363889918,14.478994083872008
ISL,2013,40.362749377971056,25.478261412467084,0.0,0.0,8.783371447539558,24.597196536119064
ISL,2013,40.362749377971056,25.478261412467084,0.0,0.0,8.783371447539558,14.478994083872008
ISL,2013,40.362749377971056,25.478261412467084,0.0,0.0,3.8480108363889918,24.597196536119064
ISL,2013,40.362749377971056,25.478261412467084,0.0,0.0,3.8480108363889918,14.478994083872008
ISL,2013,40.362749377971056,11.795113611303297,230.89586875977992,80.8986464773657,8.783371447539558,24.597196536119064
ISL,2013,40.362749377971056,11.795113611303297,230.89586875977992,80.8986464773657,8.783371447539558,14.478994083872008
ISL,2013,40.362749377971056,11.795113611303297,230.89586875977992,80.8986464773657,3.8480108363889918,24.597196536119064
ISL,2013,40.362749377971056,11.795113611303297,230.89586875977992,80.8986464773657,3.8480108363889918,14.478994083872008
ISL,2013,40.362749377971056,11.795113611303297,230.89586875977992,0.0,8.783371447539558,24.597196536119064
ISL,2013,40.362749377971056,11.795113611303297,230.89586875977992,0.0,8.783371447539558,14.478994083872008
ISL,2013,40.362749377971056,11.795113611303297,230.89586875977992,0.0,3.8480108363889918,24.597196536119064
ISL,2013,40.362749377971056,11.795113611303297,230.89586875977992,0.0,3.8480108363889918,14.478994083872008
ISL,2013,40.362749377971056,11.795113611303297,0.0,80.8986464773657,8.783371447539558,24.597196536119064
ISL,2013,40.362749377971056,11.795113611303297,0.0,80.8986464773657,8.783371447539558,14.478994083872008
ISL,2013,40.362749377971056,11.795113611303297,0.0,80.8986464773657,3.8480108363889918,24.597196536119064
ISL,2013,40.362749377971056,11.795113611303297,0.0,80.8986464773657,3.8480108363889918,14.478994083872008
ISL,2013,40.362749377971056,11.795113611303297,0.0,0.0,8.783371447539558,24.597196536119064
ISL,2013,40.362749377971056,11.795113611303297,0.0,0.0,8.783371447539558,14.478994083872008
ISL,2013,40.362749377971056,11.795113611303297,0.0,0.0,3.8480108363889918,24.597196536119064
ISL,2013,40.362749377971056,11.795113611303297,0.0,0.0,3.8480108363889918,14.478994083872008
ISL,2013,19.206014038146204,25.478261412467084,230.89586875977992,80.8986464773657,8.783371447539558,24.597196536119064
ISL,2013,19.206014038146204,25.478261412467084,230.89586875977992,80.8986464773657,8.783371447539558,14.478994083872008
ISL,2013,19.206014038146204,25.478261412467084,230.89586875977992,80.8986464773657,3.8480108363889918,24.597196536119064
ISL,2013,19.206014038146204,25.478261412467084,230.89586875977992,80.8986464773657,3.8480108363889918,14.478994083872008
ISL,2013,19.206014038146204,25.478261412467084,230.89586875977992,0.0,8.783371447539558,24.597196536119064
ISL,2013,19.206014038146204,25.478261412467084,230.89586875977992,0.0,8.783371447539558,14.478994083872008
ISL,2013,19.206014038146204,25.478261412467084,230.89586875977992,0.0,3.8480108363889918,24.597196536119064
ISL,2013,19.206014038146204,25.478261412467084,230.89586875977992,0.0,3.8480108363889918,14.478994083872008
ISL,2013,19.206014038146204,25.478261412467084,0.0,80.8986464773657,8.783371447539558,24.597196536119064
ISL,2013,19.206014038146204,25.478261412467084,0.0,80.8986464773657,8.783371447539558,14.478994083872008
ISL,2013,19.206014038146204,25.478261412467084,0.0,80.8986464773657,3.8480108363889918,24.597196536119064
ISL,2013,19.206014038146204,25.478261412467084,0.0,80.8986464773657,3.8480108363889918,14.478994083872008
ISL,2013,19.206014038146204,25.478261412467084,0.0,0.0,8.783371447539558,24.597196536119064
ISL,2013,19.206014038146204,25.478261412467084,0.0,0.0,8.783371447539558,14.478994083872008
ISL,2013,19.206014038146204,25.478261412467084,0.0,0.0,3.8480108363889918,24.597196536119064
ISL,2013,19.206014038146204,25.478261412467084,0.0,0.0,3.8480108363889918,14.478994083872008
ISL,2013,19.206014038146204,11.795113611303297,230.89586875977992,80.8986464773657,8.783371447539558,24.597196536119064
ISL,2013,19.206014038146204,11.795113611303297,230.89586875977992,80.8986464773657,8.783371447539558,14.478994083872008
ISL,2013,19.206014038146204,11.795113611303297,230.89586875977992,80.8986464773657,3.8480108363889918,24.597196536119064
ISL,2013,19.206014038146204,11.795113611303297,230.89586875977992,80.8986464773657,3.8480108363889918,14.478994083872008
ISL,2013,19.206014038146204,11.795113611303297,230.89586875977992,0.0,8.783371447539558,24.597196536119064
ISL,2013,19.206014038146204,11.795113611303297,230.89586875977992,0.0,8.783371447539558,14.478994083872008
ISL,2013,19.206014038146204,11.795113611303297,230.89586875977992,0.0,3.8480108363889918,24.597196536119064
ISL,2013,19.206014038146204,11.795113611303297,230.89586875977992,0.0,3.8480108363889918,14.478994083872008
ISL,2013,19.206014038146204,11.795113611303297,0.0,80.8986464773657,8.783371447539558,24.597196536119064
ISL,2013,19.206014038146204,11.795113611303297,0.0,80.8986464773657,8.783371447539558,14.478994083872008
ISL,2013,19.206014038146204,11.795113611303297,0.0,80.8986464773657,3.8480108363889918,24.597196536119064
ISL,2013,19.206014038146204,11.795113611303297,0.0,80.8986464773657,3.8480108363889918,14.478994083872008
ISL,2013,19.206014038146204,11.795113611303297,0.0,0.0,8.783371447539558,24.597196536119064
ISL,2013,19.206014038146204,11.795113611303297,0.0,0.0,8.783371447539558,14.478994083872008
ISL,2013,19.206014038146204,11.795113611303297,0.0,0.0,3.8480108363889918,24.597196536119064
ISL,2013,19.206014038146204,11.795113611303297,0.0,0.0,3.8480108363889918,14.478994083872008
ISL,2014,41.49905725548074,26.51886947847684,223.0484967526571,81.35323020411892,15.317121004315261,25.090793832790865
ISL,2014,41.49905725548074,26.51886947847684,223.0484967526571,81.35323020411892,15.317121004315261,25.01840641555911
ISL,2014,41.49905725548074,26.51886947847684,223.0484967526571,81.35323020411892,16.066168992283384,25.090793832790865
ISL,2014,41.49905725548074,26.51886947847684,223.0484967526571,81.35323020411892,16.066168992283384,25.01840641555911
ISL,2014,41.49905725548074,26.51886947847684,223.0484967526571,0.0,15.317121004315261,25.090793832790865
ISL,2014,41.49905725548074,26.51886947847684,223.0484967526571,0.0,15.317121004315261,25.01840641555911
ISL,2014,41.49905725548074,26.51886947847684,223.0484967526571,0.0,16.066168992283384,25.090793832790865
ISL,2014,41.49905725548074,26.51886947847684,223.0484967526571,0.0,16.066168992283384,25.01840641555911
ISL,2014,41.49905725548074,26.51886947847684,0.0,81.35323020411892,15.317121004315261,25.090793832790865
ISL,2014,41.49905725548074,26.51886947847684,0.0,81.35323020411892,15.317121004315261,25.01840641555911
ISL,2014,41.49905725548074,26.51886947847684,0.0,81.35323020411892,16.066168992283384,25.090793832790865
ISL,2014,41.49905725548074,26.51886947847684,0.0,81.35323020411892,16.066168992283384,25.01840641555911
ISL,2014,41.49905725548074,26.51886947847684,0.0,0.0,15.317121004315261,25.090793832790865
ISL,2014,41.49905725548074,26.51886947847684,0.0,0.0,15.317121004315261,25.01840641555911
ISL,2014,41.49905725548074,26.51886947847684,0.0,0.0,16.066168992283384,25.090793832790865
ISL,2014,41.49905725548074,26.51886947847684,0.0,0.0,16.066168992283384,25.01840641555911
ISL,2014,41.49905725548074,12.178312296046716,223.0484967526571,81.35323020411892,15.317121004315261,25.090793832790865
ISL,2014,41.49905725548074,12.178312296046716,223.0484967526571,81.35323020411892,15.317121004315261,25.01840641555911
ISL,2014,41.49905725548074,12.178312296046716,223.0484967526571,81.35323020411892,16.066168992283384,25.090793832790865
ISL,2014,41.49905725548074,12.178312296046716,223.0484967526571,81.35323020411892,16.066168992283384,25.01840641555911
ISL,2014,41.49905725548074,12.178312296046716,223.0484967526571,0.0,15.317121004315261,25.090793832790865
ISL,2014,41.49905725548074,12.178312296046716,223.0484967526571,0.0,15.317121004315261,25.01840641555911
ISL,2014,41.49905725548074,12.178312296046716,223.0484967526571,0.0,16.066168992283384,25.090793832790865
ISL,2014,41.49905725548074,12.178312296046716,223.0484967526571,0.0,16.066168992283384,25.01840641555911
ISL,2014,41.49905725548074,12.178312296046716,0.0,81.35323020411892,15.317121004315261,25.090793832790865
ISL,2014,41.49905725548074,12.178312296046716,0.0,81.35323020411892,15.317121004315261,25.01840641555911
ISL,2014,41.49905725548074,12.178312296046716,0.0,81.35323020411892,16.066168992283384,25.090793832790865
ISL,2014,41.49905725548074,12.178312296046716,0.0,81.35323020411892,16.066168992283384,25.01840641555911
ISL,2014,41.49905725548074,12.178312296046716,0.0,0.0,15.317121004315261,25.090793832790865
ISL,2014,41.49905725548074,12.178312296046716,0.0,0.0,15.317121004315261,25.01840641555911
ISL,2014,41.49905725548074,12.178312296046716,0.0,0.0,16.066168992283384,25.090793832790865
ISL,2014,41.49905725548074,12.178312296046716,0.0,0.0,16.066168992283384,25.01840641555911
ISL,2014,18.946282336270087,26.51886947847684,223.0484967526571,81.35323020411892,15.317121004315261,25.090793832790865
ISL,2014,18.946282336270087,26.51886947847684,223.0484967526571,81.35323020411892,15.317121004315261,25.01840641555911
ISL,2014,18.946282336270087,26.51886947847684,223.0484967526571,81.35323020411892,16.066168992283384,25.090793832790865
ISL,2014,18.946282336270087,26.51886947847684,223.0484967526571,81.35323020411892,16.066168992283384,25.01840641555911
ISL,2014,18.946282336270087,26.51886947847684,223.0484967526571,0.0,15.317121004315261,25.090793832790865
ISL,2014,18.946282336270087,26.51886947847684,223.0484967526571,0.0,15.317121004315261,25.01840641555911
ISL,2014,18.946282336270087,26.51886947847684,223.0484967526571,0.0,16.066168992283384,25.090793832790865
ISL,2014,18.946282336270087,26.51886947847684,223.0484967526571,0.0,16.066168992283384,25.01840641555911
ISL,2014,18.946282336270087,26.51886947847684,0.0,81.35323020411892,15.317121004315261,25.090793832790865
ISL,2014,18.946282336270087,26.51886947847684,0.0,81.35323020411892,15.317121004315261,25.01840641555911
ISL,2014,18.946282336270087,26.51886947847684,0.0,81.35323020411892,16.066168992283384,25.090793832790865
ISL,2014,18.946282336270087,26.51886947847684,0.0,81.35323020411892,16.066168992283384,25.01840641555911
ISL,2014,18.946282336270087,26.51886947847684,0.0,0.0,15.317121004315261,25.090793832790865
ISL,2014,18.946282336270087,26.51886947847684,0.0,0.0,15.317121004315261,25.01840641555911
ISL,2014,18.946282336270087,26.51886947847684,0.0,0.0,16.066168992283384,25.090793832790865
ISL,2014,18.946282336270087,26.51886947847684,0.0,0.0,16.066168992283384,25.01840641555911
ISL,2014,18.946282336270087,12.178312296046716,223.0484967526571,81.35323020411892,15.317121004315261,25.090793832790865
ISL,2014,18.946282336270087,12.178312296046716,223.0484967526571,81.35323020411892,15.317121004315261,25.01840641555911
ISL,2014,18.946282336270087,12.178312296046716,223.0484967526571,81.35323020411892,16.066168992283384,25.090793832790865
ISL,2014,18.946282336270087,12.178312296046716,223.0484967526571,81.35323020411892,16.066168992283384,25.01840641555911
ISL,2014,18.946282336270087,12.178312296046716,223.0484967526571,0.0,15.317121004315261,25.090793832790865
ISL,2014,18.946282336270087,12.178312296046716,223.0484967526571,0.0,15.317121004315261,25.01840641555911
ISL,2014,18.946282336270087,12.178312296046716,223.0484967526571,0.0,16.066168992283384,25.090793832790865
ISL,2014,18.946282336270087,12.178312296046716,223.0484967526571,0.0,16.066168992283384,25.01840641555911
ISL,2014,18.946282336270087,12.178312296046716,0.0,81.35323020411892,15.317121004315261,25.090793832790865
ISL,2014,18.946282336270087,12.178312296046716,0.0,81.35323020411892,15.317121004315261,25.01840641555911
ISL,2014,18.946282336270087,12.178312296046716,0.0,81.35323020411892,16.066168992283384,25.090793832790865
ISL,2014,18.946282336270087,12.178312296046716,0.0,81.35323020411892,16.066168992283384,25.01840641555911
ISL,2014,18.946282336270087,12.178312296046716,0.0,0.0,15.317121004315261,25.090793832790865
ISL,2014,18.946282336270087,12.178312296046716,0.0,0.0,15.317121004315261,25.01840641555911
ISL,2014,18.946282336270087,12.178312296046716,0.0,0.0,16.066168992283384,25.090793832790865
ISL,2014,18.946282336270087,12.178312296046716,0.0,0.0,16.066168992283384,25.01840641555911
ISL,2015,43.1570048906226,28.752870673094012,218.0528310420079,94.82676078964337,38.1378635803313,28.60186434277313
ISL,2015,43.1570048906226,28.752870673094012,218.0528310420079,94.82676078964337,38.1378635803313,15.104095201276985
ISL,2015,43.1570048906226,28.752870673094012,218.0528310420079,94.82676078964337,6.142028338196145,28.60186434277313
ISL,2015,43.1570048906226,28.752870673094012,218.0528310420079,94.82676078964337,6.142028338196145,15.104095201276985
ISL,2015,43.1570048906226,28.752870673094012,218.0528310420079,0.0,38.1378635803313,28.60186434277313
ISL,2015,43.1570048906226,28.752870673094012,218.0528310420079,0.0,38.1378635803313,15.104095201276985
ISL,2015,43.1570048906226,28.752870673094012,218.0528310420079,0.0,6.142028338196145,28.60186434277313
ISL,2015,43.1570048906226,28.752870673094012,218.0528310420079,0.0,6.142028338196145,15.104095201276985
ISL,2015,43.1570048906226,28.752870673094012,0.0,94.82676078964337,38.1378635803313,28.60186434277313
ISL,2015,43.1570048906226,28.752870673094012,0.0,94.82676078964337,38.1378635803313,15.104095201276985
ISL,2015,43.1570048906226,28.752870673094012,0.0,94.82676078964337,6.142028338196145,28.60186434277313
ISL,2015,43.1570048906226,28.752870673094012,0.0,94.82676078964337,6.142028338196145,15.104095201276985
ISL,2015,43.1570048906226,28.752870673094012,0.0,0.0,38.1378635803313,28.60186434277313
ISL,2015,43.1570048906226,28.752870673094012,0.0,0.0,38.1378635803313,15.104095201276985
ISL,2015,43.1570048906226,28.752870673094012,0.0,0.0,6.142028338196145,28.60186434277313
ISL,2015,43.1570048906226,28.752870673094012,0.0,0.0,6.142028338196145,15.104095201276985
ISL,2015,43.1570048906226,11.423234847202647,218.0528310420079,94.82676078964337,38.1378635803313,28.60186434277313
ISL,2015,43.1570048906226,11.423234847202647,218.0528310420079,94.82676078964337,38.1378635803313,15.104095201276985
ISL,2015,43.1570048906226,11.423234847202647,218.0528310420079,94.82676078964337,6.142028338196145,28.60186434277313
ISL,2015,43.1570048906226,11.423234847202647,218.0528310420079,94.82676078964337,6.142028338196145,15.104095201276985
ISL,2015,43.1570048906226,11.423234847202647,218.0528310420079,0.0,38.1378635803313,28.60186434277313
ISL,2015,43.1570048906226,11.423234847202647,218.0528310420079,0.0,38.1378635803313,15.104095201276985
ISL,2015,43.1570048906226,11.423234847202647,218.0528310420079,0.0,6.142028338196145,28.60186434277313
ISL,2015,43.1570048906226,11.423234847202647,218.0528310420079,0.0,6.142028338196145,15.104095201276985
ISL,2015,43.1570048906226,11.423234847202647,0.0,94.82676078964337,38.1378635803313,28.60186434277313
ISL,2015,43.1570048906226,11.423234847202647,0.0,94.82676078964337,38.1378635803313,15.104095201276985
ISL,2015,43.1570048906226,11.423234847202647,0.0,94.82676078964337,6.142028338196145,28.60186434277313
ISL,2015,43.1570048906226,11.423234847202647,0.0,94.82676078964337,6.142028338196145,15.104095201276985
ISL,2015,43.1570048906226,11.423234847202647,0.0,0.0,38.1378635803313,28.60186434277313
ISL,2015,43.1570048906226,11.423234847202647,0.0,0.0,38.1378635803313,15.104095201276985
ISL,2015,43.1570048906226,11.423234847202647,0.0,0.0,6.142028338196145,28.60186434277313
ISL,2015,43.1570048906226,11.423234847202647,0.0,0.0,6.142028338196145,15.104095201276985
ISL,2015,18.52972621850912,28.752870673094012,218.0528310420079,94.82676078964337,38.1378635803313,28.60186434277313
ISL,2015,18.52972621850912,28.752870673094012,218.0528310420079,94.82676078964337,38.1378635803313,15.104095201276985
ISL,2015,18.52972621850912,28.752870673094012,218.0528310420079,94.82676078964337,6.142028338196145,28.60186434277313
ISL,2015,18.52972621850912,28.752870673094012,218.0528310420079,94.82676078964337,6.142028338196145,15.104095201276985
ISL,2015,18.52972621850912,28.752870673094012,218.0528310420079,0.0,38.1378635803313,28.60186434277313
ISL,2015,18.52972621850912,28.752870673094012,218.0528310420079,0.0,38.1378635803313,15.104095201276985
ISL,2015,18.52972621850912,28.752870673094012,218.0528310420079,0.0,6.142028338196145,28.60186434277313
ISL,2015,18.52972621850912,28.752870673094012,218.0528310420079,0.0,6.142028338196145,15.104095201276985
ISL,2015,18.52972621850912,28.752870673094012,0.0,94.82676078964337,38.1378635803313,28.60186434277313
ISL,2015,18.52972621850912,28.752870673094012,0.0,94.82676078964337,38.1378635803313,15.104095201276985
ISL,2015,18.52972621850912,28.752870673094012,0.0,94.82676078964337,6.142028338196145,28.60186434277313
ISL,2015,18.52972621850912,28.752870673094012,0.0,94.82676078964337,6.142028338196145,15.104095201276985
ISL,2015,18.52972621850912,28.752870673094012,0.0,0.0,38.1378635803313,28.60186434277313
ISL,2015,18.52972621850912,28.752870673094012,0.0,0.0,38.1378635803313,15.104095201276985
ISL,2015,18.52972621850912,28.752870673094012,0.0,0.0,6.142028338196145,28.60186434277313
ISL,2015,18.52972621850912,28.752870673094012,0.0,0.0,6.142028338196145,15.104095201276985
ISL,2015,18.52972621850912,11.423234847202647,218.0528310420079,94.82676078964337,38.1378635803313,28.60186434277313
ISL,2015,18.52972621850912,11.423234847202647,218.0528310420079,94.82676078964337,38.1378635803313,15.104095201276985
ISL,2015,18.52972621850912,11.423234847202647,218.0528310420079,94.82676078964337,6.142028338196145,28.60186434277313
ISL,2015,18.52972621850912,11.423234847202647,218.0528310420079,94.82676078964337,6.142028338196145,15.104095201276985
ISL,2015,18.52972621850912,11.423234847202647,218.0528310420079,0.0,38.1378635803313,28.60186434277313
ISL,2015,18.52972621850912,11.423234847202647,218.0528310420079,0.0,38.1378635803313,15.104095201276985
ISL,2015,18.52972621850912,11.423234847202647,218.0528310420079,0.0,6.142028338196145,28.60186434277313
ISL,2015,18.52972621850912,11.423234847202647,218.0528310420079,0.0,6.142028338196145,15.104095201276985
ISL,2015,18.52972621850912,11.423234847202647,0.0,94.82676078964337,38.1378635803313,28.60186434277313
ISL,2015,18.52972621850912,11.423234847202647,0.0,94.82676078964337,38.1378635803313,15.104095201276985
ISL,2015,18.52972621850912,11.423234847202647,0.0,94.82676078964337,6.142028338196145,28.60186434277313
ISL,2015,18.52972621850912,11.423234847202647,0.0,94.82676078964337,6.142028338196145,15.104095201276985
ISL,2015,18.52972621850912,11.423234847202647,0.0,0.0,38.1378635803313,28.60186434277313
ISL,2015,18.52972621850912,11.423234847202647,0.0,0.0,38.1378635803313,15.104095201276985
ISL,2015,18.52972621850912,11.423234847202647,0.0,0.0,6.142028338196145,28.60186434277313
ISL,2015,18.52972621850912,11.423234847202647,0.0,0.0,6.142028338196145,15.104095201276985
ISL,2016,42.08136779913482,26.75176023974534,235.6650986989517,96.68449432725608,24.396233932776468,29.53961662543427
ISL,2016,42.08136779913482,26.75176023974534,235.6650986989517,96.68449432725608,24.396233932776468,20.37432524192492
ISL,2016,42.08136779913482,26.75176023974534,235.6650986989517,96.68449432725608,23.217814968035032,29.53961662543427
ISL,2016,42.08136779913482,26.75176023974534,235.6650986989517,96.68449432725608,23.217814968035032,20.37432524192492
ISL,2016,42.08136779913482,26.75176023974534,235.6650986989517,0.0,24.396233932776468,29.53961662543427
ISL,2016,42.08136779913482,26.75176023974534,235.6650986989517,0.0,24.396233932776468,20.37432524192492
ISL,2016,42.08136779913482,26.75176023974534,235.6650986989517,0.0,23.217814968035032,29.53961662543427
ISL,2016,42.08136779913482,26.75176023974534,235.6650986989517,0.0,23.217814968035032,20.37432524192492
ISL,2016,42.08136779913482,26.75176023974534,0.0,96.68449432725608,24.396233932776468,29.53961662543427
ISL,2016,42.08136779913482,26.75176023974534,0.0,96.68449432725608,24.396233932776468,20.37432524192492
ISL,2016,42.08136779913482,26.75176023974534,0.0,96.68449432725608,23.217814968035032,29.53961662543427
ISL,2016,42.08136779913482,26.75176023974534,0.0,96.68449432725608,23.217814968035032,20.37432524192492
ISL,2016,42.08136779913482,26.75176023974534,0.0,0.0,24.396233932776468,29.53961662543427
ISL,2016,42.08136779913482,26.75176023974534,0.0,0.0,24.396233932776468,20.37432524192492
ISL,2016,42.08136779913482,26.75176023974534,0.0,0.0,23.217814968035032,29.53961662543427
ISL,2016,42.08136779913482,26.75176023974534,0.0,0.0,23.217814968035032,20.37432524192492
ISL,2016,42.08136779913482,11.820082970932212,235.6650986989517,96.68449432725608,24.396233932776468,29.53961662543427
ISL,2016,42.08136779913482,11.820082970932212,235.6650986989517,96.68449432725608,24.396233932776468,20.37432524192492
ISL,2016,42.08136779913482,11.820082970932212,235.6650986989517,96.68449432725608,23.217814968035032,29.53961662543427
ISL,2016,42.08136779913482,11.820082970932212,235.6650986989517,96.68449432725608,23.217814968035032,20.37432524192492
ISL,2016,42.08136779913482,11.820082970932212,235.6650986989517,0.0,24.396233932776468,29.53961662543427
ISL,2016,42.08136779913482,11.820082970932212,235.6650986989517,0.0,24.396233932776468,20.37432524192492
ISL,2016,42.08136779913482,11.820082970932212,235.6650986989517,0.0,23.217814968035032,29.53961662543427
ISL,2016,42.08136779913482,11.820082970932212,235.6650986989517,0.0,23.217814968035032,20.37432524192492
ISL,2016,42.08136779913482,11.820082970932212,0.0,96.68449432725608,24.396233932776468,29.53961662543427
ISL,2016,42.08136779913482,11.820082970932212,0.0,96.68449432725608,24.396233932776468,20.37432524192492
ISL,2016,42.08136779913482,11.820082970932212,0.0,96.68449432725608,23.217814968035032,29.53961662543427
ISL,2016,42.08136779913482,11.820082970932212,0.0,96.68449432725608,23.217814968035032,20.37432524192492
ISL,2016,42.08136779913482,11.820082970932212,0.0,0.0,24.396233932776468,29.53961662543427
ISL,2016,42.08136779913482,11.820082970932212,0.0,0.0,24.396233932776468,20.37432524192492
ISL,2016,42.08136779913482,11.820082970932212,0.0,0.0,23.217814968035032,29.53961662543427
ISL,2016,42.08136779913482,11.820082970932212,0.0,0.0,23.217814968035032,20.37432524192492
ISL,2016,19.226914848623643,26.75176023974534,235.6650986989517,96.68449432725608,24.396233932776468,29.53961662543427
ISL,2016,19.226914848623643,26.75176023974534,235.6650986989517,96.68449432725608,24.396233932776468,20.37432524192492
ISL,2016,19.226914848623643,26.75176023974534,235.6650986989517,96.68449432725608,23.217814968035032,29.53961662543427
ISL,2016,19.226914848623643,26.75176023974534,235.6650986989517,96.68449432725608,23.217814968035032,20.37432524192492
ISL,2016,19.226914848623643,26.75176023974534,235.6650986989517,0.0,24.396233932776468,29.53961662543427
ISL,2016,19.226914848623643,26.75176023974534,235.6650986989517,0.0,24.396233932776468,20.37432524192492
ISL,2016,19.226914848623643,26.75176023974534,235.6650986989517,0.0,23.217814968035032,29.53961662543427
ISL,2016,19.226914848623643,26.75176023974534,235.6650986989517,0.0,23.217814968035032,20.37432524192492
ISL,2016,19.226914848623643,26.75176023974534,0.0,96.68449432725608,24.396233932776468,29.53961662543427
ISL,2016,19.226914848623643,26.75176023974534,0.0,96.68449432725608,24.396233932776468,20.37432524192492
ISL,2016,19.226914848623643,26.75176023974534,0.0,96.68449432725608,23.217814968035032,29.53961662543427
ISL,2016,19.226914848623643,26.75176023974534,0.0,96.68449432725608,23.217814968035032,20.37432524192492
ISL,2016,19.226914848623643,26.75176023974534,0.0,0.0,24.396233932776468,29.53961662543427
ISL,2016,19.226914848623643,26.75176023974534,0.0,0.0,24.396233932776468,20.37432524192492
ISL,2016,19.226914848623643,26.75176023974534,0.0,0.0,23.217814968035032,29.53961662543427
ISL,2016,19.226914848623643,26.75176023974534,0.0,0.0,23.217814968035032,20.37432524192492
ISL,2016,19.226914848623643,11.820082970932212,235.6650986989517,96.68449432725608,24.396233932776468,29.53961662543427
ISL,2016,19.226914848623643,11.820082970932212,235.6650986989517,96.68449432725608,24.396233932776468,20.37432524192492
ISL,2016,19.226914848623643,11.820082970932212,235.6650986989517,96.68449432725608,23.217814968035032,29.53961662543427
ISL,2016,19.226914848623643,11.820082970932212,235.6650986989517,96.68449432725608,23.217814968035032,20.37432524192492
ISL,2016,19.226914848623643,11.820082970932212,235.6650986989517,0.0,24.396233932776468,29.53961662543427
ISL,2016,19.226914848623643,11.820082970932212,235.6650986989517,0.0,24.396233932776468,20.37432524192492
ISL,2016,19.226914848623643,11.820082970932212,235.6650986989517,0.0,23.217814968035032,29.53961662543427
ISL,2016,19.226914848623643,11.820082970932212,235.6650986989517,0.0,23.217814968035032,20.37432524192492
ISL,2016,19.226914848623643,11.820082970932212,0.0,96.68449432725608,24.396233932776468,29.53961662543427
ISL,2016,19.226914848623643,11.820082970932212,0.0,96.68449432725608,24.396233932776468,20.37432524192492
ISL,2016,19.226914848623643,11.820082970932212,0.0,96.68449432725608,23.217814968035032,29.53961662543427
ISL,2016,19.226914848623643,11.820082970932212,0.0,96.68449432725608,23.217814968035032,20.37432524192492
ISL,2016,19.226914848623643,11.820082970932212,0.0,0.0,24.396233932776468,29.53961662543427
ISL,2016,19.226914848623643,11.820082970932212,0.0,0.0,24.396233932776468,20.37432524192492
ISL,2016,19.226914848623643,11.820082970932212,0.0,0.0,23.217814968035032,29.53961662543427
ISL,2016,19.226914848623643,11.820082970932212,0.0,0.0,23.217814968035032,20.37432524192492
ISL,2017,40.58125531342038,27.539045168081145,217.23384485643234,77.96099390454657,16.55362024410984,25.156680534306346
ISL,2017,40.58125531342038,27.539045168081145,217.23384485643234,77.96099390454657,16.55362024410984,19.42828624230944
ISL,2017,40.58125531342038,27.539045168081145,217.23384485643234,77.96099390454657,5.434118468457967,25.156680534306346
ISL,2017,40.58125531342038,27.539045168081145,217.23384485643234,77.96099390454657,5.434118468457967,19.42828624230944
ISL,2017,40.58125531342038,27.539045168081145,217.23384485643234,0.0,16.55362024410984,25.156680534306346
ISL,2017,40.58125531342038,27.539045168081145,217.23384485643234,0.0,16.55362024410984,19.42828624230944
ISL,2017,40.58125531342038,27.539045168081145,217.23384485643234,0.0,5.434118468457967,25.156680534306346
ISL,2017,40.58125531342038,27.539045168081145,217.23384485643234,0.0,5.434118468457967,19.42828624230944
ISL,2017,40.58125531342038,27.539045168081145,0.0,77.96099390454657,16.55362024410984,25.156680534306346
ISL,2017,40.58125531342038,27.539045168081145,0.0,77.96099390454657,16.55362024410984,19.42828624230944
ISL,2017,40.58125531342038,27.539045168081145,0.0,77.96099390454657,5.434118468457967,25.156680534306346
ISL,2017,40.58125531342038,27.539045168081145,0.0,77.96099390454657,5.434118468457967,19.42828624230944
ISL,2017,40.58125531342038,27.539045168081145,0.0,0.0,16.55362024410984,25.156680534306346
ISL,2017,40.58125531342038,27.539045168081145,0.0,0.0,16.55362024410984,19.42828624230944
ISL,2017,40.58125531342038,27.539045168081145,0.0,0.0,5.434118468457967,25.156680534306346
ISL,2017,40.58125531342038,27.539045168081145,0.0,0.0,5.434118468457967,19.42828624230944
ISL,2017,40.58125531342038,15.208999762033628,217.23384485643234,77.96099390454657,16.55362024410984,25.156680534306346
ISL,2017,40.58125531342038,15.208999762033628,217.23384485643234,77.96099390454657,16.55362024410984,19.42828624230944
ISL,2017,40.58125531342038,15.208999762033628,217.23384485643234,77.96099390454657,5.434118468457967,25.156680534306346
ISL,2017,40.58125531342038,15.208999762033628,217.23384485643234,77.96099390454657,5.434118468457967,19.42828624230944
ISL,2017,40.58125531342038,15.208999762033628,217.23384485643234,0.0,16.55362024410984,25.156680534306346
ISL,2017,40.58125531342038,15.208999762033628,217.23384485643234,0.0,16.55362024410984,19.42828624230944
ISL,2017,40.58125531342038,15.208999762033628,217.23384485643234,0.0,5.434118468457967,25.156680534306346
ISL,2017,40.58125531342038,15.208999762033628,217.23384485643234,0.0,5.434118468457967,19.42828624230944
ISL,2017,40.58125531342038,15.208999762033628,0.0,77.96099390454657,16.55362024410984,25.156680534306346
ISL,2017,40.58125531342038,15.208999762033628,0.0,77.96099390454657,16.55362024410984,19.42828624230944
ISL,2017,40.58125531342038,15.208999762033628,0.0,77.96099390454657,5.434118468457967,25.156680534306346
ISL,2017,40.58125531342038,15.208999762033628,0.0,77.96099390454657,5.434118468457967,19.42828624230944
ISL,2017,40.58125531342038,15.208999762033628,0.0,0.0,16.55362024410984,25.156680534306346
ISL,2017,40.58125531342038,15.208999762033628,0.0,0.0,16.55362024410984,19.42828624230944
ISL,2017,40.58125531342038,15.208999762033628,0.0,0.0,5.434118468457967,25.156680534306346
ISL,2017,40.58125531342038,15.208999762033628,0.0,0.0,5.434118468457967,19.42828624230944
ISL,2017,20.960687286085648,27.539045168081145,217.23384485643234,77.96099390454657,16.55362024410984,25.156680534306346
ISL,2017,20.960687286085648,27.539045168081145,217.23384485643234,77.96099390454657,16.55362024410984,19.42828624230944
ISL,2017,20.960687286085648,27.539045168081145,217.23384485643234,77.96099390454657,5.434118468457967,25.156680534306346
ISL,2017,20.960687286085648,27.539045168081145,217.23384485643234,77.96099390454657,5.434118468457967,19.42828624230944
ISL,2017,20.960687286085648,27.539045168081145,217.23384485643234,0.0,16.55362024410984,25.156680534306346
ISL,2017,20.960687286085648,27.539045168081145,217.23384485643234,0.0,16.55362024410984,19.42828624230944
ISL,2017,20.960687286085648,27.539045168081145,217.23384485643234,0.0,5.434118468457967,25.156680534306346
ISL,2017,20.960687286085648,27.539045168081145,217.23384485643234,0.0,5.434118468457967,19.42828624230944
ISL,2017,20.960687286085648,27.539045168081145,0.0,77.96099390454657,16.55362024410984,25.156680534306346
ISL,2017,20.960687286085648,27.539045168081145,0.0,77.96099390454657,16.55362024410984,19.42828624230944
ISL,2017,20.960687286085648,27.539045168081145,0.0,77.96099390454657,5.434118468457967,25.156680534306346
ISL,2017,20.960687286085648,27.539045168081145,0.0,77.96099390454657,5.434118468457967,19.42828624230944
ISL,2017,20.960687286085648,27.539045168081145,0.0,0.0,16.55362024410984,25.156680534306346
ISL,2017,20.960687286085648,27.539045168081145,0.0,0.0,16.55362024410984,19.42828624230944
ISL,2017,20.960687286085648,27.539045168081145,0.0,0.0,5.434118468457967,25.156680534306346
ISL,2017,20.960687286085648,27.539045168081145,0.0,0.0,5.434118468457967,19.42828624230944
ISL,2017,20.960687286085648,15.208999762033628,217.23384485643234,77.96099390454657,16.55362024410984,25.156680534306346
ISL,2017,20.960687286085648,15.208999762033628,217.23384485643234,77.96099390454657,16.55362024410984,19.42828624230944
ISL,2017,20.960687286085648,15.208999762033628,217.23384485643234,77.96099390454657,5.434118468457967,25.156680534306346
ISL,2017,20.960687286085648,15.208999762033628,217.23384485643234,77.96099390454657,5.434118468457967,19.42828624230944
ISL,2017,20.960687286085648,15.208999762033628,217.23384485643234,0.0,16.55362024410984,25.156680534306346
ISL,2017,20.960687286085648,15.208999762033628,217.23384485643234,0.0,16.55362024410984,19.42828624230944
ISL,2017,20.960687286085648,15.208999762033628,217.23384485643234,0.0,5.434118468457967,25.156680534306346
ISL,2017,20.960687286085648,15.208999762033628,217.23384485643234,0.0,5.434118468457967,19.42828624230944
ISL,2017,20.960687286085648,15.208999762033628,0.0,77.96099390454657,16.55362024410984,25.156680534306346
ISL,2017,20.960687286085648,15.208999762033628,0.0,77.96099390454657,16.55362024410984,19.42828624230944
ISL,2017,20.960687286085648,15.208999762033628,0.0,77.96099390454657,5.434118468457967,25.156680534306346
ISL,2017,20.960687286085648,15.208999762033628,0.0,77.96099390454657,5.434118468457967,19.42828624230944
ISL,2017,20.960687286085648,15.208999762033628,0.0,0.0,16.55362024410984,25.156680534306346
ISL,2017,20.960687286085648,15.208999762033628,0.0,0.0,16.55362024410984,19.42828624230944
ISL,2017,20.960687286085648,15.208999762033628,0.0,0.0,5.434118468457967,25.156680534306346
ISL,2017,20.960687286085648,15.208999762033628,0.0,0.0,5.434118468457967,19.42828624230944
ISL,2018,41.38512888669157,26.697377105247302,224.90398027276538,84.03888863102404,29.824128031479248,34.26610924028859
ISL,2018,41.38512888669157,26.697377105247302,224.90398027276538,84.03888863102404,29.824128031479248,21.67682830382557
ISL,2018,41.38512888669157,26.697377105247302,224.90398027276538,84.03888863102404,5.6109520695095885,34.26610924028859
ISL,2018,41.38512888669157,26.697377105247302,224.90398027276538,84.03888863102404,5.6109520695095885,21.67682830382557
ISL,2018,41.38512888669157,26.697377105247302,224.90398027276538,0.0,29.824128031479248,34.26610924028859
ISL,2018,41.38512888669157,26.697377105247302,224.90398027276538,0.0,29.824128031479248,21.67682830382557
ISL,2018,41.38512888669157,26.697377105247302,224.90398027276538,0.0,5.6109520695095885,34.26610924028859
ISL,2018,41.38512888669157,26.697377105247302,224.90398027276538,0.0,5.6109520695095885,21.67682830382557
ISL,2018,41.38512888669157,26.697377105247302,0.0,84.03888863102404,29.824128031479248,34.26610924028859
ISL,2018,41.38512888669157,26.697377105247302,0.0,84.03888863102404,29.824128031479248,21.67682830382557
ISL,2018,41.38512888669157,26.697377105247302,0.0,84.03888863102404,5.6109520695095885,34.26610924028859
ISL,2018,41.38512888669157,26.697377105247302,0.0,84.03888863102404,5.6109520695095885,21.67682830382557
ISL,2018,41.38512888669157,26.697377105247302,0.0,0.0,29.824128031479248,34.26610924028859
ISL,2018,41.38512888669157,26.697377105247302,0.0,0.0,29.824128031479248,21.67682830382557
ISL,2018,41.38512888669157,26.697377105247302,0.0,0.0,5.6109520695095885,34.26610924028859
ISL,2018,41.38512888669157,26.697377105247302,0.0,0.0,5.6109520695095885,21.67682830382557
ISL,2018,41.38512888669157,13.381727631890769,224.90398027276538,84.03888863102404,29.824128031479248,34.26610924028859
ISL,2018,41.38512888669157,13.381727631890769,224.90398027276538,84.03888863102404,29.824128031479248,21.67682830382557
ISL,2018,41.38512888669157,13.381727631890769,224.90398027276538,84.03888863102404,5.6109520695095885,34.26610924028859
ISL,2018,41.38512888669157,13.381727631890769,224.90398027276538,84.03888863102404,5.6109520695095885,21.67682830382557
ISL,2018,41.38512888669157,13.381727631890769,224.90398027276538,0.0,29.824128031479248,34.26610924028859
ISL,2018,41.38512888669157,13.381727631890769,224.90398027276538,0.0,29.824128031479248,21.67682830382557
ISL,2018,41.38512888669157,13.381727631890769,224.90398027276538,0.0,5.6109520695095885,34.26610924028859
ISL,2018,41.38512888669157,13.381727631890769,224.90398027276538,0.0,5.6109520695095885,21.67682830382557
ISL,2018,41.38512888669157,13.381727631890769,0.0,84.03888863102404,29.824128031479248,34.26610924028859
ISL,2018,41.38512888669157,13.381727631890769,0.0,84.03888863102404,29.824128031479248,21.67682830382557
ISL,2018,41.38512888669157,13.381727631890769,0.0,84.03888863102404,5.6109520695095885,34.26610924028859
ISL,2018,41.38512888669157,13.381727631890769,0.0,84.03888863102404,5.6109520695095885,21.67682830382557
ISL,2018,41.38512888669157,13.381727631890769,0.0,0.0,29.824128031479248,34.26610924028859
ISL,2018,41.38512888669157,13.381727631890769,0.0,0.0,29.824128031479248,21.67682830382557
ISL,2018,41.38512888669157,13.381727631890769,0.0,0.0,5.6109520695095885,34.26610924028859
ISL,2018,41.38512888669157,13.381727631890769,0.0,0.0,5.6109520695095885,21.67682830382557
ISL,2018,19.618995893674974,26.697377105247302,224.90398027276538,84.03888863102404,29.824128031479248,34.26610924028859
ISL,2018,19.618995893674974,26.697377105247302,224.90398027276538,84.03888863102404,29.824128031479248,21.67682830382557
ISL,2018,19.618995893674974,26.697377105247302,224.90398027276538,84.03888863102404,5.6109520695095885,34.26610924028859
ISL,2018,19.618995893674974,26.697377105247302,224.90398027276538,84.03888863102404,5.6109520695095885,21.67682830382557
ISL,2018,19.618995893674974,26.697377105247302,224.90398027276538,0.0,29.824128031479248,34.26610924028859
ISL,2018,19.618995893674974,26.697377105247302,224.90398027276538,0.0,29.824128031479248,21.67682830382557
ISL,2018,19.618995893674974,26.697377105247302,224.90398027276538,0.0,5.6109520695095885,34.26610924028859
ISL,2018,19.618995893674974,26.697377105247302,224.90398027276538,0.0,5.6109520695095885,21.67682830382557
ISL,2018,19.618995893674974,26.697377105247302,0.0,84.03888863102404,29.824128031479248,34.26610924028859
ISL,2018,19.618995893674974,26.697377105247302,0.0,84.03888863102404,29.824128031479248,21.67682830382557
ISL,2018,19.618995893674974,26.697377105247302,0.0,84.03888863102404,5.6109520695095885,34.26610924028859
ISL,2018,19.618995893674974,26.697377105247302,0.0,84.03888863102404,5.6109520695095885,21.67682830382557
ISL,2018,19.618995893674974,26.697377105247302,0.0,0.0,29.824128031479248,34.26610924028859
ISL,2018,19.618995893674974,26.697377105247302,0.0,0.0,29.824128031479248,21.67682830382557
ISL,2018,19.618995893674974,26.697377105247302,0.0,0.0,5.6109520695095885,34.26610924028859
ISL,2018,19.618995893674974,26.697377105247302,0.0,0.0,5.6109520695095885,21.67682830382557
ISL,2018,19.618995893674974,13.381727631890769,224.90398027276538,84.03888863102404,29.824128031479248,34.26610924028859
ISL,2018,19.618995893674974,13.381727631890769,224.90398027276538,84.03888863102404,29.824128031479248,21.67682830382557
ISL,2018,19.618995893674974,13.381727631890769,224.90398027276538,84.03888863102404,5.6109520695095885,34.26610924028859
ISL,2018,19.618995893674974,13.381727631890769,224.90398027276538,84.03888863102404,5.6109520695095885,21.67682830382557
ISL,2018,19.618995893674974,13.381727631890769,224.90398027276538,0.0,29.824128031479248,34.26610924028859
ISL,2018,19.618995893674974,13.381727631890769,224.90398027276538,0.0,29.824128031479248,21.67682830382557
ISL,2018,19.618995893674974,13.381727631890769,224.90398027276538,0.0,5.6109520695095885,34.26610924028859
ISL,2018,19.618995893674974,13.381727631890769,224.90398027276538,0.0,5.6109520695095885,21.67682830382557
ISL,2018,19.618995893674974,13.381727631890769,0.0,84.03888863102404,29.824128031479248,34.26610924028859
ISL,2018,19.618995893674974,13.381727631890769,0.0,84.03888863102404,29.824128031479248,21.67682830382557
ISL,2018,19.618995893674974,13.381727631890769,0.0,84.03888863102404,5.6109520695095885,34.26610924028859
ISL,2018,19.618995893674974,13.381727631890769,0.0,84.03888863102404,5.6109520695095885,21.67682830382557
ISL,2018,19.618995893674974,13.381727631890769,0.0,0.0,29.824128031479248,34.26610924028859
ISL,2018,19.618995893674974,13.381727631890769,0.0,0.0,29.824128031479248,21.67682830382557
ISL,2018,19.618995893674974,13.381727631890769,0.0,0.0,5.6109520695095885,34.26610924028859
ISL,2018,19.618995893674974,13.381727631890769,0.0,0.0,5.6109520695095885,21.67682830382557
KAZ,2000,38.245216952670106,22.59497058079587,89.03740016584442,13.667869947798636,6.446537728914823,14.617053075249991
KAZ,2001,36.71203046427792,22.22039660010006,85.76913915734535,10.915279118539887,15.169068680237341,16.208567433192727
KAZ,2002,38.091683829531604,22.276264964136747,79.73556274494632,10.992883752597004,24.625212986810048,19.773135210512365
KAZ,2003,36.63988532109722,22.03674616681909,84.69408894966799,10.072125388243952,11.511962404491312,12.795314292501878
KAZ,2004,37.139693419933835,22.34275102216441,96.4043351295317,11.871536578988138,13.681453399121482,17.10270138373067
KAZ,2005,38.46126775086113,22.873596878582294,96.36404435318043,15.255878775124287,11.921093621047664,15.870310632957334
KAZ,2006,37.37510474760188,22.535164814232765,92.68872639608277,15.312207325154342,18.082779566991142,17.91556265792052
KAZ,2007,38.029763546124315,22.846297281906093,92.97744042308342,16.192999514644082,22.893845146341235,18.540761629198144
KAZ,2008,38.94577354590386,23.08467265190209,96.37356837939424,18.073827767101474,30.43159108855562,19.325095634764892
KAZ,2009,36.183058601513935,21.26211817283775,81.86576256781083,9.92584581588688,9.045257587529852,13.780206471665085
KAZ,2010,38.63635306326833,23.315703032145446,101.56231265165232,21.282429905180106,25.361688773586078,18.948132477406308
KAZ,2011,37.76261097931448,23.257945190833734,91.10816256324836,16.544968047600765,11.01385867412302,13.699044099996268
KAZ,2012,38.33153221327185,23.31539343900158,112.00745156220047,20.696609069312633,21.336139130342307,17.626887926951124
KAZ,2013,35.89545815871418,21.666111382379366,90.92323938522127,12.126251860706011,15.591177060834507,17.695695525426004
KAZ,2014,38.32867913872284,23.575816424973684,95.19932262860678,17.781035869083688,12.38493606418211,16.72452512802957
KAZ,2015,39.26705998572442,23.487823982323775,96.42064830593685,19.996193345053452,16.726933691835384,20.848546682754925
KAZ,2016,35.16360480207426,21.48884156665196,88.65769859647841,12.757464413560191,21.50780998124303,20.649492134155654
KAZ,2017,36.413300241527054,22.067076403953855,82.56075029620558,13.126452739567652,9.27652525503276,17.14262304886547
KAZ,2018,35.06796861641143,21.767725323283507,81.12354039766943,12.03582020419753,6.903498223766506,14.25060127891117
KEN,2000,,27.85106084237045,,258.6158241843162,,12.418750209528826
KEN,2001,,28.18166355713601,361.77424621582037,258.43534144177704,,10.790905167951488
KEN,2002,,28.20585721342998,,276.60605542149887,,16.349030098297273
KEN,2003,,28.920397040349595,361.88796997070307,274.5550908451797,,14.789802044313195
KEN,2004,,28.415596222730247,362.10998535156244,279.3472206572088,,16.21191158184937
KEN,2005,,29.499036700414873,363.44398498535156,280.354369038419,,18.023830587469316
KEN,2006,,31.0504964088841,350.8876495361328,231.94983904391137,,14.279579215466185
KEN,2007,,28.919426533588325,361.11372375488287,265.9050069454535,,12.788149768952138
KEN,2008,,28.127293372597265,361.48065185546875,299.34636389856286,,18.0214178362702
KEN,2009,,27.976477633555945,362.6659851074219,308.35889227194144,,27.935974790545586
KGZ,2000,38.75973045810114,24.374547076203942,144.591085981664,26.524890645211524,4.893794514065166,15.069712610964823
KGZ,2001,39.19316245615599,24.76481089488497,143.6208787611093,25.14601148019662,14.848486085796582,17.8984933842184
KGZ,2002,39.448914523365374,24.336500168840523,139.16250499371748,23.81181435302327,16.115764730300693,20.546610575923108
KGZ,2003,38.51076282088379,24.236051837690326,130.3328095475062,23.615240579917554,13.919623344738044,16.17575500481731
KGZ,2004,37.599245329157114,24.45584383981876,141.1448542945917,25.07075811186537,11.939739686956328,20.05406084335745
KGZ,2005,40.41545781697066,25.412690191836887,145.65104124296565,29.402334711747756,13.987420798511828,18.311984449264408
KGZ,2006,38.88110769266895,24.68543392788974,150.21007970240117,29.400755892981312,19.054582208525606,21.294431424541234
KGZ,2007,39.59041495551486,24.946001482607855,143.0416551613062,30.501495650424555,24.681632414576697,19.765970956567774
KGZ,2008,39.845678925625016,25.589472148078098,149.05283564674065,35.25530215636856,22.988803669315995,21.646244477407386
KGZ,2009,37.48883377667859,23.075263842619194,134.30988254490606,22.415452245978503,3.497415144480943,17.34041760201158
KGZ,2010,38.40022258799414,24.49331889268652,134.46793862927174,30.1327708750686,14.981981230545871,20.65916463856322
KGZ,2011,39.78793690131542,25.176086207829393,147.96568265482853,32.005588162489765,11.682734108734316,17.145641555935153
KGZ,2012,38.12142934266783,24.338494912437227,148.18113183916068,31.180669856550818,6.407225001554155,16.229198068714705
KGZ,2013,39.65191205274368,25.273589945583154,143.90053056731907,29.095634824969707,26.475443744471868,20.40846369536726
KGZ,2014,38.42428618361804,25.073670727515296,137.27657777341747,30.96491752308715,10.497893140840485,17.68213239087536
KGZ,2015,39.89217076047504,26.080176139460917,141.32070969708155,37.716437540103904,12.866570634246358,24.814884180759588
KGZ,2016,36.776783879792134,24.574886350402164,136.35959804140055,33.284888637185084,20.221049280778427,26.06516028851147
KGZ,2017,38.52271191550584,25.218083259033005,134.57438877037478,30.26859084907954,9.094565667690645,22.222551001202056
KGZ,2018,37.35068775191156,24.682175568642094,134.31830872165673,30.785100703908153,14.484841646388709,18.712872131531046
KHM,2000,36.958633320152245,26.607004348850516,342.6979797079716,283.0501642282401,12.43439948331977,18.002933282553986
KHM,2001,37.98969422137324,27.03048223941547,347.33504756810487,283.9703093073977,18.48201968486715,23.155324172173106
KHM,2002,37.731937406350056,26.826967384845208,351.35462263279913,284.2404478797294,18.357676148907103,24.80997239658891
KHM,2003,37.85444179327447,27.186797078121646,351.71803160521574,281.8423560364597,25.935247923661954,21.27095963668506
KHM,2004,38.006213621146394,27.10036489910041,349.8448264471681,274.6955394954102,36.11984441791884,18.513228574468076
KHM,2005,37.996208297544385,27.47942028184027,346.88671405537394,287.27063573748154,31.15492680874049,27.65522974322732
KHM,2006,37.21459243698936,26.88390123276752,341.9411705130962,282.6731956249882,39.438824977397445,25.369598216205553
KHM,2007,38.22797437869988,27.253208652848755,349.8556604512983,284.1522537127074,25.498221456664837,24.987355960474886
KHM,2008,36.76659060815429,26.939042818893494,347.64925114410335,282.5061265185672,12.748233664185479,19.81229481346584
KHM,2009,37.39330093732564,27.201534644772376,350.6551059202758,284.1124772458948,21.103908953520865,24.67868126031356
KHM,2010,38.391241443925026,27.935154396853985,350.8281506113856,293.97908660554015,42.53008930182692,34.923451481969295
KHM,2011,36.47865995149643,26.425821878445937,319.02762833239404,243.49096194186654,4.4840839232158975,19.454754686643867
KHM,2012,36.82631276957387,26.60982946629424,331.17040058790013,255.30169802560343,32.63882630066319,22.341947279338672
KHM,2013,36.44902361515444,26.756956688970938,327.6650282742864,250.3831062276774,6.7643672633908745,22.1321723132639
KHM,2014,36.52014627207373,26.92434793186123,326.7268684399181,250.86584315621894,20.775886699023314,25.605239397662196
KHM,2015,37.00560119363564,26.990904616389873,334.1191065105416,254.77655523398076,54.86690241212899,29.86273227645661
KHM,2016,37.33389087579461,27.251363369942492,330.9408692822229,260.6204272431676,25.17185797801121,30.831049263655775
KHM,2017,36.2839097454562,27.010123563404434,327.6423631689023,255.55232639419057,18.214558060346313,29.578564734083837
KHM,2018,36.48189941371398,26.804134621185536,330.86165384661365,255.7507648653919,13.87893316637203,24.89583094363659
KOR,2000,35.596300756880396,25.690694490057812,114.58524418496528,59.68746327263363,5.604656671787241,16.118337289381824
KOR,2001,35.23095648097918,25.34988659198066,114.50284426992135,56.16659129471326,9.943863852892425,16.74235575907562
KOR,2002,35.57539844431816,25.65889773253144,108.00035580185224,53.48067312361011,15.894771221853102,20.955616214365104
KOR,2003,33.34665226505038,24.749734475035517,101.46495169859104,49.503827694143,3.577711180240085,16.968469040413233
KOR,2004,35.10136805982977,25.792910257522134,110.53704683962651,52.96012094662267,6.609171745228598,19.627350248115167
KOR,2005,34.244562118486456,26.00192838220733,109.37420388508649,61.014645862047885,5.598776227388792,16.422565795073805
KOR,2006,34.03924137087213,25.608860830833894,112.8111213432281,56.60027767804188,8.335868854420942,19.63755856217299
KOR,2007,35.08848782563823,25.44827561618307,114.58080881940292,60.37865959137219,13.812451188557857,22.175241036210245
KOR,2008,34.41937507811639,25.214961837972645,107.93642220163281,57.44901686174815,11.756174756758702,18.172427871217394
KOR,2009,35.035417159909656,24.83496124910135,111.17009363823567,53.589634875578035,8.713793565292566,18.160812712847378
KOR,2010,35.21723594342993,26.133130802723496,107.03388789346575,60.32016044272302,8.609412581027511,20.228753312662818
KOR,2011,34.10995119446144,25.464520584050728,100.04540730580199,57.75453683689227,5.018464122711531,16.012180577077846
KOR,2012,34.38260893903523,25.510090251159365,106.38568542550584,55.25737053820974,2.8747708169467763,15.45030251572328
KOR,2013,35.19150824896969,26.232432856582747,112.10526744894811,62.28512566961026,12.345445844861526,20.430279199633382
KOR,2014,35.12919178462353,25.429175294218624,111.17695491169215,56.77894041345773,5.554983720051495,20.294244596224978
KOR,2015,35.1473824084849,25.20633136922628,112.29863491085068,55.79271567417709,5.357404067916526,20.79110536851008
KOR,2016,35.54050905167752,26.340963969542493,112.57330559233665,64.73294545334741,8.244162654507253,24.806415746306186
KOR,2017,36.13466955602869,26.42658087102194,115.8135003327354,63.84147050388186,7.095575589483316,23.182213319440862
KOR,2018,36.65771565588126,26.782974838815235,112.47153857418795,67.33137202082061,15.06448293992101,24.424381772972662
KWT,2000,46.1968879699707,28.139638900756832,204.72581481933597,80.28601837158202,14.124730110168459,18.0806827545166
KWT,2001,46.58145523071289,27.469556808471683,215.2779235839844,78.58739471435547,19.75115966796875,19.478918075561523
KWT,2002,45.587345123291016,27.104305267333984,209.43153381347656,78.96678161621094,13.063493728637695,18.09966278076172
KWT,2003,45.31266403198242,26.66563606262207,205.10626220703122,77.00615692138672,12.101461410522461,17.963945388793945
KWT,2004,45.336132049560554,26.267946243286133,206.8270721435547,72.90406799316406,12.788412094116211,17.26507568359375
KWT,2005,45.509864807128906,27.652034759521484,209.1598815917969,78.35787200927733,15.24989128112793,17.273590087890625
KWT,2006,44.968299865722656,27.172588348388672,204.51358032226562,78.90716552734375,14.260469436645508,20.98718070983887
KWT,2007,44.84385299682617,27.201501846313477,208.25946044921875,80.72870635986328,8.398941040039062,18.080461502075195
KWT,2008,46.32944869995117,27.90888214111328,219.63034057617188,81.69229125976562,26.510839462280273,20.515731811523438
KWT,2009,45.8300895690918,26.802410125732422,199.6976318359375,76.93702697753906,5.9039154052734375,19.613605499267578
KWT,2010,46.611228942871094,28.096975326538086,227.47743225097656,89.06149291992188,44.80401229858398,29.653501510620117
KWT,2011,46.79690933227539,27.896566390991207,202.14308166503906,80.62060546875,9.072854995727539,18.927181243896484
KWT,2012,46.55341339111328,27.77873992919922,206.76705932617188,82.44864654541016,10.36426830291748,21.34303283691406
KWT,2013,46.17686080932617,26.575773239135742,208.11651611328125,75.10434722900392,15.292713165283203,19.331111907958984
KWT,2014,45.13465118408203,27.67123794555664,209.58016967773438,83.50769805908203,9.091915130615234,23.305255889892578
KWT,2015,45.55926513671876,28.4950008392334,215.24920654296875,89.34546661376953,26.16046714782715,28.503808975219727
KWT,2016,45.734130859375,27.716012954711914,217.775390625,84.11878204345703,27.11691665649414,25.283863067626953
KWT,2017,46.89611053466797,28.407798767089844,216.24253845214844,84.59527587890624,34.1082763671875,24.65387725830078
KWT,2018,46.06303024291992,28.73769187927246,208.19906616210938,86.82347106933594,34.02410125732422,29.51320457458496
LAO,2000,37.0832087248242,25.51773189332725,290.2488927164013,200.90983736210728,15.218616076657243,16.11436038857408
LAO,2001,38.160380772184745,25.88232367396337,289.26223096610846,204.81477223151097,19.436809518462386,20.65938491559452
LAO,2002,37.8418386703737,25.754590559353645,295.5154214988864,204.7901461064058,13.592962941040751,21.816073694898414
LAO,2003,38.272452777752015,26.080174021997305,298.9648650206267,202.78041518440676,18.280020739858035,20.446292095088587
LAO,2004,38.17509516133841,25.896036939724794,293.8678484260616,193.8526869059018,22.351413093413157,16.33658786020451
LAO,2005,38.38867472721344,26.318942102038854,293.3029465327628,208.33925851118883,28.397836290153126,25.558934864521987
LAO,2006,37.69164843715175,26.013709109103186,296.5173739237403,206.8493537176637,30.211649301047252,23.97593546730181
LAO,2007,38.493910668223464,26.218329546556593,295.6998470547732,204.55071572001873,18.18541309223052,22.966011618642995
LAO,2008,37.27962089717683,25.84561710109137,289.5457613527848,204.25865616373665,9.47879779033814,19.609157232007774
LAO,2009,37.661312505256,26.180753910919762,301.2155060860899,206.71942285909896,26.08981962140551,24.735427114423423
LAO,2010,39.13860016290339,26.877539060270486,300.9866176962121,213.41785210623982,40.625476398065096,31.92572925068142
LAO,2011,36.50790926832993,25.336366129204613,246.52969951774065,160.69181966895312,4.432854312219657,19.52698331172771
LAO,2012,37.41798911179958,25.580261919358943,262.3882663293738,172.2061789517147,29.948720714626873,21.33432102581549
LAO,2013,36.757045704242174,25.56430068266422,260.16375741911145,168.62068999103732,21.057035834438082,22.1845685251538
LAO,2014,37.6632996861636,25.71104899004355,259.52666914437214,170.624629819907,27.3776798399737,24.60749619040032
LAO,2015,37.167609687278045,25.828624089814653,263.8574950939138,173.6386153222884,39.258564816294346,27.420733625317823
LAO,2016,37.60668748596853,25.8664212034268,260.16448331712024,176.59586341098742,21.678896277227235,29.309358257899614
LAO,2017,36.85204171017384,25.6992099910732,256.4008250030687,171.41719747671524,17.03537132972116,28.561998096252587
LAO,2018,36.60497787147412,25.642236512110074,259.04576013445876,172.33526983285603,10.21895144752189,24.477890673692624
LBR,2000,38.88881932794739,26.83032728375535,360.56234848643163,260.32708385949434,,
LBR,2001,38.55531515579913,26.628549438042853,360.1212422653364,256.0548678929872,,
LBR,2002,38.54193901614692,26.981780450448934,360.7730432884848,260.77359248508594,,
LBR,2003,38.87528732255005,27.0478221049685,360.63108582559363,275.97564440033096,,
LBR,2004,38.46549688784886,26.84636925986298,361.68363070290843,277.507791827848,,
LBR,2005,38.594333977226164,27.39866722590738,361.6596665740274,278.7324280859851,,
LBR,2006,38.455991086396665,27.044178638722432,361.89111617069165,268.7325959007279,,
LBR,2007,39.0216189697438,27.285573171250356,360.3485264749361,267.0048261779031,,
LBR,2008,38.23101505827849,26.783654391091527,361.38127825691834,263.13630944564085,,
LBR,2009,38.5201819800015,27.149450623583466,360.9830675360497,273.3355181494235,,
LBR,2010,39.23817618918012,27.897270580323372,362.01553289741423,282.72320259010854,,
LBY,2000,42.82148273924151,27.531314744324725,211.66636654832695,82.68898748706555,4.892158343558891,18.04582542359155
LBY,2001,43.32762621067848,27.575294101221015,223.96444632405712,87.76386052644092,10.233209084490301,20.17917127787218
LBY,2002,44.39757914220757,28.010343110982042,215.51391816818145,90.98511663831341,13.818342187737494,20.90055922053605
LBY,2003,43.737886268688015,27.772105285318926,218.8643006157537,100.3194454329415,18.309690689069033,24.50174079885567
LBY,2004,43.10579662983446,26.907037910494864,218.31672416585866,89.48700995074203,4.922753000852012,19.05990981823288
LBY,2005,42.58815786128088,27.422996397637043,220.62796427623903,92.30055993909748,9.786034392816452,18.469900468272574
LBY,2006,43.296194868159894,27.80165885816337,213.81582965506897,94.04823564739544,12.843590910751338,19.908066024398153
LBY,2007,43.42306796692613,28.385892294494113,215.072534768994,92.8120671264781,12.480095587021957,20.66874566796606
LBY,2008,43.380558525036335,27.895014025846024,219.2163519017621,96.80201100347331,11.469249064482355,21.928493637087378
LBY,2009,42.7019595380104,27.7051175385096,223.59010771066903,101.57173864082543,13.26099767370051,23.934162059886393
LBY,2010,44.416249897938016,28.123724401171465,242.28472344983268,102.6045617879496,24.899795881202206,27.462102690496014
LBY,2011,42.77952746267697,26.466307397744696,190.3662033244094,66.76941519173394,12.713491995167477,19.50077413320277
LBY,2012,42.72579867805275,26.96282904935002,195.79950717825935,76.34674443493589,15.953874461251067,24.156816358044516
LBY,2013,38.92768038181082,26.107863788951217,194.81571357823626,63.726056250635956,12.536518211871323,20.500888281475312
LBY,2014,42.98169413764398,25.89306772228559,210.5476000160108,58.19296802605746,24.937985731157475,23.60519017166989
LBY,2015,41.74376034459098,27.151702081677705,190.33785501497383,73.56393456591485,27.81808011865151,24.608983069176755
LBY,2016,42.2930582595852,28.516124243785605,220.4515901864545,82.04296636322103,19.07681699249414,25.762299975018326
LBY,2017,41.95802410049349,27.32765978973868,184.79278139349276,66.82819492120808,13.669780840105446,20.88007853779353
LBY,2018,44.241312667394375,26.19348877558837,189.19441998823598,68.42829439292693,23.280443052744022,29.858888809508958
LKA,2000,,26.48923110961914,357.31597900390625,253.81927490234375,,13.676711082458496
LKA,2001,,26.80579948425293,359.26177978515625,253.9154510498047,,18.60608673095703
LKA,2002,,27.694421768188477,361.51898193359375,261.3612060546875,,21.354106903076172
LKA,2003,,27.52437973022461,360.9671325683594,256.38372802734375,,23.734298706054688
LKA,2004,,28.15224838256836,358.8242492675781,243.0185089111328,,15.048829078674316
LKA,2005,,27.248981475830078,351.4457092285156,248.96324157714844,,20.602293014526367
LKA,2006,,26.883224487304688,361.4633483886719,251.41156005859375,,16.1832275390625
LKA,2007,,28.10588264465332,353.4615783691406,247.39540100097656,,16.936681747436523
LKA,2008,,26.42388916015625,355.6191101074219,243.39401245117188,,16.885242462158203
LKA,2009,,27.48591423034668,354.6790466308594,248.1086883544922,,21.033506393432617
LKA,2010,,27.99078369140625,352.0285339355469,270.3558349609375,,30.68091583251953
LKA,2011,,26.427520751953125,360.031982421875,243.703369140625,,12.799278259277344
LKA,2012,,27.571331024169922,361.1708679199219,248.56724548339844,,21.19232940673828
LKA,2013,,27.500120162963867,360.10626220703125,253.0629119873047,,21.85563087463379
LKA,2014,,27.49032974243164,360.0740966796875,248.40228271484375,,25.045726776123047
LKA,2015,,27.640825271606445,357.8600158691406,253.24757385253906,,29.371994018554688
LKA,2016,,28.367549896240234,361.5871276855469,260.4849548339844,,33.36996841430664
LKA,2017,,27.66074562072754,357.632080078125,258.1769714355469,,32.06070327758789
LKA,2018,,27.330507278442383,359.4134216308594,253.44459533691406,,22.068622589111328
LSO,2000,35.37248229980469,20.812435150146484,165.55952453613278,16.063810348510742,0.23852300643920896,7.951652526855469
LSO,2001,36.163700103759766,20.436643600463867,183.52139282226562,12.596956253051758,0.0,9.52939510345459
LSO,2002,36.938350677490234,21.35492515563965,193.18299865722656,16.604827880859375,0.35255613923072815,9.685914993286133
LSO,2003,37.92337417602539,22.354934692382812,199.2255401611328,26.933080673217773,1.2773811817169192,12.538188934326172
LSO,2004,37.041362762451165,22.250289916992188,191.04873657226562,25.26567268371582,0.6376268863677979,12.549842834472656
LSO,2005,37.62091827392578,22.049758911132812,190.29502868652344,18.116430282592773,0.10234065353870392,10.718976974487305
LSO,2006,37.12548065185547,21.46062469482422,170.64915466308594,20.682601928710938,0.0,12.03995418548584
LSO,2007,36.53173065185547,21.645122528076172,193.8007354736328,19.372642517089844,5.060568809509277,11.341745376586914
LSO,2008,37.20531463623047,21.01306915283203,188.33087158203125,18.287397384643555,0.09838725626468658,10.714140892028809
LSO,2009,36.89691162109374,20.911026000976562,178.4236297607422,13.057501792907715,0.07455629110336304,10.481587409973145
LSO,2010,38.33811950683594,21.73283195495605,197.60813903808594,19.11808586120605,0.4964139461517334,13.250536918640137
LSO,2011,37.43755340576171,20.90627861022949,171.52992248535156,18.148727416992188,0.8276353478431702,11.441884994506836
LSO,2012,37.00540542602539,21.735212326049805,182.8911590576172,26.141710281372074,5.487606525421143,13.066119194030762
LSO,2013,37.804466247558594,20.986915588378906,186.00856018066406,18.518884658813477,5.5162458419799805,11.059189796447754
LSO,2014,37.78666305541992,21.60784149169922,195.15863037109375,19.93876075744629,5.845981597900391,13.031249046325684
LSO,2015,38.659614562988274,21.697654724121094,223.04090881347656,21.6083927154541,23.264694213867188,16.462467193603516
LSO,2016,39.06966781616212,22.343856811523438,198.00677490234372,25.108583450317383,13.392235755920408,17.304981231689453
LSO,2017,37.23025512695313,20.435407638549805,193.2655792236328,14.261162757873535,7.38975191116333,13.050000190734862
LSO,2018,37.17830276489258,21.266368865966797,184.3506622314453,17.836389541625977,6.898696422576904,18.054929733276367
LTU,2000,29.85638776201166,17.43249163220878,16.751223457527875,0.0810783612192631,22.338408562591468,20.416439767641304
LTU,2001,31.107976561999408,19.359080446154366,23.282579297005995,0.8459628293475232,8.403603936632958,16.566911733322566
LTU,2002,31.065205731999743,19.484340649520153,38.00222844420357,1.101697189508315,33.028093957280035,20.0068744471559
LTU,2003,30.608696768650958,19.49685679658979,29.626168622476808,1.2706787244615838,14.714746969095126,15.576584973325724
LTU,2004,28.93921055198729,18.20461004764788,16.008926949715008,0.09187715399408636,7.063569120991316,13.991950641408817
LTU,2005,30.518520774420367,18.279432871823406,22.88504144575533,0.20145935662644734,20.705291553045473,15.78427443055661
LTU,2006,31.84506428867635,19.311766277793218,31.95289011149815,0.6846791055274472,36.836025198732514,21.223980560140387
LTU,2007,31.346700486571596,19.05041733952043,26.413808663098887,0.4675970513208636,31.91322999189575,20.275186506618912
LTU,2008,29.385311634643756,17.790276354540442,20.365581557900924,0.1313473683664785,16.901906587253198,18.410202960592475
LTU,2009,29.31050197089659,17.867495074503825,19.921270517427143,0.11464232733597954,12.142055587145402,15.117710936999169
LTU,2010,32.75274320884707,20.656742241761194,32.381166468042636,3.87312932002417,13.69388553576833,14.992094947853275
LTU,2011,29.835684020493602,19.05517627433154,26.410184621238194,0.6313455618605055,14.492789010488668,18.388570834852654
LTU,2012,30.545790275119533,18.963079750782544,21.548965075224256,0.7274790457590926,9.911774978820423,16.151534217858664
LTU,2013,30.69887455706316,18.995263354470985,25.58696848527398,0.4607373109812546,12.700548803716746,17.461926371192945
LTU,2014,32.13377009164836,19.684000707273483,33.25157146194306,1.731216701662958,30.77311986170514,24.518688379738627
LTU,2015,31.30126984896089,18.59656935996118,23.650606645556067,0.7384244142571589,32.77833815606994,20.86996256674668
LTU,2016,30.301216952616468,18.431845659121432,25.33711840863625,0.33353827411953474,17.157021363781666,19.206929364994178
LTU,2017,28.751177687501023,17.707240416041795,16.86870932658356,0.3657244495625145,6.931628177883321,15.46318770383391
LTU,2018,31.96667813942576,20.939871156958844,51.628768743091854,3.6393508508371304,34.48400471010939,22.79175837604041
LVA,2000,28.332756042480465,17.095931529998776,9.55490493774414,0.021630989387631416,23.955183029174805,20.714616775512695
LVA,2001,30.332503795623783,19.137592792510986,18.3092098236084,0.6663843467831612,9.77748990058899,16.6617751121521
LVA,2002,29.91870450973511,19.319960594177246,31.158282756805413,0.8959582895040512,33.880619049072266,19.829834938049316
LVA,2003,30.132085323333744,19.565945148468018,21.954447269439697,1.62987357378006,14.473310708999634,15.497137546539308
LVA,2004,28.228435039520264,18.210163593292236,11.653390884399414,0.0693895798176527,7.318294644355774,14.026002407073975
LVA,2005,29.675612926483154,17.990790843963623,16.324912309646606,0.12568578496575356,23.08253002166748,16.125137329101566
LVA,2006,31.009913444519043,19.05408811569214,26.334479331970215,0.48873174935579294,41.064985275268555,21.669499397277832
LVA,2007,29.76879930496216,18.705664634704586,19.14755249023438,0.22596073150634766,31.710459232330322,20.294349670410156
LVA,2008,28.5527663230896,17.41832160949707,13.173397541046143,0.05509033799171448,17.59983205795288,18.733135700225827
LVA,2009,28.460463047027588,17.50729751586914,13.334657669067383,0.03493662318214774,12.252498865127563,14.9045352935791
LVA,2010,32.10956382751465,20.635474681854244,29.095296382904053,3.9401853084564213,14.53478145599365,14.956626892089846
LVA,2011,29.473487377166748,19.147575378417972,21.646870613098148,0.8286036252975465,15.59468340873718,19.123025417327877
LVA,2012,28.93661880493164,18.65555238723755,12.153969287872314,0.4151339456439019,7.590063571929932,15.5477933883667
LVA,2013,29.403131008148197,18.619744300842285,19.370582580566406,0.19801591709256172,14.035700321197508,17.895998001098633
LVA,2014,31.373037815093994,19.712382316589355,30.047749042510986,2.2097145915031433,33.50958728790283,24.843349933624264
LVA,2015,29.272236824035645,17.832934856414795,13.665317535400392,0.18400808051228523,33.47479343414307,21.041558742523193
LVA,2016,28.918174743652344,17.99705171585083,16.960422039031982,0.16921180486679077,17.61571741104126,19.399198055267334
LVA,2017,26.99409246444702,16.989734649658203,8.283963918685913,0.08997994288802146,5.6014153957366934,15.079885482788086
LVA,2018,31.636607170104984,21.082453727722168,41.93425941467285,4.2665345668792725,34.48046684265137,22.369826316833496
MAR,2000,37.00803821166472,23.542144788867102,143.23635065995046,65.87161769979537,10.642883664407895,14.900897776289687
MAR,2001,37.0830331324111,24.222920042160187,158.74968335817306,74.00196309346279,9.035766534824122,22.593937797060914
MAR,2002,36.18659615766636,23.576089486362857,149.86981711956997,68.00700575795628,8.704254738297417,17.244263064846216
MAR,2003,37.69678579524158,25.25637736127124,159.60850444672022,86.26373532250122,12.606004254806502,20.355561631366147
MAR,2004,39.08327281747364,25.674884697899518,151.7317652042719,77.1370607888376,14.16010399151073,18.76958806488273
MAR,2005,37.90084149160434,24.840632590661272,160.2651580184442,79.88302606417348,7.055780409192858,18.161984538777084
MAR,2006,38.72980190382108,24.986668176326713,160.2200479657717,75.5950407540782,7.922556435652319,21.16879131796728
MAR,2007,38.921696492426264,24.141413187207274,149.6691583129986,66.09371224089377,5.632679691514215,13.236367612061168
MAR,2008,36.572456648253166,23.7189058274155,150.40432521533793,73.35794247055476,5.871450356258007,14.95641007828756
MAR,2009,39.82057242915238,25.106018569379547,175.62894681341083,86.23607269490843,16.543529438272806,21.189850686976666
MAR,2010,39.22690710867343,25.666643523517944,162.0394252955477,84.07627596447342,15.008418305538095,24.232102025514905
MAR,2011,36.60615125892633,24.15920173587464,144.50970393467466,56.838036613379394,13.351715167607857,21.82231307984988
MAR,2012,38.36068604334348,24.53822331216512,142.94087292762742,61.95917454636706,14.51609522025971,20.542536617147906
MAR,2013,37.401369223760184,23.914485303662378,133.9135563093882,50.82380816363938,7.431668300100265,19.365625830267533
MAR,2014,35.83125618760036,23.132655560311605,147.07941837495216,51.739431985037385,12.110007945510509,22.541710228838117
MAR,2015,37.4855517747057,25.022410066203385,147.42968130052526,61.427625360368225,29.926187841599706,24.574142574845496
MAR,2016,38.202789363276395,24.398294016238545,141.74423424607366,60.871229291612906,16.85831600774052,24.819866304740174
MAR,2017,38.30774734799933,24.469340140902442,163.84059088341624,66.2420710908462,24.621578831140436,26.76312221668524
MAR,2018,36.08475407723222,23.702067742361308,122.48473255840644,55.09198907535111,5.423909558560668,16.09070302851925
MDA,2000,36.53354848440933,21.2721643982085,69.83209004193233,5.880032069178463,17.96414585376282,18.752336311280878
MDA,2001,34.76727607900655,21.216515888296467,66.95302575988636,9.515886695623362,11.7743353590348,16.96009119890605
MDA,2002,34.86116608966901,21.406703024949135,74.9176529099436,9.860196177055448,30.147390400726973,20.015854981237077
MDA,2003,33.94107717478523,20.590972670945654,82.12659907804486,5.199674549413743,16.062314663294657,15.045749001355714
MDA,2004,32.94633104958114,19.644280867546378,55.80553162887518,2.8732803642915914,6.782571760252732,14.402690966018541
MDA,2005,34.02770474576902,20.904388669426783,65.6585200153723,5.79982401362951,12.423983272441118,14.847951470548287
MDA,2006,33.66165067690448,20.880654088642128,66.33106930967998,6.676658730273709,15.227065367148235,18.29475505111583
MDA,2007,37.65361049842411,22.365779658706607,84.61344734273305,12.185533612137148,41.070164303182366,21.031806485879038
MDA,2008,34.891764390958684,20.72780769931876,73.72745052990146,6.497901230221007,20.66766240099849,18.123527665894287
MDA,2009,34.30505107773605,20.720541123032277,79.13475803243995,6.357053859936842,9.9477517694491,16.812036543904824
MDA,2010,35.618140331980065,22.230833435688158,74.42784568230074,16.11328927864383,26.70158017131982,18.795438068597505
MDA,2011,33.591098503939314,20.84165034327544,82.7825862261757,6.61743490691712,13.183772293458363,15.985331844736585
MDA,2012,37.29492259314657,21.993512945468172,95.2225253127498,14.66751106716588,35.26258677864502,19.959774114803185
MDA,2013,33.978981265865784,20.62367597868046,79.63740085830497,7.102998355671287,17.48738680477461,17.82771106755556
MDA,2014,34.26573379981516,20.792278817914195,73.34118242490825,7.596071073411942,22.393847333641407,22.88896579497672
MDA,2015,35.8702633525165,21.894181220508898,84.57706562537756,11.114745904327753,33.681733343675035,21.149548667300543
MDA,2016,34.410787252150286,21.567016914451305,80.93791246965529,10.400906519010935,18.31736722175313,20.091319207715145
MDA,2017,35.98319377114492,22.116313749239445,76.48428535261957,9.248476873602902,19.254806669885003,16.966820496212936
MDA,2018,32.337489910297045,20.963347888563312,100.60503838150275,9.301767734618508,31.68748207920449,23.913786104725727
MDG,2000,,,,51.730285297343855,,5.653868178243024
MDG,2001,,,,41.9918388428555,,8.334732417566128
MDG,2002,,,,49.220162715955674,,9.795585184368477
MDG,2003,,,,49.59155597991654,,14.699486741433116
MDG,2004,,,,68.7801140589373,,13.966052792257065
MDG,2005,,,,61.65603744615961,,13.730626943859395
MDG,2006,,,,72.30425764868939,,15.337989694684392
MDG,2007,,,,62.36808703331748,,11.789364187210163
MDG,2008,,,,62.62243128906923,,11.713443501829088
MDG,2009,,,,36.298047201234034,,10.43060889462478
MDG,2010,,,,33.54468764335306,,12.630711868063866
MDG,2011,,,,56.47489747479566,,13.338515741900832
MDG,2012,,,,79.21561116415701,,17.297343852105037
MDG,2013,,,,68.80133050030369,,11.387497409518513
MDG,2014,,,,58.734508228470816,,12.836449370151996
MDG,2015,,,,68.5400596089052,,18.645064904788775
MDG,2016,,,,76.49445333080739,,20.550944196169315
MDG,2017,,,,42.927080268904994,,17.375941347486634
MDG,2018,,,,,,26.691918082947637
MEX,2000,38.85793338592645,21.651948654953298,264.7552307165939,65.8772924180909,20.32558847075712,9.5583097704317
MEX,2001,38.732647236854845,21.672492933497562,256.2173508184591,64.21614978127786,19.58770644087615,10.365291872922175
MEX,2002,39.15122006446551,21.700357544170053,254.87659615899128,66.11522229909616,19.536050803318275,11.37620237029087
MEX,2003,39.83745790254308,22.300050234875357,258.57801949196363,70.11626890891954,24.431489556380466,13.634559912871254
MEX,2004,38.402741143025224,21.583555369077335,249.7005026683888,63.71058994786371,18.07705525212771,11.37555938266838
MEX,2005,39.31683470360689,21.82360126763889,257.2897754974502,63.70649227030047,24.19428121413167,12.70019204367464
MEX,2006,39.03204627955868,21.64865897436,260.3575616475617,64.62178177457925,21.886354249808505,12.597176745597832
MEX,2007,38.37156366858723,21.288615215225942,252.17737844647291,60.423380972371476,17.762938278783572,11.549042552260696
MEX,2008,39.00066208911251,21.334513567697698,254.53588918895153,60.72238969332294,19.331147810030743,9.542145652172312
MEX,2009,38.9725732054676,21.706657959552572,263.0505515749603,64.55978081586893,32.662059912437336,13.267018964174158
MEX,2010,39.0796508450301,21.950681531432537,247.1588590309377,57.858507750486844,19.48278093939184,12.034346973451672
MEX,2011,39.97148183837714,21.928578957048636,264.79858118517654,64.41760752469895,32.957944281926316,12.313858927896334
MEX,2012,38.827002640154554,21.327517731692232,261.23114892571425,63.71361266185977,22.648304095311115,12.49405202762572
MEX,2013,38.91620438161256,21.315495524438703,247.21707801817766,62.27102689609861,18.978925864746916,14.331673998259888
MEX,2014,38.51039027198368,21.32573227955178,255.44530374234643,64.55872569137325,23.825866303939048,14.384602780157905
MEX,2015,37.74842884999315,21.349043479397988,246.38262297186247,69.35578517743153,22.406944695256403,20.53093829903328
MEX,2016,38.36119136408718,21.334385719184546,248.09477269771975,61.85958047052353,26.58381761961194,18.134279968379115
MEX,2017,39.31605823895723,22.043785194505734,261.62214086254306,71.0130096900812,28.515886064699995,17.556065680969926
MEX,2018,38.765426702656235,22.059763082252935,200.18060357312106,52.78544669741987,37.654707281137526,22.723153294812782
MLI,2000,43.96874823286527,28.955210036661523,354.8174541856466,238.58699509987986,,13.723258856434986
MLI,2001,43.8208723323612,28.879405997634027,356.04266122659993,236.61680479129387,,21.84926938683987
MLI,2002,44.026801617587154,29.416545757445647,351.8747307354293,244.70896415982529,36.20359420776367,19.23003544995268
MLI,2003,43.859305944008035,29.184000198506318,351.85149944882454,255.85577098440035,21.22799301147461,19.099451279530943
MLI,2004,43.00984571014616,29.14480641599434,353.43618269314265,251.7551743177249,,19.471598728483873
MLI,2005,43.20683176050222,29.31706234841656,351.9569015114058,255.05244332326356,,18.148094623756997
MLI,2006,42.73365466884155,28.68937545540327,349.6730511354427,246.5562392385208,50.8232536315918,16.229624591392025
MLI,2007,44.199915276445935,29.416251886965007,350.1124230803945,242.37920202633939,42.47574234008789,12.890924710681215
MLI,2008,43.19520575480794,29.029947676208423,351.0977832847315,238.76119871791713,36.89724349975586,16.13925792842177
MLI,2009,43.90319040427453,29.584846819372064,353.55752648270027,253.9840149069682,35.149627685546875,22.21592751098311
MLI,2010,44.71992667202015,30.49611800378139,358.3478688320117,262.9209944040714,,30.258134705507846
MLI,2011,,26.97507034282291,239.6730473961968,116.3635087405414,,22.044458037564603
MLI,2012,,27.308536765132388,206.79847832850928,122.11311190422583,,23.421570271412378
MLI,2013,,27.199109391821672,205.9243606885005,107.23898507085181,,18.505401431655365
MLI,2014,,27.286990639933347,217.54802030051752,110.88801243575232,,23.857889142656035
MLI,2015,,27.77296510044351,208.9550603801262,117.78701257751057,,24.198539184789375
MLI,2016,,27.43384724524314,216.93692457227678,120.64920986837721,,28.86505723623475
MLI,2017,,27.207241785781754,244.3062870649501,121.62538138466422,,24.88580378772209
MLI,2018,,26.810754832095544,231.7846804857976,103.55480212661256,,17.140989656766152
MMR,2000,36.66701595100941,24.222785926289983,277.7903721998298,175.99616548379248,12.885637827790545,15.454869510731085
MMR,2001,37.692117118130625,24.330366874464364,277.17641583772377,177.8264975951516,18.553841404236753,20.46168989699322
MMR,2002,37.85936726452636,24.471180138424632,279.2788463628934,179.8549417807923,11.080680181336678,21.287779995262415
MMR,2003,37.5951829379201,24.521033201371566,282.2434678270812,173.18593234499076,13.667828280299359,20.430580713991674
MMR,2004,37.94693726954273,24.3800622232401,277.39584752423815,169.3170656928936,19.914296590657823,17.03612504929153
MMR,2005,38.496882000360046,24.87473971457081,279.65431756547366,177.86853066388338,23.201491504341067,26.289298752938937
MMR,2006,37.59411660834113,24.631121005495984,284.42345327814473,180.25062194383574,29.88541887081016,23.36966757032643
MMR,2007,37.84105354679851,24.670707758388644,280.93310859688205,177.37475876694518,20.62410677248781,22.86288306416758
MMR,2008,37.53764626730675,24.357653546341155,280.60193775881396,178.59677479105804,12.488072861581626,20.17524088508788
MMR,2009,37.59430425355373,24.72289227300191,291.3120840261186,180.47654068979904,32.66660160492244,25.256060221075618
MMR,2010,38.87392077196002,25.369044936599153,290.6410651948624,187.33655190247995,40.40443283242934,31.5499524022137
MMR,2011,36.35292739205856,23.92960780559101,263.56603498725883,147.6822282559842,12.631360775351574,19.740771916982737
MMR,2012,37.64814117484423,24.41851498914082,270.4453497471901,154.45551838834928,24.36660744528861,21.02420712603277
MMR,2013,37.44179972353391,24.25396908331098,270.20575984106506,153.89541937917406,43.79606675201017,21.78046495140197
MMR,2014,37.77264976991507,24.568043287840524,270.92365443735133,152.33614378433796,34.86751730451341,23.177235931445697
MMR,2015,37.27638203624679,24.183934769288058,269.402335759174,151.71951235741997,26.04742457830915,25.09626696604484
MMR,2016,38.53357201407496,24.391482196749628,268.54186433289027,156.18079512897597,24.380539477357207,28.339910848393536
MMR,2017,37.63168243732787,24.037067800797146,267.99917518565354,147.46351686474904,26.456743878934972,28.745021256819197
MMR,2018,37.0741262154753,24.51059202402134,264.3892268493831,153.77112728729875,10.274044755387497,24.3071478709226
MNE,2000,37.84446716308594,21.304443359375,89.81078338623045,10.885204315185547,23.727546691894528,19.139646530151367
MNE,2001,35.372379302978516,20.850923538208008,79.49024200439453,10.628030776977539,13.71506881713867,17.347984313964844
MNE,2002,34.846317291259766,20.985639572143555,77.47123718261719,10.735203742980957,22.665391921997074,20.085498809814453
MNE,2003,36.64493942260742,22.020944595336914,103.88806915283203,18.283565521240234,33.68096160888672,19.02121353149414
MNE,2004,34.86031723022461,20.271636962890625,73.42977905273438,9.984715461730957,12.566502571105959,14.648877143859863
MNE,2005,34.609840393066406,21.042463302612305,73.59516143798828,10.544453620910645,12.450284957885742,14.460524559020996
MNE,2006,35.402103424072266,21.027769088745117,81.6043472290039,12.197497367858885,21.904516220092773,18.847381591796875
MNE,2007,39.11265563964844,21.89617347717285,87.47845458984375,12.383245468139648,40.13855743408203,20.180770874023438
MNE,2008,35.08143997192383,20.69005012512207,82.16449737548828,11.886557579040526,21.202472686767578,17.656023025512695
MNE,2009,34.96406555175781,20.490774154663086,91.49021911621094,11.305415153503416,16.129920959472656,17.651884078979492
MNE,2010,35.22118377685547,21.374711990356445,75.3946762084961,13.290700912475586,15.332159042358398,16.33385467529297
MNE,2011,36.00932312011719,21.088476181030273,94.00829315185547,12.493265151977539,27.83797836303711,16.484416961669922
MNE,2012,37.50689697265625,21.728946685791016,99.2344741821289,17.25699806213379,40.166534423828125,19.732860565185547
MNE,2013,36.7298583984375,21.307973861694336,84.22933197021484,12.094736099243164,23.9129638671875,17.335906982421875
MNE,2014,33.15460205078125,20.108409881591797,70.49382781982422,8.8147554397583,20.68328094482422,22.721765518188477
MNE,2015,36.3294677734375,21.96506690979004,89.65249633789062,16.471847534179688,41.55125427246094,21.15157127380371
MNE,2016,33.9649658203125,21.15106201171875,84.70896911621094,10.35345458984375,17.11988067626953,19.25246238708496
MNE,2017,37.6832389831543,22.096736907958984,89.07428741455078,14.615350723266603,26.37038993835449,17.17185401916504
MNE,2018,33.47898483276367,20.963157653808594,105.53592681884766,14.320761680603027,37.24873352050781,25.78068733215332
MNG,2000,35.970474798895545,20.47675469235722,70.60119680619391,9.01971667776732,5.263322986308344,14.603340823947507
MNG,2001,35.493167531681856,20.372442296717242,75.32148783779033,8.358211814799539,13.962237733745217,17.812355502851883
MNG,2002,36.087985393874135,20.675359733067236,72.44897562211501,8.466391419996192,23.290393179051414,21.90693489247326
MNG,2003,33.19332765675766,18.972896501055843,60.36187968672269,6.122153547962122,6.968519016423253,16.28602748541208
MNG,2004,36.49460891740736,20.18718556136085,68.05169197217721,7.50226254282239,9.819951276531611,17.87261263981575
MNG,2005,36.117182690359655,20.561870819381156,70.85152764426068,9.122967179587,7.2984463422429515,16.34062527395291
MNG,2006,34.252654314700514,20.15289540060597,66.82987351641752,8.263725959723727,10.34209493713862,17.756193573042253
MNG,2007,35.721862085122915,20.324784808741732,74.51696745100851,8.758558515793393,18.217550505023794,21.306323476071185
MNG,2008,35.303731200946046,19.84471504608573,69.01700453873922,8.522421218792894,11.828784351066343,18.994878920546377
MNG,2009,34.14507693150899,18.988851992338855,63.40454208547,6.4462083169286535,6.8662103273145405,15.880891256705018
MNG,2010,37.399168959472945,21.204028553343,69.81663663849058,10.3863544551909,9.941378958359495,17.129154493291193
MNG,2011,35.214351541466215,20.192352734368217,67.3365435108346,8.574754352161436,7.586164606489849,16.16074945324006
MNG,2012,33.58257044560098,19.521249404744477,65.51425850191885,7.686195750413618,3.026018655922187,14.453968602476278
MNG,2013,33.0219027289132,18.933459017550195,62.922957506803904,7.756612062776899,9.113037240174702,19.02735161722668
MNG,2014,35.18183592472721,19.874484406852563,67.81472858107111,8.174426621474494,13.61366318552877,18.738423136066547
MNG,2015,36.33546574761235,20.929025125040663,76.35882899731105,8.592612056582272,12.405201433160878,21.768992110679463
MNG,2016,36.01893830083675,20.92365712334905,71.6345551604742,11.929517803556317,9.481678105850154,21.5250999923397
MNG,2017,36.75768247203087,21.305521813034833,78.3680052542241,11.862649610105706,10.339511112653142,22.018212888495587
MNG,2018,35.160685934462954,20.451444242109034,73.25124900808895,11.959797242728103,10.866601071017028,20.906141338790057
MOZ,2000,36.21058116889421,21.696585854272367,217.75138622100093,35.186273923540725,0.0,5.4511703733849615
MOZ,2001,38.359275767945924,22.377373279833066,244.07741702944034,34.94675032960365,0.0,8.123063869705152
MOZ,2002,37.97522378154132,22.817623574866612,261.8766003558569,43.46784569909701,0.0,9.794518972915624
MOZ,2003,38.50338966487378,22.79590964075928,260.78036117154375,30.56381645185401,0.9630117409615192,14.374680158793018
MOZ,2004,38.495065229781176,23.564419982116856,252.4604747833287,52.1298253945007,1.4256182695087012,13.439116447940428
MOZ,2005,38.65525249576876,23.98803315581412,256.168378064122,52.12576486834724,0.0,14.294751535004915
MOZ,2006,37.98760699105056,23.8901397376093,239.3591383589173,47.33670348792026,0.0,14.270932748189887
MOZ,2007,38.726586115875584,24.28988401300855,248.76023006136202,46.49801692403841,3.1572055352275217,10.543794548824309
MOZ,2008,38.68960761214093,22.858203508039036,254.6672475104401,50.624944795425506,0.0,11.198598670408643
MOZ,2009,36.45583479967522,21.586715944103354,208.60749848747847,23.754593492270697,0.0,11.6951769709392
MOZ,2010,37.8514685955457,20.58930464781865,211.47710003972645,12.587578748407001,0.0,13.088657637225303
MOZ,2011,39.372971337891144,22.779748763265903,239.20562440287375,46.749718882925464,0.5788260643783872,11.7496874439494
MOZ,2012,37.550087943749574,22.850926375722196,251.28586807341185,56.66407886273407,4.117691648844827,14.772544607995838
MOZ,2013,38.797555720200656,22.724496181256477,242.0356497154109,42.42684482269463,3.4636200184977763,10.45842224769215
MOZ,2014,37.69802747151213,22.61490993274245,246.8995973490499,39.42340763536782,1.6639881564200791,13.069946756168033
MOZ,2015,39.29900272492475,23.534691247920065,271.1358541489097,51.09378371092269,15.27080941553523,17.951646218424013
MOZ,2016,40.546428936552736,24.844003833493343,259.16721613334767,53.90025093611519,4.265298471458141,18.53960613039404
MOZ,2017,36.57502369173459,20.795450573279485,212.39185591882162,13.728758527281537,5.778447674244449,15.819738243328853
MOZ,2018,36.8143174330825,21.400480578672543,224.58126384233242,9.764889762845515,7.676056518202331,25.720704411340147
MRT,2000,42.49574261987439,27.20893345762296,294.39680108214645,194.09029446247956,11.492276152438249,15.644023742468796
MRT,2001,42.21359286193606,27.502733259513782,305.0488518169845,197.48505035172454,3.997229601005201,27.599019266987966
MRT,2002,42.48156344689032,27.774682755291952,299.5339982673045,197.9822302494233,7.898262677251651,21.31945475984252
MRT,2003,42.25534931577712,27.883781841297765,303.56724931466005,213.12172708429406,2.6022195281531326,18.720602887869084
MRT,2004,42.80470041723005,28.04244066360948,297.9730657784493,203.57138514118648,17.63656362283613,22.0004379772203
MRT,2005,43.00478170197806,28.208744406401774,303.74299982654037,210.78686381285755,2.147617292890381,17.355133130108246
MRT,2006,42.74965005021411,27.649686173273725,295.4561126350228,197.37161295811524,3.215475346929258,15.778804487438899
MRT,2007,43.82580638001056,28.095431253448577,297.1382065381248,193.27064539766053,2.330152906306806,11.728850483447703
MRT,2008,42.65928873739607,27.409215569498457,299.783337924187,195.73728495491227,4.9758780989583355,15.157416949490578
MRT,2009,43.808375957512304,28.656912131333147,312.0698544938238,209.9617096819245,16.913678376930818,23.45456125687002
MRT,2010,43.594344186709414,29.35534881292704,311.16296845733314,217.19321939941503,26.648080536619624,32.2613671790624
MRT,2011,33.625528305008075,24.5047005821106,142.2951676316093,98.14551565518559,11.117332000912345,22.837487239648233
MRT,2012,35.08767616643912,25.22492575231748,154.39235627990354,106.7183515175823,15.81744934306196,23.838523292357703
MRT,2013,36.59951897365252,25.13006418678705,136.64934351022248,87.60050009129928,7.637062800046549,23.300240621006544
MRT,2014,32.47869006677888,24.015255612746405,148.63403038965015,90.34425441678162,3.1939300497597074,24.51711833516761
MRT,2015,34.736036350154606,25.65615820182358,157.7709527342003,100.87126950635876,27.724401573893264,27.31328079648464
MRT,2016,36.217155341748516,25.24499598388868,149.33107164167424,99.20620122626077,27.468301978187114,30.46937082424681
MRT,2017,36.02541223711374,25.09587781368874,170.174207607466,108.52486145455148,12.637558437652235,31.29809140251981
MRT,2018,33.25301897789388,23.797985856229346,120.78413960896847,81.33289440569334,0.0,12.942540278316642
MWI,2000,37.00314186533054,,,31.02531932961906,,5.176352102490866
MWI,2001,39.42618176105224,,,31.53073135738953,,7.936139777561396
MWI,2002,38.6704385428291,,,39.15341937076123,,9.611035529334314
MWI,2003,38.69683026307034,,,22.206592632519047,,14.586945929759391
MWI,2004,39.013638665039025,,,47.11460387519655,,13.386527364265566
MWI,2005,39.13639831542969,,,47.48430165838423,,14.56374259836184
MWI,2006,38.47244452023187,,,48.15090669336554,,14.29952469205079
MWI,2007,39.91324843915959,,,41.93444174458719,,10.333132086156503
MWI,2008,39.49480917392631,,,46.85583782747803,,11.01314948224329
MWI,2009,35.33025360107422,,,14.109310912558689,,11.212372329908295
MWI,2010,36.978858947753906,,,11.865446848919639,,13.2424550991625
MWI,2011,39.6265983581543,,,47.96881437145124,,11.683877533276108
MWI,2012,37.52640151977539,,,56.83716619661053,,14.74058801137844
MWI,2013,39.365693439998054,,,43.007315512022,,10.364478582026681
MWI,2014,37.95464728023774,,,40.0818237835194,,12.761924606037045
MWI,2015,39.47047424316406,,,52.709623727545356,,17.855611268473545
MWI,2016,41.30728698419196,,,55.301612391378875,,18.460670394011693
MWI,2017,36.00305938720703,,,12.957423121851653,,15.598763036973708
MWI,2018,36.707279205322266,,,11.86739254358108,,26.486006124114635
MYS,2000,35.152726448403314,26.195422434648066,364.2778401448457,351.28095754879587,4.912483711016212,20.36168313499978
MYS,2001,35.35960052309598,26.262200635303664,364.2660911171045,347.9658671059005,6.529142303026974,25.112734293730423
MYS,2002,35.71277221790343,26.418128490915663,364.05779292488955,351.0719301691473,15.10380091995526,25.518123176365727
MYS,2003,35.459550342678064,26.67047963051104,364.53163276767754,349.55167060797106,7.317039104824336,23.379806734166703
MYS,2004,35.55028384126041,26.389982133620745,364.91187491651175,348.70729353205434,18.44168628312765,22.501217067878525
MYS,2005,35.520316598022525,26.61916589504453,364.253782575467,351.2802576446501,14.150995893055942,28.165560310106745
MYS,2006,35.204842065475816,26.655881314237426,363.1228252471383,349.15884415085117,11.181639690219551,27.072310393140526
MYS,2007,35.24197030977937,26.53413485307329,364.2916382738013,350.7430744405713,4.793302963398348,26.30584067878468
MYS,2008,34.88709148446582,26.18014051946305,365.05963512545196,351.37676505037643,6.395821796401804,20.497215429746724
MYS,2009,35.57680700772533,26.63959862116865,364.04599938460825,350.83236862256996,11.42266636133543,24.404552319641674
MYS,2010,35.47751488809423,26.785971388751687,364.1669727668182,353.52451512444975,19.65488295008179,35.63401348410817
MYS,2011,34.967406145539954,26.418458098304882,364.1478583816409,350.42347604045284,5.026831436869689,23.872745525963847
MYS,2012,35.22573919457777,26.26080098784659,365.2737798767366,353.50692211879584,,32.88477514497714
MYS,2013,35.33695766310131,26.807067336517115,364.50714101432027,355.25551653595596,,32.35035366398881
MYS,2014,35.93979746609667,26.971967281738994,358.9590437500218,351.64914512394813,,34.74121546783251
MYS,2015,35.38813024562782,27.021489586055807,364.41998122053536,353.4750893878156,,38.22612097917263
MYS,2016,35.8698268096233,27.205222653332676,365.82077847647764,357.8947421873951,,46.573627645824715
MYS,2017,34.97827457827184,26.90749424479588,364.3284082742943,356.59996975646914,,43.24650803978133
MYS,2018,35.617242778902764,26.859236866813305,364.2268645948602,354.6515014087245,,36.8528831349175
NAM,2000,37.23363690854805,22.400173977688805,203.75870696314277,14.329074024823484,0.8404122352530184,8.160416691180163
NAM,2001,38.35757034948914,22.744232077799186,204.34054572909997,15.832313204466324,0.0,9.692717141311391
NAM,2002,38.36772810574361,22.433841831002574,213.29660412049984,19.1669721993775,0.7314657501371481,9.190613133781984
NAM,2003,38.9692377313988,23.70237125386143,198.90361453017118,20.882411200265103,3.5637836370714173,11.228127176240783
NAM,2004,38.346146189419464,22.793196143678685,216.6441677716768,21.934654416486534,0.8851294771996027,11.958974407638749
NAM,2005,39.331555061212235,23.56504929605766,202.8524101032062,19.81118478670805,2.4897176068485085,10.807482866026866
NAM,2006,38.06668531214099,23.638818794779407,203.3216044573234,21.499612194831265,0.1439492908966395,10.851669174220952
NAM,2007,39.045747098186034,23.840243848963453,231.09891653584842,21.30401187541843,8.161777424844335,9.628032105841768
NAM,2008,38.8098995525341,23.46049932396677,214.29649344403103,20.95183304121953,0.156972235104472,9.471518665418063
NAM,2009,38.61891554129341,22.237020122365227,208.18553791413967,13.24358120250511,2.1963670354427474,11.347527226290335
NAM,2010,39.32093440963815,22.60800113685677,226.88800051229475,15.658666552881316,7.467691215144374,12.256538665141779
NAM,2011,38.81950858859923,22.269399502770746,199.08221131779504,19.411902344285917,1.0139648828517296,9.06935936470604
NAM,2012,39.18850909888617,22.369317972954263,211.64082831653164,20.19266531132005,4.9047795409327195,10.000954859472065
NAM,2013,39.227327279019974,23.095133510871392,209.64835252783462,17.65069480407674,2.443360365960858,9.535779700533785
NAM,2014,38.37280203355099,22.87159987252779,220.69725451246023,18.783719724645476,7.336425772432094,12.949850949150814
NAM,2015,40.56260865813879,24.116260834519924,237.2763629918012,22.352283565458475,32.26560263344424,14.040540506615102
NAM,2016,41.86774930853874,23.728519596280275,231.985959963484,26.346353694123867,20.24513735250697,15.353464645195315
NAM,2017,38.844325353631525,22.122691899017447,243.1991728566492,12.143249158828024,18.099631279997105,13.249749662579058
NAM,2018,39.486331547390975,23.0072942536443,196.12949692592323,15.719738434625384,1.7926336411326358,14.869835078330068
NER,2000,43.83003788581497,29.705051701977787,348.960332885818,221.34551670203905,,12.466204623416816
NER,2001,44.009765170353845,29.667116189549134,351.4002044758662,222.46428906516138,,14.691351247260418
NER,2002,43.78811177641789,30.147763267779826,342.2226857191618,235.28229984180948,35.171038245202254,19.65364700090039
NER,2003,43.652920509388146,29.70458936055959,345.53076553660264,240.32596664086043,16.395894284118217,22.63486529216897
NER,2004,43.78648712648443,29.36289019098342,347.5438707622628,234.42758717387062,11.928482571253724,19.193088094858545
NER,2005,43.59385605536596,30.121399898703018,341.7754592213831,245.47660566837496,44.33222263987345,20.834253375150134
NER,2006,43.40820065435431,29.40213915128641,345.1191790973872,241.91987088500449,36.103774803981395,18.732654253418595
NER,2007,44.18657287100666,29.90630200482615,344.2600633874334,234.31139400372476,34.560962173561094,15.881691496990022
NER,2008,44.03562920557609,29.457407476437375,341.5937465484683,232.81915306112091,31.710046556506953,19.60821044196149
NER,2009,44.051297023729404,29.434679751242943,349.78254264911,249.13123630990017,36.31198623169478,23.903092195184126
NER,2010,45.616979973932615,30.65205507783857,355.33941930592914,259.5787853903756,,29.041618689821423
NER,2011,,29.195883641563654,265.0989576217574,132.96311941690678,,19.704038167667175
NER,2012,,28.825654662294806,,138.5703511247391,,21.623292514786815
NER,2013,,29.206313097292988,,132.71533091922092,,12.677503112501443
NER,2014,,30.12291001023625,,134.13731229781627,,22.23805837020949
NER,2015,,29.550963144329266,,140.30944024647042,,20.278208693676852
NER,2016,,29.833389986965816,,152.2228610704777,,25.659607010440315
NER,2017,,28.994727176407075,261.30594593714255,137.12923659633543,,16.832642184244946
NER,2018,,29.719388714626966,271.23991169890496,133.35574375980752,,23.99384989156609
NGA,2000,40.53943031781894,28.109533480840458,360.23664366269423,259.1663359807239,,
NGA,2001,40.26547797904083,28.246804726509442,358.9298663346867,261.4463937414728,,
NGA,2002,40.44594133838357,28.584351166616738,358.73737344345216,273.3832241258367,,23.29611880485026
NGA,2003,40.338903109267754,28.402508147971538,360.297094792129,282.6979695764152,,25.024562271495697
NGA,2004,40.43678518362692,28.153213360408106,361.49153936261365,279.996553924779,,21.075921555779754
NGA,2005,40.58198669777086,28.672665226143266,357.7957687054432,286.08665900774713,,21.990776729011944
NGA,2006,39.895106580311236,27.98465714745549,359.19131681854515,285.4238055370824,,20.57468505459132
NGA,2007,40.74916271853596,28.259579879807806,359.3378098554908,277.8522350160789,,16.22539958746503
NGA,2008,40.50094977802397,27.765879185069537,359.5313652310719,275.3873756058738,,20.658056750646672
NGA,2009,40.0537438947517,27.69653772440113,360.9161060839744,290.3584965925476,,27.033215896912647
NGA,2010,41.45168135304733,28.925283948409614,362.0493106085311,296.9456334215983,,27.78742027282715
NGA,2011,,,,139.77159881591797,,20.002145767211918
NGA,2012,,,,143.217529296875,,22.162508964538574
NGA,2013,,,,136.82665252685544,,12.10129451751709
NGA,2014,,,,139.96353149414062,,21.92360496520996
NGA,2015,,,,143.7467041015625,,19.516008377075195
NGA,2016,,,,153.02466583251953,,25.5686616897583
NGA,2017,,,,141.74506378173828,,16.942298889160153
NGA,2018,,,,136.82747650146484,,22.818379402160645
NIC,2000,35.82917811931162,22.290140478928507,330.02228854717725,131.8378464453305,10.296436537219474,8.574422286580223
NIC,2001,36.79327816592489,22.76267403627156,330.7396691698596,131.62643271926578,26.53111527778227,10.943064024612072
NIC,2002,35.9585415789168,22.63464770392691,326.3380893387097,138.136536872875,28.895440989869634,13.60144405708975
NIC,2003,36.63177262876272,23.01329801546332,327.6742982092433,133.74317670852085,20.640820054792226,13.948790139675287
NIC,2004,36.87039765512387,22.818597866723664,331.15092248319326,129.82732544926657,25.62024622205456,12.642012443645077
NIC,2005,36.47405295659045,22.849822009164594,341.06415486592135,128.06743968932412,22.16927079466165,13.743896532149437
NIC,2006,35.682370150569355,22.215389653076294,329.7767081629727,127.20453410056533,23.109441250113605,14.93465893119176
NIC,2007,35.98202078396175,22.234321174488958,324.78416058339303,125.95659354865204,25.2458965372008,14.31341911846561
NIC,2008,35.49590939641572,22.030196505100108,320.0346518610399,117.30657025328732,16.615208129074965,11.995998869767794
NIC,2009,35.3890695246611,22.35072718117783,322.219208003925,123.6588298724566,28.85187802204612,14.78166340041487
NIC,2010,36.78912595212977,22.71232234496557,303.55190078592534,108.07991185971288,23.783675018326853,16.610292628478327
NIC,2011,35.69723642460443,22.079424365186767,311.32877242940674,109.69346662470763,21.050207333902925,13.810540563917089
NIC,2012,36.703579465284776,21.71494621146454,314.90714739979427,109.23185825234259,36.067199787115065,13.220742796133306
NIC,2013,36.32277644785165,22.130015160878614,313.22436944102805,117.11923221947796,33.947266758371235,17.77604117559663
NIC,2014,36.5844548646524,22.366041699911285,312.1435426485789,122.60682488026622,36.606584417748046,16.776404218400753
NIC,2015,37.96231731661209,22.719736740063833,319.9057594185925,146.43390089280447,57.84046334507829,26.190884655975655
NIC,2016,38.77906284641493,22.626806572246107,327.77748338792594,132.307816555359,77.88040760079392,21.422407837934205
NIC,2017,40.10965055951307,23.943598044798183,344.94662444539534,152.29016523722473,24.6782341003418,20.065794130011387
NIC,2018,,18.7022905687404,,64.08624949036033,,28.168385220573846
NLD,2000,32.43621697221538,18.237360213511,24.94040282825843,0.3600866085598589,13.140688170752693,19.475446443901014
NLD,2001,32.25793936516895,18.923738469637154,28.843662799178485,0.643699717317803,4.701348111158913,16.505027854027077
NLD,2002,32.84371319575974,19.075945781644307,27.38214779083818,0.6349010492848108,20.28395084130392,19.83850802438773
NLD,2003,34.96495863587365,19.86362081004913,48.7377367482965,2.10267506965403,21.260887470846214,17.9903586133789
NLD,2004,30.85348762706443,18.813641522942827,26.787500096595146,0.6125163690364288,10.630142950069896,14.632528679312868
NLD,2005,32.20728058206523,18.559983125811545,33.059923434702,0.5926791858136765,20.1434219032743,17.158614091955254
NLD,2006,34.36669701760935,19.685328626282008,44.18935361260557,1.568487750721241,29.030723356815372,22.23521968134485
NLD,2007,32.01971950123918,18.266113873479345,25.986314622715778,0.3571684571283229,25.345593931328168,19.127934583409697
NLD,2008,31.501440751446026,18.067681819873453,28.03456504652518,0.36779126119772104,11.131994532020112,15.672261858696816
NLD,2009,33.15181606728253,17.933430710344492,31.43856343447356,0.45569510749444253,11.935506126151564,14.874220715919659
NLD,2010,33.86683617532319,19.545331613357597,29.452624641305913,0.9694060699991143,4.06715936637896,11.350348648161082
NLD,2011,31.61016215785547,18.307299317697936,30.639086272091166,0.3668027980378076,19.564724611581365,16.578226949786284
NLD,2012,33.689851234293336,18.772713678904918,29.75794764404775,0.6564871230310954,12.674583595759392,15.738326516876304
NLD,2013,33.823190383516994,19.077944239946817,30.855025481745717,0.7204490018750792,6.011048513302614,14.299760698691527
NLD,2014,32.599447476704356,19.024412795402533,28.59816129424866,0.4693883977375903,18.740586453233192,22.125009730705404
NLD,2015,35.00539043949407,19.596526544016744,33.54782069227955,1.4865065689562031,28.674207594188292,18.264422925582476
NLD,2016,32.997957716105894,18.749628900137665,35.48121140545079,0.5146143567399107,15.097756277370221,17.407965265603867
NLD,2017,31.95839970287049,17.961910554178434,31.20564433166569,0.43956650356233573,9.281279244923406,16.259195051274656
NLD,2018,35.30636325411414,20.33221278748463,63.0474671154848,1.626708832064899,33.25384543564894,22.700503034612478
NPL,2000,36.31332581013189,24.343938090152204,222.2621584368024,123.45919729712493,10.871788443507675,14.840048049521991
NPL,2001,36.20269691909163,23.435165102962678,206.22412549655186,115.65189830025868,15.92740996603711,17.22309860562606
NPL,2002,37.16278170161667,24.565017394701293,208.2225567521769,118.41735795201008,15.460147180195548,20.20404254249979
NPL,2003,38.055521595953586,24.623806983615705,216.48080997153178,123.62371650595797,9.256321354110076,19.069427150540427
NPL,2004,37.53462469767677,24.190195575865296,213.19490761937854,115.78286460647682,21.767214199217605,18.289710019928496
NPL,2005,37.83137644638712,24.425443321643357,204.26548570992745,111.97432494837503,15.329318862150625,20.27193634242494
NPL,2006,37.4126177889917,24.324800647550273,226.6525179276885,118.72828223240023,30.693217172078928,20.55559024464694
NPL,2007,37.55229238230801,24.43108530043586,216.5243116035331,117.62443433828649,18.81321592520668,19.146471022048182
NPL,2008,35.93806202068021,23.34439542846733,211.8512346440545,116.20401506207376,12.882359425691325,18.109158618028534
NPL,2009,37.58515839672682,24.282861900524722,219.53945811518773,119.3464625165527,32.43183238725648,23.6763890121168
NPL,2010,38.508841523382785,25.324152325882615,217.43687991580543,131.85359302333666,27.872101888276642,27.26514493498013
NPL,2011,36.62116672325421,24.081964718584423,221.81197056759564,119.9206509827759,13.286772018645713,17.836616838319816
NPL,2012,38.75728633827011,25.276097369093698,219.70928024430117,119.64433607585019,15.793518675073022,17.398819813704932
NPL,2013,37.84619453421995,24.63139659425177,220.32189097862357,121.03298210952345,12.912593939226108,18.367517034931193
NPL,2014,34.670208359570644,24.833401935396903,185.3326174876416,120.98471450059398,15.673762765229489,17.94981009317811
NPL,2015,37.6986113127495,24.23125818054127,216.1938265067315,121.24214801836587,26.786778816766933,20.986167652368177
NPL,2016,37.37996526334569,24.297183500628773,226.21389864685187,125.64955656528974,31.27267971079073,24.897602292370557
NPL,2017,37.14363037893283,24.37219510551722,223.30751203510266,120.25487520262297,27.514320209728094,24.65778858603181
NPL,2018,37.34337118459102,24.611283722112834,219.8683621242452,119.96607174627789,22.2724655318843,21.49638874069262
NZL,2000,28.926109156744037,18.3941846589953,16.734077667898884,0.5607261472772596,5.677143576077134,13.065500415023333
NZL,2001,29.019929281774985,18.678205004073195,17.785035720220908,1.0422399310015955,6.469721554552793,14.182249558500994
NZL,2002,28.710790468090682,17.980951450500275,15.980662938582773,0.40621496944039925,3.534859944373611,11.841661544837804
NZL,2003,28.991310485603417,17.769470519626616,21.75676418717548,0.3706179464664958,6.368976863380417,11.384707624224168
NZL,2004,28.530932579286908,19.127346677231994,16.410744672253035,0.8588617790185127,3.1095601440907044,10.311804060276252
NZL,2005,30.20547765902505,19.109196894752557,24.827861092646046,1.0097110993276999,4.169991310310209,15.564573413073449
NZL,2006,29.586339960979053,17.721580542626707,20.26627472782804,0.5098625757941562,5.955123674245598,11.3468621456514
NZL,2007,28.872070480922968,18.024830520512893,23.654970667742923,0.13272867164735241,7.798157754129017,13.21204208930033
NZL,2008,30.16377168953247,19.227278264145443,30.07991276442875,0.8186138034995138,4.855111653680049,12.617004351718862
NZL,2009,29.563335454379608,19.205670994386246,23.58564431022656,1.2825952316690208,2.393475692662048,10.611661256969429
NZL,2010,29.429621415079097,18.733886170862583,30.16834136927002,1.0502650194397478,6.961635212672138,14.427892434390209
NZL,2011,30.867329189231633,18.493812467875085,23.01627936790235,1.0705942889901454,5.249719615015674,14.10528391577176
NZL,2012,29.28289648239757,18.16448648200842,17.45005901957467,0.6663293829478235,2.1855318700044983,10.528289639183523
NZL,2013,29.74661279592433,18.09527340277724,31.306661124285085,0.3435544396723832,14.172606177020725,15.62967491797099
NZL,2014,29.18072112324065,17.89328830977365,22.528390434795877,0.4615170818291895,2.050079640650675,12.951618237434937
NZL,2015,30.147394153435236,18.33910060007616,29.202803286933914,0.40355327554056,1.618820541245947,11.38616065003441
NZL,2016,30.497151823646607,20.42345058947971,32.726808801297956,2.2770915974896018,10.060484240378397,18.97646048364472
NZL,2017,29.064421210336324,18.327691760462375,28.161302319039258,0.5775729776771462,11.621637373513169,14.563709597600836
NZL,2018,,,,,,19.06791896563633
OMN,2000,43.92046805334688,29.321737812824793,252.1744427859113,113.58005994626802,13.85304613178767,17.73215506795147
OMN,2001,44.43128855301655,29.423359437132305,264.458835165451,115.01641038608429,20.2955716056362,19.76512105119063
OMN,2002,43.8249671941718,29.284887379001322,255.0554515326541,112.07487743440147,7.387543225529389,19.495185622672203
OMN,2003,44.47578830540469,29.531496825295356,255.13780806290745,116.38806612330853,10.028211434811142,19.529929624269688
OMN,2004,43.98722768139429,28.587706240473416,264.55419792047724,110.41409097965622,12.107556901808078,17.91554074278475
OMN,2005,44.4954364299233,29.6989181639317,247.07970835618656,112.6478990489385,6.8127102141649845,16.466823947674435
OMN,2006,45.15955825767346,29.569860695117608,254.1083962521644,118.18660380906775,24.46805455741383,21.72538887650577
OMN,2007,42.933093150050475,29.437268415866033,256.61331510101354,113.81982961336615,4.363000708458581,17.534133909183648
OMN,2008,43.867032854901915,30.250396910928213,259.98472521298436,118.85502691559164,23.716525027559243,19.770675713505433
OMN,2009,44.97156455772178,28.95798368604206,250.5963994335207,113.58644305962932,11.51241791377387,20.823878734575814
OMN,2010,45.120646953238456,30.00724138869702,271.88608562431506,121.90837230229387,19.39369596350519,25.064594629639988
OMN,2011,43.59462995686247,29.78981052508242,253.07109514495718,117.86772932856033,7.070452394215283,20.846572764418497
OMN,2012,45.12610705573595,29.31693473787033,249.56834902637516,113.2591517537605,1.521943179716839,17.808968567971913
OMN,2013,43.63051396305783,29.273045029424,254.7541379993607,114.45282304728521,17.51548951916215,19.519850008138942
OMN,2014,45.23303358364522,29.441031285005252,245.84584076007235,120.02602113138205,7.470041185841427,20.2905814497302
OMN,2015,44.58416643854165,30.02340302378302,261.6646640802008,125.88782490862984,20.083754524568565,28.383726086546076
OMN,2016,44.99689327754688,30.134450487495847,269.0397931380743,118.88922812414135,32.35290808250209,25.156193421111013
OMN,2017,44.91155925086342,29.85895604662159,260.0631246145544,120.35708515554185,29.29379220764835,23.989985630818165
OMN,2018,43.8323135067732,30.41901545164721,261.59888577443473,122.91709657390857,16.36675153125906,25.856755182263715
PAK,2000,41.23007498967533,27.121299146244784,247.36092632048093,107.61909270245705,16.651356639944982,15.559453590374034
PAK,2001,41.90044678681463,27.37979349252687,243.12482651851818,107.84887836100624,26.76968096492521,17.707445050585157
PAK,2002,40.75669044536543,27.250835126887395,221.4618008282032,100.58647784248264,22.34380856520458,21.381054956697888
PAK,2003,42.15720803948057,27.900044262328514,237.72069382370418,111.96068750874774,9.780281138021502,18.34524401155802
PAK,2004,42.0803313506539,27.279029157993534,248.26764987436235,105.67820598253705,25.362371438581224,19.899963635246525
PAK,2005,42.175624745896094,27.677830589009016,226.8003686895994,101.96259648885136,7.8662050006787005,16.965570719644134
PAK,2006,41.951846921295974,27.648820063697766,245.05647398618459,108.56810162775554,26.868287743208754,20.811591602802025
PAK,2007,41.287819503349226,27.915196709104784,233.2721117996049,106.34790901388125,13.179679308897382,17.676664011415955
PAK,2008,40.96379306388274,27.597596507721107,230.73186720884186,108.05656330568848,20.896351988553846,19.235913757601523
PAK,2009,41.615306998523266,27.57578861230433,228.37001265446466,106.1238902161366,15.897591995300433,22.52724914751899
PAK,2010,41.972037534053385,28.43608474970104,231.50015711232916,119.18639243878168,27.969230128254186,26.46439476914615
PAK,2011,41.866508068521576,27.710885136055985,240.1314096446637,111.58018350877481,11.51973187792257,18.735644292601812
PAK,2012,41.183157804636835,27.78366455781959,232.81370886785427,109.92677252190671,8.222061153080126,16.290721483219805
PAK,2013,41.836913573630234,28.13844117805943,233.36769219027272,112.7580855787939,17.834784633240936,20.09067775955012
PAK,2014,43.07781782458481,28.108879724059275,241.10463797303876,113.52616269246536,17.13339665509795,19.12025290699871
PAK,2015,41.15421884059666,28.152587698564393,237.99182027558905,118.70358870323078,19.746193407718312,24.55812067976259
PAK,2016,42.298077650752944,28.13460073544091,253.10584286213737,122.53527188910407,31.761163476649727,26.23767870801618
PAK,2017,41.55070695488631,28.483251533704674,243.368354762607,120.90893649021125,24.924239729440302,23.357601549046485
PAK,2018,41.40309765474724,28.568687688886587,243.1972240262267,121.04816459760309,19.957199423898263,22.711811043693007
PAN,2000,31.705294609069824,22.314709663391113,287.7653045654297,181.56759643554688,,8.375140666961668
PAN,2001,33.03648376464844,23.097006797790527,287.1519470214844,192.3398895263672,,12.198041439056396
PAN,2002,32.94055366516113,23.67267608642578,299.04100036621094,208.92533111572266,,20.84938621520996
PAN,2003,34.24864387512208,23.31291198730469,326.2450866699219,193.85247039794922,,17.98006248474121
PAN,2004,33.614461898803704,23.102665901184082,304.1990509033203,180.66177368164065,,16.658859252929688
PAN,2005,33.82549285888672,23.031912803649906,323.0779876708985,175.6221694946289,,16.673892974853516
PAN,2006,33.11882209777832,22.76846599578857,310.8584899902343,179.79855346679688,,18.994912147521973
PAN,2007,33.215049743652344,22.85715961456299,286.41749572753906,179.61056518554688,,17.315126419067383
PAN,2008,32.12300205230713,22.758397102355957,302.69897460937506,185.106689453125,,14.442493438720703
PAN,2009,33.269495010375984,22.861772537231445,299.66421508789057,177.72562408447263,,20.514824867248535
PAN,2010,34.782310485839844,23.434864044189457,312.49171447753906,171.25556182861328,,23.458518028259277
PAN,2011,27.361922264099118,21.408934593200684,221.08810424804685,164.75019073486325,,15.977907180786133
PAN,2012,,24.355087280273438,,179.3330535888672,,14.308585166931152
PAN,2013,,23.69208335876465,,173.67087554931638,,20.915867805480953
PAN,2014,,24.272278785705566,,177.93153381347656,,19.333003044128418
PAN,2015,,25.130428314208984,,202.66915130615232,,31.58361530303955
PAN,2016,,25.930150985717773,,216.75399017333984,,23.341190338134766
PAN,2017,,26.925040245056152,,221.89956665039062,,23.508267402648926
PER,2000,29.270601188256578,16.839586768143857,162.47680978592643,90.39338520899268,10.722325394188182,10.018985370287957
PER,2001,29.45955171427953,17.08724967772049,157.9098743184952,92.98060792015967,9.658023330498661,13.071380620453816
PER,2002,28.795788045189106,16.8887745792334,163.7649294891623,100.05151727771356,6.571758636183479,22.213437035446457
PER,2003,29.248382791780784,17.445057336162265,161.25117845396983,91.2124845511067,10.567428855150899,17.906429511773407
PER,2004,28.97791331744056,16.71283568297046,156.16625506595523,88.35800463953355,10.606290232941815,16.942614569246246
PER,2005,29.10959297814949,16.681170240227864,161.54336080244457,83.82737243998112,18.311225618957398,15.276905747271345
PER,2006,28.882154074737922,16.920638635491745,164.4445989055561,94.30659440424985,12.884427729174336,18.15839540220425
PER,2007,28.904190012658567,16.88042407557038,145.07605498290542,90.60969057590118,14.60074108457006,16.17752098720134
PER,2008,28.76602026568291,16.93531225546843,151.26334956791644,107.20781726307665,18.088991776193936,11.39474374980983
PER,2009,29.649472119124702,17.179085399592722,150.63268908937667,97.42139267761871,18.301487568989305,20.637093688123358
PER,2010,29.228595744027725,17.143580242965307,151.76322372748777,94.43368881059615,37.41304626266172,23.582302029767895
PER,2011,29.29338872510162,17.423528301085952,159.08073638402982,105.24901828250812,24.869986400320663,15.776211070662605
PER,2012,30.198872524351714,18.25957674309087,186.59462428375917,122.4293478162552,35.07884110288213,16.81583311642675
PER,2013,32.08290133343383,21.351542526343383,170.39940119281644,129.53482796795825,20.190388796477716,18.495345795342423
PER,2014,33.36805497021883,20.480652433607386,215.52459780907913,161.21899909921223,23.54385796889717,20.385347495639298
PER,2015,34.13420773790003,20.150576593501114,213.9763623405321,166.19279140797317,46.73460470999306,40.91050882652924
PER,2016,35.46839979105124,24.068242257679756,235.21047625882872,193.4105411311966,24.45234009081192,30.956094685420155
PER,2017,34.42064159697776,23.21803645207568,246.92634940789284,178.41005067814123,16.901804071156686,32.53824822478642
PER,2018,33.81560402290646,25.477797762243473,235.76580104490625,176.0966038567552,4.653490583425735,29.989905380009546
PHL,2000,35.896951908513614,26.67724669078754,329.903355360207,284.7009040459299,9.156905723117276,20.20066045298863
PHL,2001,35.99580305220641,26.86005734559266,330.5300045589858,283.7688934544201,7.4886274466479525,23.046744972865383
PHL,2002,36.24812808909144,26.774467826789422,332.5855132114422,281.9255417000838,9.890335158599825,20.767598729447542
PHL,2003,36.778140439702455,27.274692471391656,332.68789710010066,280.78119294555984,9.211229620799612,22.83793810728587
PHL,2004,36.994867085906435,26.828296267835036,333.8004860875708,278.68151261947503,15.631675070057831,22.26174685641479
PHL,2005,36.633131924355375,27.083984269010976,329.83006198788485,285.8753527961044,14.659299569397746,24.059450721037987
PHL,2006,36.593093861334296,27.41308339526744,332.7133138818092,286.5354740521066,5.7037927214468285,29.974889957489776
PHL,2007,37.40088847842469,27.165715510531385,322.34280281668583,281.3004760150084,17.863901405550244,27.351720638586656
PHL,2008,36.07608584865697,26.845532177658548,331.3452407117342,287.06746275323184,4.693110346147343,21.422187109265764
PHL,2009,35.62318245064166,27.436918413733803,331.906259943513,281.3623911816374,3.476497871446206,26.214964946820572
PHL,2010,36.56670243681558,27.388480547111513,329.3219378509389,284.0880587118348,16.2565867549555,30.90053974205008
PHL,2011,35.661610294323104,27.29256610878414,328.8026679776506,279.43834258022395,5.577442634388294,21.476992562382428
PHL,2012,35.781883439040236,26.908119048938914,331.8872351485201,286.21301151902264,16.406816083588872,27.555339560892932
PHL,2013,35.76255952545557,26.94723774467507,329.8640847811889,284.7424043331565,12.854387614058155,31.678949300683293
PHL,2014,35.766281643836535,27.090510811913777,332.3142607903403,284.20226235264664,10.16798509756961,31.809616646474574
PHL,2015,35.59660008319341,27.443494244792973,331.77533445039654,286.75747116895616,16.204690106133775,31.113533260902486
PHL,2016,36.63094085120121,27.34555309868628,332.4368749124197,291.96259844598484,11.734647117819941,43.40822575946722
PHL,2017,35.91535559370827,27.356204659284042,331.1406677136305,287.8488703706197,17.45563847586668,39.68601435861126
PHL,2018,36.156876752290806,27.18950330229709,333.0998940661703,289.6804391142931,21.05119282302975,36.43585806293624
PNG,2000,35.291495558481884,26.071012020095278,357.1428673495774,254.38197864024633,,18.232637008146465
PNG,2001,36.52407301803824,26.72435772035785,356.42107295647577,249.37119466211362,,23.359862859041876
PNG,2002,38.64125869059145,26.633875511197065,357.47730620406907,217.38294535491156,17.282384872436523,12.79336074922595
PNG,2003,37.684653446302775,25.863832121713045,346.4461782224279,237.35499328181106,,14.609156037994877
PNG,2004,38.11726699990688,26.120215297395035,345.4522375381205,226.69760153972106,,14.818620633935424
PNG,2005,36.80791038436344,27.7046269563167,354.3111983685067,259.45067353023313,7.567922592163086,29.471485174038058
PNG,2006,37.21701637270855,25.86592774434035,304.775593173637,238.19985335527082,,20.29634679709912
PNG,2007,36.58240723268729,26.325323019565314,356.7114294981557,248.22559881195974,,14.22853349113251
PNG,2008,36.929086024661636,26.78423369914924,354.8605349995472,261.0319317778149,10.835846900939941,27.985118056609615
PNG,2009,35.1065373266245,26.487409131736936,355.76457545595355,224.83247429625726,,30.58176946100955
PNG,2010,35.346365867291546,26.929097924643713,361.02856656306926,286.96566304564703,73.43479919433594,39.81252874263853
PNG,2011,35.93533879741276,27.35251937436271,361.45037461625157,259.32956745477287,,21.141983209026083
PNG,2012,36.0445478890189,26.503309415440565,361.9095731655182,257.645256552447,10.64384937286377,21.386404735400554
PNG,2013,36.26412855401586,26.714439626085056,362.1223419654927,275.95685275563426,19.832239151000977,28.187094197792764
PNG,2014,36.88450152905015,27.160956027008222,359.89193619639076,265.0369289100089,4.308879852294922,23.50050337930976
PNG,2015,35.992156996942406,27.61980089665617,362.6090632586832,248.58529440776755,15.878073692321777,30.660420498610005
PNG,2016,36.750247446982314,27.808140236677602,361.3109017802645,279.27077419585413,100.12039184570312,46.5512603864222
PNG,2017,36.35499277393326,25.934678846514252,347.5104718796032,162.95622135229465,,19.00671665485458
PNG,2018,39.40168184299698,26.400931870269368,324.3758531579975,165.8376153519202,,10.649553155444446
POL,2000,33.3451612308711,18.242839808635136,34.249309294088384,0.6139426989350883,19.089943367452232,19.99034489670161
POL,2001,32.28096087175014,19.227279597278148,33.353564491315645,0.9470871260639143,6.480180634569957,16.186343679029854
POL,2002,32.41578910409402,19.443739647696848,45.103731856374296,1.3581898681544868,28.151656420220572,20.264539742136158
POL,2003,33.21449904114622,19.539672136006047,52.17850650084385,1.7120771735852867,18.379852614097725,16.34651344659139
POL,2004,30.71836459246419,18.221467278242812,27.965754542491503,0.457215307547396,8.02116803145739,13.796616903180366
POL,2005,32.50374705816195,18.90967630705463,36.012667166675655,0.7237561499678706,16.917240809421063,15.36417588197934
POL,2006,33.462848776459744,19.570302023794255,44.708980938814946,1.3739072115824102,30.468336966234194,20.65960235786617
POL,2007,34.22712712992805,19.314538971407142,39.272123798778026,1.097988552801779,30.579574690156797,19.891344915852745
POL,2008,31.265877347563332,18.20229758469918,36.256392525625685,0.5750202144391815,14.654260708679447,17.47088394195681
POL,2009,31.470907288230705,18.145771081569617,36.581527950301655,0.5750529178310025,13.296278559670629,15.41698131827193
POL,2010,33.80721377576247,20.224845466147062,36.88628205135041,2.567882974434001,9.762358598327305,13.971777161012007
POL,2011,31.321387153788155,18.808825610188574,38.70146894592797,0.6792566262876353,15.434815644499105,17.056269402590566
POL,2012,33.773560622103325,19.258218138427434,40.633429626078915,1.446185713908876,15.196774573483415,16.920830205393884
POL,2013,34.00298190667823,19.61578138544964,37.76528659027724,1.3395225936683617,11.012693247776186,16.411227519118498
POL,2014,32.65951203599555,19.31996926629065,38.052262097471896,0.9861959951053842,23.85029671176246,23.843112708496694
POL,2015,34.869551287467225,19.784028506777542,42.399382735757754,2.3287686208778076,32.680255083335204,20.416419904003174
POL,2016,32.54029806228536,18.932508025647056,42.64552502997986,0.8698679325880768,16.86251622024546,18.523062165104612
POL,2017,32.17571511278243,18.728056581989268,36.74867403783054,1.1771921411427415,9.632612234445071,15.913870056296387
POL,2018,33.75068218130483,20.487531132319642,69.33572544331433,2.6980562681606757,36.11068856444319,23.771295731299418
PRK,2000,35.51536536639475,24.19777626506912,95.9011278503091,38.783950734463595,6.080731546203784,15.962305663101384
PRK,2001,34.35005834399104,23.547352333675136,96.29739744501833,33.58664840203487,10.357344151355832,16.121754278572382
PRK,2002,34.09094947280772,23.975190749883446,83.516767811583,30.010279551427733,15.597987439511764,20.329210147178156
PRK,2003,32.358537934008766,22.501784437490425,79.57319905434397,26.228022582792594,2.1280283920485634,16.647019767926647
PRK,2004,33.71125385125731,24.399261687905575,87.8695613715134,30.71856354951433,5.1324075552156865,19.280402621951644
PRK,2005,32.79060716316932,24.52183408789957,85.00379057888435,36.68078260562079,3.455931532637485,15.648175801113949
PRK,2006,32.69488894871197,23.683199883406353,90.7793144405433,34.42818243132128,5.840165381113451,17.6506187676142
PRK,2007,34.364032884309125,23.611263754992585,94.23299797439861,35.99979143713398,12.24189434246106,21.22812027430808
PRK,2008,33.64120461091597,23.575177718133087,87.96147125403417,33.687282051855576,13.463889175863539,18.530719518052358
PRK,2009,34.02969478302244,22.540652924617923,83.75582161474456,29.492611571604836,8.619491910374638,16.671329497682603
PRK,2010,35.03123471852869,24.240523980776018,92.36080330268044,38.449070884201625,7.610927547093269,19.483086586408188
PRK,2011,33.224931971636174,23.86017760628095,80.49399360342272,36.198648877664276,2.174206348577258,15.456339032453716
PRK,2012,32.77474383671781,23.607615200241327,82.87457860359244,32.74744185159177,1.3676737715594827,14.973424550044085
PRK,2013,33.23503843999145,24.187861560820657,88.94509508324327,38.338342430464365,3.8702657546857773,19.076767230734482
PRK,2014,34.39287170662915,23.61576725117744,93.4429712514283,32.858804493717635,6.729221827091665,20.08018074788526
PRK,2015,34.239955174060796,23.380734628621834,93.91614908127053,33.282047067005934,5.919595929111131,20.43090729732352
PRK,2016,34.50105294292141,24.9240345737269,87.9392928989637,39.48183448571043,3.492275642586815,22.184210248505135
PRK,2017,35.29320743967652,24.58962805858374,94.5833063761546,41.384601571134176,5.358003272868321,22.24877680770603
PRK,2018,36.52350011497529,25.44958946095588,88.40807003048579,44.1201693177164,12.132221670398328,22.865807943440924
PRY,2000,36.96922538766725,24.243527757198947,245.40525192036952,77.8318398557874,5.221298415253305,11.817868073827299
PRY,2001,37.02745855768221,24.679544110276264,271.5847162942919,97.07884363169637,12.936700582971486,15.462297681341541
PRY,2002,37.60680165742325,24.993763629669747,258.24520301985183,95.03125321526177,17.84855530223581,19.427775918316566
PRY,2003,37.46864843398751,24.401830330232574,261.74539502926814,80.252764080786,12.88575818139576,14.706417257194602
PRY,2004,37.38496311152283,23.786859341980403,245.9986955105927,77.60709774249297,11.21521625483743,13.217911462129203
PRY,2005,37.31289990996694,24.176192277491634,245.32899478933788,75.50457064888353,15.68127009160042,15.207074007233421
PRY,2006,37.18386320701312,24.531650809949557,262.4007849083014,84.57204084451173,10.939261626337256,16.233159763801506
PRY,2007,37.478115516049236,24.44743538783434,250.1696631531625,89.83168131609335,17.732693664997587,16.02833870749113
PRY,2008,37.47917518739753,24.045876353506618,254.44890496588658,72.42111583662277,11.97627830740536,11.35391584103194
PRY,2009,37.70426797420853,24.88179518861796,258.4641955336228,86.01184454191167,14.189840100847936,15.41816533670525
PRY,2010,37.57568297779018,25.445124828994306,246.00494470676998,81.69150769120256,15.690919873044843,14.928196562701734
PRY,2011,37.88801094386895,23.720936052242905,255.00317071398354,81.83207616991587,5.459709800106787,12.521546049634027
PRY,2012,38.13568790114688,24.96269211042708,264.2317308564471,96.68012518104322,18.050881507783494,18.460900761626114
PRY,2013,37.74966536773024,24.209455268426492,250.9811273129466,83.5438383515623,10.19388028503915,14.988961987137962
PRY,2014,38.93401248905702,25.01631550602535,254.4285605542758,98.05893502636908,14.155784962191065,19.149397479641458
PRY,2015,36.848446804981045,24.742579198095836,248.70681566623566,99.79041030871001,12.254147056180305,22.54225555037337
PRY,2016,37.23312238449233,25.815273495063643,233.6243209184369,107.29411239630706,13.537038034867305,21.06276001654321
PRY,2017,38.13857160245398,24.640817474190843,258.98590612112264,98.37435058558631,4.886472021821482,20.413595157226972
PRY,2018,35.135742133445156,23.87809108348871,254.18265652886907,80.8084910725484,21.827631416711586,21.968264289496325
ROU,2000,37.603584501468035,21.26154893834196,80.95291774005963,6.706473270303129,20.868991402672904,18.856400561182987
ROU,2001,34.74520589792747,20.681931421803704,72.60663894318635,7.864300817064828,10.990120958928896,16.89012384268472
ROU,2002,34.88866254050027,21.005464981880724,77.41603029468328,8.455155942756296,26.614116159465667,20.085552878310576
ROU,2003,35.33626389000138,21.014037533284316,94.0921505378914,8.289977089942765,22.709056267722953,16.43782256927535
ROU,2004,33.94216703181095,19.625695034733894,63.39627817771206,4.08268451492735,9.027546948272137,14.267087187880852
ROU,2005,33.85006289026891,20.717352203312768,67.4099915120032,5.838392480325545,11.01277266117806,14.489020810400039
ROU,2006,34.339790206479684,20.636665822992498,72.80433474494554,6.983035031298271,16.816736763121018,18.365207090033888
ROU,2007,38.57859531270797,21.925739095853324,85.15680518014287,10.05343501875295,39.43338770579095,20.68825858934218
ROU,2008,34.7831875925526,20.405688689406865,78.46940397786985,6.766538557519305,19.876028511835663,17.849940193839853
ROU,2009,34.364982556430704,20.243135298764827,86.08224570862691,6.243012354149566,11.424599843767862,17.12116846806032
ROU,2010,34.888445259746405,21.450441269477764,72.75725617271407,11.90032818111607,19.978492920876885,17.674982541289875
ROU,2011,34.478958891009086,20.595835155006572,87.46744359165609,7.1176874466017495,17.59068533544828,15.968375575546947
ROU,2012,37.39237062023085,21.635923567529023,97.63897978930552,13.470379742398729,37.98534350809288,19.89877334331716
ROU,2013,35.455594122231965,20.764987362432617,82.03279746746085,7.76556279311304,20.524144664336465,17.629606524391427
ROU,2014,33.50420298731027,20.28794888428275,71.48309812061993,6.359203226718634,19.08101162787266,22.829178844429567
ROU,2015,35.97798227096761,21.670459343042165,85.72483373741511,11.473594821736166,36.56298636869644,21.182492470572537
ROU,2016,34.18508530866023,21.269812457041777,84.82435692490519,8.989050934668596,16.66885944922091,19.865528175265077
ROU,2017,36.86449896945288,22.006580685034248,82.92501917649102,10.004606033627804,20.397177210270236,16.9450975521716
ROU,2018,32.54703142486349,20.825062159729548,104.76914156688923,9.194523599725267,34.37455204094237,24.867052843833125
SAU,2000,44.626135095631895,28.431779617748614,230.8089212548509,99.31391400609769,12.78663181912387,18.487617931095507
SAU,2001,44.70719347237815,27.986615072920653,247.69093148242118,104.81316101301167,16.04219903260788,19.839410920932483
SAU,2002,45.02519399929161,28.393262440142465,242.7297779261244,106.64748851693003,12.380512215707508,19.47658428701871
SAU,2003,43.334558662551196,27.666054458946586,238.81930597503316,104.976687114387,11.680509798277809,19.126933497151747
SAU,2004,43.84516719647775,27.065293175491718,243.67592271211672,101.50917801362034,9.806057873876876,17.636490387969474
SAU,2005,43.14815048372688,27.94730513635092,239.7543975338678,102.41119534849153,9.227048962539213,18.005670600128045
SAU,2006,43.59424695251534,27.98046436281907,237.5421175903837,104.05890773723347,9.358194882354343,20.198358991666463
SAU,2007,43.92847920223923,28.205906161714992,242.18937497854327,107.64460840412278,12.040981971456684,19.116556400098098
SAU,2008,44.28781179556349,28.42550061279162,250.88298803492236,109.96533866754976,20.61363060703275,21.625601729904346
SAU,2009,43.95675040754903,27.80936907270292,238.25993536961803,106.23712868813101,7.740507786164742,22.011354519901264
SAU,2010,45.49052643913101,29.009367011284336,263.13152525877473,113.04414626381475,52.637160323099,32.70700996747482
SAU,2011,44.27468804964788,28.15698471204884,228.84973955513132,97.9038939879916,6.87904452124641,19.95149029599354
SAU,2012,44.76740249037333,28.39202313237273,230.75178892592268,102.31709868671851,18.54130550630493,22.978453187674468
SAU,2013,44.01484469962049,27.008077168040664,238.9273852012758,91.40835239425063,11.276587013310788,21.29266411549099
SAU,2014,43.99939690627762,27.781000257651502,234.5354895198216,93.77091742065443,10.131265742029056,23.45029669913363
SAU,2015,45.02464841312692,29.39882953401669,238.0711578890313,106.77628132827707,28.547899014351064,29.50419658915033
SAU,2016,44.69774129586771,28.23009590263696,245.71716746942127,103.70158216292644,25.871369263954218,27.190395709703882
SAU,2017,45.0091961507271,28.831858537709888,239.3818060032949,98.30966070019198,27.221188727374823,25.457223891694884
SAU,2018,44.63939893036193,28.79159597638939,234.26071399763538,100.20975308677022,30.915331350913593,31.19660543257011
SDN,2000,44.54725780971395,29.43864186071667,326.5353752470929,179.06488557982826,3.999217759400412,18.129912853305424
SDN,2001,45.686804296733655,29.723492183919717,340.3126598568135,200.81557272771653,10.989110307797565,15.62113010535916
SDN,2002,45.465546086814676,30.430406204828707,337.7003060971549,203.65250307618453,19.348197835847536,22.8002501564675
SDN,2003,45.5322823690598,30.531666303629738,342.978536985108,200.73159243253758,17.80570422583276,22.949817375650035
SDN,2004,45.759435247979624,29.776109044458828,341.6514163738427,202.55550588037747,22.154844684674483,22.039948642606383
SDN,2005,45.22456591802942,30.144343871773426,340.7424391346037,204.1736430994061,25.667220376070613,23.36378948853412
SDN,2006,45.48170318955381,30.184035165699175,341.6399669917575,190.85038331194417,11.965930413232533,19.532605214028067
SDN,2007,44.92087822728315,30.266709464336735,340.43986188588656,204.67412062860095,18.89556496806616,19.756047775975333
SDN,2008,44.569483784858704,29.62950821574989,343.3431118552678,209.7197028007354,11.76728888322104,23.238485468870397
SDN,2009,45.10292915037723,30.41536276167517,346.189719918618,210.2544661921246,16.508754997042626,30.481613696230696
SDN,2010,47.777561385186964,31.474232510796774,338.41724980184534,204.36511294543095,,40.55777799493174
SDN,2011,46.75608456780994,31.259213241786174,313.58267342021355,157.62921044477284,,17.72158948119713
SDN,2012,45.9509162902832,29.790783754349267,273.8087347137894,150.36024828627697,,31.712196893445434
SDN,2013,47.316802978515625,27.359288005523858,292.4881771046125,122.78757524769998,,28.659996354680707
SDN,2014,,26.936168704638675,275.44378957569774,103.46268984844119,,26.731457315457547
SDN,2015,46.84291076660156,30.825860707533312,279.00613045062005,144.98279566509666,,33.14141686893093
SDN,2016,47.110687255859375,29.07144248739218,281.1708090002608,152.4934353497084,,34.18866549365079
SDN,2017,,29.16146026236229,254.04075421859977,128.54048534532922,,29.849204037119268
SDN,2018,,27.735455165238346,256.71871791276004,132.72114426010737,,42.16490741448489
SEN,2000,43.622166119761864,27.27965574966406,358.0826785741698,232.25585635254157,,17.378871866589385
SEN,2001,42.78339058003368,27.493392039152063,359.6025155299848,233.13710852313335,,34.183559436906
SEN,2002,42.74561560242372,27.49631320255936,357.03275932944126,231.35511145181627,,25.569539207344434
SEN,2003,42.751723503844296,27.655037808579763,357.8981662423783,247.6330651687958,,18.376884299540226
SEN,2004,42.006401802902175,27.192581542384794,363.31574934546364,241.01147273291375,,25.492691110070755
SEN,2005,42.82572270705001,28.15409062788407,360.27751604667714,250.53226915939092,,16.48071027580887
SEN,2006,42.76207589156173,27.624702074646876,358.6595144067115,227.63853284452665,,12.616475158880625
SEN,2007,42.993909161264845,27.92856063788637,360.96332937827646,229.64937804162463,,10.990572354979161
SEN,2008,43.45907012066738,27.315456396203214,361.7346484971514,229.45166765970103,,14.844335044977848
SEN,2009,42.6065864178889,28.09110526322537,357.89127416098677,232.81231733888347,,25.568405165284837
SEN,2010,43.60163985581725,28.964997083981903,362.5874695318339,252.93704032682965,,36.697538677284136
SEN,2011,,23.859493036076227,,107.16890553310739,,23.50545912660529
SEN,2012,,24.78227532321647,,119.20746893906235,,25.767284984519236
SEN,2013,,24.853310114191803,,95.32883909618536,,27.55112796887825
SEN,2014,,23.414553470917824,,98.01964433233829,,26.1731092940376
SEN,2015,,25.16368381852224,,110.30109190890455,,30.12024903583177
SEN,2016,,24.852306270589697,,105.5795425955452,,33.84269858219168
SEN,2017,,24.65790838398624,,120.42320046146838,,35.93210722320277
SEN,2018,,23.135775286641973,,83.77575247654607,,10.639488273445814
SLE,2000,39.880616248802696,26.66862497062644,359.98296776448115,247.39159048876064,,15.640604955266634
SLE,2000,39.880616248802696,26.66862497062644,359.98296776448115,253.78819125294754,,15.640604955266634
SLE,2000,39.880616248802696,30.318951070917088,359.98296776448115,247.39159048876064,,15.640604955266634
SLE,2000,39.880616248802696,30.318951070917088,359.98296776448115,253.78819125294754,,15.640604955266634
SLE,2001,38.90537085298116,26.428518233599913,359.65422313297546,240.90299060466367,,14.739708207466713
SLE,2001,38.90537085298116,26.428518233599913,359.65422313297546,256.7738267210637,,14.739708207466713
SLE,2001,38.90537085298116,30.11546151506243,359.65422313297546,240.90299060466367,,14.739708207466713
SLE,2001,38.90537085298116,30.11546151506243,359.65422313297546,256.7738267210637,,14.739708207466713
SLE,2002,39.40052328923025,26.67439201096527,359.40723200053384,242.95301837003274,,18.811137175675714
SLE,2002,39.40052328923025,26.67439201096527,359.40723200053384,261.7653187398326,,18.811137175675714
SLE,2002,39.40052328923025,31.331830964712708,359.40723200053384,242.95301837003274,,18.811137175675714
SLE,2002,39.40052328923025,31.331830964712708,359.40723200053384,261.7653187398326,,18.811137175675714
SLE,2003,39.446713873886836,26.817925533001944,359.10817609534695,260.68253603029166,,17.292191609154294
SLE,2003,39.446713873886836,26.817925533001944,359.10817609534695,262.9130208357037,,17.292191609154294
SLE,2003,39.446713873886836,31.70702493578496,359.10817609534695,260.68253603029166,,17.292191609154294
SLE,2003,39.446713873886836,31.70702493578496,359.10817609534695,262.9130208357037,,17.292191609154294
SLE,2004,38.782967939591444,26.427932739006835,361.780474253997,261.5036218818597,,17.88771089213678
SLE,2004,38.782967939591444,26.427932739006835,361.780474253997,263.75105621110106,,17.88771089213678
SLE,2004,38.782967939591444,30.29598979516673,361.780474253997,261.5036218818597,,17.88771089213678
SLE,2004,38.782967939591444,30.29598979516673,361.780474253997,263.75105621110106,,17.88771089213678
SLE,2005,39.27284586200097,27.163218283976196,361.0263355008583,264.5033826787549,,20.91092175280532
SLE,2005,39.27284586200097,27.163218283976196,361.0263355008583,273.45212528077144,,20.91092175280532
SLE,2005,39.27284586200097,31.365786858267217,361.0263355008583,264.5033826787549,,20.91092175280532
SLE,2005,39.27284586200097,31.365786858267217,361.0263355008583,273.45212528077144,,20.91092175280532
SLE,2006,38.95778846678403,26.853655548166763,361.03676695755115,248.40794539920856,,13.35793625674455
SLE,2006,38.95778846678403,26.853655548166763,361.03676695755115,237.48494914644948,,13.35793625674455
SLE,2006,38.95778846678403,31.384255122364085,361.03676695755115,248.40794539920856,,13.35793625674455
SLE,2006,38.95778846678403,31.384255122364085,361.03676695755115,237.48494914644948,,13.35793625674455
SLE,2007,39.612300737883594,27.058217543634118,359.7863277063762,248.9259185657537,,15.698298871177489
SLE,2007,39.612300737883594,27.058217543634118,359.7863277063762,257.73439896704787,,15.698298871177489
SLE,2007,39.612300737883594,31.433008024231118,359.7863277063762,248.9259185657537,,15.698298871177489
SLE,2007,39.612300737883594,31.433008024231118,359.7863277063762,257.73439896704787,,15.698298871177489
SLE,2008,38.989622909262366,26.529643510428766,360.6900938860669,246.6661521593928,,18.094613555606433
SLE,2008,38.989622909262366,26.529643510428766,360.6900938860669,273.4592171836065,,18.094613555606433
SLE,2008,38.989622909262366,30.512490801865617,360.6900938860669,246.6661521593928,,18.094613555606433
SLE,2008,38.989622909262366,30.512490801865617,360.6900938860669,273.4592171836065,,18.094613555606433
SLE,2009,39.224769543908806,26.994301784302472,360.53612854458254,254.99616319353143,,27.413398276869213
SLE,2009,39.224769543908806,26.994301784302472,360.53612854458254,271.44993037012904,,27.413398276869213
SLE,2009,39.224769543908806,31.499652586451827,360.53612854458254,254.99616319353143,,27.413398276869213
SLE,2009,39.224769543908806,31.499652586451827,360.53612854458254,271.44993037012904,,27.413398276869213
SLE,2010,40.26103954906096,27.737006914087694,361.6735701680747,269.19254905530204,,
SOM,2001,,29.007962141339092,,257.55033470617724,,13.324798407096308
SOM,2002,,29.66774148131309,,268.4927617514547,,17.68318966700892
SOM,2003,,29.950115248504282,,269.84232530719953,,16.02274445168928
SOM,2004,,28.978498378486147,,271.033665514312,,17.002247002983136
SOM,2005,,30.23226906135326,,277.8240895367837,,19.29521682789896
SOM,2006,,,,239.88564139083337,,12.50770005282584
SOM,2007,,30.059789189537412,,259.6353157611759,,13.99974922671291
SOM,2008,,28.95956532882827,,283.6236794718833,,17.366083701890282
SOM,2009,,29.4810909373056,,286.03345866741915,,27.489752048453827
SRB,2000,37.98568214360573,21.047168740802196,86.30166619229712,8.279149112584529,23.113037004216935,19.135061064811993
SRB,2001,35.285336507436575,20.6020462129527,75.34239165965887,8.142648059185687,11.749999144170301,17.073163048391983
SRB,2002,35.03235070829451,20.786621763472006,76.49915414978572,8.398873200165113,23.27951653518308,20.131529409031398
SRB,2003,36.62194922644194,21.612283623652267,100.794296330915,13.430098081837606,29.910053069219472,18.20468510097393
SRB,2004,34.78010272173868,19.917197857777058,68.59921958132088,6.9215046897418375,11.66432439488549,14.389634619414009
SRB,2005,34.34307840182185,20.788082806379848,69.69857084490305,7.609717721247295,11.545795952885191,14.387513122442526
SRB,2006,35.12287100316167,20.714255433152648,77.46576869684469,8.98312558287251,20.67266752483413,18.77256379504818
SRB,2007,39.234927548180934,21.601395171418584,84.17530809573688,9.765959718971335,38.87129250651886,20.217950602276893
SRB,2008,35.108489712238594,20.406425165638993,79.60907120372742,8.739976744161831,20.357747437433574,17.66804318464241
SRB,2009,34.80022179098924,20.168833394751633,88.28951038156764,8.192260050607887,14.305032912606428,17.436016444317776
SRB,2010,35.10900818294725,21.181315230839957,72.0610159080337,10.756813654871351,15.31291118631842,16.421770507984604
SRB,2011,35.82322416370209,20.806461193545196,89.85863624770522,9.258553664170606,24.27175290524729,16.268707265428112
SRB,2012,37.55129664231097,21.457039413743804,96.41640566374248,13.829865664489095,37.83752910884035,19.548773364944495
SRB,2013,36.82238504345881,21.089423114503916,81.5105205203486,9.334634287650875,22.936812485712068,17.305645099379163
SRB,2014,33.34998832854032,19.944895693194447,68.5026367608007,6.348436544396963,19.690673773765276,22.84362789662542
SRB,2015,36.414912586009656,21.703342355300244,86.15787331810193,13.323187838003243,39.95538158515219,21.118692728545998
SRB,2016,34.145870845113016,21.0294797714585,83.75174548087875,8.40611621696942,15.928697527973275,19.28939295806969
SRB,2017,37.64842596004531,21.812625250457135,85.44293418717285,11.54128679184207,23.80081697422056,16.980621222056655
SRB,2018,33.3223806151967,20.78093394252198,104.5884377458076,10.68567002610614,36.45758486033476,25.587252601352787
SSD,2000,43.15574862199483,28.255281143005302,362.2053223680708,237.84126247043386,5.020999988717068,13.890989102170495
SSD,2001,43.40733487448465,28.7797905475287,362.0187329005473,249.59746804218378,5.45628638701796,10.86056097633073
SSD,2002,44.124256202972425,28.87711664533698,359.62474050471974,259.4623606830168,16.761081178603572,18.985807595025726
SSD,2003,43.237450136902325,29.693510667835422,362.45359047612993,256.27812011144863,10.226255761759063,18.423535706708314
SSD,2004,43.33624199363293,29.24363443489964,361.6406656855701,261.24084042163514,8.419329040510668,19.190276819159955
SSD,2005,45.106265703877995,29.963473301027207,362.0255766831607,262.04701466129546,31.774936935766554,20.400530269520694
SSD,2006,43.527318380573114,30.682503112350343,354.5366197292798,223.98162449840427,12.1946003002135,18.474294241839104
SSD,2007,42.89207573963089,29.472768723778017,359.60851593558203,253.29751679631622,4.818756763258419,14.839692263434433
SSD,2008,42.02083460252806,28.62441051819249,361.58955185335634,276.56679836462723,2.234445155807417,20.02193221989976
SSD,2009,42.35502095563905,28.930321889524365,363.25710282234803,284.39791313207195,11.375237926957352,29.787323221909464
SSD,2010,,31.767815315074483,,259.88717894652854,,
SSD,2011,,34.145835876464844,,198.05279561346086,,
SSD,2012,,,,205.3270721435547,,
SSD,2015,,,,194.9312744140625,,
SSD,2016,,,,212.4553680419922,,
SUR,2000,35.40178418461368,25.782915589999078,365.3272044041903,263.0938949798989,2.801632853431973,10.20383452821911
SUR,2001,36.24534386779626,27.09275404068863,363.04137778917664,284.6337510410745,35.88779947795654,19.30788693448311
SUR,2002,36.522076986654035,26.769931443249675,362.57287066356696,255.21667993220282,47.29223726226487,26.821787068465913
SUR,2003,36.228833190336154,26.299055434390727,363.6587072581354,269.3416290711069,75.9726288691477,31.140011618108286
SUR,2004,36.198276865929934,26.271707587180767,365.6443469994835,272.9258354644017,51.24796836270251,23.01307759523019
SUR,2005,36.35611248127589,26.390407969467628,364.98306209067226,239.60468375636742,65.6946250289113,30.046878774238404
SUR,2006,36.786757764344145,26.29758394665046,364.54672624578103,266.5364848054657,35.79730877071958,30.975975120321415
SUR,2007,37.44551053649108,26.491224549107198,364.44442164785147,261.19886549574267,66.81613252414371,33.5207433605767
SUR,2008,36.92983032195745,26.31951831780806,365.1707850762815,282.66700115827524,46.75208438997615,26.344851796544283
SUR,2009,37.75342232121462,26.94096696027252,364.0561089532577,257.3290689285152,112.06685749301131,47.50812930313793
SUR,2010,37.18981211688926,26.804667016712624,364.36134330137156,355.6627913927571,80.52866427361434,50.22355358465135
SUR,2011,36.957572882321735,26.538763366655736,363.6397006739877,354.0576415912132,100.20764964982281,49.35201465427595
SUR,2012,37.200638694620416,26.404125698128915,365.9500522459585,356.3178841750149,88.63878041220414,33.37831689695343
SUR,2013,36.17212583093964,26.627070905939217,364.51994472169775,361.478568917926,53.28088217759289,50.44117287567088
SUR,2014,37.13277879469544,26.37271442299742,362.62100641277243,360.11958373351297,80.32912988425677,53.295774354879704
SUR,2015,37.09768880457638,26.792037936335372,362.8351983777351,359.29427558953074,60.56795310974121,70.05510889698101
SUR,2016,36.20000076293945,26.741508874086712,362.8813495267186,352.79933288496056,,56.98525713282045
SUR,2017,36.57693862915039,26.741352355551307,362.4988095204484,351.19682732995665,,60.868831634521484
SUR,2018,37.37869697388311,26.476794418469307,362.1030551539846,354.57299715019604,,61.344223387099674
SVK,2000,34.745870477864855,19.239649706412663,56.19728769312299,2.6071429692526613,19.873878070390816,19.599904758382397
SVK,2001,33.06463856950319,19.475231376529734,49.478643064645134,2.8433400216509446,7.975650734792864,16.427220946371495
SVK,2002,33.33133386545546,19.703617586744322,57.41578917226651,3.1788288516227303,24.486568090038812,20.29276718083377
SVK,2003,35.09159252488505,20.10135079425285,76.49690294409598,5.498732222917371,24.29239288319412,17.29477017853722
SVK,2004,32.2667857081413,18.70417421797906,44.497548449317634,2.1759361258233736,9.075218921297047,13.93536851732555
SVK,2005,33.55812779839525,19.78788439596132,50.43437971799868,2.7262854830986405,13.426241702396362,14.877009173677795
SVK,2006,33.83234256050599,19.862450823742336,57.122456734720686,3.408340216294047,24.307215772574377,19.663860730475403
SVK,2007,35.86259660978188,20.016465606200697,58.703505097441024,3.4272619696764925,33.41724545289822,19.91639590900824
SVK,2008,32.27127187061652,18.981144437083213,54.53755843130331,2.712383539808241,15.803228016746376,17.316261209573277
SVK,2009,32.79958746719237,18.84880416582732,58.015770807740125,2.7668855928472875,14.00757727649714,16.26619024431884
SVK,2010,33.87303978664932,20.358251288087448,49.423713344996315,4.318309024184512,11.225599263709004,14.691684732647364
SVK,2011,33.336078773614396,19.43518930054537,60.19080103634878,2.7903976924712994,19.157823811337618,16.450088287217845
SVK,2012,35.38078230167204,20.064992484170077,64.49879472126047,4.770417041520814,23.901256669366475,18.210551362948987
SVK,2013,35.9517520708749,20.29320122486716,55.4716445545466,3.6011754890228262,14.915353646835207,16.531757483577344
SVK,2014,32.99339807125397,19.29789745640767,49.31299961092888,1.8985403880228235,21.296276563569773,23.33383770120529
SVK,2015,35.96478932619951,20.76120070598391,62.53162961604842,5.933070472488149,36.04748151668928,20.79789854311647
SVK,2016,33.18834170167057,19.613640754973495,61.20174718788545,3.050448922121255,16.26726365649447,18.559200390272427
SVK,2017,34.741350624241186,20.070422740226107,58.628812500355934,3.981640993880985,15.438402605252657,16.364252327009666
SVK,2018,33.6470839583246,20.26426163893363,84.80932974296672,4.172723369966359,37.89329357281346,24.754014466923685
TCD,2000,43.205331277453084,29.430774967359014,338.5229643760623,197.6320986482394,,16.4005220016365
TCD,2001,43.31891071962485,29.477744068953132,340.51789229211903,207.46227189858587,,14.183400339948253
TCD,2002,43.57986695059631,30.046128262921954,337.38417901672585,217.9368747430316,,24.715811161351084
TCD,2003,43.387319711890086,29.74217762113571,342.6401063653045,220.976710188883,,26.89598062166787
TCD,2004,43.120758004916205,29.17358645338789,343.4762810574873,218.17436898508828,,24.486954684937647
TCD,2005,43.235099472074964,29.929105933838922,341.13553072787806,226.20889966605057,,24.711055236328882
TCD,2006,42.96408059374183,29.158263114363073,342.38894391296503,225.9155402415381,,23.07829677292675
TCD,2007,43.73179387397722,29.4787972172173,341.1074340909345,222.64542442500934,,19.3927023075371
TCD,2008,43.47550818128096,28.908876534240164,340.89817209849105,224.2481953346804,,24.598155481746602
TCD,2009,43.63570948364655,28.958830198985773,346.1704342599236,236.88008599257452,,31.793784922775384
TCD,2010,45.59282989750273,30.038889301185893,349.2200035300675,246.50199031622458,,33.605913141453065
TCD,2011,,30.871388760048927,,148.94921761462126,,17.41051994932569
TCD,2012,,29.818884446001316,,150.1122408412746,,24.744443019926
TCD,2013,,29.352207078090775,,136.83811356704035,,19.216468629405423
TCD,2014,,29.240918442965835,,114.33156595617224,,23.971708229128023
TCD,2015,,30.434906306926695,,147.77225371397256,,25.52451686192109
TCD,2016,,30.596437687700124,,163.355712921273,,29.501044882680027
TCD,2017,,30.007948915946304,,138.59431344825788,,20.497481160323236
TCD,2018,,29.873638440434803,,129.87169282314764,,31.59991174273112
TGO,2000,38.847606299558585,27.32875853658902,362.2269070344185,294.38225000159343,,
TGO,2001,39.131969006276954,27.487362980935657,360.51544132136996,296.3475276384178,,
TGO,2002,39.11049283850419,27.792529081831905,362.1967994497651,302.50329776311213,,
TGO,2003,38.96549731138622,27.7055591035193,362.8931176663571,310.8172413482016,,
TGO,2004,38.85888123488313,27.96527215581512,362.6415868278942,314.15468121538265,,
TGO,2005,39.18259840514317,28.15674190217114,361.86254678515127,312.7296736345079,,
TGO,2006,38.66619304459829,27.720812711008126,362.3010618850128,311.80852446266346,,
TGO,2007,39.11535796421967,27.702606315308046,361.9885081320442,307.089647945016,,
TGO,2008,38.66632754082702,27.431252457612388,363.3932378730343,300.1839423157908,,
TGO,2009,38.450968026729484,27.473832620582282,362.3186552779955,313.65369534653536,,
TGO,2010,39.24386525487539,28.450371658296856,363.2177289715626,317.31656664751864,,
THA,2000,38.09225516829362,26.155050328204656,333.9670254885482,250.68065891841533,14.411893661965292,17.240317554520033
THA,2001,39.094053549689406,26.559417165081395,334.3036957627072,253.26219128409062,20.111679049749398,22.76331570450625
THA,2002,38.90616324532184,26.404436173301864,337.8241750061938,256.24152084593584,14.13654217976345,24.215388371820193
THA,2003,39.027383766284075,26.645563471142207,339.5280079561805,248.90174659803384,21.72865689445663,20.948795179383282
THA,2004,39.34755814759105,26.579696067693746,335.1661394110272,241.8436624987716,29.514339302712596,17.96871774550071
THA,2005,39.29249976703906,27.00046569698395,334.68333359334486,255.74375409367414,27.642795982245563,27.900176602991777
THA,2006,38.33510353203603,26.500499685250794,332.02380583181827,252.71096089815094,32.22457341829765,24.838134522138933
THA,2007,39.39519717794893,26.846770700730307,337.2610047896054,252.55182683560756,21.09364378517029,24.501740594919465
THA,2008,38.103788610482496,26.44074017597484,334.52237502110313,251.80781400526962,8.655531987256518,20.19703431529651
THA,2009,38.46403198687047,26.698317020434768,339.8195258232662,252.63081195346655,24.25939857361275,24.820205701088685
THA,2010,40.040011096093345,27.594301385552534,339.94435853980946,263.19082306260583,41.78754873787873,34.84720023652029
THA,2011,37.49826736142654,25.67983549932797,292.23728942338374,200.95098135040598,4.033662178086403,20.045390315868566
THA,2012,38.47974823746166,25.96692532283136,303.9818422789516,212.53166776473648,31.843557810758046,22.51165454125694
THA,2013,37.69557750227575,25.994947625371903,301.5877569227932,208.97894614046277,32.993769864334915,22.485793349153916
THA,2014,38.19618857819454,26.22386127038489,299.5335458844349,207.7978770159835,34.03827944690956,25.234327126746717
THA,2015,37.890460102959096,26.12496495213687,304.396658107827,210.28156919200896,38.0195598641532,28.547016163288863
THA,2016,38.96982431587843,26.370688176869773,302.1219144186596,215.0278179504499,23.214115389871075,30.101206983154107
THA,2017,37.8122022086534,26.13570071503088,299.4477208697662,209.3389189622778,20.313633502898806,29.642396349159124
THA,2018,37.77520923733387,26.154359618576247,300.498184049202,211.69978257572345,10.064033489490539,24.734448436107108
TJK,2000,40.5909395396258,23.69973673279884,165.36679916811426,38.30993879123575,7.957050206415768,15.366413179992696
TJK,2001,41.21141875033573,25.35035572789331,167.8457294438698,38.67538200048327,17.361515032920014,18.633227682895708
TJK,2002,40.806473304853434,24.657020447986802,163.18244464823655,35.80597911274315,14.768956903112946,20.692703556017538
TJK,2003,41.003960823036365,25.509410331965643,150.63242584760172,38.330247031945824,14.115205099458256,16.771669350350813
TJK,2004,39.17439928027002,24.82242680391064,163.16014067763302,37.686132988111765,13.310093830560497,20.587479811326578
TJK,2005,41.98936504624288,25.99239378361318,163.83977535039003,42.67591814834188,13.080775444863413,18.784268471942806
TJK,2006,40.199690681552205,25.26485877500718,173.99088478654613,43.124911556251035,19.397600257531018,21.992318797901746
TJK,2007,41.31965102066088,25.532200914987214,159.73279634594192,43.45033791985226,21.794530199358384,18.95704101026558
TJK,2008,41.54428700449166,26.19285758798893,170.16127344814728,47.84634962678524,24.64933300484817,21.404826103625016
TJK,2009,39.54186256745391,23.70540251882338,154.81069179925444,35.544263462243286,3.5170932266579356,18.361231112912826
TJK,2010,40.579678434689626,25.243122992550536,157.14633910006407,45.515109910921744,16.98202527064232,22.960621391907917
TJK,2011,41.515152314425556,26.193679548290856,169.30595701185246,47.015622646952764,15.321213737213819,18.227566757329672
TJK,2012,39.9098216809407,24.976429363159774,168.0462634132056,44.92833115172008,7.462839287991104,16.838166702298388
TJK,2013,41.61177913352376,26.223254166534744,163.5389373771973,44.050178415766155,26.747491407434293,20.716953708303073
TJK,2014,40.407404134063064,25.703236464826066,158.23343208485966,45.99575908674623,12.144663252475652,18.820917297302678
TJK,2015,41.02316002207182,26.610544403885164,161.90054585549467,52.493084602236785,10.995521676203884,25.239597325389212
TJK,2016,36.76841485975344,25.145087637232947,153.3570044330066,53.61386804107215,26.233421663085515,27.58567593663255
TJK,2017,37.65909039802967,25.71879732516181,153.90666642139,51.407381325720316,14.624085527640602,23.511628847305435
TJK,2018,37.45316513508489,26.016387513524148,150.55776723487523,52.60942101061414,18.11339677235227,21.771757229748374
TKM,2000,40.20180251185584,24.640065201814682,156.53611625269482,41.19598150241323,10.459549233504058,16.385339532361492
TKM,2001,40.579177340396555,25.278604090492447,162.45533260109573,39.850649492935474,15.152171057825804,18.99666215559433
TKM,2002,40.494273840544764,25.52353285656398,157.44169255730802,38.36687505269471,17.540802940786186,20.131752050920962
TKM,2003,41.05902434740227,25.691114770760855,145.1097935989232,36.48065753600679,10.600345430577876,14.677026183733139
TKM,2004,40.096430646684574,24.968275300366116,154.5764037960367,35.60649030008456,10.663153292580361,18.5249555175855
TKM,2005,42.429803370062515,26.3046306055643,163.8264126138463,44.328246515876494,8.17221860645282,18.344642990624596
TKM,2006,40.50195625486255,25.816872798135787,165.83294587388528,44.293566963079556,18.95021166530383,21.007007201947133
TKM,2007,40.026875220342696,25.662016237954187,151.55431073529942,43.48254457286211,15.037477009478613,17.4809615497584
TKM,2008,41.668763702078905,26.408122711570346,164.34218253465966,46.18332217037175,20.983554027944578,20.01978340141155
TKM,2009,39.67823485849914,24.91177319666804,144.9846220858387,37.02843891680748,6.2788749998760345,17.006876944684144
TKM,2010,41.91242479641046,26.543466490108205,164.10125701690077,51.79986706622837,26.0371147212958,25.70180965887781
TKM,2011,41.373801217787886,27.214782438710724,156.0438439335654,47.318107761212325,11.47929966182357,16.55201392880495
TKM,2012,40.1462096135182,25.59538060698226,166.41763770552708,45.49410462600119,14.04725552358377,19.76725609412324
TKM,2013,40.607932149657735,25.307783011067045,155.59956322273078,41.18159048895667,16.816084592402042,19.443544465658462
TKM,2014,41.21785675094617,26.42348133998196,156.50001807266574,49.207806130379886,14.481069715379837,21.05011199268169
TKM,2015,41.2995772609191,27.150853162545758,163.02655221362133,52.20324374364787,17.956218124955374,24.491168986190498
TKM,2016,40.18024614259347,25.930009409305374,161.65970872390125,50.2735056490186,23.615805207079436,24.60682700143763
TKM,2017,41.03211735168235,26.454734486164803,167.26759968310034,51.982292682490964,23.184000821001643,21.76680320635466
TKM,2018,41.107112920363,27.650697165353684,160.27099447171892,54.599907867913714,19.987589996016855,24.227583693207695
TUN,2000,43.32923655457675,23.562006780193343,136.63044450685595,20.281210780810376,12.306184529967892,18.32162351532829
TUN,2001,41.84454392315085,23.777901828180532,142.63247589959445,23.21241018305259,19.929343028828455,18.96005712338874
TUN,2002,42.968943437567724,23.5341907503791,135.49983271762378,22.174253802948964,14.510632306859225,18.64555896620977
TUN,2003,43.648113574756074,25.18742019022668,149.19120960093503,37.10249013749583,39.631717237794774,23.0101210374025
TUN,2004,41.21837716475942,23.741769534217244,136.34727545564996,24.91984213572747,12.226551770453177,16.229739058036024
TUN,2005,41.93645261985733,23.936231978909014,139.54677758735107,25.33378275923347,15.577579102280076,16.83946416593251
TUN,2006,42.54496951853797,24.184532380472117,142.58117646444884,28.05807628279868,28.416623972490175,21.50437079274226
TUN,2007,43.70661383543821,24.239625960622483,137.18897142306582,23.96650621216181,28.430447663378455,18.939366912162136
TUN,2008,41.2241982547761,23.866110872886825,132.7434791261739,26.779866816496444,14.665469862852929,17.221254996806326
TUN,2009,41.19204295799803,24.076040311081332,148.3181996848215,27.837726619598264,21.603397225542377,18.911268660166943
TUN,2010,40.15781806221352,23.88503016428239,135.32932935233123,26.390317664643494,14.861841438807899,16.44337679829924
TUN,2011,41.92148866438211,23.233327678069063,133.77098611119263,21.131531754232284,30.01382887723052,18.325096225210824
TUN,2012,42.23188772426391,23.8482972754,131.89766128839955,25.97594514021414,31.863261443963836,19.614875692023478
TUN,2013,37.16226047354059,23.15390634125229,120.30337572527347,20.2760978997205,20.12575773045151,16.821672490097427
TUN,2014,40.61201240164672,22.34645221754034,131.4700270760557,18.012232053545137,29.95537759092784,22.199066514287974
TUN,2015,40.84364084217331,24.19837030561293,130.21140314966325,26.815988483228217,40.1462349144534,21.97899840131672
TUN,2016,40.83229931162803,23.117131358401323,134.33970300254396,20.79300709215506,24.893084768892777,19.35112169293024
TUN,2017,40.522118167046465,24.459897372463693,134.322404939877,25.347371799653736,32.15484228665981,19.141707781896976
TUN,2018,38.7836503424473,23.572236145552743,137.15078969813186,26.341808678043055,27.793480321099604,24.932211017196604
TUR,2000,39.16422711689727,24.064895589641115,120.49000310882933,31.076800285356114,12.69425635470657,16.935585682362547
TUR,2001,36.89996571619998,23.857672027649947,123.96646804699616,32.42846608559184,17.5826041645783,18.36615431943749
TUR,2002,36.802994748558746,23.635042789292648,120.72014349397075,33.104909051892385,20.734943560559447,18.979973336876117
TUR,2003,36.42271048921254,22.67157632052867,123.80355763916786,30.45698440774382,11.42814086177985,15.123583342040593
TUR,2004,35.56822988735842,22.065121295941186,116.98371649940476,26.45595523212798,9.596276833731334,15.940666221002537
TUR,2005,36.03460817467806,23.396792758796757,121.83087374893493,30.86998665803009,7.783409543066152,16.022194402527678
TUR,2006,37.69510470152109,23.514127509694347,115.65866104561026,33.12711376793921,13.665880939166119,17.524450981499474
TUR,2007,38.5959171172552,24.101232695002945,133.44907362746324,36.650954231365965,30.228735243700747,20.47233572886357
TUR,2008,36.73773420926382,23.420452669014164,125.92514972898451,34.14204321953948,19.01719190752912,18.917489629813776
TUR,2009,36.01504891257559,22.919659596105433,120.89536926572174,31.177316040288254,10.371322022011622,18.78063035962888
TUR,2010,38.062697430405066,24.394847987716183,137.17710916649435,44.13021480439805,45.54618895641267,26.91158833855943
TUR,2011,37.38826722638479,23.928421616415765,121.29025457405379,33.649862282708206,9.530784300679091,15.502896696798395
TUR,2012,37.861690806285566,24.290381100739,142.27353063777005,39.62783351312792,33.44174576569756,22.950576410809852
TUR,2013,35.63142493580355,22.326653919487953,133.32489379291414,30.965425863982237,17.414164767071615,19.386516219656798
TUR,2014,36.99758781613991,23.401089688372085,128.88144501190342,34.49896385427689,16.468702966040706,23.359944402297522
TUR,2015,37.38432793605062,24.17722119589242,132.70992429920778,38.4337669304793,33.95484885531072,23.124295466983522
TUR,2016,36.33183060299323,23.611990427913263,132.45886317459343,38.05296332632389,27.118549716043518,22.893021090433766
TUR,2017,37.36411625943255,24.67834748218654,118.37021757213336,33.20080510626822,26.924886389110437,20.01690940052131
TUR,2018,35.445258386612416,23.64918812239682,134.08363116657623,35.133247949550466,27.1965320151446,26.732949383980785
TWN,2000,35.82392286461478,27.02370001154913,181.33908650102558,138.9324008550099,7.627885469910627,15.813513600064711
TWN,2001,35.709391022412454,27.369078286316608,184.58383441567415,140.72540847081734,8.041637075752533,17.322868193143687
TWN,2002,36.13329136553878,27.29242366294411,190.42362874502055,140.43569968198662,11.80242418924263,20.438388762367442
TWN,2003,37.801957132083956,27.931825573356228,193.55057076652253,138.97044748537908,13.712947548088364,18.868437388585047
TWN,2004,36.57016456824169,27.273051832954042,193.85772819147454,131.40998502702428,6.769145534743639,16.98900796856111
TWN,2005,36.664430522917264,27.616989275505098,189.72498772579834,149.1139203944343,9.533229131931446,19.39566418471682
TWN,2006,36.53070206862761,27.722411928307775,196.3024985167831,143.19713942049572,9.528852371854713,23.15482418137114
TWN,2007,36.839826161435965,27.74451588382565,187.63752806799698,141.4743921042439,12.728177080105478,22.879137357789542
TWN,2008,36.356525512647714,27.183098122206285,191.08200689101128,146.9436845979312,12.713023309680146,18.2390266429877
TWN,2009,36.4686942473709,27.97188095041993,198.62178504412296,141.95486379906873,11.430379424110592,22.775097206318502
TWN,2010,36.60940707752214,27.999212027026335,176.73403423228402,139.29256328113001,11.435441329437932,22.252587085193955
TWN,2011,36.14799850532824,27.56012820348693,182.30791507969286,136.34055932212908,7.768659636774788,17.259022922467437
TWN,2012,36.09823837414252,27.515797671211637,187.01829967875858,141.2154946469879,2.1164623322161216,16.954075405626348
TWN,2013,36.968200300014416,27.797379361314345,187.62333651056858,143.93130211093379,17.5529562012312,22.166212030536176
TWN,2014,35.757360186972804,27.42971599945362,188.97747349040444,144.1308136693718,11.791177639237628,22.956705433575227
TWN,2015,36.063656804990515,27.578400529491844,189.79852893790218,147.1823166447895,14.957420810180773,24.049417636049473
TWN,2016,36.50861888520212,27.858193496086493,189.8618568844217,153.32568515535857,15.916027944677044,30.240765902618243
TWN,2017,37.099581277673465,27.997934402145205,188.62057165578761,147.0946451966507,22.067216263158627,27.008834679244853
TWN,2018,36.14141750554644,27.627280376891612,198.09123630385307,149.81602979191933,18.28088460583852,26.724746468804785
TZA,2000,,,,169.19169506640964,,7.924515568151283
TZA,2001,,,,184.68332619995468,,8.228070278615283
TZA,2002,,,,205.9826940658808,,13.000120470812183
TZA,2003,,,,207.31827977045032,,13.851548618129694
TZA,2004,,,,211.04821797667827,,14.866368558701854
TZA,2005,,,,210.0268105388068,,16.391101011937543
TZA,2006,,,,109.01384425393054,,15.625456007948053
TZA,2007,,,,197.28412768795764,,10.090217015366083
TZA,2008,,,,229.31830389711553,,15.330786727357577
TZA,2009,,,,241.23866247830057,,23.34349776165852
TZA,2010,,,,2.558973330650249,,14.917438242242175
TZA,2011,,,,48.71032677576032,,11.19612207848867
TZA,2012,,,,54.38187894115557,,13.843990887280613
TZA,2013,,,,43.80015403276995,,8.153284626187567
TZA,2014,,,,42.75635919531106,,13.59564302640829
TZA,2015,,,,51.899844948122634,,17.816236733059718
TZA,2016,,,,59.256863151052585,,16.318921595917693
TZA,2017,,,,2.744361373145023,,17.12487625670756
TZA,2018,,,,3.8430232576530425,,27.973998258858447
UGA,2000,,27.54456471058145,,257.5877944023489,,11.935839204958633
UGA,2001,,27.726333883185827,,258.9022033195375,,9.64031837784352
UGA,2002,,27.34360606278895,,277.9688979885256,,16.340625546085892
UGA,2003,,28.257527085960792,,274.0992468566875,,15.058513411391532
UGA,2004,,28.05351406706101,,280.27726859712715,,16.51588777227086
UGA,2005,,29.02237864839424,,278.71959039571163,,17.905217336029974
UGA,2006,,30.8131044722599,,223.8098187285055,,17.06617933198019
UGA,2007,,28.23768075255669,,266.2432519964058,,12.750651655100258
UGA,2008,,27.571876535645995,,302.74807822943933,,18.765644908751845
UGA,2009,,27.058752777564724,,314.36842045842025,,28.631692457288796
UKR,2000,35.298989043133105,21.096259155114897,59.455729123512086,6.139723965419535,15.883176111794077,18.550174116602374
UKR,2001,35.23270851273121,21.763548769149445,62.08956888105321,10.229616533930132,13.845813508082891,16.991066577997948
UKR,2002,34.86576323225448,21.59627572610584,70.53523760927455,10.06773316288778,32.846150791422836,19.811403866623387
UKR,2003,32.72784736796513,20.284336690208097,68.35621096725504,4.21727008236281,11.413754776071068,14.035418575081001
UKR,2004,32.399222105664215,19.790406680980098,50.62042597524718,3.255257457958638,6.850609424651659,14.733968794177898
UKR,2005,33.717593021718045,20.70028968387146,64.8006035919021,6.059009370366825,14.342895659353967,15.196040852784233
UKR,2006,34.07395314617917,21.05200493571505,61.927393017467956,7.230729152354495,16.419658889793798,18.369868761748148
UKR,2007,36.71523500233818,22.14439422998962,80.24995602412163,13.043541128029112,42.724715134288665,21.01795629312289
UKR,2008,35.11593952948444,21.20673856685828,66.61345146331416,7.265740781848535,23.88548973813261,18.41107449149929
UKR,2009,34.26813585027079,21.046562031204466,68.58941083289274,7.270620372974734,10.595143160469334,16.62077015918868
UKR,2010,37.09953920602057,23.01894818876214,79.05947254745296,20.25363576605359,33.956619561549026,19.935247880720382
UKR,2011,33.87729700428173,21.393641376543666,75.3777093200497,7.7785768806015625,11.301327364964681,15.907941455356028
UKR,2012,36.53065826378617,22.020617150442057,87.22731744987554,13.514646763400506,29.60407250177086,19.835908479615767
UKR,2013,33.78247249476548,20.57830973739077,76.99861886685683,6.868444626766083,16.12740824934061,17.92930672890813
UKR,2014,35.09173159674189,21.04779480285736,73.01173863037351,8.360880908298606,27.32312922517278,22.751825784896422
UKR,2015,35.70654253937744,21.743266423593372,79.69328230206442,10.065564128912767,32.552018690585186,21.039856969918898
UKR,2016,34.93195580121079,21.611579974347517,73.11796598540646,10.678921591561958,20.468987133817215,20.190037451740796
UKR,2017,35.14975432326697,21.74279571180087,67.6636318047956,9.209872977424011,21.270319409753274,16.959894276477208
UKR,2018,33.068671067411664,21.41105308854282,95.4524609607815,10.432495500919849,28.48730763461744,22.731134211197748
URY,2000,37.15313372301423,23.757759327460334,148.52950233529563,28.1952381169019,1.041703081332168,10.159918052543878
URY,2001,36.89231784208598,24.772030913743546,155.15192088717833,44.13002371270845,7.124374381231929,18.52900853905227
URY,2002,36.33986468945709,24.84392004112938,152.32782056619607,37.32373077867395,0.9013926633594594,17.02552198657488
URY,2003,37.54904604565553,24.341568633218362,152.10109960770362,32.54657404736652,1.5460604804296323,13.48519104595603
URY,2004,36.43563761977567,23.00916762291899,163.02004802274254,26.945540944726847,8.1629759650305,12.15653763129638
URY,2005,37.66447173578293,24.118006593701917,156.10336179553977,29.44265262535004,6.224452074513636,13.52483945792999
URY,2006,38.40527287214072,24.671380824463476,172.59143633072748,34.7011177201421,4.4352652165515245,13.485525500909809
URY,2007,36.97470918115228,24.03026311930517,161.4191027982951,37.83665886876957,4.109371108034804,13.119751246348153
URY,2008,37.53654034208103,23.735895271601652,172.978441210283,32.941250713202585,14.426396196370202,12.22358995437209
URY,2009,37.58249663040518,23.54058354178332,174.35796396117505,35.8133487504003,7.637417723756435,12.933162198674161
URY,2010,37.02679524012629,25.038946404870796,156.46976028746502,38.33356738621432,2.3928964684376397,11.127983564066028
URY,2011,37.24241538201816,23.738034358896677,163.1735431428082,40.92237955499153,0.29858106872260837,10.324123664989374
URY,2012,38.483478722608915,25.08000253516838,177.02998842006247,51.35595822897632,7.909433904163995,16.87044360775391
URY,2013,38.40145249110034,24.225669627242276,156.90943274926698,38.37438571161153,5.964944140546683,12.874380969419427
URY,2014,38.16941641401377,25.5266559735528,161.30850529603558,51.3760044475919,13.174239292107044,16.714130249778346
URY,2015,35.75378141622433,24.377994438636783,167.55309227896694,47.90896005687644,5.470083143507149,17.64314439017169
URY,2016,36.7646184457645,24.557568417372785,155.07883871081563,50.661042558739,2.4718775206568684,14.688284572642843
URY,2017,37.61800692559993,24.22054092710276,170.92329905620804,47.99079314271693,4.130705417557784,16.914970827004165
URY,2018,36.031404464702,23.45934226321629,173.72160165571077,44.72956508704046,5.340367301305868,15.702855624501277
USA,2000,35.475139855641544,20.562619916782605,107.98277391503612,21.506384157774455,7.034504303420379,11.312534703175153
USA,2001,35.38127173540308,20.961241427961802,110.96834885954905,21.905565268166885,4.887871549044279,11.858579651862836
USA,2002,36.25654221871757,21.07858110699007,109.12575118765719,24.179640951788215,9.006610573310898,13.187246095609236
USA,2003,35.933397868134385,21.138467598657755,109.94968630582026,21.55256946569147,9.63703409967557,12.611030622100483
USA,2004,34.66669411006172,20.371537382062346,104.28999568536192,18.10253695534166,6.80809470761648,12.429660063891141
USA,2005,35.869040189766736,20.838856001185682,108.60348717583243,22.569215060484577,9.23281573105929,13.820485977624761
USA,2006,36.15505787566051,21.314254855906,110.01461187910586,22.878265229641976,7.520555237133639,13.728169462255131
USA,2007,36.12225395034128,21.05871080881962,116.81086234333124,21.77623210483257,8.760270704679785,13.308959679138738
USA,2008,34.86646540269231,20.043734888411315,103.33329020893078,18.88037398869446,2.9073258933367523,8.484193382358745
USA,2009,35.18750703577485,20.120301449753924,101.39067641341411,18.78502616837791,6.005102565800337,10.112518711283665
USA,2010,35.46391695233422,20.696306838367544,108.152456664359,24.184567471650844,7.332986433299123,12.58375852784326
USA,2011,35.86320763301421,21.003864707042435,109.58993874190256,25.034022913274875,8.760865832921834,12.058253478426552
USA,2012,36.612836275741564,20.812557352000734,120.43232485804963,23.65625924253539,11.810468581687104,14.12155558555261
USA,2013,35.992431625847466,20.797283057708327,105.89938492881906,21.74790263720361,5.972019482341508,12.362079670482105
USA,2014,34.47302778413514,20.033465812623664,104.59611345938218,19.366505263975526,6.088743416633502,12.745966188451376
USA,2015,35.44123894451061,20.562546385791347,111.12862420735495,21.665798991208348,11.798663803884118,16.581884805842048
USA,2016,35.52581831105798,20.63130997613232,112.87467058591866,23.523545641693907,10.298999200776528,17.07513932795857
USA,2017,35.456129488751586,20.481976764458068,112.1787374469159,19.084285095661222,11.060762755326417,15.702784214010004
USA,2018,35.70785006453877,20.70087125997286,110.64035590439023,24.113082788244178,9.574883014573464,15.512514922444957
UZB,2000,41.9152611358377,24.015397075762216,150.00210463628886,31.71169926387891,9.508343359739508,15.432780391341035
UZB,2001,41.274822463697944,24.821394789643243,152.6342000410545,29.128817215433486,15.045863716624941,17.82423521484711
UZB,2002,42.05157241080593,25.27409388894339,144.67182090237543,28.36607780352166,19.360163237290212,20.118528634323205
UZB,2003,42.029273742813935,25.87711949985141,134.96970779205142,29.719004373702454,13.35826726443332,14.221842839586271
UZB,2004,40.25887012123491,25.206465945883338,151.45576381291653,30.786082139386288,11.852467296701324,18.737538428670454
UZB,2005,43.887391045162644,26.37381837804115,156.15618044972013,38.163654479949784,11.549467323673301,17.670062746841584
UZB,2006,41.73639503095368,25.345659778700515,158.0193220245207,37.20164316035575,18.056269545597615,20.20373270469174
UZB,2007,42.26776090616668,25.868413549217518,145.75951083854093,37.572648914241526,19.182655411998894,17.972540920240423
UZB,2008,43.19201277933071,26.64370898476569,156.68890067801047,41.71455890702347,27.02771290383068,20.106192177304745
UZB,2009,40.121311868643666,24.43736240798441,141.36733536807714,29.54891278437928,5.861004233593688,16.108814518453123
UZB,2010,42.507283582522874,26.5192905097299,154.6525934833404,44.76231510096938,22.012952466887644,23.298286121033655
UZB,2011,43.041177906175,27.311932397740687,153.4270142099255,41.41870714852811,12.39010121088365,15.656322281244107
UZB,2012,41.490710755617755,25.715101624026467,164.4900435228202,41.741434884753986,17.882689690194315,18.850890497965274
UZB,2013,41.704710068044335,25.877982524783036,152.01005930915989,35.7880205284034,18.650701356473306,18.955898757337643
UZB,2014,41.78982149156456,26.509243359591554,149.33261576405715,41.61402810635559,14.768954304672791,18.980190518068593
UZB,2015,42.97277041502665,27.011943691203708,154.1960355323882,45.86582955474319,12.994960405224905,23.105176317484194
UZB,2016,39.32767613586941,25.143186028916904,144.98871442617772,41.12472730853461,23.590384317898508,23.892683364476675
UZB,2017,40.61924090203299,25.76354233058188,148.18486317757265,40.9317701250494,15.43308388839289,20.14777831329773
UZB,2018,41.02334543778711,26.827035994190624,145.26978996878088,43.00302633640452,15.060907624781214,20.037869296166654
VEN,2000,34.33413384764823,24.017261608953362,334.3038990033413,260.2857722633812,22.800706475639316,5.528391462653379
VEN,2001,36.50838439114633,25.0648984836498,338.1130213535486,282.23887174446304,62.550022662287894,12.957873962250416
VEN,2002,36.35069323091519,25.221575404053304,334.6065201197415,271.8999041677184,41.58195192061849,26.296502395759394
VEN,2003,37.31437178191824,24.73821159359043,362.1951758140375,269.48194096049906,64.39288453393586,24.438048566849716
VEN,2004,37.04410604412845,24.853340602454917,360.9693720863034,262.4925612171808,39.30343107776887,14.094741901003967
VEN,2005,37.244312566394825,24.32065826919924,357.1393964553429,238.3896158776291,116.82304663590456,18.71292728729785
VEN,2006,37.37892784793558,24.584552979085895,361.3983832744016,262.2485219913897,90.8130102428974,19.94707856498888
VEN,2007,36.92070891226901,25.041606749646377,341.82355779430003,264.2282138546095,92.9639996740433,19.362814152426864
VEN,2008,36.10792418903181,24.411889872447013,341.39068959050076,271.66554024821784,83.73220387994076,11.632400150438142
VEN,2009,36.57388522301396,24.936564570823162,337.2900345346212,252.3244789098728,115.688232421875,30.797280493714805
VEN,2010,38.013950528845946,25.601065405612378,361.86148953204645,290.85705187741513,93.46808767518135,23.192023189023168
VEN,2011,37.16518522238255,24.090123810028473,349.8641471857417,275.2264951687562,52.380672040877116,22.728562825796025
VEN,2012,37.99206503053241,25.640371137736285,365.06246540935416,316.47272566780805,82.09513397858576,18.34106401523874
VEN,2013,37.25548267872714,26.117763966324194,363.764869582721,356.04943892601284,54.501644850014735,43.461550391996575
VEN,2014,38.54632312955278,26.138152579312752,361.43871999271687,357.6840285038228,75.7718959793144,58.35684034088617
VEN,2015,38.45538610227531,26.816683058892437,359.6255935029962,357.418724859583,112.07294464111328,
VEN,2016,37.46185780800133,26.210418314299375,358.0928549411518,333.0059230564933,,13.067325592041016
VEN,2017,37.14697925509443,26.16290506932925,358.62291150307414,335.32041578986554,,
VEN,2018,38.74173545837402,26.817682637013636,359.37833963243116,331.92617480552,,
VNM,2000,36.18774871125882,26.01790689258439,293.79301754833705,223.40479649660426,13.036915745680288,16.66824368175356
VNM,2001,37.145294917832814,26.376682003861685,293.71665435046117,226.11525118692458,16.698888616898216,20.690668785423583
VNM,2002,37.0213291626875,26.242457863408195,300.64924466837675,225.56977894196493,15.463167325043225,22.28878475108219
VNM,2003,37.44732784676533,26.6115562580968,302.8271639149124,225.85900501920457,19.110011660090787,20.756355809866676
VNM,2004,37.11224082716034,26.445259490787176,300.027384145526,216.93947756327495,23.897045475369822,16.877979779367596
VNM,2005,37.39726235802578,26.82843122548771,296.50503772978175,230.4813176660663,27.55468335071586,25.260667912886266
VNM,2006,36.813157777745026,26.471589459856236,300.087014625996,228.36866979372158,30.605322270258444,24.310454206127453
VNM,2007,37.44724599149885,26.679011941135347,299.9761087646635,226.62147108031982,17.68602184872928,23.199682348165933
VNM,2008,36.280297461348646,26.36752643174959,294.1245356042251,225.9549476134477,10.752750610468212,19.13716332419275
VNM,2009,36.87207415124799,26.692572403435864,303.7153676869727,228.73707209649493,21.74734266385278,24.385605264188992
VNM,2010,37.79590728548411,27.273628194752302,302.5050698737509,234.11461555881525,35.97500806514062,31.386401286717312
VNM,2011,36.006994865983884,26.10592985094942,265.94540601853464,193.6562852827234,4.446440351431459,18.835356533820608
VNM,2012,36.448621809204234,26.26888829552338,280.19333752909864,206.0020112698432,24.725538407522482,21.169592932141637
VNM,2013,36.31407797468009,26.328611828902506,278.0524734097549,201.70093298349468,11.10854600499808,21.95486861644041
VNM,2014,37.09957319439014,26.418678636968018,277.23090557551063,204.30380452144541,20.768060305461166,24.934262485189695
VNM,2015,36.90663408251059,26.66656122435311,284.8021638093853,208.64677981361186,41.55502435804342,28.527535831751983
VNM,2016,37.07366174900774,26.761076136502762,280.29330686828615,212.76419113980316,20.38399111734299,30.04471970715065
VNM,2017,36.38830571089629,26.597774594735373,276.05135772378804,207.50272208412503,13.896550773815603,28.564623319473437
VNM,2018,36.37976103080278,26.383844537396644,281.1318497345835,207.32587565260582,10.652377099549785,24.79212825301286
WSM,2000,35.025736708976225,25.167001754330645,181.77117450394783,128.04051700944652,11.53747513374322,15.339375458867154
WSM,2001,36.0665297640539,25.845623282230985,208.2036700615444,138.05397824891247,4.0765839780475455,26.134769296026196
WSM,2002,36.03097853610305,25.81140614657926,193.82113413194597,133.45337064509144,7.986552583519695,19.633037849483078
WSM,2003,35.179385035557694,26.317194568809125,204.94502616052532,150.77066398813471,2.6535045467237652,18.95517848728088
WSM,2004,38.27868253225056,27.21335549571788,192.84104119483564,139.73085995255678,17.680801343765804,21.091821159320297
WSM,2005,37.37640209227874,26.796596708075644,204.74028096742737,147.8717319036361,2.1892848551989443,17.713122223032432
WSM,2006,37.2230350574237,26.37831553708384,195.30718402818465,135.34973719924434,3.2422119776112264,17.903546014045954
WSM,2007,38.708787209517425,26.310747135303007,191.44381820999666,127.44767771443928,2.3478676676367107,11.681639743895168
WSM,2008,35.28911548605018,25.29458078567154,199.13356448658732,135.1788255044197,4.970421978903558,14.872035205145403
WSM,2009,39.5402722573608,27.25250780314954,224.0329358531381,153.8069882037796,16.920845115774814,22.815152457073104
WSM,2010,38.549548449086515,27.900449739496196,216.52065849632626,154.18083600296012,26.59444043568775,30.05974631614288
WSM,2011,33.44660548044193,24.35063565232715,135.97035434380504,83.75638911051107,11.034991161677466,22.753744171780284
WSM,2012,35.008568103854294,24.977491791217616,148.84444857134653,91.03265643344228,15.796452147133456,22.48302952927798
WSM,2013,35.973622152204584,24.823706182117387,131.00333649191447,74.4086202586341,7.645880254443651,22.331853564330743
WSM,2014,32.299914788543234,23.623777367071877,143.1784897092041,76.66842419386188,3.2214513630667283,23.71375090291365
WSM,2015,34.50123114973323,25.480321325713984,152.20682616923267,87.61582227771207,27.288397328588964,26.706738749786496
WSM,2016,35.533137410036154,25.034397855514648,143.20552808281008,86.38222023673856,27.265517242324613,28.828840730156625
WSM,2017,35.62593394243801,24.872290068161313,164.27966883062416,94.26612328648473,12.080933562589212,30.42316772726896
WSM,2018,32.84508342217232,23.531674338842233,113.72587898997456,71.21239493615886,0.0,13.154980801079704
YEM,2000,,31.005745189876052,260.7002410888672,167.6296270068298,,18.505105184743776
YEM,2001,,30.48920460189512,333.8997240628538,177.37451209056502,,18.62516873882198
YEM,2002,,30.981942931523506,320.9233396813077,178.15068807008385,,19.29749621222376
YEM,2003,,31.10058445083324,330.19933338123894,179.99495815751783,,20.193356886037314
YEM,2004,,30.056790483848726,331.59212720210485,177.39584666683052,,18.16481475568398
YEM,2005,,31.096662572459042,324.79598282531833,179.6762639744197,,18.331162361805795
YEM,2006,,30.85172190807442,327.80171730201306,171.93393727954674,,18.74370148562413
YEM,2007,,30.990785403742393,329.3550195355415,177.82395069995775,,18.408695194829058
YEM,2008,,31.024330320854997,327.65819805828824,182.76528232295252,,19.82894314485266
YEM,2009,,31.00547139520415,329.7305097791468,178.93771437333908,,24.08936995482638
YEM,2010,,31.75026904957666,283.7235870361328,164.9922708502876,,30.45806599363355
YEM,2011,,31.53018815745697,260.4946746826172,147.94089382268524,,20.601646135576637
YEM,2012,,31.22832404816777,257.028564453125,143.96903040066496,,21.87239369106331
YEM,2013,,30.321500137535928,264.7609405517578,135.4880893198541,,19.786594111596507
YEM,2014,,30.297450654826765,259.22381591796875,133.5924066202188,,22.259080991609512
YEM,2015,,31.461359393318098,267.43260192871094,149.85791603932898,,32.21854247663662
YEM,2016,,31.34593114261911,272.5756378173828,145.35912146599475,,26.91978503177303
YEM,2017,,31.293665351565636,267.2189178466797,142.95355681451517,,27.46009917704375
YEM,2018,,31.51008354962942,268.1383056640625,139.74334163669087,,30.201725288756514
ZAF,2000,36.18481123030795,21.446634965868228,163.0933217508833,14.427386117476274,0.44611821553801856,8.113231788082318
ZAF,2001,36.89746950891865,21.62105208899338,173.8847679318284,13.264168522003764,0.0,9.789080219663791
ZAF,2002,37.353959529911215,21.689286551216878,187.0072329740994,16.52806123314135,0.6437791367277554,9.46120041526936
ZAF,2003,37.975166635223225,22.681096830210866,186.10012758214882,20.01674590206997,1.8587743259400085,11.720889094223125
ZAF,2004,37.36937239715851,22.166243066369233,183.4288182068075,21.074349687732344,1.571319923191358,12.481480049830697
ZAF,2005,37.7828393783252,22.436827377243972,181.5955620191745,17.221476825311317,0.9382527357469516,10.795845100304627
ZAF,2006,36.98456849936514,22.461488464769285,166.75102834670872,19.87192731849117,0.11199147615505156,11.32191467899679
ZAF,2007,37.51622796731657,22.81240146026825,191.22478529731507,19.519759443977684,6.364518340087919,10.384729640158367
ZAF,2008,37.39727192772293,21.882388282751702,180.66062889166352,17.500434501064394,0.2928520824240968,9.978299823207687
ZAF,2009,37.07560148143346,21.536418612034634,174.4315477131756,11.016641395989724,0.4366601471609791,10.905272806817157
ZAF,2010,38.22985915718731,21.7448739647447,187.317287519478,14.07666681614114,2.187592805861346,12.643475802423882
ZAF,2011,37.54721737009099,21.488480697709537,167.85426390758806,17.323908381657766,1.0825465000337386,10.0545232396581
ZAF,2012,37.27264989663376,22.193770176857818,176.70829883958794,22.798055526864943,5.080181044709254,11.359485595626728
ZAF,2013,37.93123965955985,22.030062329727954,180.5075090395509,16.89267499853834,4.615714113249638,10.265587921050916
ZAF,2014,37.78884327177778,22.273936872120025,187.06424281939007,19.17513700264745,5.84270485642494,13.36846280515364
ZAF,2015,39.025337468538524,22.650150785133143,205.05300195183347,20.641110265350125,28.762608857131443,15.06621478102906
ZAF,2016,39.86463282887483,23.130128431416217,197.1016933995792,24.847362623855272,16.724358874716945,16.159847229501562
ZAF,2017,37.99442600025547,21.1737107806892,192.9744321010333,11.395412747698085,12.01682050065072,13.135156191254389
ZAF,2018,37.97383882833108,22.257520086842042,176.73602244155165,14.226986862611865,5.408821124979109,16.447952493217706
ZMB,2000,36.23822599920937,21.462545297711625,241.34912109374997,45.959669941054145,,5.748629969944617
ZMB,2001,38.86883015486484,22.46819595975873,269.3855133056641,47.78494243178012,,8.03587266991775
ZMB,2002,38.208253194613455,22.838011148928548,282.3725128173828,59.813516230896894,,9.906460383819889
ZMB,2003,38.2240097079328,22.845540276514843,276.68174743652344,51.17041112549045,,13.924552961912497
ZMB,2004,38.230934217075514,23.582893874051454,273.18955993652344,62.8110382472703,,13.1435889933196
ZMB,2005,38.95226030857348,24.235309269492113,,63.24175764878567,,14.376563066144369
ZMB,2006,37.89471109325763,23.960274473014803,260.08848571777344,40.28830887924406,,13.709893720488955
ZMB,2007,39.044388515240485,24.27614758392712,265.38380432128906,57.71836358607407,,9.83903640768404
ZMB,2008,39.01655045838497,22.837898205635266,277.52557373046875,67.08461543691695,,11.34176840185392
ZMB,2009,35.955453960917,21.062419621723485,,50.52470493556763,,13.427037145229733
ZMB,2010,37.246616852850245,19.890998073477398,,9.22120676414097,,13.28849271188361
ZMB,2011,39.29179967286355,22.454731102054044,,42.51720367116018,,10.67805952943998
ZMB,2012,37.34471224348591,22.606093022565453,,46.838488098508144,,13.30870603507546
ZMB,2013,38.72412306318175,22.850005651580194,263.0505065917969,35.25601383871267,,9.938105132617373
ZMB,2014,37.41016345066848,22.4519250050239,267.0890655517578,33.100173366299266,,12.977604511307925
ZMB,2015,39.70478355269701,24.02095870063006,,44.26724490367048,,17.485368322435253
ZMB,2016,41.50390235232591,25.11633154309325,275.1467742919922,47.03593773546577,,17.699499681219507
ZMB,2017,36.361111833599544,20.542331190876457,,8.603736740529234,,14.919036219143582
ZMB,2018,36.95337264481026,21.343259554511263,,9.2654562907874,,24.890575426463833
ZWE,2000,36.17443703862662,21.504254148935726,228.30814819078856,27.600988810700294,0.0,5.758961830147736
ZWE,2001,38.540638944298344,22.41262412325789,253.9689846351249,29.317530189660467,0.0,8.357638996321556
ZWE,2002,38.13540103631163,22.72529362750092,273.404296160869,37.18354813109984,0.0,9.539713478941412
ZWE,2003,38.42870772254492,22.71985881154989,270.03820193171526,19.90873479105661,0.6094970843663511,13.750871530697301
ZWE,2004,38.34085059549091,23.47476834691235,260.5282218522717,44.16457733178172,1.420306977795754,13.104877882493415
ZWE,2005,39.02684749734956,24.042893022881394,273.63751852579384,44.84920500909766,0.0,13.689191341130275
ZWE,2006,37.96180186787447,23.9751802141025,248.7504079192726,43.16374908308994,0.0,13.35695415417117
ZWE,2007,38.8626239620411,24.49251542261924,258.2790486141412,39.08551041570271,2.918173604221912,9.929847355543464
ZWE,2008,38.866305346770055,22.902618731154778,268.89051031242906,42.21082285612996,0.0,10.509362780204366
ZWE,2009,36.56750283082655,21.18269319725895,215.86402350380285,11.957224317294763,0.0,10.993423531211961
ZWE,2010,37.765113267543946,19.971805496609882,215.23748439849604,11.229609642772205,0.0,13.02700249340671
ZWE,2011,39.508632014498076,22.926907437895906,253.87240547842728,44.19235702972289,0.4986545034464024,10.707183483611967
ZWE,2012,37.752040568702874,22.86037571826652,263.46733861254086,51.07850196950716,3.7711135689497635,13.242415197315133
ZWE,2013,38.76994316477984,22.796559165797838,250.2225371983788,37.931357710245905,3.762034067549627,9.991920765647832
ZWE,2014,37.551122970797245,22.447515223265718,256.22832501544485,35.808776529809094,2.039803306095581,12.887064463926308
ZWE,2015,39.72098466028212,23.878448656332534,278.5603804821816,46.77311736752934,22.061330032088236,16.97000399032044
ZWE,2016,41.08916178635367,24.97543162532837,268.87083368223676,49.93826931197817,6.78955878615561,17.442690105304493
ZWE,2017,36.630612203650855,20.404587131119264,218.00409722861957,10.378641032420548,13.44539676223765,14.663168225222996
ZWE,2018,36.98801954619136,21.393696408094424,227.3468591736352,11.113505957609279,6.861090685905572,23.011503627111026
