iso3,country_name,year,pathogen,antibiotic,resistance_rate,TXx,TNx,SU,TR,WSDI,TN90p,gdp_per_capita,pop_density,sanitation,water
AUT,Austria,2000,Staphylococcus aureus,Meticillin (MRSA),17.80104712,33.92093834888419,19.06736420647449,57.98548074266359,3.696241950841914,18.2341788437794,19.813432167209346,53534.344,97.102875,99.99998,100.0
AUT,Austria,2001,Enterococcus faecium,Aminopenicillins,85.71428571,32.88618038387096,19.26686148994405,52.77737892287347,4.182728009751881,9.656977015976212,16.84259964402733,54032.152,97.457985,99.99999,100.0
AUT,Austria,2001,Escherichia coli,Carbapenems,0.0,32.88618038387096,19.26686148994405,52.77737892287347,4.182728009751881,9.656977015976212,16.84259964402733,54032.152,97.457985,99.99999,100.0
AUT,Austria,2001,Escherichia coli,Fluoroquinolones,7.03517587,32.88618038387096,19.26686148994405,52.77737892287347,4.182728009751881,9.656977015976212,16.84259964402733,54032.152,97.457985,99.99999,100.0
AUT,Austria,2001,Escherichia coli,Third-generation cephalosporins,0.0,32.88618038387096,19.26686148994405,52.77737892287347,4.182728009751881,9.656977015976212,16.84259964402733,54032.152,97.457985,99.99999,100.0
AUT,Austria,2001,Staphylococcus aureus,Meticillin (MRSA),7.55395683,32.88618038387096,19.26686148994405,52.77737892287347,4.182728009751881,9.656977015976212,16.84259964402733,54032.152,97.457985,99.99999,100.0
AUT,Austria,2002,Enterococcus faecium,Aminopenicillins,84.44444444,33.275747496125014,19.601387875772357,54.20511880097563,3.905865948909968,21.71502764252848,20.23236403764423,54565.08,97.93553,100.0,100.0
AUT,Austria,2002,Escherichia coli,Carbapenems,0.0,33.275747496125014,19.601387875772357,54.20511880097563,3.905865948909968,21.71502764252848,20.23236403764423,54565.08,97.93553,100.0,100.0
AUT,Austria,2002,Escherichia coli,Fluoroquinolones,10.16949152,33.275747496125014,19.601387875772357,54.20511880097563,3.905865948909968,21.71502764252848,20.23236403764423,54565.08,97.93553,100.0,100.0
AUT,Austria,2002,Escherichia coli,Third-generation cephalosporins,1.25786163,33.275747496125014,19.601387875772357,54.20511880097563,3.905865948909968,21.71502764252848,20.23236403764423,54565.08,97.93553,100.0,100.0
AUT,Austria,2002,Staphylococcus aureus,Meticillin (MRSA),12.08791208,33.275747496125014,19.601387875772357,54.20511880097563,3.905865948909968,21.71502764252848,20.23236403764423,54565.08,97.93553,100.0,100.0
AUT,Austria,2003,Enterococcus faecium,Aminopenicillins,84.61538461,36.06351462275674,20.445896974762885,82.37026868158968,9.26244652267408,31.591841319026138,18.99998707162428,54919.79,98.431946,99.99838,100.0
AUT,Austria,2003,Escherichia coli,Carbapenems,0.15082956,36.06351462275674,20.445896974762885,82.37026868158968,9.26244652267408,31.591841319026138,18.99998707162428,54919.79,98.431946,99.99838,100.0
AUT,Austria,2003,Escherichia coli,Fluoroquinolones,14.12487205,36.06351462275674,20.445896974762885,82.37026868158968,9.26244652267408,31.591841319026138,18.99998707162428,54919.79,98.431946,99.99838,100.0
AUT,Austria,2003,Escherichia coli,Third-generation cephalosporins,1.84237461,36.06351462275674,20.445896974762885,82.37026868158968,9.26244652267408,31.591841319026138,18.99998707162428,54919.79,98.431946,99.99838,100.0
AUT,Austria,2003,Staphylococcus aureus,Meticillin (MRSA),15.38461538,36.06351462275674,20.445896974762885,82.37026868158968,9.26244652267408,31.591841319026138,18.99998707162428,54919.79,98.431946,99.99838,100.0
AUT,Austria,2004,Enterococcus faecium,Aminopenicillins,84.84848484,31.982370220889557,18.78647445166252,49.94014592124282,3.8096433403975376,10.806673337498378,14.151773844426195,55980.23,99.04867,99.99654,100.0
AUT,Austria,2004,Escherichia coli,Carbapenems,0.23809523,31.982370220889557,18.78647445166252,49.94014592124282,3.8096433403975376,10.806673337498378,14.151773844426195,55980.23,99.04867,99.99654,100.0
AUT,Austria,2004,Escherichia coli,Fluoroquinolones,16.72060409,31.982370220889557,18.78647445166252,49.94014592124282,3.8096433403975376,10.806673337498378,14.151773844426195,55980.23,99.04867,99.99654,100.0
AUT,Austria,2004,Escherichia coli,Third-generation cephalosporins,2.53232758,31.982370220889557,18.78647445166252,49.94014592124282,3.8096433403975376,10.806673337498378,14.151773844426195,55980.23,99.04867,99.99654,100.0
AUT,Austria,2004,Staphylococcus aureus,Meticillin (MRSA),14.36619718,31.982370220889557,18.78647445166252,49.94014592124282,3.8096433403975376,10.806673337498378,14.151773844426195,55980.23,99.04867,99.99654,100.0
AUT,Austria,2005,Enterococcus faecium,Aminopenicillins,84.48275862,33.48187553428769,19.724124625099066,53.57185898339342,4.269596933490617,14.875017657859695,15.27963087081674,56890.28,99.723755,99.994705,100.0
AUT,Austria,2005,Escherichia coli,Carbapenems,0.2108222,33.48187553428769,19.724124625099066,53.57185898339342,4.269596933490617,14.875017657859695,15.27963087081674,56890.28,99.723755,99.994705,100.0
AUT,Austria,2005,Escherichia coli,Fluoroquinolones,19.37530502,33.48187553428769,19.724124625099066,53.57185898339342,4.269596933490617,14.875017657859695,15.27963087081674,56890.28,99.723755,99.994705,100.0
AUT,Austria,2005,Escherichia coli,Third-generation cephalosporins,4.20332355,33.48187553428769,19.724124625099066,53.57185898339342,4.269596933490617,14.875017657859695,15.27963087081674,56890.28,99.723755,99.994705,100.0
AUT,Austria,2005,Klebsiella pneumoniae,Carbapenems,0.0,33.48187553428769,19.724124625099066,53.57185898339342,4.269596933490617,14.875017657859695,15.27963087081674,56890.28,99.723755,99.994705,100.0
AUT,Austria,2005,Klebsiella pneumoniae,Fluoroquinolones,11.36363636,33.48187553428769,19.724124625099066,53.57185898339342,4.269596933490617,14.875017657859695,15.27963087081674,56890.28,99.723755,99.994705,100.0
AUT,Austria,2005,Klebsiella pneumoniae,Third-generation cephalosporins,5.68181818,33.48187553428769,19.724124625099066,53.57185898339342,4.269596933490617,14.875017657859695,15.27963087081674,56890.28,99.723755,99.994705,100.0
AUT,Austria,2005,Pseudomonas aeruginosa,Carbapenems,10.38961038,33.48187553428769,19.724124625099066,53.57185898339342,4.269596933490617,14.875017657859695,15.27963087081674,56890.28,99.723755,99.994705,100.0
AUT,Austria,2005,Staphylococcus aureus,Meticillin (MRSA),13.6548913,33.48187553428769,19.724124625099066,53.57185898339342,4.269596933490617,14.875017657859695,15.27963087081674,56890.28,99.723755,99.994705,100.0
AUT,Austria,2006,Enterococcus faecium,Aminopenicillins,88.8429752,34.070834659948055,19.89407873632983,60.88067815685245,5.275945597989587,24.467426428008554,20.10426429795117,58460.24,100.21693,99.9929,100.0
AUT,Austria,2006,Escherichia coli,Carbapenems,0.28392958,34.070834659948055,19.89407873632983,60.88067815685245,5.275945597989587,24.467426428008554,20.10426429795117,58460.24,100.21693,99.9929,100.0
AUT,Austria,2006,Escherichia coli,Fluoroquinolones,22.08688591,34.070834659948055,19.89407873632983,60.88067815685245,5.275945597989587,24.467426428008554,20.10426429795117,58460.24,100.21693,99.9929,100.0
AUT,Austria,2006,Escherichia coli,Third-generation cephalosporins,6.59651962,34.070834659948055,19.89407873632983,60.88067815685245,5.275945597989587,24.467426428008554,20.10426429795117,58460.24,100.21693,99.9929,100.0
AUT,Austria,2006,Klebsiella pneumoniae,Carbapenems,0.0,34.070834659948055,19.89407873632983,60.88067815685245,5.275945597989587,24.467426428008554,20.10426429795117,58460.24,100.21693,99.9929,100.0
AUT,Austria,2006,Klebsiella pneumoniae,Fluoroquinolones,8.10185185,34.070834659948055,19.89407873632983,60.88067815685245,5.275945597989587,24.467426428008554,20.10426429795117,58460.24,100.21693,99.9929,100.0
AUT,Austria,2006,Klebsiella pneumoniae,Third-generation cephalosporins,6.03248259,34.070834659948055,19.89407873632983,60.88067815685245,5.275945597989587,24.467426428008554,20.10426429795117,58460.24,100.21693,99.9929,100.0
AUT,Austria,2006,Pseudomonas aeruginosa,Carbapenems,14.86146095,34.070834659948055,19.89407873632983,60.88067815685245,5.275945597989587,24.467426428008554,20.10426429795117,58460.24,100.21693,99.9929,100.0
AUT,Austria,2006,Staphylococcus aureus,Meticillin (MRSA),9.65180207,34.070834659948055,19.89407873632983,60.88067815685245,5.275945597989587,24.467426428008554,20.10426429795117,58460.24,100.21693,99.9929,100.0
AUT,Austria,2007,Enterococcus faecium,Aminopenicillins,81.98529411,35.05744312437351,19.59677248397638,58.93105994833021,4.013525204605132,34.17943882455142,19.501880182785158,60470.91,100.54469,99.991104,100.0
AUT,Austria,2007,Escherichia coli,Carbapenems,0.19389238,35.05744312437351,19.59677248397638,58.93105994833021,4.013525204605132,34.17943882455142,19.501880182785158,60470.91,100.54469,99.991104,100.0
AUT,Austria,2007,Escherichia coli,Fluoroquinolones,25.68154879,35.05744312437351,19.59677248397638,58.93105994833021,4.013525204605132,34.17943882455142,19.501880182785158,60470.91,100.54469,99.991104,100.0
AUT,Austria,2007,Escherichia coli,Third-generation cephalosporins,8.87128712,35.05744312437351,19.59677248397638,58.93105994833021,4.013525204605132,34.17943882455142,19.501880182785158,60470.91,100.54469,99.991104,100.0
AUT,Austria,2007,Klebsiella pneumoniae,Carbapenems,0.0,35.05744312437351,19.59677248397638,58.93105994833021,4.013525204605132,34.17943882455142,19.501880182785158,60470.91,100.54469,99.991104,100.0
AUT,Austria,2007,Klebsiella pneumoniae,Fluoroquinolones,12.58426966,35.05744312437351,19.59677248397638,58.93105994833021,4.013525204605132,34.17943882455142,19.501880182785158,60470.91,100.54469,99.991104,100.0
AUT,Austria,2007,Klebsiella pneumoniae,Third-generation cephalosporins,8.18181818,35.05744312437351,19.59677248397638,58.93105994833021,4.013525204605132,34.17943882455142,19.501880182785158,60470.91,100.54469,99.991104,100.0
AUT,Austria,2007,Pseudomonas aeruginosa,Carbapenems,11.51960784,35.05744312437351,19.59677248397638,58.93105994833021,4.013525204605132,34.17943882455142,19.501880182785158,60470.91,100.54469,99.991104,100.0
AUT,Austria,2007,Staphylococcus aureus,Meticillin (MRSA),12.70791749,35.05744312437351,19.59677248397638,58.93105994833021,4.013525204605132,34.17943882455142,19.501880182785158,60470.91,100.54469,99.991104,100.0
AUT,Austria,2008,Enterococcus faecium,Aminopenicillins,90.77380952,32.086227137695666,18.869596512736305,55.73160111055602,4.311451208746143,14.685676265626032,16.8575114748044,61157.99,100.86343,99.98933,100.0
AUT,Austria,2008,Escherichia coli,Carbapenems,0.166044,32.086227137695666,18.869596512736305,55.73160111055602,4.311451208746143,14.685676265626032,16.8575114748044,61157.99,100.86343,99.98933,100.0
AUT,Austria,2008,Escherichia coli,Fluoroquinolones,22.92436974,32.086227137695666,18.869596512736305,55.73160111055602,4.311451208746143,14.685676265626032,16.8575114748044,61157.99,100.86343,99.98933,100.0
AUT,Austria,2008,Escherichia coli,Third-generation cephalosporins,7.41239892,32.086227137695666,18.869596512736305,55.73160111055602,4.311451208746143,14.685676265626032,16.8575114748044,61157.99,100.86343,99.98933,100.0
AUT,Austria,2008,Klebsiella pneumoniae,Carbapenems,0.0,32.086227137695666,18.869596512736305,55.73160111055602,4.311451208746143,14.685676265626032,16.8575114748044,61157.99,100.86343,99.98933,100.0
AUT,Austria,2008,Klebsiella pneumoniae,Fluoroquinolones,11.70395869,32.086227137695666,18.869596512736305,55.73160111055602,4.311451208746143,14.685676265626032,16.8575114748044,61157.99,100.86343,99.98933,100.0
AUT,Austria,2008,Klebsiella pneumoniae,Third-generation cephalosporins,7.94473229,32.086227137695666,18.869596512736305,55.73160111055602,4.311451208746143,14.685676265626032,16.8575114748044,61157.99,100.86343,99.98933,100.0
AUT,Austria,2008,Pseudomonas aeruginosa,Carbapenems,10.84812623,32.086227137695666,18.869596512736305,55.73160111055602,4.311451208746143,14.685676265626032,16.8575114748044,61157.99,100.86343,99.98933,100.0
AUT,Austria,2008,Staphylococcus aureus,Meticillin (MRSA),8.71172122,32.086227137695666,18.869596512736305,55.73160111055602,4.311451208746143,14.685676265626032,16.8575114748044,61157.99,100.86343,99.98933,100.0
AUT,Austria,2009,Enterococcus faecium,Aminopenicillins,87.94788273,33.126883850680684,18.711364210509927,60.27532021777305,4.587596110926286,16.96901437879418,16.460672910532374,58810.44,101.127884,99.98757,100.0
AUT,Austria,2009,Escherichia coli,Carbapenems,0.14251781,33.126883850680684,18.711364210509927,60.27532021777305,4.587596110926286,16.96901437879418,16.460672910532374,58810.44,101.127884,99.98757,100.0
AUT,Austria,2009,Escherichia coli,Fluoroquinolones,20.48929663,33.126883850680684,18.711364210509927,60.27532021777305,4.587596110926286,16.96901437879418,16.460672910532374,58810.44,101.127884,99.98757,100.0
AUT,Austria,2009,Escherichia coli,Third-generation cephalosporins,7.54716981,33.126883850680684,18.711364210509927,60.27532021777305,4.587596110926286,16.96901437879418,16.460672910532374,58810.44,101.127884,99.98757,100.0
AUT,Austria,2009,Klebsiella pneumoniae,Carbapenems,0.0,33.126883850680684,18.711364210509927,60.27532021777305,4.587596110926286,16.96901437879418,16.460672910532374,58810.44,101.127884,99.98757,100.0
AUT,Austria,2009,Klebsiella pneumoniae,Fluoroquinolones,8.4437086,33.126883850680684,18.711364210509927,60.27532021777305,4.587596110926286,16.96901437879418,16.460672910532374,58810.44,101.127884,99.98757,100.0
AUT,Austria,2009,Klebsiella pneumoniae,Third-generation cephalosporins,7.64227642,33.126883850680684,18.711364210509927,60.27532021777305,4.587596110926286,16.96901437879418,16.460672910532374,58810.44,101.127884,99.98757,100.0
AUT,Austria,2009,Pseudomonas aeruginosa,Carbapenems,8.77192982,33.126883850680684,18.711364210509927,60.27532021777305,4.587596110926286,16.96901437879418,16.460672910532374,58810.44,101.127884,99.98757,100.0
AUT,Austria,2009,Staphylococcus aureus,Meticillin (MRSA),6.21046578,33.126883850680684,18.711364210509927,60.27532021777305,4.587596110926286,16.96901437879418,16.460672910532374,58810.44,101.127884,99.98757,100.0
AUT,Austria,2010,Enterococcus faecium,Aminopenicillins,92.37288135,33.727952991411826,20.107364330597274,50.46616210429252,5.008015260028723,9.511416233750204,13.60894266539882,59730.55,101.37042,99.98583,100.0
AUT,Austria,2010,Escherichia coli,Carbapenems,0.04056795,33.727952991411826,20.107364330597274,50.46616210429252,5.008015260028723,9.511416233750204,13.60894266539882,59730.55,101.37042,99.98583,100.0
AUT,Austria,2010,Escherichia coli,Fluoroquinolones,20.88888888,33.727952991411826,20.107364330597274,50.46616210429252,5.008015260028723,9.511416233750204,13.60894266539882,59730.55,101.37042,99.98583,100.0
AUT,Austria,2010,Escherichia coli,Third-generation cephalosporins,7.25530458,33.727952991411826,20.107364330597274,50.46616210429252,5.008015260028723,9.511416233750204,13.60894266539882,59730.55,101.37042,99.98583,100.0
AUT,Austria,2010,Klebsiella pneumoniae,Carbapenems,0.58939096,33.727952991411826,20.107364330597274,50.46616210429252,5.008015260028723,9.511416233750204,13.60894266539882,59730.55,101.37042,99.98583,100.0
AUT,Austria,2010,Klebsiella pneumoniae,Fluoroquinolones,18.19444444,33.727952991411826,20.107364330597274,50.46616210429252,5.008015260028723,9.511416233750204,13.60894266539882,59730.55,101.37042,99.98583,100.0
AUT,Austria,2010,Klebsiella pneumoniae,Third-generation cephalosporins,12.63888888,33.727952991411826,20.107364330597274,50.46616210429252,5.008015260028723,9.511416233750204,13.60894266539882,59730.55,101.37042,99.98583,100.0
AUT,Austria,2010,Pseudomonas aeruginosa,Carbapenems,14.37632135,33.727952991411826,20.107364330597274,50.46616210429252,5.008015260028723,9.511416233750204,13.60894266539882,59730.55,101.37042,99.98583,100.0
AUT,Austria,2010,Staphylococcus aureus,Meticillin (MRSA),7.44622173,33.727952991411826,20.107364330597274,50.46616210429252,5.008015260028723,9.511416233750204,13.60894266539882,59730.55,101.37042,99.98583,100.0
AUT,Austria,2011,Enterococcus faecium,Aminopenicillins,90.4347826,33.60366612271439,19.348376174500316,63.26423210464434,4.135286112509225,24.70215398078981,16.401901357476525,61272.258,101.711975,99.984116,100.0
AUT,Austria,2011,Escherichia coli,Carbapenems,0.03687315,33.60366612271439,19.348376174500316,63.26423210464434,4.135286112509225,24.70215398078981,16.401901357476525,61272.258,101.711975,99.984116,100.0
AUT,Austria,2011,Escherichia coli,Fluoroquinolones,22.26438962,33.60366612271439,19.348376174500316,63.26423210464434,4.135286112509225,24.70215398078981,16.401901357476525,61272.258,101.711975,99.984116,100.0
AUT,Austria,2011,Escherichia coli,Third-generation cephalosporins,9.14556962,33.60366612271439,19.348376174500316,63.26423210464434,4.135286112509225,24.70215398078981,16.401901357476525,61272.258,101.711975,99.984116,100.0
AUT,Austria,2011,Klebsiella pneumoniae,Carbapenems,0.16393442,33.60366612271439,19.348376174500316,63.26423210464434,4.135286112509225,24.70215398078981,16.401901357476525,61272.258,101.711975,99.984116,100.0
AUT,Austria,2011,Klebsiella pneumoniae,Fluoroquinolones,16.5621079,33.60366612271439,19.348376174500316,63.26423210464434,4.135286112509225,24.70215398078981,16.401901357476525,61272.258,101.711975,99.984116,100.0
AUT,Austria,2011,Klebsiella pneumoniae,Third-generation cephalosporins,13.33333333,33.60366612271439,19.348376174500316,63.26423210464434,4.135286112509225,24.70215398078981,16.401901357476525,61272.258,101.711975,99.984116,100.0
AUT,Austria,2011,Pseudomonas aeruginosa,Carbapenems,13.56877323,33.60366612271439,19.348376174500316,63.26423210464434,4.135286112509225,24.70215398078981,16.401901357476525,61272.258,101.711975,99.984116,100.0
AUT,Austria,2011,Staphylococcus aureus,Meticillin (MRSA),7.22278738,33.60366612271439,19.348376174500316,63.26423210464434,4.135286112509225,24.70215398078981,16.401901357476525,61272.258,101.711975,99.984116,100.0
AUT,Austria,2012,Enterococcus faecium,Aminopenicillins,90.59829059,35.10389072894364,19.893161594130262,63.99746933419133,6.390528085391733,24.639504777508492,18.16123960961665,61376.723,102.17643,99.982315,100.0
AUT,Austria,2012,Escherichia coli,Carbapenems,0.05988023,35.10389072894364,19.893161594130262,63.99746933419133,6.390528085391733,24.639504777508492,18.16123960961665,61376.723,102.17643,99.982315,100.0
AUT,Austria,2012,Escherichia coli,Fluoroquinolones,20.55401662,35.10389072894364,19.893161594130262,63.99746933419133,6.390528085391733,24.639504777508492,18.16123960961665,61376.723,102.17643,99.982315,100.0
AUT,Austria,2012,Escherichia coli,Third-generation cephalosporins,8.6522911,35.10389072894364,19.893161594130262,63.99746933419133,6.390528085391733,24.639504777508492,18.16123960961665,61376.723,102.17643,99.982315,100.0
AUT,Austria,2012,Klebsiella pneumoniae,Carbapenems,0.81300813,35.10389072894364,19.893161594130262,63.99746933419133,6.390528085391733,24.639504777508492,18.16123960961665,61376.723,102.17643,99.982315,100.0
AUT,Austria,2012,Klebsiella pneumoniae,Fluoroquinolones,15.4402895,35.10389072894364,19.893161594130262,63.99746933419133,6.390528085391733,24.639504777508492,18.16123960961665,61376.723,102.17643,99.982315,100.0
AUT,Austria,2012,Klebsiella pneumoniae,Third-generation cephalosporins,11.75785797,35.10389072894364,19.893161594130262,63.99746933419133,6.390528085391733,24.639504777508492,18.16123960961665,61376.723,102.17643,99.982315,100.0
AUT,Austria,2012,Pseudomonas aeruginosa,Carbapenems,14.59074733,35.10389072894364,19.893161594130262,63.99746933419133,6.390528085391733,24.639504777508492,18.16123960961665,61376.723,102.17643,99.982315,100.0
AUT,Austria,2012,Staphylococcus aureus,Meticillin (MRSA),8.04066543,35.10389072894364,19.893161594130262,63.99746933419133,6.390528085391733,24.639504777508492,18.16123960961665,61376.723,102.17643,99.982315,100.0
AUT,Austria,2013,Acinetobacter spp.,Carbapenems,7.84313725,35.799407578166935,20.14857744480279,56.16374881997551,4.810384864648354,13.691835394466285,16.066052746524225,60863.055,102.78007,99.98045,100.0
AUT,Austria,2013,Enterococcus faecium,Aminopenicillins,92.13759213,35.799407578166935,20.14857744480279,56.16374881997551,4.810384864648354,13.691835394466285,16.066052746524225,60863.055,102.78007,99.98045,100.0
AUT,Austria,2013,Escherichia coli,Carbapenems,0.02349072,35.799407578166935,20.14857744480279,56.16374881997551,4.810384864648354,13.691835394466285,16.066052746524225,60863.055,102.78007,99.98045,100.0
AUT,Austria,2013,Escherichia coli,Fluoroquinolones,21.96774947,35.799407578166935,20.14857744480279,56.16374881997551,4.810384864648354,13.691835394466285,16.066052746524225,60863.055,102.78007,99.98045,100.0
AUT,Austria,2013,Escherichia coli,Third-generation cephalosporins,9.84917733,35.799407578166935,20.14857744480279,56.16374881997551,4.810384864648354,13.691835394466285,16.066052746524225,60863.055,102.78007,99.98045,100.0
AUT,Austria,2013,Klebsiella pneumoniae,Carbapenems,1.2087912,35.799407578166935,20.14857744480279,56.16374881997551,4.810384864648354,13.691835394466285,16.066052746524225,60863.055,102.78007,99.98045,100.0
AUT,Austria,2013,Klebsiella pneumoniae,Fluoroquinolones,15.78378378,35.799407578166935,20.14857744480279,56.16374881997551,4.810384864648354,13.691835394466285,16.066052746524225,60863.055,102.78007,99.98045,100.0
AUT,Austria,2013,Klebsiella pneumoniae,Third-generation cephalosporins,10.73326248,35.799407578166935,20.14857744480279,56.16374881997551,4.810384864648354,13.691835394466285,16.066052746524225,60863.055,102.78007,99.98045,100.0
AUT,Austria,2013,Pseudomonas aeruginosa,Carbapenems,12.33766233,35.799407578166935,20.14857744480279,56.16374881997551,4.810384864648354,13.691835394466285,16.066052746524225,60863.055,102.78007,99.98045,100.0
AUT,Austria,2013,Staphylococcus aureus,Meticillin (MRSA),9.11602209,35.799407578166935,20.14857744480279,56.16374881997551,4.810384864648354,13.691835394466285,16.066052746524225,60863.055,102.78007,99.98045,100.0
AUT,Austria,2014,Acinetobacter spp.,Carbapenems,6.41025641,32.901202041569924,18.99681888605842,48.68476850284875,2.400969144436133,20.350798822420305,22.72770306840817,60845.66,103.58473,99.978584,100.0
AUT,Austria,2014,Enterococcus faecium,Aminopenicillins,93.25842696,32.901202041569924,18.99681888605842,48.68476850284875,2.400969144436133,20.350798822420305,22.72770306840817,60845.66,103.58473,99.978584,100.0
AUT,Austria,2014,Escherichia coli,Carbapenems,0.02173913,32.901202041569924,18.99681888605842,48.68476850284875,2.400969144436133,20.350798822420305,22.72770306840817,60845.66,103.58473,99.978584,100.0
AUT,Austria,2014,Escherichia coli,Fluoroquinolones,19.81904351,32.901202041569924,18.99681888605842,48.68476850284875,2.400969144436133,20.350798822420305,22.72770306840817,60845.66,103.58473,99.978584,100.0
AUT,Austria,2014,Escherichia coli,Third-generation cephalosporins,9.3690652,32.901202041569924,18.99681888605842,48.68476850284875,2.400969144436133,20.350798822420305,22.72770306840817,60845.66,103.58473,99.978584,100.0
AUT,Austria,2014,Klebsiella pneumoniae,Carbapenems,0.61791967,32.901202041569924,18.99681888605842,48.68476850284875,2.400969144436133,20.350798822420305,22.72770306840817,60845.66,103.58473,99.978584,100.0
AUT,Austria,2014,Klebsiella pneumoniae,Fluoroquinolones,10.40164778,32.901202041569924,18.99681888605842,48.68476850284875,2.400969144436133,20.350798822420305,22.72770306840817,60845.66,103.58473,99.978584,100.0
AUT,Austria,2014,Klebsiella pneumoniae,Third-generation cephalosporins,8.23293172,32.901202041569924,18.99681888605842,48.68476850284875,2.400969144436133,20.350798822420305,22.72770306840817,60845.66,103.58473,99.978584,100.0
AUT,Austria,2014,Pseudomonas aeruginosa,Carbapenems,12.73584905,32.901202041569924,18.99681888605842,48.68476850284875,2.400969144436133,20.350798822420305,22.72770306840817,60845.66,103.58473,99.978584,100.0
AUT,Austria,2014,Staphylococcus aureus,Meticillin (MRSA),7.73293096,32.901202041569924,18.99681888605842,48.68476850284875,2.400969144436133,20.350798822420305,22.72770306840817,60845.66,103.58473,99.978584,100.0
AUT,Austria,2015,Acinetobacter spp.,Carbapenems,9.375,35.805500935200904,20.753401199762504,64.50283645986472,7.689554797139358,39.52368922139515,20.52250288715359,60951.688,104.75081,99.97671,100.0
AUT,Austria,2015,Enterococcus faecium,Aminopenicillins,91.47982062,35.805500935200904,20.753401199762504,64.50283645986472,7.689554797139358,39.52368922139515,20.52250288715359,60951.688,104.75081,99.97671,100.0
AUT,Austria,2015,Escherichia coli,Carbapenems,0.0210084,35.805500935200904,20.753401199762504,64.50283645986472,7.689554797139358,39.52368922139515,20.52250288715359,60951.688,104.75081,99.97671,100.0
AUT,Austria,2015,Escherichia coli,Fluoroquinolones,20.02911813,35.805500935200904,20.753401199762504,64.50283645986472,7.689554797139358,39.52368922139515,20.52250288715359,60951.688,104.75081,99.97671,100.0
AUT,Austria,2015,Escherichia coli,Third-generation cephalosporins,9.67346938,35.805500935200904,20.753401199762504,64.50283645986472,7.689554797139358,39.52368922139515,20.52250288715359,60951.688,104.75081,99.97671,100.0
AUT,Austria,2015,Klebsiella pneumoniae,Carbapenems,0.78277886,35.805500935200904,20.753401199762504,64.50283645986472,7.689554797139358,39.52368922139515,20.52250288715359,60951.688,104.75081,99.97671,100.0
AUT,Austria,2015,Klebsiella pneumoniae,Fluoroquinolones,11.66180758,35.805500935200904,20.753401199762504,64.50283645986472,7.689554797139358,39.52368922139515,20.52250288715359,60951.688,104.75081,99.97671,100.0
AUT,Austria,2015,Klebsiella pneumoniae,Third-generation cephalosporins,8.38095238,35.805500935200904,20.753401199762504,64.50283645986472,7.689554797139358,39.52368922139515,20.52250288715359,60951.688,104.75081,99.97671,100.0
AUT,Austria,2015,Pseudomonas aeruginosa,Carbapenems,12.20588235,35.805500935200904,20.753401199762504,64.50283645986472,7.689554797139358,39.52368922139515,20.52250288715359,60951.688,104.75081,99.97671,100.0
AUT,Austria,2015,Staphylococcus aureus,Meticillin (MRSA),7.43267504,35.805500935200904,20.753401199762504,64.50283645986472,7.689554797139358,39.52368922139515,20.52250288715359,60951.688,104.75081,99.97671,100.0
AUT,Austria,2016,Acinetobacter spp.,Carbapenems,12.34567901,32.79417329555572,19.313543223429697,61.75394592397648,3.8434307119007354,17.63183219591041,17.94165397752067,61572.71,105.88851,99.974815,100.0
AUT,Austria,2016,Enterococcus faecium,Aminopenicillins,91.24236252,32.79417329555572,19.313543223429697,61.75394592397648,3.8434307119007354,17.63183219591041,17.94165397752067,61572.71,105.88851,99.974815,100.0
AUT,Austria,2016,Escherichia coli,Carbapenems,0.01947798,32.79417329555572,19.313543223429697,61.75394592397648,3.8434307119007354,17.63183219591041,17.94165397752067,61572.71,105.88851,99.974815,100.0
AUT,Austria,2016,Escherichia coli,Fluoroquinolones,19.83705949,32.79417329555572,19.313543223429697,61.75394592397648,3.8434307119007354,17.63183219591041,17.94165397752067,61572.71,105.88851,99.974815,100.0
AUT,Austria,2016,Escherichia coli,Third-generation cephalosporins,10.00569584,32.79417329555572,19.313543223429697,61.75394592397648,3.8434307119007354,17.63183219591041,17.94165397752067,61572.71,105.88851,99.974815,100.0
AUT,Austria,2016,Klebsiella pneumoniae,Carbapenems,0.66777963,32.79417329555572,19.313543223429697,61.75394592397648,3.8434307119007354,17.63183219591041,17.94165397752067,61572.71,105.88851,99.974815,100.0
AUT,Austria,2016,Klebsiella pneumoniae,Fluoroquinolones,9.79133226,32.79417329555572,19.313543223429697,61.75394592397648,3.8434307119007354,17.63183219591041,17.94165397752067,61572.71,105.88851,99.974815,100.0
AUT,Austria,2016,Klebsiella pneumoniae,Third-generation cephalosporins,9.55823293,32.79417329555572,19.313543223429697,61.75394592397648,3.8434307119007354,17.63183219591041,17.94165397752067,61572.71,105.88851,99.974815,100.0
AUT,Austria,2016,Pseudomonas aeruginosa,Carbapenems,12.93103448,32.79417329555572,19.313543223429697,61.75394592397648,3.8434307119007354,17.63183219591041,17.94165397752067,61572.71,105.88851,99.974815,100.0
AUT,Austria,2016,Staphylococcus aureus,Meticillin (MRSA),7.20602685,32.79417329555572,19.313543223429697,61.75394592397648,3.8434307119007354,17.63183219591041,17.94165397752067,61572.71,105.88851,99.974815,100.0
AUT,Austria,2017,Acinetobacter spp.,Carbapenems,6.66666666,34.474937085771494,19.84717864958353,61.07785299567248,4.913282349946014,19.882481690979645,16.481924506307625,62535.9,106.626015,99.97291,100.0
AUT,Austria,2017,Enterococcus faecium,Aminopenicillins,90.98939929,34.474937085771494,19.84717864958353,61.07785299567248,4.913282349946014,19.882481690979645,16.481924506307625,62535.9,106.626015,99.97291,100.0
AUT,Austria,2017,Escherichia coli,Carbapenems,0.01913143,34.474937085771494,19.84717864958353,61.07785299567248,4.913282349946014,19.882481690979645,16.481924506307625,62535.9,106.626015,99.97291,100.0
AUT,Austria,2017,Escherichia coli,Fluoroquinolones,20.45835662,34.474937085771494,19.84717864958353,61.07785299567248,4.913282349946014,19.882481690979645,16.481924506307625,62535.9,106.626015,99.97291,100.0
AUT,Austria,2017,Escherichia coli,Third-generation cephalosporins,9.63150711,34.474937085771494,19.84717864958353,61.07785299567248,4.913282349946014,19.882481690979645,16.481924506307625,62535.9,106.626015,99.97291,100.0
AUT,Austria,2017,Klebsiella pneumoniae,Carbapenems,0.99188458,34.474937085771494,19.84717864958353,61.07785299567248,4.913282349946014,19.882481690979645,16.481924506307625,62535.9,106.626015,99.97291,100.0
AUT,Austria,2017,Klebsiella pneumoniae,Fluoroquinolones,14.21098517,34.474937085771494,19.84717864958353,61.07785299567248,4.913282349946014,19.882481690979645,16.481924506307625,62535.9,106.626015,99.97291,100.0
AUT,Austria,2017,Klebsiella pneumoniae,Third-generation cephalosporins,8.58208955,34.474937085771494,19.84717864958353,61.07785299567248,4.913282349946014,19.882481690979645,16.481924506307625,62535.9,106.626015,99.97291,100.0
AUT,Austria,2017,Pseudomonas aeruginosa,Carbapenems,13.93103448,34.474937085771494,19.84717864958353,61.07785299567248,4.913282349946014,19.882481690979645,16.481924506307625,62535.9,106.626015,99.97291,100.0
AUT,Austria,2017,Staphylococcus aureus,Meticillin (MRSA),5.92146928,34.474937085771494,19.84717864958353,61.07785299567248,4.913282349946014,19.882481690979645,16.481924506307625,62535.9,106.626015,99.97291,100.0
AUT,Austria,2018,Acinetobacter spp.,Carbapenems,4.39560439,33.87123334090444,20.03052975073845,83.41378981509645,5.102860316714106,38.688461625196965,24.911658492210552,63778.027,107.14558,99.97282,100.0
AUT,Austria,2018,Enterococcus faecium,Aminopenicillins,88.56589147,33.87123334090444,20.03052975073845,83.41378981509645,5.102860316714106,38.688461625196965,24.911658492210552,63778.027,107.14558,99.97282,100.0
AUT,Austria,2018,Escherichia coli,Carbapenems,0.07189072,33.87123334090444,20.03052975073845,83.41378981509645,5.102860316714106,38.688461625196965,24.911658492210552,63778.027,107.14558,99.97282,100.0
AUT,Austria,2018,Escherichia coli,Fluoroquinolones,21.8524388,33.87123334090444,20.03052975073845,83.41378981509645,5.102860316714106,38.688461625196965,24.911658492210552,63778.027,107.14558,99.97282,100.0
AUT,Austria,2018,Escherichia coli,Third-generation cephalosporins,10.20803949,33.87123334090444,20.03052975073845,83.41378981509645,5.102860316714106,38.688461625196965,24.911658492210552,63778.027,107.14558,99.97282,100.0
AUT,Austria,2018,Klebsiella pneumoniae,Carbapenems,1.01351351,33.87123334090444,20.03052975073845,83.41378981509645,5.102860316714106,38.688461625196965,24.911658492210552,63778.027,107.14558,99.97282,100.0
AUT,Austria,2018,Klebsiella pneumoniae,Fluoroquinolones,13.18591318,33.87123334090444,20.03052975073845,83.41378981509645,5.102860316714106,38.688461625196965,24.911658492210552,63778.027,107.14558,99.97282,100.0
AUT,Austria,2018,Klebsiella pneumoniae,Third-generation cephalosporins,8.35380835,33.87123334090444,20.03052975073845,83.41378981509645,5.102860316714106,38.688461625196965,24.911658492210552,63778.027,107.14558,99.97282,100.0
AUT,Austria,2018,Pseudomonas aeruginosa,Carbapenems,12.77173913,33.87123334090444,20.03052975073845,83.41378981509645,5.102860316714106,38.688461625196965,24.911658492210552,63778.027,107.14558,99.97282,100.0
AUT,Austria,2018,Staphylococcus aureus,Meticillin (MRSA),6.3804052,33.87123334090444,20.03052975073845,83.41378981509645,5.102860316714106,38.688461625196965,24.911658492210552,63778.027,107.14558,99.97282,100.0
BEL,Belgium,2000,Staphylococcus aureus,Meticillin (MRSA),20.8523592,32.31090545654297,18.418123245239254,30.94780158996582,0.7789947390556335,11.868287086486816,19.229228973388672,50455.734,338.56403,99.48463,99.99999
BEL,Belgium,2001,Enterococcus faecium,Aminopenicillins,,32.60347366333008,19.082231521606445,34.62193298339844,1.240397572517395,5.381298065185547,16.94832420349121,50835.4,339.72937,99.484795,100.0
BEL,Belgium,2001,Escherichia coli,Fluoroquinolones,8.90052356,32.60347366333008,19.082231521606445,34.62193298339844,1.240397572517395,5.381298065185547,16.94832420349121,50835.4,339.72937,99.484795,100.0
BEL,Belgium,2001,Escherichia coli,Third-generation cephalosporins,1.8018018,32.60347366333008,19.082231521606445,34.62193298339844,1.240397572517395,5.381298065185547,16.94832420349121,50835.4,339.72937,99.484795,100.0
BEL,Belgium,2001,Staphylococcus aureus,Meticillin (MRSA),22.52922422,32.60347366333008,19.082231521606445,34.62193298339844,1.240397572517395,5.381298065185547,16.94832420349121,50835.4,339.72937,99.484795,100.0
BEL,Belgium,2002,Enterococcus faecium,Aminopenicillins,56.41025641,33.14253234863281,19.182973861694336,29.872974395751957,1.053719162940979,18.01819610595703,19.50770568847656,51471.85,341.24753,99.48496,100.0
BEL,Belgium,2002,Escherichia coli,Fluoroquinolones,13.23529411,33.14253234863281,19.182973861694336,29.872974395751957,1.053719162940979,18.01819610595703,19.50770568847656,51471.85,341.24753,99.48496,100.0
BEL,Belgium,2002,Escherichia coli,Third-generation cephalosporins,2.79424216,33.14253234863281,19.182973861694336,29.872974395751957,1.053719162940979,18.01819610595703,19.50770568847656,51471.85,341.24753,99.48496,100.0
BEL,Belgium,2002,Staphylococcus aureus,Meticillin (MRSA),28.29670329,33.14253234863281,19.182973861694336,29.872974395751957,1.053719162940979,18.01819610595703,19.50770568847656,51471.85,341.24753,99.48496,100.0
BEL,Belgium,2003,Enterococcus faecium,Aminopenicillins,,35.99026870727539,20.35473251342773,57.442970275878906,4.010508060455322,24.600963592529297,18.85421562194824,51788.844,342.6771,99.48512,100.0
BEL,Belgium,2003,Escherichia coli,Fluoroquinolones,11.56685808,35.99026870727539,20.35473251342773,57.442970275878906,4.010508060455322,24.600963592529297,18.85421562194824,51788.844,342.6771,99.48512,100.0
BEL,Belgium,2003,Escherichia coli,Third-generation cephalosporins,3.49544072,35.99026870727539,20.35473251342773,57.442970275878906,4.010508060455322,24.600963592529297,18.85421562194824,51788.844,342.6771,99.48512,100.0
BEL,Belgium,2003,Staphylococcus aureus,Meticillin (MRSA),29.4792586,35.99026870727539,20.35473251342773,57.442970275878906,4.010508060455322,24.600963592529297,18.85421562194824,51788.844,342.6771,99.48512,100.0
BEL,Belgium,2004,Enterococcus faecium,Aminopenicillins,63.41463414,31.27679824829101,19.10243225097656,33.12000274658203,1.1984442472457886,11.006437301635742,14.829238891601562,53406.69,344.1644,99.48529,100.0
BEL,Belgium,2004,Escherichia coli,Fluoroquinolones,15.37884471,31.27679824829101,19.10243225097656,33.12000274658203,1.1984442472457886,11.006437301635742,14.829238891601562,53406.69,344.1644,99.48529,100.0
BEL,Belgium,2004,Escherichia coli,Third-generation cephalosporins,2.64650283,31.27679824829101,19.10243225097656,33.12000274658203,1.1984442472457886,11.006437301635742,14.829238891601562,53406.69,344.1644,99.48529,100.0
BEL,Belgium,2004,Staphylococcus aureus,Meticillin (MRSA),33.25183374,31.27679824829101,19.10243225097656,33.12000274658203,1.1984442472457886,11.006437301635742,14.829238891601562,53406.69,344.1644,99.48529,100.0
BEL,Belgium,2005,Enterococcus faecium,Aminopenicillins,60.97560975,32.661014556884766,18.93592071533203,38.93333435058594,1.321813464164734,20.29530143737793,17.353591918945312,54346.895,346.06616,99.48546,100.0
BEL,Belgium,2005,Escherichia coli,Fluoroquinolones,16.83778234,32.661014556884766,18.93592071533203,38.93333435058594,1.321813464164734,20.29530143737793,17.353591918945312,54346.895,346.06616,99.48546,100.0
BEL,Belgium,2005,Escherichia coli,Third-generation cephalosporins,3.61445783,32.661014556884766,18.93592071533203,38.93333435058594,1.321813464164734,20.29530143737793,17.353591918945312,54346.895,346.06616,99.48546,100.0
BEL,Belgium,2005,Staphylococcus aureus,Meticillin (MRSA),31.39312977,32.661014556884766,18.93592071533203,38.93333435058594,1.321813464164734,20.29530143737793,17.353591918945312,54346.895,346.06616,99.48546,100.0
BEL,Belgium,2006,Enterococcus faecium,Aminopenicillins,67.34693877,34.7454948425293,19.939327239990234,48.24280548095703,2.551365852355957,25.16317367553711,22.15143775939941,55367.62,348.36343,99.48562,100.0
BEL,Belgium,2006,Escherichia coli,Fluoroquinolones,19.36936936,34.7454948425293,19.939327239990234,48.24280548095703,2.551365852355957,25.16317367553711,22.15143775939941,55367.62,348.36343,99.48562,100.0
BEL,Belgium,2006,Escherichia coli,Third-generation cephalosporins,2.91021671,34.7454948425293,19.939327239990234,48.24280548095703,2.551365852355957,25.16317367553711,22.15143775939941,55367.62,348.36343,99.48562,100.0
BEL,Belgium,2006,Staphylococcus aureus,Meticillin (MRSA),21.91142191,34.7454948425293,19.939327239990234,48.24280548095703,2.551365852355957,25.16317367553711,22.15143775939941,55367.62,348.36343,99.48562,100.0
BEL,Belgium,2007,Enterococcus faecium,Aminopenicillins,68.18181818,32.201904296875,18.44532966613769,30.930469512939453,0.7631879448890686,25.69841766357422,19.06637191772461,56983.46,350.9078,99.48578,100.0
BEL,Belgium,2007,Escherichia coli,Fluoroquinolones,19.16726489,32.201904296875,18.44532966613769,30.930469512939453,0.7631879448890686,25.69841766357422,19.06637191772461,56983.46,350.9078,99.48578,100.0
BEL,Belgium,2007,Escherichia coli,Third-generation cephalosporins,3.92832529,32.201904296875,18.44532966613769,30.930469512939453,0.7631879448890686,25.69841766357422,19.06637191772461,56983.46,350.9078,99.48578,100.0
BEL,Belgium,2007,Staphylococcus aureus,Meticillin (MRSA),23.2748538,32.201904296875,18.44532966613769,30.930469512939453,0.7631879448890686,25.69841766357422,19.06637191772461,56983.46,350.9078,99.48578,100.0
BEL,Belgium,2008,Enterococcus faecium,Aminopenicillins,75.86206896,31.50978279113769,18.22921562194824,31.87091064453125,0.9018805623054504,10.525053024291992,15.407772064208984,56787.74,353.68927,99.48594,100.0
BEL,Belgium,2008,Escherichia coli,Fluoroquinolones,16.8429003,31.50978279113769,18.22921562194824,31.87091064453125,0.9018805623054504,10.525053024291992,15.407772064208984,56787.74,353.68927,99.48594,100.0
BEL,Belgium,2008,Escherichia coli,Third-generation cephalosporins,4.18736692,31.50978279113769,18.22921562194824,31.87091064453125,0.9018805623054504,10.525053024291992,15.407772064208984,56787.74,353.68927,99.48594,100.0
BEL,Belgium,2008,Staphylococcus aureus,Meticillin (MRSA),20.6401766,31.50978279113769,18.22921562194824,31.87091064453125,0.9018805623054504,10.525053024291992,15.407772064208984,56787.74,353.68927,99.48594,100.0
BEL,Belgium,2009,Enterococcus faecium,Aminopenicillins,89.5522388,33.38686752319336,18.27760505676269,37.55940628051758,1.1810483932495115,11.635458946228027,15.01458930969238,55258.707,357.0983,99.48611,100.0
BEL,Belgium,2009,Escherichia coli,Fluoroquinolones,19.94680851,33.38686752319336,18.27760505676269,37.55940628051758,1.1810483932495115,11.635458946228027,15.01458930969238,55258.707,357.0983,99.48611,100.0
BEL,Belgium,2009,Escherichia coli,Third-generation cephalosporins,6.45363408,33.38686752319336,18.27760505676269,37.55940628051758,1.1810483932495115,11.635458946228027,15.01458930969238,55258.707,357.0983,99.48611,100.0
BEL,Belgium,2009,Klebsiella pneumoniae,Carbapenems,1.20481927,33.38686752319336,18.27760505676269,37.55940628051758,1.1810483932495115,11.635458946228027,15.01458930969238,55258.707,357.0983,99.48611,100.0
BEL,Belgium,2009,Klebsiella pneumoniae,Fluoroquinolones,13.38028169,33.38686752319336,18.27760505676269,37.55940628051758,1.1810483932495115,11.635458946228027,15.01458930969238,55258.707,357.0983,99.48611,100.0
BEL,Belgium,2009,Klebsiella pneumoniae,Third-generation cephalosporins,14.78873239,33.38686752319336,18.27760505676269,37.55940628051758,1.1810483932495115,11.635458946228027,15.01458930969238,55258.707,357.0983,99.48611,100.0
BEL,Belgium,2009,Pseudomonas aeruginosa,Carbapenems,8.95522388,33.38686752319336,18.27760505676269,37.55940628051758,1.1810483932495115,11.635458946228027,15.01458930969238,55258.707,357.0983,99.48611,100.0
BEL,Belgium,2009,Staphylococcus aureus,Meticillin (MRSA),21.07481559,33.38686752319336,18.27760505676269,37.55940628051758,1.1810483932495115,11.635458946228027,15.01458930969238,55258.707,357.0983,99.48611,100.0
BEL,Belgium,2010,Enterococcus faecium,Aminopenicillins,87.80487804,33.863380432128906,19.629283905029297,34.23664093017578,1.5499848127365112,4.10503625869751,11.518814086914062,56240.203,361.18292,99.48612,100.0
BEL,Belgium,2010,Escherichia coli,Carbapenems,0.0,33.863380432128906,19.629283905029297,34.23664093017578,1.5499848127365112,4.10503625869751,11.518814086914062,56240.203,361.18292,99.48612,100.0
BEL,Belgium,2010,Escherichia coli,Fluoroquinolones,21.54882154,33.863380432128906,19.629283905029297,34.23664093017578,1.5499848127365112,4.10503625869751,11.518814086914062,56240.203,361.18292,99.48612,100.0
BEL,Belgium,2010,Escherichia coli,Third-generation cephalosporins,5.17418032,33.863380432128906,19.629283905029297,34.23664093017578,1.5499848127365112,4.10503625869751,11.518814086914062,56240.203,361.18292,99.48612,100.0
BEL,Belgium,2010,Klebsiella pneumoniae,Carbapenems,0.0,33.863380432128906,19.629283905029297,34.23664093017578,1.5499848127365112,4.10503625869751,11.518814086914062,56240.203,361.18292,99.48612,100.0
BEL,Belgium,2010,Klebsiella pneumoniae,Fluoroquinolones,12.5,33.863380432128906,19.629283905029297,34.23664093017578,1.5499848127365112,4.10503625869751,11.518814086914062,56240.203,361.18292,99.48612,100.0
BEL,Belgium,2010,Klebsiella pneumoniae,Third-generation cephalosporins,12.58741258,33.863380432128906,19.629283905029297,34.23664093017578,1.5499848127365112,4.10503625869751,11.518814086914062,56240.203,361.18292,99.48612,100.0
BEL,Belgium,2010,Pseudomonas aeruginosa,Carbapenems,4.61538461,33.863380432128906,19.629283905029297,34.23664093017578,1.5499848127365112,4.10503625869751,11.518814086914062,56240.203,361.18292,99.48612,100.0
BEL,Belgium,2010,Staphylococcus aureus,Meticillin (MRSA),20.52980132,33.863380432128906,19.629283905029297,34.23664093017578,1.5499848127365112,4.10503625869751,11.518814086914062,56240.203,361.18292,99.48612,100.0
BEL,Belgium,2011,Enterococcus faecium,Aminopenicillins,83.33333333,32.4815559387207,18.65746116638184,37.46918869018555,0.9306817650794984,21.6796875,16.762250900268555,56585.3,364.55167,99.48613,100.0
BEL,Belgium,2011,Escherichia coli,Carbapenems,0.0,32.4815559387207,18.65746116638184,37.46918869018555,0.9306817650794984,21.6796875,16.762250900268555,56585.3,364.55167,99.48613,100.0
BEL,Belgium,2011,Escherichia coli,Fluoroquinolones,21.52719075,32.4815559387207,18.65746116638184,37.46918869018555,0.9306817650794984,21.6796875,16.762250900268555,56585.3,364.55167,99.48613,100.0
BEL,Belgium,2011,Escherichia coli,Third-generation cephalosporins,6.04767879,32.4815559387207,18.65746116638184,37.46918869018555,0.9306817650794984,21.6796875,16.762250900268555,56585.3,364.55167,99.48613,100.0
BEL,Belgium,2011,Klebsiella pneumoniae,Carbapenems,0.30959752,32.4815559387207,18.65746116638184,37.46918869018555,0.9306817650794984,21.6796875,16.762250900268555,56585.3,364.55167,99.48613,100.0
BEL,Belgium,2011,Klebsiella pneumoniae,Fluoroquinolones,14.93212669,32.4815559387207,18.65746116638184,37.46918869018555,0.9306817650794984,21.6796875,16.762250900268555,56585.3,364.55167,99.48613,100.0
BEL,Belgium,2011,Klebsiella pneumoniae,Third-generation cephalosporins,13.62275449,32.4815559387207,18.65746116638184,37.46918869018555,0.9306817650794984,21.6796875,16.762250900268555,56585.3,364.55167,99.48613,100.0
BEL,Belgium,2011,Pseudomonas aeruginosa,Carbapenems,10.67538126,32.4815559387207,18.65746116638184,37.46918869018555,0.9306817650794984,21.6796875,16.762250900268555,56585.3,364.55167,99.48613,100.0
BEL,Belgium,2011,Staphylococcus aureus,Meticillin (MRSA),17.43119266,32.4815559387207,18.65746116638184,37.46918869018555,0.9306817650794984,21.6796875,16.762250900268555,56585.3,364.55167,99.48613,100.0
BEL,Belgium,2012,Enterococcus faecium,Aminopenicillins,78.06122448,34.1932487487793,19.085208892822266,35.93365478515625,1.442074418067932,14.181999206542969,16.104036331176758,56356.824,366.82703,99.486145,100.0
BEL,Belgium,2012,Escherichia coli,Carbapenems,0.02427773,34.1932487487793,19.085208892822266,35.93365478515625,1.442074418067932,14.181999206542969,16.104036331176758,56356.824,366.82703,99.486145,100.0
BEL,Belgium,2012,Escherichia coli,Fluoroquinolones,22.16216216,34.1932487487793,19.085208892822266,35.93365478515625,1.442074418067932,14.181999206542969,16.104036331176758,56356.824,366.82703,99.486145,100.0
BEL,Belgium,2012,Escherichia coli,Third-generation cephalosporins,6.88308518,34.1932487487793,19.085208892822266,35.93365478515625,1.442074418067932,14.181999206542969,16.104036331176758,56356.824,366.82703,99.486145,100.0
BEL,Belgium,2012,Klebsiella pneumoniae,Carbapenems,0.73394495,34.1932487487793,19.085208892822266,35.93365478515625,1.442074418067932,14.181999206542969,16.104036331176758,56356.824,366.82703,99.486145,100.0
BEL,Belgium,2012,Klebsiella pneumoniae,Fluoroquinolones,17.29323308,34.1932487487793,19.085208892822266,35.93365478515625,1.442074418067932,14.181999206542969,16.104036331176758,56356.824,366.82703,99.486145,100.0
BEL,Belgium,2012,Klebsiella pneumoniae,Third-generation cephalosporins,16.48148148,34.1932487487793,19.085208892822266,35.93365478515625,1.442074418067932,14.181999206542969,16.104036331176758,56356.824,366.82703,99.486145,100.0
BEL,Belgium,2012,Pseudomonas aeruginosa,Carbapenems,9.71867007,34.1932487487793,19.085208892822266,35.93365478515625,1.442074418067932,14.181999206542969,16.104036331176758,56356.824,366.82703,99.486145,100.0
BEL,Belgium,2012,Staphylococcus aureus,Meticillin (MRSA),16.58163265,34.1932487487793,19.085208892822266,35.93365478515625,1.442074418067932,14.181999206542969,16.104036331176758,56356.824,366.82703,99.486145,100.0
BEL,Belgium,2013,Acinetobacter spp.,Carbapenems,,34.14590835571289,19.417442321777344,36.69965744018555,1.367896556854248,5.973151683807373,14.34164333343506,56263.176,368.56924,99.48615,100.0
BEL,Belgium,2013,Enterococcus faecium,Aminopenicillins,73.8372093,34.14590835571289,19.417442321777344,36.69965744018555,1.367896556854248,5.973151683807373,14.34164333343506,56263.176,368.56924,99.48615,100.0
BEL,Belgium,2013,Escherichia coli,Carbapenems,0.04710315,34.14590835571289,19.417442321777344,36.69965744018555,1.367896556854248,5.973151683807373,14.34164333343506,56263.176,368.56924,99.48615,100.0
BEL,Belgium,2013,Escherichia coli,Fluoroquinolones,22.95161682,34.14590835571289,19.417442321777344,36.69965744018555,1.367896556854248,5.973151683807373,14.34164333343506,56263.176,368.56924,99.48615,100.0
BEL,Belgium,2013,Escherichia coli,Third-generation cephalosporins,7.99802517,34.14590835571289,19.417442321777344,36.69965744018555,1.367896556854248,5.973151683807373,14.34164333343506,56263.176,368.56924,99.48615,100.0
BEL,Belgium,2013,Klebsiella pneumoniae,Carbapenems,0.32362459,34.14590835571289,19.417442321777344,36.69965744018555,1.367896556854248,5.973151683807373,14.34164333343506,56263.176,368.56924,99.48615,100.0
BEL,Belgium,2013,Klebsiella pneumoniae,Fluoroquinolones,22.22222222,34.14590835571289,19.417442321777344,36.69965744018555,1.367896556854248,5.973151683807373,14.34164333343506,56263.176,368.56924,99.48615,100.0
BEL,Belgium,2013,Klebsiella pneumoniae,Third-generation cephalosporins,15.31986531,34.14590835571289,19.417442321777344,36.69965744018555,1.367896556854248,5.973151683807373,14.34164333343506,56263.176,368.56924,99.48615,100.0
BEL,Belgium,2013,Pseudomonas aeruginosa,Carbapenems,11.003861,34.14590835571289,19.417442321777344,36.69965744018555,1.367896556854248,5.973151683807373,14.34164333343506,56263.176,368.56924,99.48615,100.0
BEL,Belgium,2013,Staphylococcus aureus,Meticillin (MRSA),16.87344913,34.14590835571289,19.417442321777344,36.69965744018555,1.367896556854248,5.973151683807373,14.34164333343506,56263.176,368.56924,99.48615,100.0
BEL,Belgium,2014,Acinetobacter spp.,Carbapenems,,32.854007720947266,19.052570343017575,31.663766860961918,0.7017565369606018,17.76035499572754,21.450672149658203,57002.91,370.2151,99.48616,100.0
BEL,Belgium,2014,Enterococcus faecium,Aminopenicillins,84.81675392,32.854007720947266,19.052570343017575,31.663766860961918,0.7017565369606018,17.76035499572754,21.450672149658203,57002.91,370.2151,99.48616,100.0
BEL,Belgium,2014,Escherichia coli,Carbapenems,0.03825554,32.854007720947266,19.052570343017575,31.663766860961918,0.7017565369606018,17.76035499572754,21.450672149658203,57002.91,370.2151,99.48616,100.0
BEL,Belgium,2014,Escherichia coli,Fluoroquinolones,26.70257791,32.854007720947266,19.052570343017575,31.663766860961918,0.7017565369606018,17.76035499572754,21.450672149658203,57002.91,370.2151,99.48616,100.0
BEL,Belgium,2014,Escherichia coli,Third-generation cephalosporins,9.74304068,32.854007720947266,19.052570343017575,31.663766860961918,0.7017565369606018,17.76035499572754,21.450672149658203,57002.91,370.2151,99.48616,100.0
BEL,Belgium,2014,Klebsiella pneumoniae,Carbapenems,0.46620046,32.854007720947266,19.052570343017575,31.663766860961918,0.7017565369606018,17.76035499572754,21.450672149658203,57002.91,370.2151,99.48616,100.0
BEL,Belgium,2014,Klebsiella pneumoniae,Fluoroquinolones,18.18181818,32.854007720947266,19.052570343017575,31.663766860961918,0.7017565369606018,17.76035499572754,21.450672149658203,57002.91,370.2151,99.48616,100.0
BEL,Belgium,2014,Klebsiella pneumoniae,Third-generation cephalosporins,16.28865979,32.854007720947266,19.052570343017575,31.663766860961918,0.7017565369606018,17.76035499572754,21.450672149658203,57002.91,370.2151,99.48616,100.0
BEL,Belgium,2014,Pseudomonas aeruginosa,Carbapenems,10.1744186,32.854007720947266,19.052570343017575,31.663766860961918,0.7017565369606018,17.76035499572754,21.450672149658203,57002.91,370.2151,99.48616,100.0
BEL,Belgium,2014,Staphylococcus aureus,Meticillin (MRSA),13.46153846,32.854007720947266,19.052570343017575,31.663766860961918,0.7017565369606018,17.76035499572754,21.450672149658203,57002.91,370.2151,99.48616,100.0
BEL,Belgium,2015,Acinetobacter spp.,Carbapenems,0.0,35.68408966064453,20.128381729125977,40.72135925292969,2.673261404037476,29.87656593322754,18.551738739013672,57509.023,372.36896,99.48617,100.0
BEL,Belgium,2015,Enterococcus faecium,Aminopenicillins,80.625,35.68408966064453,20.128381729125977,40.72135925292969,2.673261404037476,29.87656593322754,18.551738739013672,57509.023,372.36896,99.48617,100.0
BEL,Belgium,2015,Escherichia coli,Carbapenems,0.0,35.68408966064453,20.128381729125977,40.72135925292969,2.673261404037476,29.87656593322754,18.551738739013672,57509.023,372.36896,99.48617,100.0
BEL,Belgium,2015,Escherichia coli,Fluoroquinolones,26.58869395,35.68408966064453,20.128381729125977,40.72135925292969,2.673261404037476,29.87656593322754,18.551738739013672,57509.023,372.36896,99.48617,100.0
BEL,Belgium,2015,Escherichia coli,Third-generation cephalosporins,9.67990744,35.68408966064453,20.128381729125977,40.72135925292969,2.673261404037476,29.87656593322754,18.551738739013672,57509.023,372.36896,99.48617,100.0
BEL,Belgium,2015,Klebsiella pneumoniae,Carbapenems,0.51413881,35.68408966064453,20.128381729125977,40.72135925292969,2.673261404037476,29.87656593322754,18.551738739013672,57509.023,372.36896,99.48617,100.0
BEL,Belgium,2015,Klebsiella pneumoniae,Fluoroquinolones,22.69129287,35.68408966064453,20.128381729125977,40.72135925292969,2.673261404037476,29.87656593322754,18.551738739013672,57509.023,372.36896,99.48617,100.0
BEL,Belgium,2015,Klebsiella pneumoniae,Third-generation cephalosporins,19.70443349,35.68408966064453,20.128381729125977,40.72135925292969,2.673261404037476,29.87656593322754,18.551738739013672,57509.023,372.36896,99.48617,100.0
BEL,Belgium,2015,Pseudomonas aeruginosa,Carbapenems,3.90625,35.68408966064453,20.128381729125977,40.72135925292969,2.673261404037476,29.87656593322754,18.551738739013672,57509.023,372.36896,99.48617,100.0
BEL,Belgium,2015,Staphylococcus aureus,Meticillin (MRSA),12.26725082,35.68408966064453,20.128381729125977,40.72135925292969,2.673261404037476,29.87656593322754,18.551738739013672,57509.023,372.36896,99.48617,100.0
BEL,Belgium,2016,Acinetobacter spp.,Carbapenems,2.56410256,33.655879974365234,19.05650520324707,40.78402328491211,1.0719237327575684,14.186626434326172,17.1428279876709,57901.496,374.26376,99.486176,100.0
BEL,Belgium,2016,Enterococcus faecium,Aminopenicillins,85.71428571,33.655879974365234,19.05650520324707,40.78402328491211,1.0719237327575684,14.186626434326172,17.1428279876709,57901.496,374.26376,99.486176,100.0
BEL,Belgium,2016,Escherichia coli,Carbapenems,0.0520156,33.655879974365234,19.05650520324707,40.78402328491211,1.0719237327575684,14.186626434326172,17.1428279876709,57901.496,374.26376,99.486176,100.0
BEL,Belgium,2016,Escherichia coli,Fluoroquinolones,24.54592631,33.655879974365234,19.05650520324707,40.78402328491211,1.0719237327575684,14.186626434326172,17.1428279876709,57901.496,374.26376,99.486176,100.0
BEL,Belgium,2016,Escherichia coli,Third-generation cephalosporins,10.48969761,33.655879974365234,19.05650520324707,40.78402328491211,1.0719237327575684,14.186626434326172,17.1428279876709,57901.496,374.26376,99.486176,100.0
BEL,Belgium,2016,Klebsiella pneumoniae,Carbapenems,2.39162929,33.655879974365234,19.05650520324707,40.78402328491211,1.0719237327575684,14.186626434326172,17.1428279876709,57901.496,374.26376,99.486176,100.0
BEL,Belgium,2016,Klebsiella pneumoniae,Fluoroquinolones,23.61733931,33.655879974365234,19.05650520324707,40.78402328491211,1.0719237327575684,14.186626434326172,17.1428279876709,57901.496,374.26376,99.486176,100.0
BEL,Belgium,2016,Klebsiella pneumoniae,Third-generation cephalosporins,22.86995515,33.655879974365234,19.05650520324707,40.78402328491211,1.0719237327575684,14.186626434326172,17.1428279876709,57901.496,374.26376,99.486176,100.0
BEL,Belgium,2016,Pseudomonas aeruginosa,Carbapenems,9.58904109,33.655879974365234,19.05650520324707,40.78402328491211,1.0719237327575684,14.186626434326172,17.1428279876709,57901.496,374.26376,99.486176,100.0
BEL,Belgium,2016,Staphylococcus aureus,Meticillin (MRSA),12.17008797,33.655879974365234,19.05650520324707,40.78402328491211,1.0719237327575684,14.186626434326172,17.1428279876709,57901.496,374.26376,99.486176,100.0
BEL,Belgium,2017,Acinetobacter spp.,Carbapenems,6.870229,33.07755279541016,18.664867401123047,39.31315994262695,1.1934785842895508,12.565021514892578,16.687881469726562,58529.332,375.71277,99.48618,100.0
BEL,Belgium,2017,Enterococcus faecium,Aminopenicillins,88.53658536,33.07755279541016,18.664867401123047,39.31315994262695,1.1934785842895508,12.565021514892578,16.687881469726562,58529.332,375.71277,99.48618,100.0
BEL,Belgium,2017,Escherichia coli,Carbapenems,0.0214041,33.07755279541016,18.664867401123047,39.31315994262695,1.1934785842895508,12.565021514892578,16.687881469726562,58529.332,375.71277,99.48618,100.0
BEL,Belgium,2017,Escherichia coli,Fluoroquinolones,23.80191693,33.07755279541016,18.664867401123047,39.31315994262695,1.1934785842895508,12.565021514892578,16.687881469726562,58529.332,375.71277,99.48618,100.0
BEL,Belgium,2017,Escherichia coli,Third-generation cephalosporins,9.73886986,33.07755279541016,18.664867401123047,39.31315994262695,1.1934785842895508,12.565021514892578,16.687881469726562,58529.332,375.71277,99.48618,100.0
BEL,Belgium,2017,Klebsiella pneumoniae,Carbapenems,1.13780025,33.07755279541016,18.664867401123047,39.31315994262695,1.1934785842895508,12.565021514892578,16.687881469726562,58529.332,375.71277,99.48618,100.0
BEL,Belgium,2017,Klebsiella pneumoniae,Fluoroquinolones,23.66127023,33.07755279541016,18.664867401123047,39.31315994262695,1.1934785842895508,12.565021514892578,16.687881469726562,58529.332,375.71277,99.48618,100.0
BEL,Belgium,2017,Klebsiella pneumoniae,Third-generation cephalosporins,19.30261519,33.07755279541016,18.664867401123047,39.31315994262695,1.1934785842895508,12.565021514892578,16.687881469726562,58529.332,375.71277,99.48618,100.0
BEL,Belgium,2017,Pseudomonas aeruginosa,Carbapenems,8.2278481,33.07755279541016,18.664867401123047,39.31315994262695,1.1934785842895508,12.565021514892578,16.687881469726562,58529.332,375.71277,99.48618,100.0
BEL,Belgium,2017,Staphylococcus aureus,Meticillin (MRSA),8.53739245,33.07755279541016,18.664867401123047,39.31315994262695,1.1934785842895508,12.565021514892578,16.687881469726562,58529.332,375.71277,99.48618,100.0
BEL,Belgium,2018,Acinetobacter spp.,Carbapenems,3.78787878,35.32205581665039,20.214235305786133,68.10785675048828,2.0879769325256348,32.89573287963867,22.980274200439453,59357.69,377.4309,99.48618,100.0
BEL,Belgium,2018,Enterococcus faecium,Aminopenicillins,84.66819221,35.32205581665039,20.214235305786133,68.10785675048828,2.0879769325256348,32.89573287963867,22.980274200439453,59357.69,377.4309,99.48618,100.0
BEL,Belgium,2018,Escherichia coli,Carbapenems,0.06464124,35.32205581665039,20.214235305786133,68.10785675048828,2.0879769325256348,32.89573287963867,22.980274200439453,59357.69,377.4309,99.48618,100.0
BEL,Belgium,2018,Escherichia coli,Fluoroquinolones,21.80004749,35.32205581665039,20.214235305786133,68.10785675048828,2.0879769325256348,32.89573287963867,22.980274200439453,59357.69,377.4309,99.48618,100.0
BEL,Belgium,2018,Escherichia coli,Third-generation cephalosporins,9.02239448,35.32205581665039,20.214235305786133,68.10785675048828,2.0879769325256348,32.89573287963867,22.980274200439453,59357.69,377.4309,99.48618,100.0
BEL,Belgium,2018,Klebsiella pneumoniae,Carbapenems,1.39037433,35.32205581665039,20.214235305786133,68.10785675048828,2.0879769325256348,32.89573287963867,22.980274200439453,59357.69,377.4309,99.48618,100.0
BEL,Belgium,2018,Klebsiella pneumoniae,Fluoroquinolones,22.63948497,35.32205581665039,20.214235305786133,68.10785675048828,2.0879769325256348,32.89573287963867,22.980274200439453,59357.69,377.4309,99.48618,100.0
BEL,Belgium,2018,Klebsiella pneumoniae,Third-generation cephalosporins,21.39037433,35.32205581665039,20.214235305786133,68.10785675048828,2.0879769325256348,32.89573287963867,22.980274200439453,59357.69,377.4309,99.48618,100.0
BEL,Belgium,2018,Pseudomonas aeruginosa,Carbapenems,7.39219712,35.32205581665039,20.214235305786133,68.10785675048828,2.0879769325256348,32.89573287963867,22.980274200439453,59357.69,377.4309,99.48618,100.0
BEL,Belgium,2018,Staphylococcus aureus,Meticillin (MRSA),9.04899135,35.32205581665039,20.214235305786133,68.10785675048828,2.0879769325256348,32.89573287963867,22.980274200439453,59357.69,377.4309,99.48618,100.0
BGR,Bulgaria,2000,Staphylococcus aureus,Meticillin (MRSA),40.19607843,39.90397688928615,22.42875421911561,98.92412218779948,11.698818113824805,22.286240443863537,18.43310136272435,12563.888,73.69675,85.82707,99.737724
BGR,Bulgaria,2001,Enterococcus faecium,Aminopenicillins,,36.21096101368728,21.48070188293306,91.6984430932777,12.697739307768725,13.660754066793393,17.223008588633753,13306.56,73.03293,85.83526,99.70793
BGR,Bulgaria,2001,Escherichia coli,Carbapenems,0.0,36.21096101368728,21.48070188293306,91.6984430932777,12.697739307768725,13.660754066793393,17.223008588633753,13306.56,73.03293,85.83526,99.70793
BGR,Bulgaria,2001,Escherichia coli,Fluoroquinolones,7.86516853,36.21096101368728,21.48070188293306,91.6984430932777,12.697739307768725,13.660754066793393,17.223008588633753,13306.56,73.03293,85.83526,99.70793
BGR,Bulgaria,2001,Escherichia coli,Third-generation cephalosporins,6.66666666,36.21096101368728,21.48070188293306,91.6984430932777,12.697739307768725,13.660754066793393,17.223008588633753,13306.56,73.03293,85.83526,99.70793
BGR,Bulgaria,2001,Staphylococcus aureus,Meticillin (MRSA),27.18446601,36.21096101368728,21.48070188293306,91.6984430932777,12.697739307768725,13.660754066793393,17.223008588633753,13306.56,73.03293,85.83526,99.70793
BGR,Bulgaria,2002,Enterococcus faecium,Aminopenicillins,,36.02360845790784,21.843370438496866,88.82176628311014,13.25792362282786,25.515580889440763,19.845397597863148,14397.061,72.42031,85.84624,99.67888
BGR,Bulgaria,2002,Escherichia coli,Carbapenems,0.0,36.02360845790784,21.843370438496866,88.82176628311014,13.25792362282786,25.515580889440763,19.845397597863148,14397.061,72.42031,85.84624,99.67888
BGR,Bulgaria,2002,Escherichia coli,Fluoroquinolones,14.07407407,36.02360845790784,21.843370438496866,88.82176628311014,13.25792362282786,25.515580889440763,19.845397597863148,14397.061,72.42031,85.84624,99.67888
BGR,Bulgaria,2002,Escherichia coli,Third-generation cephalosporins,13.33333333,36.02360845790784,21.843370438496866,88.82176628311014,13.25792362282786,25.515580889440763,19.845397597863148,14397.061,72.42031,85.84624,99.67888
BGR,Bulgaria,2002,Staphylococcus aureus,Meticillin (MRSA),32.75862068,36.02360845790784,21.843370438496866,88.82176628311014,13.25792362282786,25.515580889440763,19.845397597863148,14397.061,72.42031,85.84624,99.67888
BGR,Bulgaria,2003,Enterococcus faecium,Aminopenicillins,,36.87663091353009,21.795592265489493,108.6687119339037,15.67700345185846,25.00230236751136,16.97998538375206,15271.547,71.89024,85.85712,99.65042
BGR,Bulgaria,2003,Escherichia coli,Carbapenems,0.0,36.87663091353009,21.795592265489493,108.6687119339037,15.67700345185846,25.00230236751136,16.97998538375206,15271.547,71.89024,85.85712,99.65042
BGR,Bulgaria,2003,Escherichia coli,Fluoroquinolones,19.3548387,36.87663091353009,21.795592265489493,108.6687119339037,15.67700345185846,25.00230236751136,16.97998538375206,15271.547,71.89024,85.85712,99.65042
BGR,Bulgaria,2003,Escherichia coli,Third-generation cephalosporins,18.35443037,36.87663091353009,21.795592265489493,108.6687119339037,15.67700345185846,25.00230236751136,16.97998538375206,15271.547,71.89024,85.85712,99.65042
BGR,Bulgaria,2003,Staphylococcus aureus,Meticillin (MRSA),31.21019108,36.87663091353009,21.795592265489493,108.6687119339037,15.67700345185846,25.00230236751136,16.97998538375206,15271.547,71.89024,85.85712,99.65042
BGR,Bulgaria,2004,Enterococcus faecium,Aminopenicillins,59.09090909,35.37402719050947,20.374922642361117,79.72306789213253,9.27418863087018,10.079558785806658,14.511014475270724,16389.027,71.38384,85.86797,99.62257
BGR,Bulgaria,2004,Escherichia coli,Carbapenems,0.0,35.37402719050947,20.374922642361117,79.72306789213253,9.27418863087018,10.079558785806658,14.511014475270724,16389.027,71.38384,85.86797,99.62257
BGR,Bulgaria,2004,Escherichia coli,Fluoroquinolones,23.92638036,35.37402719050947,20.374922642361117,79.72306789213253,9.27418863087018,10.079558785806658,14.511014475270724,16389.027,71.38384,85.86797,99.62257
BGR,Bulgaria,2004,Escherichia coli,Third-generation cephalosporins,21.55688622,35.37402719050947,20.374922642361117,79.72306789213253,9.27418863087018,10.079558785806658,14.511014475270724,16389.027,71.38384,85.86797,99.62257
BGR,Bulgaria,2004,Staphylococcus aureus,Meticillin (MRSA),23.52941176,35.37402719050947,20.374922642361117,79.72306789213253,9.27418863087018,10.079558785806658,14.511014475270724,16389.027,71.38384,85.86797,99.62257
BGR,Bulgaria,2005,Enterococcus faecium,Aminopenicillins,96.15384615,34.491837367311334,21.439559192521163,80.087161363517,11.00743604046826,9.807818075572452,14.37094565416972,17678.107,70.8829,85.87874,99.59528
BGR,Bulgaria,2005,Escherichia coli,Carbapenems,0.0,34.491837367311334,21.439559192521163,80.087161363517,11.00743604046826,9.807818075572452,14.37094565416972,17678.107,70.8829,85.87874,99.59528
BGR,Bulgaria,2005,Escherichia coli,Fluoroquinolones,28.57142857,34.491837367311334,21.439559192521163,80.087161363517,11.00743604046826,9.807818075572452,14.37094565416972,17678.107,70.8829,85.87874,99.59528
BGR,Bulgaria,2005,Escherichia coli,Third-generation cephalosporins,28.07881773,34.491837367311334,21.439559192521163,80.087161363517,11.00743604046826,9.807818075572452,14.37094565416972,17678.107,70.8829,85.87874,99.59528
BGR,Bulgaria,2005,Klebsiella pneumoniae,Carbapenems,0.0,34.491837367311334,21.439559192521163,80.087161363517,11.00743604046826,9.807818075572452,14.37094565416972,17678.107,70.8829,85.87874,99.59528
BGR,Bulgaria,2005,Klebsiella pneumoniae,Fluoroquinolones,26.47058823,34.491837367311334,21.439559192521163,80.087161363517,11.00743604046826,9.807818075572452,14.37094565416972,17678.107,70.8829,85.87874,99.59528
BGR,Bulgaria,2005,Klebsiella pneumoniae,Third-generation cephalosporins,50.0,34.491837367311334,21.439559192521163,80.087161363517,11.00743604046826,9.807818075572452,14.37094565416972,17678.107,70.8829,85.87874,99.59528
BGR,Bulgaria,2005,Pseudomonas aeruginosa,Carbapenems,37.5,34.491837367311334,21.439559192521163,80.087161363517,11.00743604046826,9.807818075572452,14.37094565416972,17678.107,70.8829,85.87874,99.59528
BGR,Bulgaria,2005,Staphylococcus aureus,Meticillin (MRSA),30.0,34.491837367311334,21.439559192521163,80.087161363517,11.00743604046826,9.807818075572452,14.37094565416972,17678.107,70.8829,85.87874,99.59528
BGR,Bulgaria,2006,Enterococcus faecium,Aminopenicillins,96.55172413,36.42965570063043,21.339008901137117,87.29656890216636,12.815071469348077,15.239933037352737,17.945417512912222,19024.623,70.37852,85.889404,99.56859
BGR,Bulgaria,2006,Escherichia coli,Carbapenems,0.0,36.42965570063043,21.339008901137117,87.29656890216636,12.815071469348077,15.239933037352737,17.945417512912222,19024.623,70.37852,85.889404,99.56859
BGR,Bulgaria,2006,Escherichia coli,Fluoroquinolones,26.17801047,36.42965570063043,21.339008901137117,87.29656890216636,12.815071469348077,15.239933037352737,17.945417512912222,19024.623,70.37852,85.889404,99.56859
BGR,Bulgaria,2006,Escherichia coli,Third-generation cephalosporins,28.57142857,36.42965570063043,21.339008901137117,87.29656890216636,12.815071469348077,15.239933037352737,17.945417512912222,19024.623,70.37852,85.889404,99.56859
BGR,Bulgaria,2006,Klebsiella pneumoniae,Carbapenems,0.0,36.42965570063043,21.339008901137117,87.29656890216636,12.815071469348077,15.239933037352737,17.945417512912222,19024.623,70.37852,85.889404,99.56859
BGR,Bulgaria,2006,Klebsiella pneumoniae,Fluoroquinolones,23.63636363,36.42965570063043,21.339008901137117,87.29656890216636,12.815071469348077,15.239933037352737,17.945417512912222,19024.623,70.37852,85.889404,99.56859
BGR,Bulgaria,2006,Klebsiella pneumoniae,Third-generation cephalosporins,60.0,36.42965570063043,21.339008901137117,87.29656890216636,12.815071469348077,15.239933037352737,17.945417512912222,19024.623,70.37852,85.889404,99.56859
BGR,Bulgaria,2006,Pseudomonas aeruginosa,Carbapenems,14.28571428,36.42965570063043,21.339008901137117,87.29656890216636,12.815071469348077,15.239933037352737,17.945417512912222,19024.623,70.37852,85.889404,99.56859
BGR,Bulgaria,2006,Staphylococcus aureus,Meticillin (MRSA),28.30188679,36.42965570063043,21.339008901137117,87.29656890216636,12.815071469348077,15.239933037352737,17.945417512912222,19024.623,70.37852,85.889404,99.56859
BGR,Bulgaria,2007,Enterococcus faecium,Aminopenicillins,,40.70146743991752,22.861502885998576,99.86033829341297,15.22355539400498,41.971899569392974,20.684080996461024,20440.338,69.886665,85.90002,99.54246
BGR,Bulgaria,2007,Escherichia coli,Carbapenems,0.0,40.70146743991752,22.861502885998576,99.86033829341297,15.22355539400498,41.971899569392974,20.684080996461024,20440.338,69.886665,85.90002,99.54246
BGR,Bulgaria,2007,Escherichia coli,Fluoroquinolones,34.64566929,40.70146743991752,22.861502885998576,99.86033829341297,15.22355539400498,41.971899569392974,20.684080996461024,20440.338,69.886665,85.90002,99.54246
BGR,Bulgaria,2007,Escherichia coli,Third-generation cephalosporins,22.83464566,40.70146743991752,22.861502885998576,99.86033829341297,15.22355539400498,41.971899569392974,20.684080996461024,20440.338,69.886665,85.90002,99.54246
BGR,Bulgaria,2007,Klebsiella pneumoniae,Carbapenems,0.0,40.70146743991752,22.861502885998576,99.86033829341297,15.22355539400498,41.971899569392974,20.684080996461024,20440.338,69.886665,85.90002,99.54246
BGR,Bulgaria,2007,Klebsiella pneumoniae,Fluoroquinolones,41.37931034,40.70146743991752,22.861502885998576,99.86033829341297,15.22355539400498,41.971899569392974,20.684080996461024,20440.338,69.886665,85.90002,99.54246
BGR,Bulgaria,2007,Klebsiella pneumoniae,Third-generation cephalosporins,55.17241379,40.70146743991752,22.861502885998576,99.86033829341297,15.22355539400498,41.971899569392974,20.684080996461024,20440.338,69.886665,85.90002,99.54246
BGR,Bulgaria,2007,Pseudomonas aeruginosa,Carbapenems,,40.70146743991752,22.861502885998576,99.86033829341297,15.22355539400498,41.971899569392974,20.684080996461024,20440.338,69.886665,85.90002,99.54246
BGR,Bulgaria,2007,Staphylococcus aureus,Meticillin (MRSA),13.22314049,40.70146743991752,22.861502885998576,99.86033829341297,15.22355539400498,41.971899569392974,20.684080996461024,20440.338,69.886665,85.90002,99.54246
BGR,Bulgaria,2008,Enterococcus faecium,Aminopenicillins,93.10344827,36.25512809995277,21.2349540728944,94.291168125699,12.811991202836786,23.398389926333817,17.932287042148396,21846.045,69.41405,85.91056,99.5169
BGR,Bulgaria,2008,Escherichia coli,Carbapenems,0.0,36.25512809995277,21.2349540728944,94.291168125699,12.811991202836786,23.398389926333817,17.932287042148396,21846.045,69.41405,85.91056,99.5169
BGR,Bulgaria,2008,Escherichia coli,Fluoroquinolones,31.50684931,36.25512809995277,21.2349540728944,94.291168125699,12.811991202836786,23.398389926333817,17.932287042148396,21846.045,69.41405,85.91056,99.5169
BGR,Bulgaria,2008,Escherichia coli,Third-generation cephalosporins,29.25170068,36.25512809995277,21.2349540728944,94.291168125699,12.811991202836786,23.398389926333817,17.932287042148396,21846.045,69.41405,85.91056,99.5169
BGR,Bulgaria,2008,Klebsiella pneumoniae,Carbapenems,0.0,36.25512809995277,21.2349540728944,94.291168125699,12.811991202836786,23.398389926333817,17.932287042148396,21846.045,69.41405,85.91056,99.5169
BGR,Bulgaria,2008,Klebsiella pneumoniae,Fluoroquinolones,52.08333333,36.25512809995277,21.2349540728944,94.291168125699,12.811991202836786,23.398389926333817,17.932287042148396,21846.045,69.41405,85.91056,99.5169
BGR,Bulgaria,2008,Klebsiella pneumoniae,Third-generation cephalosporins,73.46938775,36.25512809995277,21.2349540728944,94.291168125699,12.811991202836786,23.398389926333817,17.932287042148396,21846.045,69.41405,85.91056,99.5169
BGR,Bulgaria,2008,Pseudomonas aeruginosa,Carbapenems,17.39130434,36.25512809995277,21.2349540728944,94.291168125699,12.811991202836786,23.398389926333817,17.932287042148396,21846.045,69.41405,85.91056,99.5169
BGR,Bulgaria,2008,Staphylococcus aureus,Meticillin (MRSA),25.0,36.25512809995277,21.2349540728944,94.291168125699,12.811991202836786,23.398389926333817,17.932287042148396,21846.045,69.41405,85.91056,99.5169
BGR,Bulgaria,2009,Enterococcus faecium,Aminopenicillins,96.42857142,36.13630464938759,21.2180253990396,103.03050453736728,11.613007698224148,11.957879916779968,17.658245017582786,21251.305,68.97583,85.921005,99.49189
BGR,Bulgaria,2009,Escherichia coli,Carbapenems,0.66225165,36.13630464938759,21.2180253990396,103.03050453736728,11.613007698224148,11.957879916779968,17.658245017582786,21251.305,68.97583,85.921005,99.49189
BGR,Bulgaria,2009,Escherichia coli,Fluoroquinolones,27.97927461,36.13630464938759,21.2180253990396,103.03050453736728,11.613007698224148,11.957879916779968,17.658245017582786,21251.305,68.97583,85.921005,99.49189
BGR,Bulgaria,2009,Escherichia coli,Third-generation cephalosporins,19.17098445,36.13630464938759,21.2180253990396,103.03050453736728,11.613007698224148,11.957879916779968,17.658245017582786,21251.305,68.97583,85.921005,99.49189
BGR,Bulgaria,2009,Klebsiella pneumoniae,Carbapenems,0.0,36.13630464938759,21.2180253990396,103.03050453736728,11.613007698224148,11.957879916779968,17.658245017582786,21251.305,68.97583,85.921005,99.49189
BGR,Bulgaria,2009,Klebsiella pneumoniae,Fluoroquinolones,48.42105263,36.13630464938759,21.2180253990396,103.03050453736728,11.613007698224148,11.957879916779968,17.658245017582786,21251.305,68.97583,85.921005,99.49189
BGR,Bulgaria,2009,Klebsiella pneumoniae,Third-generation cephalosporins,69.47368421,36.13630464938759,21.2180253990396,103.03050453736728,11.613007698224148,11.957879916779968,17.658245017582786,21251.305,68.97583,85.921005,99.49189
BGR,Bulgaria,2009,Pseudomonas aeruginosa,Carbapenems,23.52941176,36.13630464938759,21.2180253990396,103.03050453736728,11.613007698224148,11.957879916779968,17.658245017582786,21251.305,68.97583,85.921005,99.49189
BGR,Bulgaria,2009,Staphylococcus aureus,Meticillin (MRSA),15.83710407,36.13630464938759,21.2180253990396,103.03050453736728,11.613007698224148,11.957879916779968,17.658245017582786,21251.305,68.97583,85.921005,99.49189
BGR,Bulgaria,2010,Enterococcus faecium,Aminopenicillins,100.0,36.02499957674202,22.137754517598754,88.02452021383735,17.30956712887258,22.456660579619207,18.69995363568737,21724.377,68.51137,85.931404,99.467445
BGR,Bulgaria,2010,Escherichia coli,Carbapenems,0.0,36.02499957674202,22.137754517598754,88.02452021383735,17.30956712887258,22.456660579619207,18.69995363568737,21724.377,68.51137,85.931404,99.467445
BGR,Bulgaria,2010,Escherichia coli,Fluoroquinolones,33.11258278,36.02499957674202,22.137754517598754,88.02452021383735,17.30956712887258,22.456660579619207,18.69995363568737,21724.377,68.51137,85.931404,99.467445
BGR,Bulgaria,2010,Escherichia coli,Third-generation cephalosporins,24.8366013,36.02499957674202,22.137754517598754,88.02452021383735,17.30956712887258,22.456660579619207,18.69995363568737,21724.377,68.51137,85.931404,99.467445
BGR,Bulgaria,2010,Klebsiella pneumoniae,Carbapenems,0.0,36.02499957674202,22.137754517598754,88.02452021383735,17.30956712887258,22.456660579619207,18.69995363568737,21724.377,68.51137,85.931404,99.467445
BGR,Bulgaria,2010,Klebsiella pneumoniae,Fluoroquinolones,52.38095238,36.02499957674202,22.137754517598754,88.02452021383735,17.30956712887258,22.456660579619207,18.69995363568737,21724.377,68.51137,85.931404,99.467445
BGR,Bulgaria,2010,Klebsiella pneumoniae,Third-generation cephalosporins,75.59055118,36.02499957674202,22.137754517598754,88.02452021383735,17.30956712887258,22.456660579619207,18.69995363568737,21724.377,68.51137,85.931404,99.467445
BGR,Bulgaria,2010,Pseudomonas aeruginosa,Carbapenems,30.95238095,36.02499957674202,22.137754517598754,88.02452021383735,17.30956712887258,22.456660579619207,18.69995363568737,21724.377,68.51137,85.931404,99.467445
BGR,Bulgaria,2010,Staphylococcus aureus,Meticillin (MRSA),19.0,36.02499957674202,22.137754517598754,88.02452021383735,17.30956712887258,22.456660579619207,18.69995363568737,21724.377,68.51137,85.931404,99.467445
BGR,Bulgaria,2011,Enterococcus faecium,Aminopenicillins,84.21052631,35.927229382851706,21.47983920388438,103.86282130842598,13.01713817353462,19.852347176618903,15.774418667634194,22321.125,67.98105,85.9417,99.44354
BGR,Bulgaria,2011,Escherichia coli,Carbapenems,0.0,35.927229382851706,21.47983920388438,103.86282130842598,13.01713817353462,19.852347176618903,15.774418667634194,22321.125,67.98105,85.9417,99.44354
BGR,Bulgaria,2011,Escherichia coli,Fluoroquinolones,30.16759776,35.927229382851706,21.47983920388438,103.86282130842598,13.01713817353462,19.852347176618903,15.774418667634194,22321.125,67.98105,85.9417,99.44354
BGR,Bulgaria,2011,Escherichia coli,Third-generation cephalosporins,22.90502793,35.927229382851706,21.47983920388438,103.86282130842598,13.01713817353462,19.852347176618903,15.774418667634194,22321.125,67.98105,85.9417,99.44354
BGR,Bulgaria,2011,Klebsiella pneumoniae,Carbapenems,0.0,35.927229382851706,21.47983920388438,103.86282130842598,13.01713817353462,19.852347176618903,15.774418667634194,22321.125,67.98105,85.9417,99.44354
BGR,Bulgaria,2011,Klebsiella pneumoniae,Fluoroquinolones,51.23966942,35.927229382851706,21.47983920388438,103.86282130842598,13.01713817353462,19.852347176618903,15.774418667634194,22321.125,67.98105,85.9417,99.44354
BGR,Bulgaria,2011,Klebsiella pneumoniae,Third-generation cephalosporins,80.99173553,35.927229382851706,21.47983920388438,103.86282130842598,13.01713817353462,19.852347176618903,15.774418667634194,22321.125,67.98105,85.9417,99.44354
BGR,Bulgaria,2011,Pseudomonas aeruginosa,Carbapenems,29.16666666,35.927229382851706,21.47983920388438,103.86282130842598,13.01713817353462,19.852347176618903,15.774418667634194,22321.125,67.98105,85.9417,99.44354
BGR,Bulgaria,2011,Staphylococcus aureus,Meticillin (MRSA),22.42990654,35.927229382851706,21.47983920388438,103.86282130842598,13.01713817353462,19.852347176618903,15.774418667634194,22321.125,67.98105,85.9417,99.44354
BGR,Bulgaria,2012,Acinetobacter spp.,Carbapenems,60.34482758,38.58715236990252,22.76266986583255,115.17255070984932,19.940892904089683,45.45891158432807,20.72929075528981,22618.904,67.4007,85.952034,99.42022
BGR,Bulgaria,2012,Enterococcus faecium,Aminopenicillins,95.0,38.58715236990252,22.76266986583255,115.17255070984932,19.940892904089683,45.45891158432807,20.72929075528981,22618.904,67.4007,85.952034,99.42022
BGR,Bulgaria,2012,Escherichia coli,Carbapenems,2.61780104,38.58715236990252,22.76266986583255,115.17255070984932,19.940892904089683,45.45891158432807,20.72929075528981,22618.904,67.4007,85.952034,99.42022
BGR,Bulgaria,2012,Escherichia coli,Fluoroquinolones,34.08071748,38.58715236990252,22.76266986583255,115.17255070984932,19.940892904089683,45.45891158432807,20.72929075528981,22618.904,67.4007,85.952034,99.42022
BGR,Bulgaria,2012,Escherichia coli,Third-generation cephalosporins,38.11659192,38.58715236990252,22.76266986583255,115.17255070984932,19.940892904089683,45.45891158432807,20.72929075528981,22618.904,67.4007,85.952034,99.42022
BGR,Bulgaria,2012,Klebsiella pneumoniae,Carbapenems,1.85185185,38.58715236990252,22.76266986583255,115.17255070984932,19.940892904089683,45.45891158432807,20.72929075528981,22618.904,67.4007,85.952034,99.42022
BGR,Bulgaria,2012,Klebsiella pneumoniae,Fluoroquinolones,47.24409448,38.58715236990252,22.76266986583255,115.17255070984932,19.940892904089683,45.45891158432807,20.72929075528981,22618.904,67.4007,85.952034,99.42022
BGR,Bulgaria,2012,Klebsiella pneumoniae,Third-generation cephalosporins,74.8031496,38.58715236990252,22.76266986583255,115.17255070984932,19.940892904089683,45.45891158432807,20.72929075528981,22618.904,67.4007,85.952034,99.42022
BGR,Bulgaria,2012,Pseudomonas aeruginosa,Carbapenems,31.37254901,38.58715236990252,22.76266986583255,115.17255070984932,19.940892904089683,45.45891158432807,20.72929075528981,22618.904,67.4007,85.952034,99.42022
BGR,Bulgaria,2012,Staphylococcus aureus,Meticillin (MRSA),19.82378854,38.58715236990252,22.76266986583255,115.17255070984932,19.940892904089683,45.45891158432807,20.72929075528981,22618.904,67.4007,85.952034,99.42022
BGR,Bulgaria,2013,Acinetobacter spp.,Carbapenems,59.55056179,36.1358873250888,21.437495813317557,99.03761911514816,13.419235432419676,24.11717101839707,17.99505749200781,22954.492,66.91788,85.962395,99.39748
BGR,Bulgaria,2013,Enterococcus faecium,Aminopenicillins,88.37209302,36.1358873250888,21.437495813317557,99.03761911514816,13.419235432419676,24.11717101839707,17.99505749200781,22954.492,66.91788,85.962395,99.39748
BGR,Bulgaria,2013,Escherichia coli,Carbapenems,2.84090909,36.1358873250888,21.437495813317557,99.03761911514816,13.419235432419676,24.11717101839707,17.99505749200781,22954.492,66.91788,85.962395,99.39748
BGR,Bulgaria,2013,Escherichia coli,Fluoroquinolones,37.43315508,36.1358873250888,21.437495813317557,99.03761911514816,13.419235432419676,24.11717101839707,17.99505749200781,22954.492,66.91788,85.962395,99.39748
BGR,Bulgaria,2013,Escherichia coli,Third-generation cephalosporins,39.57219251,36.1358873250888,21.437495813317557,99.03761911514816,13.419235432419676,24.11717101839707,17.99505749200781,22954.492,66.91788,85.962395,99.39748
BGR,Bulgaria,2013,Klebsiella pneumoniae,Carbapenems,0.0,36.1358873250888,21.437495813317557,99.03761911514816,13.419235432419676,24.11717101839707,17.99505749200781,22954.492,66.91788,85.962395,99.39748
BGR,Bulgaria,2013,Klebsiella pneumoniae,Fluoroquinolones,45.65217391,36.1358873250888,21.437495813317557,99.03761911514816,13.419235432419676,24.11717101839707,17.99505749200781,22954.492,66.91788,85.962395,99.39748
BGR,Bulgaria,2013,Klebsiella pneumoniae,Third-generation cephalosporins,69.56521739,36.1358873250888,21.437495813317557,99.03761911514816,13.419235432419676,24.11717101839707,17.99505749200781,22954.492,66.91788,85.962395,99.39748
BGR,Bulgaria,2013,Pseudomonas aeruginosa,Carbapenems,13.55932203,36.1358873250888,21.437495813317557,99.03761911514816,13.419235432419676,24.11717101839707,17.99505749200781,22954.492,66.91788,85.962395,99.39748
BGR,Bulgaria,2013,Staphylococcus aureus,Meticillin (MRSA),19.1588785,36.1358873250888,21.437495813317557,99.03761911514816,13.419235432419676,24.11717101839707,17.99505749200781,22954.492,66.91788,85.962395,99.39748
BGR,Bulgaria,2014,Acinetobacter spp.,Carbapenems,59.09090909,34.204044020730045,20.88920776525905,83.35048941874709,11.26581347108474,18.09060820779901,22.57729348821941,23455.58,66.53878,85.972755,99.37531
BGR,Bulgaria,2014,Enterococcus faecium,Aminopenicillins,96.66666666,34.204044020730045,20.88920776525905,83.35048941874709,11.26581347108474,18.09060820779901,22.57729348821941,23455.58,66.53878,85.972755,99.37531
BGR,Bulgaria,2014,Escherichia coli,Carbapenems,0.50761421,34.204044020730045,20.88920776525905,83.35048941874709,11.26581347108474,18.09060820779901,22.57729348821941,23455.58,66.53878,85.972755,99.37531
BGR,Bulgaria,2014,Escherichia coli,Fluoroquinolones,38.60465116,34.204044020730045,20.88920776525905,83.35048941874709,11.26581347108474,18.09060820779901,22.57729348821941,23455.58,66.53878,85.972755,99.37531
BGR,Bulgaria,2014,Escherichia coli,Third-generation cephalosporins,40.36697247,34.204044020730045,20.88920776525905,83.35048941874709,11.26581347108474,18.09060820779901,22.57729348821941,23455.58,66.53878,85.972755,99.37531
BGR,Bulgaria,2014,Klebsiella pneumoniae,Carbapenems,7.1942446,34.204044020730045,20.88920776525905,83.35048941874709,11.26581347108474,18.09060820779901,22.57729348821941,23455.58,66.53878,85.972755,99.37531
BGR,Bulgaria,2014,Klebsiella pneumoniae,Fluoroquinolones,50.33112582,34.204044020730045,20.88920776525905,83.35048941874709,11.26581347108474,18.09060820779901,22.57729348821941,23455.58,66.53878,85.972755,99.37531
BGR,Bulgaria,2014,Klebsiella pneumoniae,Third-generation cephalosporins,74.83443708,34.204044020730045,20.88920776525905,83.35048941874709,11.26581347108474,18.09060820779901,22.57729348821941,23455.58,66.53878,85.972755,99.37531
BGR,Bulgaria,2014,Pseudomonas aeruginosa,Carbapenems,29.16666666,34.204044020730045,20.88920776525905,83.35048941874709,11.26581347108474,18.09060820779901,22.57729348821941,23455.58,66.53878,85.972755,99.37531
BGR,Bulgaria,2014,Staphylococcus aureus,Meticillin (MRSA),20.83333333,34.204044020730045,20.88920776525905,83.35048941874709,11.26581347108474,18.09060820779901,22.57729348821941,23455.58,66.53878,85.972755,99.37531
BGR,Bulgaria,2015,Acinetobacter spp.,Carbapenems,73.84615384,36.79037564310443,22.416344086968625,98.85331806473624,17.22198513427027,37.54002521869406,21.27531006909141,24562.75,66.115654,85.983154,99.35374
BGR,Bulgaria,2015,Enterococcus faecium,Aminopenicillins,95.3488372,36.79037564310443,22.416344086968625,98.85331806473624,17.22198513427027,37.54002521869406,21.27531006909141,24562.75,66.115654,85.983154,99.35374
BGR,Bulgaria,2015,Escherichia coli,Carbapenems,0.0,36.79037564310443,22.416344086968625,98.85331806473624,17.22198513427027,37.54002521869406,21.27531006909141,24562.75,66.115654,85.983154,99.35374
BGR,Bulgaria,2015,Escherichia coli,Fluoroquinolones,35.29411764,36.79037564310443,22.416344086968625,98.85331806473624,17.22198513427027,37.54002521869406,21.27531006909141,24562.75,66.115654,85.983154,99.35374
BGR,Bulgaria,2015,Escherichia coli,Third-generation cephalosporins,38.53658536,36.79037564310443,22.416344086968625,98.85331806473624,17.22198513427027,37.54002521869406,21.27531006909141,24562.75,66.115654,85.983154,99.35374
BGR,Bulgaria,2015,Klebsiella pneumoniae,Carbapenems,3.15789473,36.79037564310443,22.416344086968625,98.85331806473624,17.22198513427027,37.54002521869406,21.27531006909141,24562.75,66.115654,85.983154,99.35374
BGR,Bulgaria,2015,Klebsiella pneumoniae,Fluoroquinolones,37.5,36.79037564310443,22.416344086968625,98.85331806473624,17.22198513427027,37.54002521869406,21.27531006909141,24562.75,66.115654,85.983154,99.35374
BGR,Bulgaria,2015,Klebsiella pneumoniae,Third-generation cephalosporins,75.0,36.79037564310443,22.416344086968625,98.85331806473624,17.22198513427027,37.54002521869406,21.27531006909141,24562.75,66.115654,85.983154,99.35374
BGR,Bulgaria,2015,Pseudomonas aeruginosa,Carbapenems,25.45454545,36.79037564310443,22.416344086968625,98.85331806473624,17.22198513427027,37.54002521869406,21.27531006909141,24562.75,66.115654,85.983154,99.35374
BGR,Bulgaria,2015,Staphylococcus aureus,Meticillin (MRSA),13.06306306,36.79037564310443,22.416344086968625,98.85331806473624,17.22198513427027,37.54002521869406,21.27531006909141,24562.75,66.115654,85.983154,99.35374
BGR,Bulgaria,2016,Acinetobacter spp.,Carbapenems,74.75728155,35.20230844456492,22.04084993289036,97.76772395772176,13.616823476177064,17.26788565234985,20.28081216363842,25636.852,65.65435,85.993546,99.332726
BGR,Bulgaria,2016,Enterococcus faecium,Aminopenicillins,100.0,35.20230844456492,22.04084993289036,97.76772395772176,13.616823476177064,17.26788565234985,20.28081216363842,25636.852,65.65435,85.993546,99.332726
BGR,Bulgaria,2016,Escherichia coli,Carbapenems,0.89285714,35.20230844456492,22.04084993289036,97.76772395772176,13.616823476177064,17.26788565234985,20.28081216363842,25636.852,65.65435,85.993546,99.332726
BGR,Bulgaria,2016,Escherichia coli,Fluoroquinolones,42.19409282,35.20230844456492,22.04084993289036,97.76772395772176,13.616823476177064,17.26788565234985,20.28081216363842,25636.852,65.65435,85.993546,99.332726
BGR,Bulgaria,2016,Escherichia coli,Third-generation cephalosporins,41.59663865,35.20230844456492,22.04084993289036,97.76772395772176,13.616823476177064,17.26788565234985,20.28081216363842,25636.852,65.65435,85.993546,99.332726
BGR,Bulgaria,2016,Klebsiella pneumoniae,Carbapenems,4.40251572,35.20230844456492,22.04084993289036,97.76772395772176,13.616823476177064,17.26788565234985,20.28081216363842,25636.852,65.65435,85.993546,99.332726
BGR,Bulgaria,2016,Klebsiella pneumoniae,Fluoroquinolones,55.625,35.20230844456492,22.04084993289036,97.76772395772176,13.616823476177064,17.26788565234985,20.28081216363842,25636.852,65.65435,85.993546,99.332726
BGR,Bulgaria,2016,Klebsiella pneumoniae,Third-generation cephalosporins,72.5,35.20230844456492,22.04084993289036,97.76772395772176,13.616823476177064,17.26788565234985,20.28081216363842,25636.852,65.65435,85.993546,99.332726
BGR,Bulgaria,2016,Pseudomonas aeruginosa,Carbapenems,30.35714285,35.20230844456492,22.04084993289036,97.76772395772176,13.616823476177064,17.26788565234985,20.28081216363842,25636.852,65.65435,85.993546,99.332726
BGR,Bulgaria,2016,Staphylococcus aureus,Meticillin (MRSA),14.28571428,35.20230844456492,22.04084993289036,97.76772395772176,13.616823476177064,17.26788565234985,20.28081216363842,25636.852,65.65435,85.993546,99.332726
BGR,Bulgaria,2017,Acinetobacter spp.,Carbapenems,80.4347826,38.323631583562815,22.9294371853286,98.43615617061538,15.305019758921224,24.635191258106097,17.272924257205634,26691.87,65.177246,86.003975,99.31231
BGR,Bulgaria,2017,Enterococcus faecium,Aminopenicillins,98.8095238,38.323631583562815,22.9294371853286,98.43615617061538,15.305019758921224,24.635191258106097,17.272924257205634,26691.87,65.177246,86.003975,99.31231
BGR,Bulgaria,2017,Escherichia coli,Carbapenems,0.0,38.323631583562815,22.9294371853286,98.43615617061538,15.305019758921224,24.635191258106097,17.272924257205634,26691.87,65.177246,86.003975,99.31231
BGR,Bulgaria,2017,Escherichia coli,Fluoroquinolones,42.10526315,38.323631583562815,22.9294371853286,98.43615617061538,15.305019758921224,24.635191258106097,17.272924257205634,26691.87,65.177246,86.003975,99.31231
BGR,Bulgaria,2017,Escherichia coli,Third-generation cephalosporins,41.29554655,38.323631583562815,22.9294371853286,98.43615617061538,15.305019758921224,24.635191258106097,17.272924257205634,26691.87,65.177246,86.003975,99.31231
BGR,Bulgaria,2017,Klebsiella pneumoniae,Carbapenems,12.4260355,38.323631583562815,22.9294371853286,98.43615617061538,15.305019758921224,24.635191258106097,17.272924257205634,26691.87,65.177246,86.003975,99.31231
BGR,Bulgaria,2017,Klebsiella pneumoniae,Fluoroquinolones,59.7633136,38.323631583562815,22.9294371853286,98.43615617061538,15.305019758921224,24.635191258106097,17.272924257205634,26691.87,65.177246,86.003975,99.31231
BGR,Bulgaria,2017,Klebsiella pneumoniae,Third-generation cephalosporins,76.33136094,38.323631583562815,22.9294371853286,98.43615617061538,15.305019758921224,24.635191258106097,17.272924257205634,26691.87,65.177246,86.003975,99.31231
BGR,Bulgaria,2017,Pseudomonas aeruginosa,Carbapenems,25.35211267,38.323631583562815,22.9294371853286,98.43615617061538,15.305019758921224,24.635191258106097,17.272924257205634,26691.87,65.177246,86.003975,99.31231
BGR,Bulgaria,2017,Staphylococcus aureus,Meticillin (MRSA),13.65638766,38.323631583562815,22.9294371853286,98.43615617061538,15.305019758921224,24.635191258106097,17.272924257205634,26691.87,65.177246,86.003975,99.31231
BGR,Bulgaria,2018,Acinetobacter spp.,Carbapenems,74.54545454,33.22018662741015,21.40482384527657,116.98597361571504,14.988540755782688,32.467801612053385,25.263934211411243,27691.01,64.70841,86.01436,99.29245
BGR,Bulgaria,2018,Enterococcus faecium,Aminopenicillins,98.9010989,33.22018662741015,21.40482384527657,116.98597361571504,14.988540755782688,32.467801612053385,25.263934211411243,27691.01,64.70841,86.01436,99.29245
BGR,Bulgaria,2018,Escherichia coli,Carbapenems,1.36986301,33.22018662741015,21.40482384527657,116.98597361571504,14.988540755782688,32.467801612053385,25.263934211411243,27691.01,64.70841,86.01436,99.29245
BGR,Bulgaria,2018,Escherichia coli,Fluoroquinolones,41.78082191,33.22018662741015,21.40482384527657,116.98597361571504,14.988540755782688,32.467801612053385,25.263934211411243,27691.01,64.70841,86.01436,99.29245
BGR,Bulgaria,2018,Escherichia coli,Third-generation cephalosporins,38.69863013,33.22018662741015,21.40482384527657,116.98597361571504,14.988540755782688,32.467801612053385,25.263934211411243,27691.01,64.70841,86.01436,99.29245
BGR,Bulgaria,2018,Klebsiella pneumoniae,Carbapenems,21.24352331,33.22018662741015,21.40482384527657,116.98597361571504,14.988540755782688,32.467801612053385,25.263934211411243,27691.01,64.70841,86.01436,99.29245
BGR,Bulgaria,2018,Klebsiella pneumoniae,Fluoroquinolones,62.69430051,33.22018662741015,21.40482384527657,116.98597361571504,14.988540755782688,32.467801612053385,25.263934211411243,27691.01,64.70841,86.01436,99.29245
BGR,Bulgaria,2018,Klebsiella pneumoniae,Third-generation cephalosporins,77.72020725,33.22018662741015,21.40482384527657,116.98597361571504,14.988540755782688,32.467801612053385,25.263934211411243,27691.01,64.70841,86.01436,99.29245
BGR,Bulgaria,2018,Pseudomonas aeruginosa,Carbapenems,25.55555555,33.22018662741015,21.40482384527657,116.98597361571504,14.988540755782688,32.467801612053385,25.263934211411243,27691.01,64.70841,86.01436,99.29245
BGR,Bulgaria,2018,Staphylococcus aureus,Meticillin (MRSA),17.57188498,33.22018662741015,21.40482384527657,116.98597361571504,14.988540755782688,32.467801612053385,25.263934211411243,27691.01,64.70841,86.01436,99.29245
CZE,Czechia,2000,Staphylococcus aureus,Meticillin (MRSA),4.27184466,33.898768330994685,18.591047700864564,44.98263242867466,1.3752541986493307,16.702166766276285,19.684283563136333,29427.406,132.62378,99.019936,97.972244
CZE,Czechia,2001,Enterococcus faecium,Aminopenicillins,67.1875,32.5514508491346,18.96519925635299,40.75756278876299,1.6266157843380045,6.215691902652165,16.096990702232354,30399.873,132.56073,99.018326,97.97062
CZE,Czechia,2001,Escherichia coli,Carbapenems,0.0,32.5514508491346,18.96519925635299,40.75756278876299,1.6266157843380045,6.215691902652165,16.096990702232354,30399.873,132.56073,99.018326,97.97062
CZE,Czechia,2001,Escherichia coli,Fluoroquinolones,8.09199318,32.5514508491346,18.96519925635299,40.75756278876299,1.6266157843380045,6.215691902652165,16.096990702232354,30399.873,132.56073,99.018326,97.97062
CZE,Czechia,2001,Escherichia coli,Third-generation cephalosporins,2.31362467,32.5514508491346,18.96519925635299,40.75756278876299,1.6266157843380045,6.215691902652165,16.096990702232354,30399.873,132.56073,99.018326,97.97062
CZE,Czechia,2001,Staphylococcus aureus,Meticillin (MRSA),5.86046511,32.5514508491346,18.96519925635299,40.75756278876299,1.6266157843380045,6.215691902652165,16.096990702232354,30399.873,132.56073,99.018326,97.97062
CZE,Czechia,2002,Enterococcus faecium,Aminopenicillins,73.1707317,32.91603731381617,19.202553671104276,46.62713324059072,1.6147823498079257,22.50574672662952,20.09902699069348,30919.549,132.65831,99.0225,98.008835
CZE,Czechia,2002,Escherichia coli,Fluoroquinolones,10.40353089,32.91603731381617,19.202553671104276,46.62713324059072,1.6147823498079257,22.50574672662952,20.09902699069348,30919.549,132.65831,99.0225,98.008835
CZE,Czechia,2002,Escherichia coli,Third-generation cephalosporins,1.19873817,32.91603731381617,19.202553671104276,46.62713324059072,1.6147823498079257,22.50574672662952,20.09902699069348,30919.549,132.65831,99.0225,98.008835
CZE,Czechia,2002,Staphylococcus aureus,Meticillin (MRSA),5.90753424,32.91603731381617,19.202553671104276,46.62713324059072,1.6147823498079257,22.50574672662952,20.09902699069348,30919.549,132.65831,99.0225,98.008835
CZE,Czechia,2003,Enterococcus faecium,Aminopenicillins,79.78723404,35.471169096162605,19.7900622552783,68.80464219789162,3.75522150674979,23.21849530025236,17.466595689907024,31949.297,132.78052,99.02684,98.047035
CZE,Czechia,2003,Escherichia coli,Fluoroquinolones,13.20861678,35.471169096162605,19.7900622552783,68.80464219789162,3.75522150674979,23.21849530025236,17.466595689907024,31949.297,132.78052,99.02684,98.047035
CZE,Czechia,2003,Escherichia coli,Third-generation cephalosporins,1.13700966,35.471169096162605,19.7900622552783,68.80464219789162,3.75522150674979,23.21849530025236,17.466595689907024,31949.297,132.78052,99.02684,98.047035
CZE,Czechia,2003,Staphylococcus aureus,Meticillin (MRSA),6.12833453,35.471169096162605,19.7900622552783,68.80464219789162,3.75522150674979,23.21849530025236,17.466595689907024,31949.297,132.78052,99.02684,98.047035
CZE,Czechia,2004,Enterococcus faecium,Aminopenicillins,81.13207547,31.37247708948284,18.24450972396115,37.90052308438808,1.3161916453247593,9.198860615839408,13.673125480173349,33452.34,132.94305,99.031364,98.08525
CZE,Czechia,2004,Escherichia coli,Fluoroquinolones,15.92875318,31.37247708948284,18.24450972396115,37.90052308438808,1.3161916453247593,9.198860615839408,13.673125480173349,33452.34,132.94305,99.031364,98.08525
CZE,Czechia,2004,Escherichia coli,Third-generation cephalosporins,1.67938931,31.37247708948284,18.24450972396115,37.90052308438808,1.3161916453247593,9.198860615839408,13.673125480173349,33452.34,132.94305,99.031364,98.08525
CZE,Czechia,2004,Staphylococcus aureus,Meticillin (MRSA),8.51800554,31.37247708948284,18.24450972396115,37.90052308438808,1.3161916453247593,9.198860615839408,13.673125480173349,33452.34,132.94305,99.031364,98.08525
CZE,Czechia,2005,Enterococcus faecium,Aminopenicillins,91.94312796,33.34398499490438,19.27795083540208,43.809211836747686,1.6868546590289752,14.691812209472936,15.259522113170178,35535.746,133.18535,99.03607,98.12347
CZE,Czechia,2005,Escherichia coli,Carbapenems,0.0,33.34398499490438,19.27795083540208,43.809211836747686,1.6868546590289752,14.691812209472936,15.259522113170178,35535.746,133.18535,99.03607,98.12347
CZE,Czechia,2005,Escherichia coli,Fluoroquinolones,20.24182713,33.34398499490438,19.27795083540208,43.809211836747686,1.6868546590289752,14.691812209472936,15.259522113170178,35535.746,133.18535,99.03607,98.12347
CZE,Czechia,2005,Escherichia coli,Third-generation cephalosporins,2.23914017,33.34398499490438,19.27795083540208,43.809211836747686,1.6868546590289752,14.691812209472936,15.259522113170178,35535.746,133.18535,99.03607,98.12347
CZE,Czechia,2005,Klebsiella pneumoniae,Carbapenems,0.0,33.34398499490438,19.27795083540208,43.809211836747686,1.6868546590289752,14.691812209472936,15.259522113170178,35535.746,133.18535,99.03607,98.12347
CZE,Czechia,2005,Klebsiella pneumoniae,Fluoroquinolones,38.0753138,33.34398499490438,19.27795083540208,43.809211836747686,1.6868546590289752,14.691812209472936,15.259522113170178,35535.746,133.18535,99.03607,98.12347
CZE,Czechia,2005,Klebsiella pneumoniae,Third-generation cephalosporins,32.42677824,33.34398499490438,19.27795083540208,43.809211836747686,1.6868546590289752,14.691812209472936,15.259522113170178,35535.746,133.18535,99.03607,98.12347
CZE,Czechia,2005,Pseudomonas aeruginosa,Carbapenems,31.12840466,33.34398499490438,19.27795083540208,43.809211836747686,1.6868546590289752,14.691812209472936,15.259522113170178,35535.746,133.18535,99.03607,98.12347
CZE,Czechia,2005,Staphylococcus aureus,Meticillin (MRSA),12.87830006,33.34398499490438,19.27795083540208,43.809211836747686,1.6868546590289752,14.691812209472936,15.259522113170178,35535.746,133.18535,99.03607,98.12347
CZE,Czechia,2006,Enterococcus faecium,Aminopenicillins,90.1098901,34.181865546036704,19.629990298418125,52.25696300368575,2.4199738510676543,24.761170138604644,20.255135308472735,37786.88,133.50195,99.04097,98.16169
CZE,Czechia,2006,Escherichia coli,Carbapenems,0.0,34.181865546036704,19.629990298418125,52.25696300368575,2.4199738510676543,24.761170138604644,20.255135308472735,37786.88,133.50195,99.04097,98.16169
CZE,Czechia,2006,Escherichia coli,Fluoroquinolones,23.22761194,34.181865546036704,19.629990298418125,52.25696300368575,2.4199738510676543,24.761170138604644,20.255135308472735,37786.88,133.50195,99.04097,98.16169
CZE,Czechia,2006,Escherichia coli,Third-generation cephalosporins,5.13888888,34.181865546036704,19.629990298418125,52.25696300368575,2.4199738510676543,24.761170138604644,20.255135308472735,37786.88,133.50195,99.04097,98.16169
CZE,Czechia,2006,Klebsiella pneumoniae,Carbapenems,,34.181865546036704,19.629990298418125,52.25696300368575,2.4199738510676543,24.761170138604644,20.255135308472735,37786.88,133.50195,99.04097,98.16169
CZE,Czechia,2006,Klebsiella pneumoniae,Fluoroquinolones,47.3870682,34.181865546036704,19.629990298418125,52.25696300368575,2.4199738510676543,24.761170138604644,20.255135308472735,37786.88,133.50195,99.04097,98.16169
CZE,Czechia,2006,Klebsiella pneumoniae,Third-generation cephalosporins,34.77876106,34.181865546036704,19.629990298418125,52.25696300368575,2.4199738510676543,24.761170138604644,20.255135308472735,37786.88,133.50195,99.04097,98.16169
CZE,Czechia,2006,Pseudomonas aeruginosa,Carbapenems,32.7198364,34.181865546036704,19.629990298418125,52.25696300368575,2.4199738510676543,24.761170138604644,20.255135308472735,37786.88,133.50195,99.04097,98.16169
CZE,Czechia,2006,Staphylococcus aureus,Meticillin (MRSA),12.31172233,34.181865546036704,19.629990298418125,52.25696300368575,2.4199738510676543,24.761170138604644,20.255135308472735,37786.88,133.50195,99.04097,98.16169
CZE,Czechia,2007,Enterococcus faecium,Aminopenicillins,91.26637554,34.854722604231725,19.236358380291385,47.316165585177146,1.6638669583040624,29.965506529455368,19.381411301892257,39629.008,133.92879,99.04604,98.19991
CZE,Czechia,2007,Escherichia coli,Carbapenems,0.22547914,34.854722604231725,19.236358380291385,47.316165585177146,1.6638669583040624,29.965506529455368,19.381411301892257,39629.008,133.92879,99.04604,98.19991
CZE,Czechia,2007,Escherichia coli,Fluoroquinolones,24.14796342,34.854722604231725,19.236358380291385,47.316165585177146,1.6638669583040624,29.965506529455368,19.381411301892257,39629.008,133.92879,99.04604,98.19991
CZE,Czechia,2007,Escherichia coli,Third-generation cephalosporins,7.39509763,34.854722604231725,19.236358380291385,47.316165585177146,1.6638669583040624,29.965506529455368,19.381411301892257,39629.008,133.92879,99.04604,98.19991
CZE,Czechia,2007,Klebsiella pneumoniae,Carbapenems,0.0,34.854722604231725,19.236358380291385,47.316165585177146,1.6638669583040624,29.965506529455368,19.381411301892257,39629.008,133.92879,99.04604,98.19991
CZE,Czechia,2007,Klebsiella pneumoniae,Fluoroquinolones,48.45528455,34.854722604231725,19.236358380291385,47.316165585177146,1.6638669583040624,29.965506529455368,19.381411301892257,39629.008,133.92879,99.04604,98.19991
CZE,Czechia,2007,Klebsiella pneumoniae,Third-generation cephalosporins,45.69105691,34.854722604231725,19.236358380291385,47.316165585177146,1.6638669583040624,29.965506529455368,19.381411301892257,39629.008,133.92879,99.04604,98.19991
CZE,Czechia,2007,Pseudomonas aeruginosa,Carbapenems,35.97678916,34.854722604231725,19.236358380291385,47.316165585177146,1.6638669583040624,29.965506529455368,19.381411301892257,39629.008,133.92879,99.04604,98.19991
CZE,Czechia,2007,Staphylococcus aureus,Meticillin (MRSA),12.88566243,34.854722604231725,19.236358380291385,47.316165585177146,1.6638669583040624,29.965506529455368,19.381411301892257,39629.008,133.92879,99.04604,98.19991
CZE,Czechia,2008,Enterococcus faecium,Aminopenicillins,94.01709401,31.80341599460471,18.298926676902987,44.92098802447361,1.4915869932957606,12.770539879078926,16.584278969824403,40328.344,134.45685,99.0513,98.238144
CZE,Czechia,2008,Escherichia coli,Carbapenems,0.04732607,31.80341599460471,18.298926676902987,44.92098802447361,1.4915869932957606,12.770539879078926,16.584278969824403,40328.344,134.45685,99.0513,98.238144
CZE,Czechia,2008,Escherichia coli,Fluoroquinolones,26.02339181,31.80341599460471,18.298926676902987,44.92098802447361,1.4915869932957606,12.770539879078926,16.584278969824403,40328.344,134.45685,99.0513,98.238144
CZE,Czechia,2008,Escherichia coli,Third-generation cephalosporins,9.86121256,31.80341599460471,18.298926676902987,44.92098802447361,1.4915869932957606,12.770539879078926,16.584278969824403,40328.344,134.45685,99.0513,98.238144
CZE,Czechia,2008,Klebsiella pneumoniae,Carbapenems,0.23809523,31.80341599460471,18.298926676902987,44.92098802447361,1.4915869932957606,12.770539879078926,16.584278969824403,40328.344,134.45685,99.0513,98.238144
CZE,Czechia,2008,Klebsiella pneumoniae,Fluoroquinolones,51.54155495,31.80341599460471,18.298926676902987,44.92098802447361,1.4915869932957606,12.770539879078926,16.584278969824403,40328.344,134.45685,99.0513,98.238144
CZE,Czechia,2008,Klebsiella pneumoniae,Third-generation cephalosporins,47.68921634,31.80341599460471,18.298926676902987,44.92098802447361,1.4915869932957606,12.770539879078926,16.584278969824403,40328.344,134.45685,99.0513,98.238144
CZE,Czechia,2008,Pseudomonas aeruginosa,Carbapenems,29.07801418,31.80341599460471,18.298926676902987,44.92098802447361,1.4915869932957606,12.770539879078926,16.584278969824403,40328.344,134.45685,99.0513,98.238144
CZE,Czechia,2008,Staphylococcus aureus,Meticillin (MRSA),14.1690962,31.80341599460471,18.298926676902987,44.92098802447361,1.4915869932957606,12.770539879078926,16.584278969824403,40328.344,134.45685,99.0513,98.238144
CZE,Czechia,2009,Enterococcus faecium,Aminopenicillins,97.6076555,32.596020383321694,18.08673404749777,46.356295166996695,1.6087616128069182,15.159788897932344,15.617639729123416,38175.14,135.00989,99.05675,98.276375
CZE,Czechia,2009,Escherichia coli,Carbapenems,0.05966587,32.596020383321694,18.08673404749777,46.356295166996695,1.6087616128069182,15.159788897932344,15.617639729123416,38175.14,135.00989,99.05675,98.276375
CZE,Czechia,2009,Escherichia coli,Fluoroquinolones,23.16896301,32.596020383321694,18.08673404749777,46.356295166996695,1.6087616128069182,15.159788897932344,15.617639729123416,38175.14,135.00989,99.05675,98.276375
CZE,Czechia,2009,Escherichia coli,Third-generation cephalosporins,9.7861544,32.596020383321694,18.08673404749777,46.356295166996695,1.6087616128069182,15.159788897932344,15.617639729123416,38175.14,135.00989,99.05675,98.276375
CZE,Czechia,2009,Klebsiella pneumoniae,Carbapenems,0.24711696,32.596020383321694,18.08673404749777,46.356295166996695,1.6087616128069182,15.159788897932344,15.617639729123416,38175.14,135.00989,99.05675,98.276375
CZE,Czechia,2009,Klebsiella pneumoniae,Fluoroquinolones,54.27561837,32.596020383321694,18.08673404749777,46.356295166996695,1.6087616128069182,15.159788897932344,15.617639729123416,38175.14,135.00989,99.05675,98.276375
CZE,Czechia,2009,Klebsiella pneumoniae,Third-generation cephalosporins,52.08480565,32.596020383321694,18.08673404749777,46.356295166996695,1.6087616128069182,15.159788897932344,15.617639729123416,38175.14,135.00989,99.05675,98.276375
CZE,Czechia,2009,Pseudomonas aeruginosa,Carbapenems,28.86956521,32.596020383321694,18.08673404749777,46.356295166996695,1.6087616128069182,15.159788897932344,15.617639729123416,38175.14,135.00989,99.05675,98.276375
CZE,Czechia,2009,Staphylococcus aureus,Meticillin (MRSA),14.39528023,32.596020383321694,18.08673404749777,46.356295166996695,1.6087616128069182,15.159788897932344,15.617639729123416,38175.14,135.00989,99.05675,98.276375
CZE,Czechia,2010,Enterococcus faecium,Aminopenicillins,97.34042553,33.95702588950115,19.86368388334133,41.02669536452456,2.391435318442937,7.906801617596147,12.98381238413546,39097.387,135.56763,99.062386,98.31464
CZE,Czechia,2010,Escherichia coli,Carbapenems,0.06071645,33.95702588950115,19.86368388334133,41.02669536452456,2.391435318442937,7.906801617596147,12.98381238413546,39097.387,135.56763,99.062386,98.31464
CZE,Czechia,2010,Escherichia coli,Fluoroquinolones,22.73276904,33.95702588950115,19.86368388334133,41.02669536452456,2.391435318442937,7.906801617596147,12.98381238413546,39097.387,135.56763,99.062386,98.31464
CZE,Czechia,2010,Escherichia coli,Third-generation cephalosporins,10.35455278,33.95702588950115,19.86368388334133,41.02669536452456,2.391435318442937,7.906801617596147,12.98381238413546,39097.387,135.56763,99.062386,98.31464
CZE,Czechia,2010,Klebsiella pneumoniae,Carbapenems,0.09066183,33.95702588950115,19.86368388334133,41.02669536452456,2.391435318442937,7.906801617596147,12.98381238413546,39097.387,135.56763,99.062386,98.31464
CZE,Czechia,2010,Klebsiella pneumoniae,Fluoroquinolones,55.10688836,33.95702588950115,19.86368388334133,41.02669536452456,2.391435318442937,7.906801617596147,12.98381238413546,39097.387,135.56763,99.062386,98.31464
CZE,Czechia,2010,Klebsiella pneumoniae,Third-generation cephalosporins,48.21852731,33.95702588950115,19.86368388334133,41.02669536452456,2.391435318442937,7.906801617596147,12.98381238413546,39097.387,135.56763,99.062386,98.31464
CZE,Czechia,2010,Pseudomonas aeruginosa,Carbapenems,16.47058823,33.95702588950115,19.86368388334133,41.02669536452456,2.391435318442937,7.906801617596147,12.98381238413546,39097.387,135.56763,99.062386,98.31464
CZE,Czechia,2010,Staphylococcus aureus,Meticillin (MRSA),13.49654739,33.95702588950115,19.86368388334133,41.02669536452456,2.391435318442937,7.906801617596147,12.98381238413546,39097.387,135.56763,99.062386,98.31464
CZE,Czechia,2011,Enterococcus faecium,Aminopenicillins,97.1563981,32.57057805680406,18.78415055137178,48.41107891318238,1.4450331913858632,18.50569711594701,16.191858911183584,39708.164,135.97537,99.06821,98.352875
CZE,Czechia,2011,Escherichia coli,Carbapenems,0.0,32.57057805680406,18.78415055137178,48.41107891318238,1.4450331913858632,18.50569711594701,16.191858911183584,39708.164,135.97537,99.06821,98.352875
CZE,Czechia,2011,Escherichia coli,Fluoroquinolones,23.48993288,32.57057805680406,18.78415055137178,48.41107891318238,1.4450331913858632,18.50569711594701,16.191858911183584,39708.164,135.97537,99.06821,98.352875
CZE,Czechia,2011,Escherichia coli,Third-generation cephalosporins,11.36363636,32.57057805680406,18.78415055137178,48.41107891318238,1.4450331913858632,18.50569711594701,16.191858911183584,39708.164,135.97537,99.06821,98.352875
CZE,Czechia,2011,Klebsiella pneumoniae,Carbapenems,0.08382229,32.57057805680406,18.78415055137178,48.41107891318238,1.4450331913858632,18.50569711594701,16.191858911183584,39708.164,135.97537,99.06821,98.352875
CZE,Czechia,2011,Klebsiella pneumoniae,Fluoroquinolones,52.83605283,32.57057805680406,18.78415055137178,48.41107891318238,1.4450331913858632,18.50569711594701,16.191858911183584,39708.164,135.97537,99.06821,98.352875
CZE,Czechia,2011,Klebsiella pneumoniae,Third-generation cephalosporins,48.25174825,32.57057805680406,18.78415055137178,48.41107891318238,1.4450331913858632,18.50569711594701,16.191858911183584,39708.164,135.97537,99.06821,98.352875
CZE,Czechia,2011,Pseudomonas aeruginosa,Carbapenems,13.16964285,32.57057805680406,18.78415055137178,48.41107891318238,1.4450331913858632,18.50569711594701,16.191858911183584,39708.164,135.97537,99.06821,98.352875
CZE,Czechia,2011,Staphylococcus aureus,Meticillin (MRSA),14.53376205,32.57057805680406,18.78415055137178,48.41107891318238,1.4450331913858632,18.50569711594701,16.191858911183584,39708.164,135.97537,99.06821,98.352875
CZE,Czechia,2012,Enterococcus faecium,Aminopenicillins,97.70992366,34.93429942417489,19.406638469726275,50.96829801370058,2.458373899042778,17.705457342193604,17.386879259337334,39347.05,136.12865,99.07411,98.39229
CZE,Czechia,2012,Escherichia coli,Carbapenems,0.05783689,34.93429942417489,19.406638469726275,50.96829801370058,2.458373899042778,17.705457342193604,17.386879259337334,39347.05,136.12865,99.07411,98.39229
CZE,Czechia,2012,Escherichia coli,Fluoroquinolones,20.96831612,34.93429942417489,19.406638469726275,50.96829801370058,2.458373899042778,17.705457342193604,17.386879259337334,39347.05,136.12865,99.07411,98.39229
CZE,Czechia,2012,Escherichia coli,Third-generation cephalosporins,11.4509246,34.93429942417489,19.406638469726275,50.96829801370058,2.458373899042778,17.705457342193604,17.386879259337334,39347.05,136.12865,99.07411,98.39229
CZE,Czechia,2012,Klebsiella pneumoniae,Carbapenems,0.30604437,34.93429942417489,19.406638469726275,50.96829801370058,2.458373899042778,17.705457342193604,17.386879259337334,39347.05,136.12865,99.07411,98.39229
CZE,Czechia,2012,Klebsiella pneumoniae,Fluoroquinolones,50.39313795,34.93429942417489,19.406638469726275,50.96829801370058,2.458373899042778,17.705457342193604,17.386879259337334,39347.05,136.12865,99.07411,98.39229
CZE,Czechia,2012,Klebsiella pneumoniae,Third-generation cephalosporins,51.17941386,34.93429942417489,19.406638469726275,50.96829801370058,2.458373899042778,17.705457342193604,17.386879259337334,39347.05,136.12865,99.07411,98.39229
CZE,Czechia,2012,Pseudomonas aeruginosa,Carbapenems,15.13292433,34.93429942417489,19.406638469726275,50.96829801370058,2.458373899042778,17.705457342193604,17.386879259337334,39347.05,136.12865,99.07411,98.39229
CZE,Czechia,2012,Staphylococcus aureus,Meticillin (MRSA),13.15952824,34.93429942417489,19.406638469726275,50.96829801370058,2.458373899042778,17.705457342193604,17.386879259337334,39347.05,136.12865,99.07411,98.39229
CZE,Czechia,2013,Acinetobacter spp.,Carbapenems,4.39560439,35.35295557183267,19.917069941903424,45.40954219652735,2.285471560865188,9.965053666319882,15.676208310413337,39317.555,136.1782,99.07978,98.53396
CZE,Czechia,2013,Enterococcus faecium,Aminopenicillins,95.91078066,35.35295557183267,19.917069941903424,45.40954219652735,2.285471560865188,9.965053666319882,15.676208310413337,39317.555,136.1782,99.07978,98.53396
CZE,Czechia,2013,Escherichia coli,Carbapenems,0.0,35.35295557183267,19.917069941903424,45.40954219652735,2.285471560865188,9.965053666319882,15.676208310413337,39317.555,136.1782,99.07978,98.53396
CZE,Czechia,2013,Escherichia coli,Fluoroquinolones,20.75855062,35.35295557183267,19.917069941903424,45.40954219652735,2.285471560865188,9.965053666319882,15.676208310413337,39317.555,136.1782,99.07978,98.53396
CZE,Czechia,2013,Escherichia coli,Third-generation cephalosporins,13.10088016,35.35295557183267,19.917069941903424,45.40954219652735,2.285471560865188,9.965053666319882,15.676208310413337,39317.555,136.1782,99.07978,98.53396
CZE,Czechia,2013,Klebsiella pneumoniae,Carbapenems,0.52956751,35.35295557183267,19.917069941903424,45.40954219652735,2.285471560865188,9.965053666319882,15.676208310413337,39317.555,136.1782,99.07978,98.53396
CZE,Czechia,2013,Klebsiella pneumoniae,Fluoroquinolones,47.71494965,35.35295557183267,19.917069941903424,45.40954219652735,2.285471560865188,9.965053666319882,15.676208310413337,39317.555,136.1782,99.07978,98.53396
CZE,Czechia,2013,Klebsiella pneumoniae,Third-generation cephalosporins,51.97521301,35.35295557183267,19.917069941903424,45.40954219652735,2.285471560865188,9.965053666319882,15.676208310413337,39317.555,136.1782,99.07978,98.53396
CZE,Czechia,2013,Pseudomonas aeruginosa,Carbapenems,15.69767441,35.35295557183267,19.917069941903424,45.40954219652735,2.285471560865188,9.965053666319882,15.676208310413337,39317.555,136.1782,99.07978,98.53396
CZE,Czechia,2013,Staphylococcus aureus,Meticillin (MRSA),13.41534856,35.35295557183267,19.917069941903424,45.40954219652735,2.285471560865188,9.965053666319882,15.676208310413337,39317.555,136.1782,99.07978,98.53396
CZE,Czechia,2014,Acinetobacter spp.,Carbapenems,5.08474576,32.92884175379898,18.95591427570514,40.88401212290586,0.989455398559305,19.491470622247338,22.88673301449954,40158.016,136.2567,99.07555,98.73021
CZE,Czechia,2014,Enterococcus faecium,Aminopenicillins,96.0,32.92884175379898,18.95591427570514,40.88401212290586,0.989455398559305,19.491470622247338,22.88673301449954,40158.016,136.2567,99.07555,98.73021
CZE,Czechia,2014,Escherichia coli,Carbapenems,0.0,32.92884175379898,18.95591427570514,40.88401212290586,0.989455398559305,19.491470622247338,22.88673301449954,40158.016,136.2567,99.07555,98.73021
CZE,Czechia,2014,Escherichia coli,Fluoroquinolones,21.60618279,32.92884175379898,18.95591427570514,40.88401212290586,0.989455398559305,19.491470622247338,22.88673301449954,40158.016,136.2567,99.07555,98.73021
CZE,Czechia,2014,Escherichia coli,Third-generation cephalosporins,13.96910678,32.92884175379898,18.95591427570514,40.88401212290586,0.989455398559305,19.491470622247338,22.88673301449954,40158.016,136.2567,99.07555,98.73021
CZE,Czechia,2014,Klebsiella pneumoniae,Carbapenems,0.08710801,32.92884175379898,18.95591427570514,40.88401212290586,0.989455398559305,19.491470622247338,22.88673301449954,40158.016,136.2567,99.07555,98.73021
CZE,Czechia,2014,Klebsiella pneumoniae,Fluoroquinolones,47.97395079,32.92884175379898,18.95591427570514,40.88401212290586,0.989455398559305,19.491470622247338,22.88673301449954,40158.016,136.2567,99.07555,98.73021
CZE,Czechia,2014,Klebsiella pneumoniae,Third-generation cephalosporins,52.92841648,32.92884175379898,18.95591427570514,40.88401212290586,0.989455398559305,19.491470622247338,22.88673301449954,40158.016,136.2567,99.07555,98.73021
CZE,Czechia,2014,Pseudomonas aeruginosa,Carbapenems,14.0625,32.92884175379898,18.95591427570514,40.88401212290586,0.989455398559305,19.491470622247338,22.88673301449954,40158.016,136.2567,99.07555,98.73021
CZE,Czechia,2014,Staphylococcus aureus,Meticillin (MRSA),13.15634218,32.92884175379898,18.95591427570514,40.88401212290586,0.989455398559305,19.491470622247338,22.88673301449954,40158.016,136.2567,99.07555,98.73021
CZE,Czechia,2015,Acinetobacter spp.,Carbapenems,6.66666666,36.03604150385511,20.34626564444426,53.32144901097937,3.933806194012058,34.928146908396805,20.11466452831712,42066.574,136.34991,99.07517,98.73048
CZE,Czechia,2015,Enterococcus faecium,Aminopenicillins,96.27329192,36.03604150385511,20.34626564444426,53.32144901097937,3.933806194012058,34.928146908396805,20.11466452831712,42066.574,136.34991,99.07517,98.73048
CZE,Czechia,2015,Escherichia coli,Carbapenems,0.0,36.03604150385511,20.34626564444426,53.32144901097937,3.933806194012058,34.928146908396805,20.11466452831712,42066.574,136.34991,99.07517,98.73048
CZE,Czechia,2015,Escherichia coli,Fluoroquinolones,22.59083728,36.03604150385511,20.34626564444426,53.32144901097937,3.933806194012058,34.928146908396805,20.11466452831712,42066.574,136.34991,99.07517,98.73048
CZE,Czechia,2015,Escherichia coli,Third-generation cephalosporins,14.50189155,36.03604150385511,20.34626564444426,53.32144901097937,3.933806194012058,34.928146908396805,20.11466452831712,42066.574,136.34991,99.07517,98.73048
CZE,Czechia,2015,Klebsiella pneumoniae,Carbapenems,0.27272727,36.03604150385511,20.34626564444426,53.32144901097937,3.933806194012058,34.928146908396805,20.11466452831712,42066.574,136.34991,99.07517,98.73048
CZE,Czechia,2015,Klebsiella pneumoniae,Fluoroquinolones,48.87005649,36.03604150385511,20.34626564444426,53.32144901097937,3.933806194012058,34.928146908396805,20.11466452831712,42066.574,136.34991,99.07517,98.73048
CZE,Czechia,2015,Klebsiella pneumoniae,Third-generation cephalosporins,54.12844036,36.03604150385511,20.34626564444426,53.32144901097937,3.933806194012058,34.928146908396805,20.11466452831712,42066.574,136.34991,99.07517,98.73048
CZE,Czechia,2015,Pseudomonas aeruginosa,Carbapenems,10.56034482,36.03604150385511,20.34626564444426,53.32144901097937,3.933806194012058,34.928146908396805,20.11466452831712,42066.574,136.34991,99.07517,98.73048
CZE,Czechia,2015,Staphylococcus aureus,Meticillin (MRSA),13.34440753,36.03604150385511,20.34626564444426,53.32144901097937,3.933806194012058,34.928146908396805,20.11466452831712,42066.574,136.34991,99.07517,98.73048
CZE,Czechia,2016,Acinetobacter spp.,Carbapenems,1.75438596,32.99485537533511,18.933587484682587,52.01523508143137,1.583445765885041,16.585052268333676,17.72042614086313,43069.465,136.44745,99.0748,98.73075
CZE,Czechia,2016,Enterococcus faecium,Aminopenicillins,95.33073929,32.99485537533511,18.933587484682587,52.01523508143137,1.583445765885041,16.585052268333676,17.72042614086313,43069.465,136.44745,99.0748,98.73075
CZE,Czechia,2016,Escherichia coli,Carbapenems,0.0,32.99485537533511,18.933587484682587,52.01523508143137,1.583445765885041,16.585052268333676,17.72042614086313,43069.465,136.44745,99.0748,98.73075
CZE,Czechia,2016,Escherichia coli,Fluoroquinolones,27.63802678,32.99485537533511,18.933587484682587,52.01523508143137,1.583445765885041,16.585052268333676,17.72042614086313,43069.465,136.44745,99.0748,98.73075
CZE,Czechia,2016,Escherichia coli,Third-generation cephalosporins,15.06043776,32.99485537533511,18.933587484682587,52.01523508143137,1.583445765885041,16.585052268333676,17.72042614086313,43069.465,136.44745,99.0748,98.73075
CZE,Czechia,2016,Klebsiella pneumoniae,Carbapenems,0.0,32.99485537533511,18.933587484682587,52.01523508143137,1.583445765885041,16.585052268333676,17.72042614086313,43069.465,136.44745,99.0748,98.73075
CZE,Czechia,2016,Klebsiella pneumoniae,Fluoroquinolones,50.50578034,32.99485537533511,18.933587484682587,52.01523508143137,1.583445765885041,16.585052268333676,17.72042614086313,43069.465,136.44745,99.0748,98.73075
CZE,Czechia,2016,Klebsiella pneumoniae,Third-generation cephalosporins,51.80635838,32.99485537533511,18.933587484682587,52.01523508143137,1.583445765885041,16.585052268333676,17.72042614086313,43069.465,136.44745,99.0748,98.73075
CZE,Czechia,2016,Pseudomonas aeruginosa,Carbapenems,8.83620689,32.99485537533511,18.933587484682587,52.01523508143137,1.583445765885041,16.585052268333676,17.72042614086313,43069.465,136.44745,99.0748,98.73075
CZE,Czechia,2016,Staphylococcus aureus,Meticillin (MRSA),13.72549019,32.99485537533511,18.933587484682587,52.01523508143137,1.583445765885041,16.585052268333676,17.72042614086313,43069.465,136.44745,99.0748,98.73075
CZE,Czechia,2017,Acinetobacter spp.,Carbapenems,12.72727272,33.54830063366126,19.15115371134817,49.2859565843516,1.8807944997105563,12.334057651595757,15.959846989474714,45177.523,136.5692,99.07437,98.73106
CZE,Czechia,2017,Enterococcus faecium,Aminopenicillins,96.96969696,33.54830063366126,19.15115371134817,49.2859565843516,1.8807944997105563,12.334057651595757,15.959846989474714,45177.523,136.5692,99.07437,98.73106
CZE,Czechia,2017,Escherichia coli,Carbapenems,0.0,33.54830063366126,19.15115371134817,49.2859565843516,1.8807944997105563,12.334057651595757,15.959846989474714,45177.523,136.5692,99.07437,98.73106
CZE,Czechia,2017,Escherichia coli,Fluoroquinolones,24.47639887,33.54830063366126,19.15115371134817,49.2859565843516,1.8807944997105563,12.334057651595757,15.959846989474714,45177.523,136.5692,99.07437,98.73106
CZE,Czechia,2017,Escherichia coli,Third-generation cephalosporins,14.22319474,33.54830063366126,19.15115371134817,49.2859565843516,1.8807944997105563,12.334057651595757,15.959846989474714,45177.523,136.5692,99.07437,98.73106
CZE,Czechia,2017,Klebsiella pneumoniae,Carbapenems,0.38058991,33.54830063366126,19.15115371134817,49.2859565843516,1.8807944997105563,12.334057651595757,15.959846989474714,45177.523,136.5692,99.07437,98.73106
CZE,Czechia,2017,Klebsiella pneumoniae,Fluoroquinolones,49.20993227,33.54830063366126,19.15115371134817,49.2859565843516,1.8807944997105563,12.334057651595757,15.959846989474714,45177.523,136.5692,99.07437,98.73106
CZE,Czechia,2017,Klebsiella pneumoniae,Third-generation cephalosporins,53.19789315,33.54830063366126,19.15115371134817,49.2859565843516,1.8807944997105563,12.334057651595757,15.959846989474714,45177.523,136.5692,99.07437,98.73106
CZE,Czechia,2017,Pseudomonas aeruginosa,Carbapenems,14.84184914,33.54830063366126,19.15115371134817,49.2859565843516,1.8807944997105563,12.334057651595757,15.959846989474714,45177.523,136.5692,99.07437,98.73106
CZE,Czechia,2017,Staphylococcus aureus,Meticillin (MRSA),14.0946502,33.54830063366126,19.15115371134817,49.2859565843516,1.8807944997105563,12.334057651595757,15.959846989474714,45177.523,136.5692,99.07437,98.73106
CZE,Czechia,2018,Acinetobacter spp.,Carbapenems,19.78021978,34.54242963411709,20.10469140581212,77.49107739343148,2.6880902516805985,37.94367761049816,24.308740621287445,46301.082,136.66754,99.07389,98.73139
CZE,Czechia,2018,Enterococcus faecium,Aminopenicillins,95.25139664,34.54242963411709,20.10469140581212,77.49107739343148,2.6880902516805985,37.94367761049816,24.308740621287445,46301.082,136.66754,99.07389,98.73139
CZE,Czechia,2018,Escherichia coli,Carbapenems,0.05707762,34.54242963411709,20.10469140581212,77.49107739343148,2.6880902516805985,37.94367761049816,24.308740621287445,46301.082,136.66754,99.07389,98.73139
CZE,Czechia,2018,Escherichia coli,Fluoroquinolones,24.27157778,34.54242963411709,20.10469140581212,77.49107739343148,2.6880902516805985,37.94367761049816,24.308740621287445,46301.082,136.66754,99.07389,98.73139
CZE,Czechia,2018,Escherichia coli,Third-generation cephalosporins,15.2156001,34.54242963411709,20.10469140581212,77.49107739343148,2.6880902516805985,37.94367761049816,24.308740621287445,46301.082,136.66754,99.07389,98.73139
CZE,Czechia,2018,Klebsiella pneumoniae,Carbapenems,0.25125628,34.54242963411709,20.10469140581212,77.49107739343148,2.6880902516805985,37.94367761049816,24.308740621287445,46301.082,136.66754,99.07389,98.73139
CZE,Czechia,2018,Klebsiella pneumoniae,Fluoroquinolones,47.23346828,34.54242963411709,20.10469140581212,77.49107739343148,2.6880902516805985,37.94367761049816,24.308740621287445,46301.082,136.66754,99.07389,98.73139
CZE,Czechia,2018,Klebsiella pneumoniae,Third-generation cephalosporins,50.06747638,34.54242963411709,20.10469140581212,77.49107739343148,2.6880902516805985,37.94367761049816,24.308740621287445,46301.082,136.66754,99.07389,98.73139
CZE,Czechia,2018,Pseudomonas aeruginosa,Carbapenems,17.99628942,34.54242963411709,20.10469140581212,77.49107739343148,2.6880902516805985,37.94367761049816,24.308740621287445,46301.082,136.66754,99.07389,98.73139
CZE,Czechia,2018,Staphylococcus aureus,Meticillin (MRSA),13.6870263,34.54242963411709,20.10469140581212,77.49107739343148,2.6880902516805985,37.94367761049816,24.308740621287445,46301.082,136.66754,99.07389,98.73139
DEU,Germany,2000,Enterococcus faecium,Aminopenicillins,,33.10909489268565,18.305138661736155,35.52880136458247,1.0214888060710694,14.469568157444089,19.64314231413747,49875.875,234.11447,99.21811,100.0
DEU,Germany,2000,Escherichia coli,Fluoroquinolones,7.77777777,33.10909489268565,18.305138661736155,35.52880136458247,1.0214888060710694,14.469568157444089,19.64314231413747,49875.875,234.11447,99.21811,100.0
DEU,Germany,2000,Escherichia coli,Third-generation cephalosporins,0.0,33.10909489268565,18.305138661736155,35.52880136458247,1.0214888060710694,14.469568157444089,19.64314231413747,49875.875,234.11447,99.21811,100.0
DEU,Germany,2000,Staphylococcus aureus,Meticillin (MRSA),12.47191011,33.10909489268565,18.305138661736155,35.52880136458247,1.0214888060710694,14.469568157444089,19.64314231413747,49875.875,234.11447,99.21811,100.0
DEU,Germany,2001,Enterococcus faecium,Aminopenicillins,70.42253521,32.693710100831815,18.94565454876681,36.52715689226607,1.428897159242901,5.8414292640328656,16.420048115379682,50606.71,234.50551,99.21873,100.0
DEU,Germany,2001,Escherichia coli,Carbapenems,0.0,32.693710100831815,18.94565454876681,36.52715689226607,1.428897159242901,5.8414292640328656,16.420048115379682,50606.71,234.50551,99.21873,100.0
DEU,Germany,2001,Escherichia coli,Fluoroquinolones,11.24694376,32.693710100831815,18.94565454876681,36.52715689226607,1.428897159242901,5.8414292640328656,16.420048115379682,50606.71,234.50551,99.21873,100.0
DEU,Germany,2001,Escherichia coli,Third-generation cephalosporins,0.7154213,32.693710100831815,18.94565454876681,36.52715689226607,1.428897159242901,5.8414292640328656,16.420048115379682,50606.71,234.50551,99.21873,100.0
DEU,Germany,2001,Staphylococcus aureus,Meticillin (MRSA),15.6557377,32.693710100831815,18.94565454876681,36.52715689226607,1.428897159242901,5.8414292640328656,16.420048115379682,50606.71,234.50551,99.21873,100.0
DEU,Germany,2002,Enterococcus faecium,Aminopenicillins,71.42857142,33.21032521140931,19.27089163874704,37.42409522565286,1.3154404494880845,21.29954614747017,19.888096581396155,50406.38,234.89032,99.219345,100.0
DEU,Germany,2002,Escherichia coli,Carbapenems,0.0,33.21032521140931,19.27089163874704,37.42409522565286,1.3154404494880845,21.29954614747017,19.888096581396155,50406.38,234.89032,99.219345,100.0
DEU,Germany,2002,Escherichia coli,Fluoroquinolones,14.51310861,33.21032521140931,19.27089163874704,37.42409522565286,1.3154404494880845,21.29954614747017,19.888096581396155,50406.38,234.89032,99.219345,100.0
DEU,Germany,2002,Escherichia coli,Third-generation cephalosporins,0.93984962,33.21032521140931,19.27089163874704,37.42409522565286,1.3154404494880845,21.29954614747017,19.888096581396155,50406.38,234.89032,99.219345,100.0
DEU,Germany,2002,Staphylococcus aureus,Meticillin (MRSA),18.48030018,33.21032521140931,19.27089163874704,37.42409522565286,1.3154404494880845,21.29954614747017,19.888096581396155,50406.38,234.89032,99.219345,100.0
DEU,Germany,2003,Enterococcus faecium,Aminopenicillins,70.7070707,35.463445140372414,20.02331116153732,61.98322006646925,3.9063286347023296,23.86456604552988,18.00879743686437,50111.574,235.01422,99.219955,100.0
DEU,Germany,2003,Escherichia coli,Carbapenems,0.0,35.463445140372414,20.02331116153732,61.98322006646925,3.9063286347023296,23.86456604552988,18.00879743686437,50111.574,235.01422,99.219955,100.0
DEU,Germany,2003,Escherichia coli,Fluoroquinolones,13.9607032,35.463445140372414,20.02331116153732,61.98322006646925,3.9063286347023296,23.86456604552988,18.00879743686437,50111.574,235.01422,99.219955,100.0
DEU,Germany,2003,Escherichia coli,Third-generation cephalosporins,0.6060606,35.463445140372414,20.02331116153732,61.98322006646925,3.9063286347023296,23.86456604552988,18.00879743686437,50111.574,235.01422,99.219955,100.0
DEU,Germany,2003,Staphylococcus aureus,Meticillin (MRSA),18.28073993,35.463445140372414,20.02331116153732,61.98322006646925,3.9063286347023296,23.86456604552988,18.00879743686437,50111.574,235.01422,99.219955,100.0
DEU,Germany,2004,Enterococcus faecium,Aminopenicillins,87.34939759,30.912914034897224,18.43745303227965,34.30447762843018,1.2414689408223865,10.506063115117811,13.984517741178951,50704.92,234.96008,99.220566,100.0
DEU,Germany,2004,Escherichia coli,Carbapenems,0.69444444,30.912914034897224,18.43745303227965,34.30447762843018,1.2414689408223865,10.506063115117811,13.984517741178951,50704.92,234.96008,99.220566,100.0
DEU,Germany,2004,Escherichia coli,Fluoroquinolones,24.34928631,30.912914034897224,18.43745303227965,34.30447762843018,1.2414689408223865,10.506063115117811,13.984517741178951,50704.92,234.96008,99.220566,100.0
DEU,Germany,2004,Escherichia coli,Third-generation cephalosporins,1.8961253,30.912914034897224,18.43745303227965,34.30447762843018,1.2414689408223865,10.506063115117811,13.984517741178951,50704.92,234.96008,99.220566,100.0
DEU,Germany,2004,Staphylococcus aureus,Meticillin (MRSA),19.52983725,30.912914034897224,18.43745303227965,34.30447762843018,1.2414689408223865,10.506063115117811,13.984517741178951,50704.92,234.96008,99.220566,100.0
DEU,Germany,2005,Enterococcus faecium,Aminopenicillins,89.95633187,32.77970459119474,18.828087117284788,40.63169537540371,1.4529972078460482,18.383853168238403,16.220536763485754,51182.96,234.8285,99.221176,100.0
DEU,Germany,2005,Escherichia coli,Carbapenems,0.24752475,32.77970459119474,18.828087117284788,40.63169537540371,1.4529972078460482,18.383853168238403,16.220536763485754,51182.96,234.8285,99.221176,100.0
DEU,Germany,2005,Escherichia coli,Fluoroquinolones,23.40647857,32.77970459119474,18.828087117284788,40.63169537540371,1.4529972078460482,18.383853168238403,16.220536763485754,51182.96,234.8285,99.221176,100.0
DEU,Germany,2005,Escherichia coli,Third-generation cephalosporins,1.67189132,32.77970459119474,18.828087117284788,40.63169537540371,1.4529972078460482,18.383853168238403,16.220536763485754,51182.96,234.8285,99.221176,100.0
DEU,Germany,2005,Klebsiella pneumoniae,Carbapenems,1.96078431,32.77970459119474,18.828087117284788,40.63169537540371,1.4529972078460482,18.383853168238403,16.220536763485754,51182.96,234.8285,99.221176,100.0
DEU,Germany,2005,Klebsiella pneumoniae,Fluoroquinolones,5.71428571,32.77970459119474,18.828087117284788,40.63169537540371,1.4529972078460482,18.383853168238403,16.220536763485754,51182.96,234.8285,99.221176,100.0
DEU,Germany,2005,Klebsiella pneumoniae,Third-generation cephalosporins,6.73076923,32.77970459119474,18.828087117284788,40.63169537540371,1.4529972078460482,18.383853168238403,16.220536763485754,51182.96,234.8285,99.221176,100.0
DEU,Germany,2005,Pseudomonas aeruginosa,Carbapenems,24.78632478,32.77970459119474,18.828087117284788,40.63169537540371,1.4529972078460482,18.383853168238403,16.220536763485754,51182.96,234.8285,99.221176,100.0
DEU,Germany,2005,Staphylococcus aureus,Meticillin (MRSA),21.42857142,32.77970459119474,18.828087117284788,40.63169537540371,1.4529972078460482,18.383853168238403,16.220536763485754,51182.96,234.8285,99.221176,100.0
DEU,Germany,2006,Enterococcus faecium,Aminopenicillins,90.87136929,34.435850779708225,19.68457981903161,50.522740664784806,2.4803654506358,26.68149027332888,21.228258975203005,53222.04,233.84175,99.22177,100.0
DEU,Germany,2006,Escherichia coli,Carbapenems,0.1345895,34.435850779708225,19.68457981903161,50.522740664784806,2.4803654506358,26.68149027332888,21.228258975203005,53222.04,233.84175,99.22177,100.0
DEU,Germany,2006,Escherichia coli,Fluoroquinolones,29.27981109,34.435850779708225,19.68457981903161,50.522740664784806,2.4803654506358,26.68149027332888,21.228258975203005,53222.04,233.84175,99.22177,100.0
DEU,Germany,2006,Escherichia coli,Third-generation cephalosporins,4.24528301,34.435850779708225,19.68457981903161,50.522740664784806,2.4803654506358,26.68149027332888,21.228258975203005,53222.04,233.84175,99.22177,100.0
DEU,Germany,2006,Klebsiella pneumoniae,Carbapenems,0.0,34.435850779708225,19.68457981903161,50.522740664784806,2.4803654506358,26.68149027332888,21.228258975203005,53222.04,233.84175,99.22177,100.0
DEU,Germany,2006,Klebsiella pneumoniae,Fluoroquinolones,12.24489795,34.435850779708225,19.68457981903161,50.522740664784806,2.4803654506358,26.68149027332888,21.228258975203005,53222.04,233.84175,99.22177,100.0
DEU,Germany,2006,Klebsiella pneumoniae,Third-generation cephalosporins,13.60544217,34.435850779708225,19.68457981903161,50.522740664784806,2.4803654506358,26.68149027332888,21.228258975203005,53222.04,233.84175,99.22177,100.0
DEU,Germany,2006,Pseudomonas aeruginosa,Carbapenems,16.66666666,34.435850779708225,19.68457981903161,50.522740664784806,2.4803654506358,26.68149027332888,21.228258975203005,53222.04,233.84175,99.22177,100.0
DEU,Germany,2006,Staphylococcus aureus,Meticillin (MRSA),19.97487437,34.435850779708225,19.68457981903161,50.522740664784806,2.4803654506358,26.68149027332888,21.228258975203005,53222.04,233.84175,99.22177,100.0
DEU,Germany,2007,Enterococcus faecium,Aminopenicillins,94.52554744,33.67772147927766,18.694737584712996,37.33987355357407,1.091895205775331,27.952895334248375,19.00634656410787,54832.96,232.6871,99.222374,100.0
DEU,Germany,2007,Escherichia coli,Carbapenems,0.2096436,33.67772147927766,18.694737584712996,37.33987355357407,1.091895205775331,27.952895334248375,19.00634656410787,54832.96,232.6871,99.222374,100.0
DEU,Germany,2007,Escherichia coli,Fluoroquinolones,29.73251028,33.67772147927766,18.694737584712996,37.33987355357407,1.091895205775331,27.952895334248375,19.00634656410787,54832.96,232.6871,99.222374,100.0
DEU,Germany,2007,Escherichia coli,Third-generation cephalosporins,7.70020533,33.67772147927766,18.694737584712996,37.33987355357407,1.091895205775331,27.952895334248375,19.00634656410787,54832.96,232.6871,99.222374,100.0
DEU,Germany,2007,Klebsiella pneumoniae,Carbapenems,1.73410404,33.67772147927766,18.694737584712996,37.33987355357407,1.091895205775331,27.952895334248375,19.00634656410787,54832.96,232.6871,99.222374,100.0
DEU,Germany,2007,Klebsiella pneumoniae,Fluoroquinolones,9.24855491,33.67772147927766,18.694737584712996,37.33987355357407,1.091895205775331,27.952895334248375,19.00634656410787,54832.96,232.6871,99.222374,100.0
DEU,Germany,2007,Klebsiella pneumoniae,Third-generation cephalosporins,6.3583815,33.67772147927766,18.694737584712996,37.33987355357407,1.091895205775331,27.952895334248375,19.00634656410787,54832.96,232.6871,99.222374,100.0
DEU,Germany,2007,Pseudomonas aeruginosa,Carbapenems,22.33502538,33.67772147927766,18.694737584712996,37.33987355357407,1.091895205775331,27.952895334248375,19.00634656410787,54832.96,232.6871,99.222374,100.0
DEU,Germany,2007,Staphylococcus aureus,Meticillin (MRSA),16.2954279,33.67772147927766,18.694737584712996,37.33987355357407,1.091895205775331,27.952895334248375,19.00634656410787,54832.96,232.6871,99.222374,100.0
DEU,Germany,2008,Enterococcus faecium,Aminopenicillins,94.7368421,31.95726139037145,18.09611983149525,37.22971995907723,1.1945769993579256,11.21839431669151,15.766903630128631,55425.11,232.14969,99.22297,100.0
DEU,Germany,2008,Escherichia coli,Carbapenems,0.0,31.95726139037145,18.09611983149525,37.22971995907723,1.1945769993579256,11.21839431669151,15.766903630128631,55425.11,232.14969,99.22297,100.0
DEU,Germany,2008,Escherichia coli,Fluoroquinolones,23.41614906,31.95726139037145,18.09611983149525,37.22971995907723,1.1945769993579256,11.21839431669151,15.766903630128631,55425.11,232.14969,99.22297,100.0
DEU,Germany,2008,Escherichia coli,Third-generation cephalosporins,4.83570985,31.95726139037145,18.09611983149525,37.22971995907723,1.1945769993579256,11.21839431669151,15.766903630128631,55425.11,232.14969,99.22297,100.0
DEU,Germany,2008,Klebsiella pneumoniae,Carbapenems,0.0,31.95726139037145,18.09611983149525,37.22971995907723,1.1945769993579256,11.21839431669151,15.766903630128631,55425.11,232.14969,99.22297,100.0
DEU,Germany,2008,Klebsiella pneumoniae,Fluoroquinolones,15.31914893,31.95726139037145,18.09611983149525,37.22971995907723,1.1945769993579256,11.21839431669151,15.766903630128631,55425.11,232.14969,99.22297,100.0
DEU,Germany,2008,Klebsiella pneumoniae,Third-generation cephalosporins,11.4893617,31.95726139037145,18.09611983149525,37.22971995907723,1.1945769993579256,11.21839431669151,15.766903630128631,55425.11,232.14969,99.22297,100.0
DEU,Germany,2008,Pseudomonas aeruginosa,Carbapenems,10.77844311,31.95726139037145,18.09611983149525,37.22971995907723,1.1945769993579256,11.21839431669151,15.766903630128631,55425.11,232.14969,99.22297,100.0
DEU,Germany,2008,Staphylococcus aureus,Meticillin (MRSA),19.37557392,31.95726139037145,18.09611983149525,37.22971995907723,1.1945769993579256,11.21839431669151,15.766903630128631,55425.11,232.14969,99.22297,100.0
DEU,Germany,2009,Enterococcus faecium,Aminopenicillins,94.01197604,33.06911137655199,17.99052757457347,40.33737376543134,1.4233811093370112,14.032445725585868,14.99641500316348,52484.855,231.64737,99.22356,100.0
DEU,Germany,2009,Escherichia coli,Carbapenems,0.0,33.06911137655199,17.99052757457347,40.33737376543134,1.4233811093370112,14.032445725585868,14.99641500316348,52484.855,231.64737,99.22356,100.0
DEU,Germany,2009,Escherichia coli,Fluoroquinolones,23.40272792,33.06911137655199,17.99052757457347,40.33737376543134,1.4233811093370112,14.032445725585868,14.99641500316348,52484.855,231.64737,99.22356,100.0
DEU,Germany,2009,Escherichia coli,Third-generation cephalosporins,8.15512866,33.06911137655199,17.99052757457347,40.33737376543134,1.4233811093370112,14.032445725585868,14.99641500316348,52484.855,231.64737,99.22356,100.0
DEU,Germany,2009,Klebsiella pneumoniae,Carbapenems,0.0,33.06911137655199,17.99052757457347,40.33737376543134,1.4233811093370112,14.032445725585868,14.99641500316348,52484.855,231.64737,99.22356,100.0
DEU,Germany,2009,Klebsiella pneumoniae,Fluoroquinolones,14.82254697,33.06911137655199,17.99052757457347,40.33737376543134,1.4233811093370112,14.032445725585868,14.99641500316348,52484.855,231.64737,99.22356,100.0
DEU,Germany,2009,Klebsiella pneumoniae,Third-generation cephalosporins,13.16348195,33.06911137655199,17.99052757457347,40.33737376543134,1.4233811093370112,14.032445725585868,14.99641500316348,52484.855,231.64737,99.22356,100.0
DEU,Germany,2009,Pseudomonas aeruginosa,Carbapenems,10.60070671,33.06911137655199,17.99052757457347,40.33737376543134,1.4233811093370112,14.032445725585868,14.99641500316348,52484.855,231.64737,99.22356,100.0
DEU,Germany,2009,Staphylococcus aureus,Meticillin (MRSA),18.35543766,33.06911137655199,17.99052757457347,40.33737376543134,1.4233811093370112,14.032445725585868,14.99641500316348,52484.855,231.64737,99.22356,100.0
DEU,Germany,2010,Enterococcus faecium,Aminopenicillins,94.31818181,34.244067439732234,19.753790553038787,36.59519539744008,1.956642854495596,5.3949135848257805,11.803204420861412,54738.707,231.34868,99.224144,100.0
DEU,Germany,2010,Escherichia coli,Carbapenems,0.03411804,34.244067439732234,19.753790553038787,36.59519539744008,1.956642854495596,5.3949135848257805,11.803204420861412,54738.707,231.34868,99.224144,100.0
DEU,Germany,2010,Escherichia coli,Fluoroquinolones,24.75969506,34.244067439732234,19.753790553038787,36.59519539744008,1.956642854495596,5.3949135848257805,11.803204420861412,54738.707,231.34868,99.224144,100.0
DEU,Germany,2010,Escherichia coli,Third-generation cephalosporins,8.35820895,34.244067439732234,19.753790553038787,36.59519539744008,1.956642854495596,5.3949135848257805,11.803204420861412,54738.707,231.34868,99.224144,100.0
DEU,Germany,2010,Klebsiella pneumoniae,Carbapenems,0.0,34.244067439732234,19.753790553038787,36.59519539744008,1.956642854495596,5.3949135848257805,11.803204420861412,54738.707,231.34868,99.224144,100.0
DEU,Germany,2010,Klebsiella pneumoniae,Fluoroquinolones,14.85355648,34.244067439732234,19.753790553038787,36.59519539744008,1.956642854495596,5.3949135848257805,11.803204420861412,54738.707,231.34868,99.224144,100.0
DEU,Germany,2010,Klebsiella pneumoniae,Third-generation cephalosporins,12.76150627,34.244067439732234,19.753790553038787,36.59519539744008,1.956642854495596,5.3949135848257805,11.803204420861412,54738.707,231.34868,99.224144,100.0
DEU,Germany,2010,Pseudomonas aeruginosa,Carbapenems,12.54019292,34.244067439732234,19.753790553038787,36.59519539744008,1.956642854495596,5.3949135848257805,11.803204420861412,54738.707,231.34868,99.224144,100.0
DEU,Germany,2010,Staphylococcus aureus,Meticillin (MRSA),20.95959595,34.244067439732234,19.753790553038787,36.59519539744008,1.956642854495596,5.3949135848257805,11.803204420861412,54738.707,231.34868,99.224144,100.0
DEU,Germany,2011,Enterococcus faecium,Aminopenicillins,95.89552238,32.045368090843304,18.461943782980264,41.25007593992739,1.0791002782918002,19.689319485400397,16.108342288411194,57858.42,231.42584,99.22473,100.0
DEU,Germany,2011,Escherichia coli,Carbapenems,0.02783189,32.045368090843304,18.461943782980264,41.25007593992739,1.0791002782918002,19.689319485400397,16.108342288411194,57858.42,231.42584,99.22473,100.0
DEU,Germany,2011,Escherichia coli,Fluoroquinolones,23.73487348,32.045368090843304,18.461943782980264,41.25007593992739,1.0791002782918002,19.689319485400397,16.108342288411194,57858.42,231.42584,99.22473,100.0
DEU,Germany,2011,Escherichia coli,Third-generation cephalosporins,7.96265788,32.045368090843304,18.461943782980264,41.25007593992739,1.0791002782918002,19.689319485400397,16.108342288411194,57858.42,231.42584,99.22473,100.0
DEU,Germany,2011,Klebsiella pneumoniae,Carbapenems,0.0,32.045368090843304,18.461943782980264,41.25007593992739,1.0791002782918002,19.689319485400397,16.108342288411194,57858.42,231.42584,99.22473,100.0
DEU,Germany,2011,Klebsiella pneumoniae,Fluoroquinolones,14.06551059,32.045368090843304,18.461943782980264,41.25007593992739,1.0791002782918002,19.689319485400397,16.108342288411194,57858.42,231.42584,99.22473,100.0
DEU,Germany,2011,Klebsiella pneumoniae,Third-generation cephalosporins,12.52408477,32.045368090843304,18.461943782980264,41.25007593992739,1.0791002782918002,19.689319485400397,16.108342288411194,57858.42,231.42584,99.22473,100.0
DEU,Germany,2011,Pseudomonas aeruginosa,Carbapenems,9.84455958,32.045368090843304,18.461943782980264,41.25007593992739,1.0791002782918002,19.689319485400397,16.108342288411194,57858.42,231.42584,99.22473,100.0
DEU,Germany,2011,Staphylococcus aureus,Meticillin (MRSA),16.1641541,32.045368090843304,18.461943782980264,41.25007593992739,1.0791002782918002,19.689319485400397,16.108342288411194,57858.42,231.42584,99.22473,100.0
DEU,Germany,2012,Acinetobacter spp.,Carbapenems,6.61157024,34.405744187752795,18.965274504431346,40.15657494480291,1.7620032574145374,14.194419315532116,16.266660080016248,58017.586,231.59332,99.22476,100.0
DEU,Germany,2012,Enterococcus faecium,Aminopenicillins,93.16770186,34.405744187752795,18.965274504431346,40.15657494480291,1.7620032574145374,14.194419315532116,16.266660080016248,58017.586,231.59332,99.22476,100.0
DEU,Germany,2012,Escherichia coli,Carbapenems,0.02390057,34.405744187752795,18.965274504431346,40.15657494480291,1.7620032574145374,14.194419315532116,16.266660080016248,58017.586,231.59332,99.22476,100.0
DEU,Germany,2012,Escherichia coli,Fluoroquinolones,21.10792741,34.405744187752795,18.965274504431346,40.15657494480291,1.7620032574145374,14.194419315532116,16.266660080016248,58017.586,231.59332,99.22476,100.0
DEU,Germany,2012,Escherichia coli,Third-generation cephalosporins,8.83898709,34.405744187752795,18.965274504431346,40.15657494480291,1.7620032574145374,14.194419315532116,16.266660080016248,58017.586,231.59332,99.22476,100.0
DEU,Germany,2012,Klebsiella pneumoniae,Carbapenems,0.0,34.405744187752795,18.965274504431346,40.15657494480291,1.7620032574145374,14.194419315532116,16.266660080016248,58017.586,231.59332,99.22476,100.0
DEU,Germany,2012,Klebsiella pneumoniae,Fluoroquinolones,13.72549019,34.405744187752795,18.965274504431346,40.15657494480291,1.7620032574145374,14.194419315532116,16.266660080016248,58017.586,231.59332,99.22476,100.0
DEU,Germany,2012,Klebsiella pneumoniae,Third-generation cephalosporins,12.95180722,34.405744187752795,18.965274504431346,40.15657494480291,1.7620032574145374,14.194419315532116,16.266660080016248,58017.586,231.59332,99.22476,100.0
DEU,Germany,2012,Pseudomonas aeruginosa,Carbapenems,10.7305936,34.405744187752795,18.965274504431346,40.15657494480291,1.7620032574145374,14.194419315532116,16.266660080016248,58017.586,231.59332,99.22476,100.0
DEU,Germany,2012,Staphylococcus aureus,Meticillin (MRSA),15.37261022,34.405744187752795,18.965274504431346,40.15657494480291,1.7620032574145374,14.194419315532116,16.266660080016248,58017.586,231.59332,99.22476,100.0
DEU,Germany,2013,Acinetobacter spp.,Carbapenems,8.88888888,34.48092258482515,19.375397870756107,39.152583728334925,1.622277237495155,6.922111581927981,14.720364402655946,58089.17,231.95163,99.22479,100.0
DEU,Germany,2013,Enterococcus faecium,Aminopenicillins,93.30199764,34.48092258482515,19.375397870756107,39.152583728334925,1.622277237495155,6.922111581927981,14.720364402655946,58089.17,231.95163,99.22479,100.0
DEU,Germany,2013,Escherichia coli,Carbapenems,0.09375585,34.48092258482515,19.375397870756107,39.152583728334925,1.622277237495155,6.922111581927981,14.720364402655946,58089.17,231.95163,99.22479,100.0
DEU,Germany,2013,Escherichia coli,Fluoroquinolones,22.07326283,34.48092258482515,19.375397870756107,39.152583728334925,1.622277237495155,6.922111581927981,14.720364402655946,58089.17,231.95163,99.22479,100.0
DEU,Germany,2013,Escherichia coli,Third-generation cephalosporins,10.74039362,34.48092258482515,19.375397870756107,39.152583728334925,1.622277237495155,6.922111581927981,14.720364402655946,58089.17,231.95163,99.22479,100.0
DEU,Germany,2013,Klebsiella pneumoniae,Carbapenems,0.65530799,34.48092258482515,19.375397870756107,39.152583728334925,1.622277237495155,6.922111581927981,14.720364402655946,58089.17,231.95163,99.22479,100.0
DEU,Germany,2013,Klebsiella pneumoniae,Fluoroquinolones,15.07936507,34.48092258482515,19.375397870756107,39.152583728334925,1.622277237495155,6.922111581927981,14.720364402655946,58089.17,231.95163,99.22479,100.0
DEU,Germany,2013,Klebsiella pneumoniae,Third-generation cephalosporins,16.05744125,34.48092258482515,19.375397870756107,39.152583728334925,1.622277237495155,6.922111581927981,14.720364402655946,58089.17,231.95163,99.22479,100.0
DEU,Germany,2013,Pseudomonas aeruginosa,Carbapenems,15.39682539,34.48092258482515,19.375397870756107,39.152583728334925,1.622277237495155,6.922111581927981,14.720364402655946,58089.17,231.95163,99.22479,100.0
DEU,Germany,2013,Staphylococcus aureus,Meticillin (MRSA),13.23529411,34.48092258482515,19.375397870756107,39.152583728334925,1.622277237495155,6.922111581927981,14.720364402655946,58089.17,231.95163,99.22479,100.0
DEU,Germany,2014,Acinetobacter spp.,Carbapenems,5.47263681,32.88644833193654,18.90131559546517,35.904328938824115,0.8126346334882053,19.01205643255463,21.92625648317796,59108.7,232.90901,99.22482,100.0
DEU,Germany,2014,Enterococcus faecium,Aminopenicillins,92.14975845,32.88644833193654,18.90131559546517,35.904328938824115,0.8126346334882053,19.01205643255463,21.92625648317796,59108.7,232.90901,99.22482,100.0
DEU,Germany,2014,Escherichia coli,Carbapenems,0.06403073,32.88644833193654,18.90131559546517,35.904328938824115,0.8126346334882053,19.01205643255463,21.92625648317796,59108.7,232.90901,99.22482,100.0
DEU,Germany,2014,Escherichia coli,Fluoroquinolones,20.59062145,32.88644833193654,18.90131559546517,35.904328938824115,0.8126346334882053,19.01205643255463,21.92625648317796,59108.7,232.90901,99.22482,100.0
DEU,Germany,2014,Escherichia coli,Third-generation cephalosporins,10.53474223,32.88644833193654,18.90131559546517,35.904328938824115,0.8126346334882053,19.01205643255463,21.92625648317796,59108.7,232.90901,99.22482,100.0
DEU,Germany,2014,Klebsiella pneumoniae,Carbapenems,0.69582504,32.88644833193654,18.90131559546517,35.904328938824115,0.8126346334882053,19.01205643255463,21.92625648317796,59108.7,232.90901,99.22482,100.0
DEU,Germany,2014,Klebsiella pneumoniae,Fluoroquinolones,12.65306122,32.88644833193654,18.90131559546517,35.904328938824115,0.8126346334882053,19.01205643255463,21.92625648317796,59108.7,232.90901,99.22482,100.0
DEU,Germany,2014,Klebsiella pneumoniae,Third-generation cephalosporins,12.72365805,32.88644833193654,18.90131559546517,35.904328938824115,0.8126346334882053,19.01205643255463,21.92625648317796,59108.7,232.90901,99.22482,100.0
DEU,Germany,2014,Pseudomonas aeruginosa,Carbapenems,16.97819314,32.88644833193654,18.90131559546517,35.904328938824115,0.8126346334882053,19.01205643255463,21.92625648317796,59108.7,232.90901,99.22482,100.0
DEU,Germany,2014,Staphylococcus aureus,Meticillin (MRSA),12.90527654,32.88644833193654,18.90131559546517,35.904328938824115,0.8126346334882053,19.01205643255463,21.92625648317796,59108.7,232.90901,99.22482,100.0
DEU,Germany,2015,Acinetobacter spp.,Carbapenems,6.52818991,35.79524257500483,20.001064561131194,45.00476324972823,3.001159228472301,32.58112029509126,18.94585791685716,59573.707,234.9167,99.22485,100.0
DEU,Germany,2015,Enterococcus faecium,Aminopenicillins,92.92333614,35.79524257500483,20.001064561131194,45.00476324972823,3.001159228472301,32.58112029509126,18.94585791685716,59573.707,234.9167,99.22485,100.0
DEU,Germany,2015,Escherichia coli,Carbapenems,0.03321523,35.79524257500483,20.001064561131194,45.00476324972823,3.001159228472301,32.58112029509126,18.94585791685716,59573.707,234.9167,99.22485,100.0
DEU,Germany,2015,Escherichia coli,Fluoroquinolones,19.38130613,35.79524257500483,20.001064561131194,45.00476324972823,3.001159228472301,32.58112029509126,18.94585791685716,59573.707,234.9167,99.22485,100.0
DEU,Germany,2015,Escherichia coli,Third-generation cephalosporins,10.29786291,35.79524257500483,20.001064561131194,45.00476324972823,3.001159228472301,32.58112029509126,18.94585791685716,59573.707,234.9167,99.22485,100.0
DEU,Germany,2015,Klebsiella pneumoniae,Carbapenems,0.12634238,35.79524257500483,20.001064561131194,45.00476324972823,3.001159228472301,32.58112029509126,18.94585791685716,59573.707,234.9167,99.22485,100.0
DEU,Germany,2015,Klebsiella pneumoniae,Fluoroquinolones,9.55696202,35.79524257500483,20.001064561131194,45.00476324972823,3.001159228472301,32.58112029509126,18.94585791685716,59573.707,234.9167,99.22485,100.0
DEU,Germany,2015,Klebsiella pneumoniae,Third-generation cephalosporins,10.24667931,35.79524257500483,20.001064561131194,45.00476324972823,3.001159228472301,32.58112029509126,18.94585791685716,59573.707,234.9167,99.22485,100.0
DEU,Germany,2015,Pseudomonas aeruginosa,Carbapenems,14.72708547,35.79524257500483,20.001064561131194,45.00476324972823,3.001159228472301,32.58112029509126,18.94585791685716,59573.707,234.9167,99.22485,100.0
DEU,Germany,2015,Staphylococcus aureus,Meticillin (MRSA),11.53386454,35.79524257500483,20.001064561131194,45.00476324972823,3.001159228472301,32.58112029509126,18.94585791685716,59573.707,234.9167,99.22485,100.0
DEU,Germany,2016,Acinetobacter spp.,Carbapenems,4.86725663,33.14962656192063,18.705225653883296,45.27661571743534,1.0804826905274434,16.647764584372496,17.10739189113021,60407.973,236.87027,99.22492,100.0
DEU,Germany,2016,Enterococcus faecium,Aminopenicillins,92.75442477,33.14962656192063,18.705225653883296,45.27661571743534,1.0804826905274434,16.647764584372496,17.10739189113021,60407.973,236.87027,99.22492,100.0
DEU,Germany,2016,Escherichia coli,Carbapenems,0.0058153,33.14962656192063,18.705225653883296,45.27661571743534,1.0804826905274434,16.647764584372496,17.10739189113021,60407.973,236.87027,99.22492,100.0
DEU,Germany,2016,Escherichia coli,Fluoroquinolones,19.44638287,33.14962656192063,18.705225653883296,45.27661571743534,1.0804826905274434,16.647764584372496,17.10739189113021,60407.973,236.87027,99.22492,100.0
DEU,Germany,2016,Escherichia coli,Third-generation cephalosporins,11.09947643,33.14962656192063,18.705225653883296,45.27661571743534,1.0804826905274434,16.647764584372496,17.10739189113021,60407.973,236.87027,99.22492,100.0
DEU,Germany,2016,Klebsiella pneumoniae,Carbapenems,0.48891786,33.14962656192063,18.705225653883296,45.27661571743534,1.0804826905274434,16.647764584372496,17.10739189113021,60407.973,236.87027,99.22492,100.0
DEU,Germany,2016,Klebsiella pneumoniae,Fluoroquinolones,12.64667535,33.14962656192063,18.705225653883296,45.27661571743534,1.0804826905274434,16.647764584372496,17.10739189113021,60407.973,236.87027,99.22492,100.0
DEU,Germany,2016,Klebsiella pneumoniae,Third-generation cephalosporins,13.62451108,33.14962656192063,18.705225653883296,45.27661571743534,1.0804826905274434,16.647764584372496,17.10739189113021,60407.973,236.87027,99.22492,100.0
DEU,Germany,2016,Pseudomonas aeruginosa,Carbapenems,14.48663853,33.14962656192063,18.705225653883296,45.27661571743534,1.0804826905274434,16.647764584372496,17.10739189113021,60407.973,236.87027,99.22492,100.0
DEU,Germany,2016,Staphylococcus aureus,Meticillin (MRSA),10.16622744,33.14962656192063,18.705225653883296,45.27661571743534,1.0804826905274434,16.647764584372496,17.10739189113021,60407.973,236.87027,99.22492,100.0
DEU,Germany,2017,Acinetobacter spp.,Carbapenems,4.07407407,32.50654262762785,18.33903683615452,40.9626089448277,1.1940029404783303,11.844426310334333,15.83454776465511,61866.49,237.85457,99.22504,100.0
DEU,Germany,2017,Enterococcus faecium,Aminopenicillins,90.63899063,32.50654262762785,18.33903683615452,40.9626089448277,1.1940029404783303,11.844426310334333,15.83454776465511,61866.49,237.85457,99.22504,100.0
DEU,Germany,2017,Escherichia coli,Carbapenems,0.01307759,32.50654262762785,18.33903683615452,40.9626089448277,1.1940029404783303,11.844426310334333,15.83454776465511,61866.49,237.85457,99.22504,100.0
DEU,Germany,2017,Escherichia coli,Fluoroquinolones,20.74978204,32.50654262762785,18.33903683615452,40.9626089448277,1.1940029404783303,11.844426310334333,15.83454776465511,61866.49,237.85457,99.22504,100.0
DEU,Germany,2017,Escherichia coli,Third-generation cephalosporins,12.28139037,32.50654262762785,18.33903683615452,40.9626089448277,1.1940029404783303,11.844426310334333,15.83454776465511,61866.49,237.85457,99.22504,100.0
DEU,Germany,2017,Klebsiella pneumoniae,Carbapenems,0.46668395,32.50654262762785,18.33903683615452,40.9626089448277,1.1940029404783303,11.844426310334333,15.83454776465511,61866.49,237.85457,99.22504,100.0
DEU,Germany,2017,Klebsiella pneumoniae,Fluoroquinolones,15.32278973,32.50654262762785,18.33903683615452,40.9626089448277,1.1940029404783303,11.844426310334333,15.83454776465511,61866.49,237.85457,99.22504,100.0
DEU,Germany,2017,Klebsiella pneumoniae,Third-generation cephalosporins,14.60819927,32.50654262762785,18.33903683615452,40.9626089448277,1.1940029404783303,11.844426310334333,15.83454776465511,61866.49,237.85457,99.22504,100.0
DEU,Germany,2017,Pseudomonas aeruginosa,Carbapenems,12.57928118,32.50654262762785,18.33903683615452,40.9626089448277,1.1940029404783303,11.844426310334333,15.83454776465511,61866.49,237.85457,99.22504,100.0
DEU,Germany,2017,Staphylococcus aureus,Meticillin (MRSA),9.07221206,32.50654262762785,18.33903683615452,40.9626089448277,1.1940029404783303,11.844426310334333,15.83454776465511,61866.49,237.85457,99.22504,100.0
DEU,Germany,2018,Acinetobacter spp.,Carbapenems,4.36432637,35.06106664392901,20.121608063881983,71.68017805013483,2.3146898577373745,35.38517164269934,23.127347744509933,62381.348,238.6116,99.2252,100.0
DEU,Germany,2018,Enterococcus faecium,Aminopenicillins,91.95197865,35.06106664392901,20.121608063881983,71.68017805013483,2.3146898577373745,35.38517164269934,23.127347744509933,62381.348,238.6116,99.2252,100.0
DEU,Germany,2018,Escherichia coli,Carbapenems,0.01821742,35.06106664392901,20.121608063881983,71.68017805013483,2.3146898577373745,35.38517164269934,23.127347744509933,62381.348,238.6116,99.2252,100.0
DEU,Germany,2018,Escherichia coli,Fluoroquinolones,19.828764,35.06106664392901,20.121608063881983,71.68017805013483,2.3146898577373745,35.38517164269934,23.127347744509933,62381.348,238.6116,99.2252,100.0
DEU,Germany,2018,Escherichia coli,Third-generation cephalosporins,12.19700759,35.06106664392901,20.121608063881983,71.68017805013483,2.3146898577373745,35.38517164269934,23.127347744509933,62381.348,238.6116,99.2252,100.0
DEU,Germany,2018,Klebsiella pneumoniae,Carbapenems,0.42842741,35.06106664392901,20.121608063881983,71.68017805013483,2.3146898577373745,35.38517164269934,23.127347744509933,62381.348,238.6116,99.2252,100.0
DEU,Germany,2018,Klebsiella pneumoniae,Fluoroquinolones,13.35012594,35.06106664392901,20.121608063881983,71.68017805013483,2.3146898577373745,35.38517164269934,23.127347744509933,62381.348,238.6116,99.2252,100.0
DEU,Germany,2018,Klebsiella pneumoniae,Third-generation cephalosporins,12.93732695,35.06106664392901,20.121608063881983,71.68017805013483,2.3146898577373745,35.38517164269934,23.127347744509933,62381.348,238.6116,99.2252,100.0
DEU,Germany,2018,Pseudomonas aeruginosa,Carbapenems,12.0670391,35.06106664392901,20.121608063881983,71.68017805013483,2.3146898577373745,35.38517164269934,23.127347744509933,62381.348,238.6116,99.2252,100.0
DEU,Germany,2018,Staphylococcus aureus,Meticillin (MRSA),7.65229065,35.06106664392901,20.121608063881983,71.68017805013483,2.3146898577373745,35.38517164269934,23.127347744509933,62381.348,238.6116,99.2252,100.0
DNK,Denmark,2000,Staphylococcus aureus,Meticillin (MRSA),0.19960079,30.294575199594952,17.24599957907169,13.27064986319312,0.0776991968102583,16.204241605444285,20.51914135082472,57907.504,133.49147,99.59724,100.0
DNK,Denmark,2001,Staphylococcus aureus,Meticillin (MRSA),0.76923076,30.4388310050376,18.50426924061281,17.63236330461747,0.1930507487172659,5.577474829053771,16.00798488258614,58248.555,133.97063,99.597244,100.0
DNK,Denmark,2002,Staphylococcus aureus,Meticillin (MRSA),0.93085106,30.518057507784675,18.94779535104964,25.39113470788178,0.3406781214659098,28.13516443631206,20.602292314153885,58327.83,134.39917,99.597244,100.0
DNK,Denmark,2003,Staphylococcus aureus,Meticillin (MRSA),0.59612518,30.97221802645941,18.98906625737241,28.722871331241176,0.5516497763592553,17.393588781594207,17.005906318131643,58425.965,134.76552,99.597244,100.0
DNK,Denmark,2004,Staphylococcus aureus,Meticillin (MRSA),1.25348189,28.91745213973512,18.018782911489296,14.79518761320229,0.1332611344117526,9.69974724932325,14.412362388256504,59893.094,135.11485,99.59724,100.0
DNK,Denmark,2005,Escherichia coli,Carbapenems,0.0,30.425150198132588,17.640900122846983,20.066343897481183,0.0880249179011032,21.848360779110152,16.71344712706166,61137.68,135.48875,99.59724,100.0
DNK,Denmark,2005,Escherichia coli,Fluoroquinolones,4.74934036,30.425150198132588,17.640900122846983,20.066343897481183,0.0880249179011032,21.848360779110152,16.71344712706166,61137.68,135.48875,99.59724,100.0
DNK,Denmark,2005,Escherichia coli,Third-generation cephalosporins,1.14942528,30.425150198132588,17.640900122846983,20.066343897481183,0.0880249179011032,21.848360779110152,16.71344712706166,61137.68,135.48875,99.59724,100.0
DNK,Denmark,2005,Staphylococcus aureus,Meticillin (MRSA),1.55555555,30.425150198132588,17.640900122846983,20.066343897481183,0.0880249179011032,21.848360779110152,16.71344712706166,61137.68,135.48875,99.59724,100.0
DNK,Denmark,2006,Enterococcus faecium,Aminopenicillins,84.8275862,31.803310196963853,18.93959302810665,32.604293878651376,0.6602047525798578,39.68286062647503,22.826128034187747,63262.742,135.93562,99.59724,100.0
DNK,Denmark,2006,Escherichia coli,Carbapenems,0.6060606,31.803310196963853,18.93959302810665,32.604293878651376,0.6602047525798578,39.68286062647503,22.826128034187747,63262.742,135.93562,99.59724,100.0
DNK,Denmark,2006,Escherichia coli,Fluoroquinolones,6.62447257,31.803310196963853,18.93959302810665,32.604293878651376,0.6602047525798578,39.68286062647503,22.826128034187747,63262.742,135.93562,99.59724,100.0
DNK,Denmark,2006,Escherichia coli,Third-generation cephalosporins,2.44698205,31.803310196963853,18.93959302810665,32.604293878651376,0.6602047525798578,39.68286062647503,22.826128034187747,63262.742,135.93562,99.59724,100.0
DNK,Denmark,2006,Klebsiella pneumoniae,Carbapenems,0.0,31.803310196963853,18.93959302810665,32.604293878651376,0.6602047525798578,39.68286062647503,22.826128034187747,63262.742,135.93562,99.59724,100.0
DNK,Denmark,2006,Klebsiella pneumoniae,Fluoroquinolones,6.07210626,31.803310196963853,18.93959302810665,32.604293878651376,0.6602047525798578,39.68286062647503,22.826128034187747,63262.742,135.93562,99.59724,100.0
DNK,Denmark,2006,Klebsiella pneumoniae,Third-generation cephalosporins,3.72093023,31.803310196963853,18.93959302810665,32.604293878651376,0.6602047525798578,39.68286062647503,22.826128034187747,63262.742,135.93562,99.59724,100.0
DNK,Denmark,2006,Staphylococcus aureus,Meticillin (MRSA),1.72009382,31.803310196963853,18.93959302810665,32.604293878651376,0.6602047525798578,39.68286062647503,22.826128034187747,63262.742,135.93562,99.59724,100.0
DNK,Denmark,2007,Enterococcus faecium,Aminopenicillins,86.38888888,30.78701102592052,17.927203121478207,16.728958509755465,0.0863018086952784,27.42347932790522,19.140620194153477,63604.562,136.5401,99.59724,100.0
DNK,Denmark,2007,Escherichia coli,Carbapenems,0.0,30.78701102592052,17.927203121478207,16.728958509755465,0.0863018086952784,27.42347932790522,19.140620194153477,63604.562,136.5401,99.59724,100.0
DNK,Denmark,2007,Escherichia coli,Fluoroquinolones,9.29737402,30.78701102592052,17.927203121478207,16.728958509755465,0.0863018086952784,27.42347932790522,19.140620194153477,63604.562,136.5401,99.59724,100.0
DNK,Denmark,2007,Escherichia coli,Third-generation cephalosporins,3.24601366,30.78701102592052,17.927203121478207,16.728958509755465,0.0863018086952784,27.42347932790522,19.140620194153477,63604.562,136.5401,99.59724,100.0
DNK,Denmark,2007,Klebsiella pneumoniae,Carbapenems,0.0,30.78701102592052,17.927203121478207,16.728958509755465,0.0863018086952784,27.42347932790522,19.140620194153477,63604.562,136.5401,99.59724,100.0
DNK,Denmark,2007,Klebsiella pneumoniae,Fluoroquinolones,13.3697135,30.78701102592052,17.927203121478207,16.728958509755465,0.0863018086952784,27.42347932790522,19.140620194153477,63604.562,136.5401,99.59724,100.0
DNK,Denmark,2007,Klebsiella pneumoniae,Third-generation cephalosporins,10.36585365,30.78701102592052,17.927203121478207,16.728958509755465,0.0863018086952784,27.42347932790522,19.140620194153477,63604.562,136.5401,99.59724,100.0
DNK,Denmark,2007,Pseudomonas aeruginosa,Carbapenems,2.26537216,30.78701102592052,17.927203121478207,16.728958509755465,0.0863018086952784,27.42347932790522,19.140620194153477,63604.562,136.5401,99.59724,100.0
DNK,Denmark,2007,Staphylococcus aureus,Meticillin (MRSA),0.8365019,30.78701102592052,17.927203121478207,16.728958509755465,0.0863018086952784,27.42347932790522,19.140620194153477,63604.562,136.5401,99.59724,100.0
DNK,Denmark,2008,Enterococcus faecium,Aminopenicillins,87.62376237,30.590283764579457,17.402774188318986,20.61501905348007,0.0926353340953892,15.029177041403546,16.977576387668776,62968.16,137.34406,99.59723,100.0
DNK,Denmark,2008,Escherichia coli,Carbapenems,0.05151983,30.590283764579457,17.402774188318986,20.61501905348007,0.0926353340953892,15.029177041403546,16.977576387668776,62968.16,137.34406,99.59723,100.0
DNK,Denmark,2008,Escherichia coli,Fluoroquinolones,10.17229953,30.590283764579457,17.402774188318986,20.61501905348007,0.0926353340953892,15.029177041403546,16.977576387668776,62968.16,137.34406,99.59723,100.0
DNK,Denmark,2008,Escherichia coli,Third-generation cephalosporins,4.05785456,30.590283764579457,17.402774188318986,20.61501905348007,0.0926353340953892,15.029177041403546,16.977576387668776,62968.16,137.34406,99.59723,100.0
DNK,Denmark,2008,Klebsiella pneumoniae,Carbapenems,0.19120458,30.590283764579457,17.402774188318986,20.61501905348007,0.0926353340953892,15.029177041403546,16.977576387668776,62968.16,137.34406,99.59723,100.0
DNK,Denmark,2008,Klebsiella pneumoniae,Fluoroquinolones,15.96752368,30.590283764579457,17.402774188318986,20.61501905348007,0.0926353340953892,15.029177041403546,16.977576387668776,62968.16,137.34406,99.59723,100.0
DNK,Denmark,2008,Klebsiella pneumoniae,Third-generation cephalosporins,9.19354838,30.590283764579457,17.402774188318986,20.61501905348007,0.0926353340953892,15.029177041403546,16.977576387668776,62968.16,137.34406,99.59723,100.0
DNK,Denmark,2008,Pseudomonas aeruginosa,Carbapenems,1.17647058,30.590283764579457,17.402774188318986,20.61501905348007,0.0926353340953892,15.029177041403546,16.977576387668776,62968.16,137.34406,99.59723,100.0
DNK,Denmark,2008,Staphylococcus aureus,Meticillin (MRSA),2.54826254,30.590283764579457,17.402774188318986,20.61501905348007,0.0926353340953892,15.029177041403546,16.977576387668776,62968.16,137.34406,99.59723,100.0
DNK,Denmark,2009,Enterococcus faecium,Aminopenicillins,86.91358024,30.717998045176994,17.444582547832237,19.972734567906528,0.0486879577063163,14.136894771558906,15.179159530040238,59516.508,138.07922,99.59723,100.0
DNK,Denmark,2009,Escherichia coli,Carbapenems,0.0,30.717998045176994,17.444582547832237,19.972734567906528,0.0486879577063163,14.136894771558906,15.179159530040238,59516.508,138.07922,99.59723,100.0
DNK,Denmark,2009,Escherichia coli,Fluoroquinolones,13.1826189,30.717998045176994,17.444582547832237,19.972734567906528,0.0486879577063163,14.136894771558906,15.179159530040238,59516.508,138.07922,99.59723,100.0
DNK,Denmark,2009,Escherichia coli,Third-generation cephalosporins,6.17375231,30.717998045176994,17.444582547832237,19.972734567906528,0.0486879577063163,14.136894771558906,15.179159530040238,59516.508,138.07922,99.59723,100.0
DNK,Denmark,2009,Klebsiella pneumoniae,Carbapenems,0.0,30.717998045176994,17.444582547832237,19.972734567906528,0.0486879577063163,14.136894771558906,15.179159530040238,59516.508,138.07922,99.59723,100.0
DNK,Denmark,2009,Klebsiella pneumoniae,Fluoroquinolones,16.18204804,30.717998045176994,17.444582547832237,19.972734567906528,0.0486879577063163,14.136894771558906,15.179159530040238,59516.508,138.07922,99.59723,100.0
DNK,Denmark,2009,Klebsiella pneumoniae,Third-generation cephalosporins,11.23595505,30.717998045176994,17.444582547832237,19.972734567906528,0.0486879577063163,14.136894771558906,15.179159530040238,59516.508,138.07922,99.59723,100.0
DNK,Denmark,2009,Pseudomonas aeruginosa,Carbapenems,2.88184438,30.717998045176994,17.444582547832237,19.972734567906528,0.0486879577063163,14.136894771558906,15.179159530040238,59516.508,138.07922,99.59723,100.0
DNK,Denmark,2009,Staphylococcus aureus,Meticillin (MRSA),2.07885304,30.717998045176994,17.444582547832237,19.972734567906528,0.0486879577063163,14.136894771558906,15.179159530040238,59516.508,138.07922,99.59723,100.0
DNK,Denmark,2010,Enterococcus faecium,Aminopenicillins,92.10526315,31.211926446960003,19.03019327690057,18.653264910971764,0.6388623783740041,4.880602325995673,11.801258822402623,60190.633,138.69662,99.59723,100.0
DNK,Denmark,2010,Escherichia coli,Carbapenems,0.0,31.211926446960003,19.03019327690057,18.653264910971764,0.6388623783740041,4.880602325995673,11.801258822402623,60190.633,138.69662,99.59723,100.0
DNK,Denmark,2010,Escherichia coli,Fluoroquinolones,13.73973468,31.211926446960003,19.03019327690057,18.653264910971764,0.6388623783740041,4.880602325995673,11.801258822402623,60190.633,138.69662,99.59723,100.0
DNK,Denmark,2010,Escherichia coli,Third-generation cephalosporins,7.59966777,31.211926446960003,19.03019327690057,18.653264910971764,0.6388623783740041,4.880602325995673,11.801258822402623,60190.633,138.69662,99.59723,100.0
DNK,Denmark,2010,Klebsiella pneumoniae,Carbapenems,0.0,31.211926446960003,19.03019327690057,18.653264910971764,0.6388623783740041,4.880602325995673,11.801258822402623,60190.633,138.69662,99.59723,100.0
DNK,Denmark,2010,Klebsiella pneumoniae,Fluoroquinolones,11.29271916,31.211926446960003,19.03019327690057,18.653264910971764,0.6388623783740041,4.880602325995673,11.801258822402623,60190.633,138.69662,99.59723,100.0
DNK,Denmark,2010,Klebsiella pneumoniae,Third-generation cephalosporins,10.55456171,31.211926446960003,19.03019327690057,18.653264910971764,0.6388623783740041,4.880602325995673,11.801258822402623,60190.633,138.69662,99.59723,100.0
DNK,Denmark,2010,Pseudomonas aeruginosa,Carbapenems,3.08988764,31.211926446960003,19.03019327690057,18.653264910971764,0.6388623783740041,4.880602325995673,11.801258822402623,60190.633,138.69662,99.59723,100.0
DNK,Denmark,2010,Staphylococcus aureus,Meticillin (MRSA),1.3215859,31.211926446960003,19.03019327690057,18.653264910971764,0.6388623783740041,4.880602325995673,11.801258822402623,60190.633,138.69662,99.59723,100.0
DNK,Denmark,2011,Enterococcus faecium,Aminopenicillins,93.11663479,28.457172363883217,17.804060218339387,17.126277455794625,0.038487603401211,15.956815520826405,17.568397525568727,60729.055,139.2712,99.59723,100.0
DNK,Denmark,2011,Escherichia coli,Carbapenems,0.0,28.457172363883217,17.804060218339387,17.126277455794625,0.038487603401211,15.956815520826405,17.568397525568727,60729.055,139.2712,99.59723,100.0
DNK,Denmark,2011,Escherichia coli,Fluoroquinolones,14.06642478,28.457172363883217,17.804060218339387,17.126277455794625,0.038487603401211,15.956815520826405,17.568397525568727,60729.055,139.2712,99.59723,100.0
DNK,Denmark,2011,Escherichia coli,Third-generation cephalosporins,8.49131121,28.457172363883217,17.804060218339387,17.126277455794625,0.038487603401211,15.956815520826405,17.568397525568727,60729.055,139.2712,99.59723,100.0
DNK,Denmark,2011,Klebsiella pneumoniae,Carbapenems,0.0,28.457172363883217,17.804060218339387,17.126277455794625,0.038487603401211,15.956815520826405,17.568397525568727,60729.055,139.2712,99.59723,100.0
DNK,Denmark,2011,Klebsiella pneumoniae,Fluoroquinolones,11.59909909,28.457172363883217,17.804060218339387,17.126277455794625,0.038487603401211,15.956815520826405,17.568397525568727,60729.055,139.2712,99.59723,100.0
DNK,Denmark,2011,Klebsiella pneumoniae,Third-generation cephalosporins,11.14599686,28.457172363883217,17.804060218339387,17.126277455794625,0.038487603401211,15.956815520826405,17.568397525568727,60729.055,139.2712,99.59723,100.0
DNK,Denmark,2011,Pseudomonas aeruginosa,Carbapenems,5.45905707,28.457172363883217,17.804060218339387,17.126277455794625,0.038487603401211,15.956815520826405,17.568397525568727,60729.055,139.2712,99.59723,100.0
DNK,Denmark,2011,Staphylococcus aureus,Meticillin (MRSA),1.30853994,28.457172363883217,17.804060218339387,17.126277455794625,0.038487603401211,15.956815520826405,17.568397525568727,60729.055,139.2712,99.59723,100.0
DNK,Denmark,2012,Acinetobacter spp.,Carbapenems,9.375,30.20127444939792,17.753331361505623,15.719426046139096,0.0944010012151451,10.715954081027933,15.135213680564233,60497.69,139.79778,99.59724,100.0
DNK,Denmark,2012,Enterococcus faecium,Aminopenicillins,93.58372456,30.20127444939792,17.753331361505623,15.719426046139096,0.0944010012151451,10.715954081027933,15.135213680564233,60497.69,139.79778,99.59724,100.0
DNK,Denmark,2012,Escherichia coli,Carbapenems,0.0,30.20127444939792,17.753331361505623,15.719426046139096,0.0944010012151451,10.715954081027933,15.135213680564233,60497.69,139.79778,99.59724,100.0
DNK,Denmark,2012,Escherichia coli,Fluoroquinolones,14.12184552,30.20127444939792,17.753331361505623,15.719426046139096,0.0944010012151451,10.715954081027933,15.135213680564233,60497.69,139.79778,99.59724,100.0
DNK,Denmark,2012,Escherichia coli,Third-generation cephalosporins,7.860262,30.20127444939792,17.753331361505623,15.719426046139096,0.0944010012151451,10.715954081027933,15.135213680564233,60497.69,139.79778,99.59724,100.0
DNK,Denmark,2012,Klebsiella pneumoniae,Carbapenems,0.29411764,30.20127444939792,17.753331361505623,15.719426046139096,0.0944010012151451,10.715954081027933,15.135213680564233,60497.69,139.79778,99.59724,100.0
DNK,Denmark,2012,Klebsiella pneumoniae,Fluoroquinolones,8.82040382,30.20127444939792,17.753331361505623,15.719426046139096,0.0944010012151451,10.715954081027933,15.135213680564233,60497.69,139.79778,99.59724,100.0
DNK,Denmark,2012,Klebsiella pneumoniae,Third-generation cephalosporins,10.46698872,30.20127444939792,17.753331361505623,15.719426046139096,0.0944010012151451,10.715954081027933,15.135213680564233,60497.69,139.79778,99.59724,100.0
DNK,Denmark,2012,Pseudomonas aeruginosa,Carbapenems,3.66197183,30.20127444939792,17.753331361505623,15.719426046139096,0.0944010012151451,10.715954081027933,15.135213680564233,60497.69,139.79778,99.59724,100.0
DNK,Denmark,2012,Staphylococcus aureus,Meticillin (MRSA),1.32774283,30.20127444939792,17.753331361505623,15.719426046139096,0.0944010012151451,10.715954081027933,15.135213680564233,60497.69,139.79778,99.59724,100.0
DNK,Denmark,2013,Acinetobacter spp.,Carbapenems,1.63934426,30.66928016277482,18.12309384673168,18.582963981853872,0.1947540155454987,7.241052596980421,15.220806684852509,61085.03,140.38333,99.59723,100.0
DNK,Denmark,2013,Enterococcus faecium,Aminopenicillins,92.59259259,30.66928016277482,18.12309384673168,18.582963981853872,0.1947540155454987,7.241052596980421,15.220806684852509,61085.03,140.38333,99.59723,100.0
DNK,Denmark,2013,Escherichia coli,Carbapenems,0.03531073,30.66928016277482,18.12309384673168,18.582963981853872,0.1947540155454987,7.241052596980421,15.220806684852509,61085.03,140.38333,99.59723,100.0
DNK,Denmark,2013,Escherichia coli,Fluoroquinolones,12.44007065,30.66928016277482,18.12309384673168,18.582963981853872,0.1947540155454987,7.241052596980421,15.220806684852509,61085.03,140.38333,99.59723,100.0
DNK,Denmark,2013,Escherichia coli,Third-generation cephalosporins,8.07833537,30.66928016277482,18.12309384673168,18.582963981853872,0.1947540155454987,7.241052596980421,15.220806684852509,61085.03,140.38333,99.59723,100.0
DNK,Denmark,2013,Klebsiella pneumoniae,Carbapenems,0.15503875,30.66928016277482,18.12309384673168,18.582963981853872,0.1947540155454987,7.241052596980421,15.220806684852509,61085.03,140.38333,99.59723,100.0
DNK,Denmark,2013,Klebsiella pneumoniae,Fluoroquinolones,8.92448512,30.66928016277482,18.12309384673168,18.582963981853872,0.1947540155454987,7.241052596980421,15.220806684852509,61085.03,140.38333,99.59723,100.0
DNK,Denmark,2013,Klebsiella pneumoniae,Third-generation cephalosporins,11.53119092,30.66928016277482,18.12309384673168,18.582963981853872,0.1947540155454987,7.241052596980421,15.220806684852509,61085.03,140.38333,99.59723,100.0
DNK,Denmark,2013,Pseudomonas aeruginosa,Carbapenems,2.92682926,30.66928016277482,18.12309384673168,18.582963981853872,0.1947540155454987,7.241052596980421,15.220806684852509,61085.03,140.38333,99.59723,100.0
DNK,Denmark,2013,Staphylococcus aureus,Meticillin (MRSA),1.72106824,30.66928016277482,18.12309384673168,18.582963981853872,0.1947540155454987,7.241052596980421,15.220806684852509,61085.03,140.38333,99.59723,100.0
DNK,Denmark,2014,Acinetobacter spp.,Carbapenems,1.61290322,30.96762022710344,18.913769847588068,24.112563415970456,0.5397962329611065,25.357526765804483,24.344608220567988,61552.8,141.09488,99.59724,100.0
DNK,Denmark,2014,Enterococcus faecium,Aminopenicillins,93.69747899,30.96762022710344,18.913769847588068,24.112563415970456,0.5397962329611065,25.357526765804483,24.344608220567988,61552.8,141.09488,99.59724,100.0
DNK,Denmark,2014,Escherichia coli,Carbapenems,0.02534211,30.96762022710344,18.913769847588068,24.112563415970456,0.5397962329611065,25.357526765804483,24.344608220567988,61552.8,141.09488,99.59724,100.0
DNK,Denmark,2014,Escherichia coli,Fluoroquinolones,12.25217197,30.96762022710344,18.913769847588068,24.112563415970456,0.5397962329611065,25.357526765804483,24.344608220567988,61552.8,141.09488,99.59724,100.0
DNK,Denmark,2014,Escherichia coli,Third-generation cephalosporins,7.00680272,30.96762022710344,18.913769847588068,24.112563415970456,0.5397962329611065,25.357526765804483,24.344608220567988,61552.8,141.09488,99.59724,100.0
DNK,Denmark,2014,Klebsiella pneumoniae,Carbapenems,0.24096385,30.96762022710344,18.913769847588068,24.112563415970456,0.5397962329611065,25.357526765804483,24.344608220567988,61552.8,141.09488,99.59724,100.0
DNK,Denmark,2014,Klebsiella pneumoniae,Fluoroquinolones,6.89289501,30.96762022710344,18.913769847588068,24.112563415970456,0.5397962329611065,25.357526765804483,24.344608220567988,61552.8,141.09488,99.59724,100.0
DNK,Denmark,2014,Klebsiella pneumoniae,Third-generation cephalosporins,7.56756756,30.96762022710344,18.913769847588068,24.112563415970456,0.5397962329611065,25.357526765804483,24.344608220567988,61552.8,141.09488,99.59724,100.0
DNK,Denmark,2014,Pseudomonas aeruginosa,Carbapenems,4.66321243,30.96762022710344,18.913769847588068,24.112563415970456,0.5397962329611065,25.357526765804483,24.344608220567988,61552.8,141.09488,99.59724,100.0
DNK,Denmark,2014,Staphylococcus aureus,Meticillin (MRSA),2.45464247,30.96762022710344,18.913769847588068,24.112563415970456,0.5397962329611065,25.357526765804483,24.344608220567988,61552.8,141.09488,99.59724,100.0
DNK,Denmark,2015,Acinetobacter spp.,Carbapenems,4.61538461,30.873224323871845,17.978165838244326,17.81670948865195,0.3207400625959494,28.23534032193396,18.795815714849667,62405.715,142.09245,99.59724,100.0
DNK,Denmark,2015,Enterococcus faecium,Aminopenicillins,95.15625,30.873224323871845,17.978165838244326,17.81670948865195,0.3207400625959494,28.23534032193396,18.795815714849667,62405.715,142.09245,99.59724,100.0
DNK,Denmark,2015,Escherichia coli,Carbapenems,0.02471576,30.873224323871845,17.978165838244326,17.81670948865195,0.3207400625959494,28.23534032193396,18.795815714849667,62405.715,142.09245,99.59724,100.0
DNK,Denmark,2015,Escherichia coli,Fluoroquinolones,11.90371991,30.873224323871845,17.978165838244326,17.81670948865195,0.3207400625959494,28.23534032193396,18.795815714849667,62405.715,142.09245,99.59724,100.0
DNK,Denmark,2015,Escherichia coli,Third-generation cephalosporins,7.4764306,30.873224323871845,17.978165838244326,17.81670948865195,0.3207400625959494,28.23534032193396,18.795815714849667,62405.715,142.09245,99.59724,100.0
DNK,Denmark,2015,Klebsiella pneumoniae,Carbapenems,0.0,30.873224323871845,17.978165838244326,17.81670948865195,0.3207400625959494,28.23534032193396,18.795815714849667,62405.715,142.09245,99.59724,100.0
DNK,Denmark,2015,Klebsiella pneumoniae,Fluoroquinolones,5.34759358,30.873224323871845,17.978165838244326,17.81670948865195,0.3207400625959494,28.23534032193396,18.795815714849667,62405.715,142.09245,99.59724,100.0
DNK,Denmark,2015,Klebsiella pneumoniae,Third-generation cephalosporins,7.7502691,30.873224323871845,17.978165838244326,17.81670948865195,0.3207400625959494,28.23534032193396,18.795815714849667,62405.715,142.09245,99.59724,100.0
DNK,Denmark,2015,Pseudomonas aeruginosa,Carbapenems,4.57665903,30.873224323871845,17.978165838244326,17.81670948865195,0.3207400625959494,28.23534032193396,18.795815714849667,62405.715,142.09245,99.59724,100.0
DNK,Denmark,2015,Staphylococcus aureus,Meticillin (MRSA),1.54584221,30.873224323871845,17.978165838244326,17.81670948865195,0.3207400625959494,28.23534032193396,18.795815714849667,62405.715,142.09245,99.59724,100.0
DNK,Denmark,2016,Acinetobacter spp.,Carbapenems,0.0,30.06842762835544,17.908108561301386,22.300631772344342,0.0835927080352973,18.357076282747457,18.365358301094957,63823.45,143.2049,99.59723,100.0
DNK,Denmark,2016,Enterococcus faecium,Aminopenicillins,91.57894736,30.06842762835544,17.908108561301386,22.300631772344342,0.0835927080352973,18.357076282747457,18.365358301094957,63823.45,143.2049,99.59723,100.0
DNK,Denmark,2016,Escherichia coli,Carbapenems,0.0,30.06842762835544,17.908108561301386,22.300631772344342,0.0835927080352973,18.357076282747457,18.365358301094957,63823.45,143.2049,99.59723,100.0
DNK,Denmark,2016,Escherichia coli,Fluoroquinolones,11.0420551,30.06842762835544,17.908108561301386,22.300631772344342,0.0835927080352973,18.357076282747457,18.365358301094957,63823.45,143.2049,99.59723,100.0
DNK,Denmark,2016,Escherichia coli,Third-generation cephalosporins,6.56793303,30.06842762835544,17.908108561301386,22.300631772344342,0.0835927080352973,18.357076282747457,18.365358301094957,63823.45,143.2049,99.59723,100.0
DNK,Denmark,2016,Klebsiella pneumoniae,Carbapenems,0.26809651,30.06842762835544,17.908108561301386,22.300631772344342,0.0835927080352973,18.357076282747457,18.365358301094957,63823.45,143.2049,99.59723,100.0
DNK,Denmark,2016,Klebsiella pneumoniae,Fluoroquinolones,5.29513888,30.06842762835544,17.908108561301386,22.300631772344342,0.0835927080352973,18.357076282747457,18.365358301094957,63823.45,143.2049,99.59723,100.0
DNK,Denmark,2016,Klebsiella pneumoniae,Third-generation cephalosporins,7.51341681,30.06842762835544,17.908108561301386,22.300631772344342,0.0835927080352973,18.357076282747457,18.365358301094957,63823.45,143.2049,99.59723,100.0
DNK,Denmark,2016,Pseudomonas aeruginosa,Carbapenems,2.40174672,30.06842762835544,17.908108561301386,22.300631772344342,0.0835927080352973,18.357076282747457,18.365358301094957,63823.45,143.2049,99.59723,100.0
DNK,Denmark,2016,Staphylococcus aureus,Meticillin (MRSA),1.98675496,30.06842762835544,17.908108561301386,22.300631772344342,0.0835927080352973,18.357076282747457,18.365358301094957,63823.45,143.2049,99.59723,100.0
DNK,Denmark,2017,Acinetobacter spp.,Carbapenems,0.0,27.99914185699509,16.644344164135877,14.417311944682613,0.0253886463236122,5.874451292536961,15.90350813867639,65352.4,144.1291,99.59723,100.0
DNK,Denmark,2017,Enterococcus faecium,Aminopenicillins,93.73368146,27.99914185699509,16.644344164135877,14.417311944682613,0.0253886463236122,5.874451292536961,15.90350813867639,65352.4,144.1291,99.59723,100.0
DNK,Denmark,2017,Escherichia coli,Carbapenems,0.0195427,27.99914185699509,16.644344164135877,14.417311944682613,0.0253886463236122,5.874451292536961,15.90350813867639,65352.4,144.1291,99.59723,100.0
DNK,Denmark,2017,Escherichia coli,Fluoroquinolones,12.78547725,27.99914185699509,16.644344164135877,14.417311944682613,0.0253886463236122,5.874451292536961,15.90350813867639,65352.4,144.1291,99.59723,100.0
DNK,Denmark,2017,Escherichia coli,Third-generation cephalosporins,6.90149498,27.99914185699509,16.644344164135877,14.417311944682613,0.0253886463236122,5.874451292536961,15.90350813867639,65352.4,144.1291,99.59723,100.0
DNK,Denmark,2017,Klebsiella pneumoniae,Carbapenems,0.25316455,27.99914185699509,16.644344164135877,14.417311944682613,0.0253886463236122,5.874451292536961,15.90350813867639,65352.4,144.1291,99.59723,100.0
DNK,Denmark,2017,Klebsiella pneumoniae,Fluoroquinolones,9.1293322,27.99914185699509,16.644344164135877,14.417311944682613,0.0253886463236122,5.874451292536961,15.90350813867639,65352.4,144.1291,99.59723,100.0
DNK,Denmark,2017,Klebsiella pneumoniae,Third-generation cephalosporins,7.28888888,27.99914185699509,16.644344164135877,14.417311944682613,0.0253886463236122,5.874451292536961,15.90350813867639,65352.4,144.1291,99.59723,100.0
DNK,Denmark,2017,Pseudomonas aeruginosa,Carbapenems,2.47933884,27.99914185699509,16.644344164135877,14.417311944682613,0.0253886463236122,5.874451292536961,15.90350813867639,65352.4,144.1291,99.59723,100.0
DNK,Denmark,2017,Staphylococcus aureus,Meticillin (MRSA),2.50501002,27.99914185699509,16.644344164135877,14.417311944682613,0.0253886463236122,5.874451292536961,15.90350813867639,65352.4,144.1291,99.59723,100.0
DNK,Denmark,2018,Acinetobacter spp.,Carbapenems,6.38297872,33.34758530920266,20.280070692000137,48.542920297670506,1.627213831778668,34.75621862296399,22.600832172083965,66238.7,144.8456,99.59723,100.0
DNK,Denmark,2018,Enterococcus faecium,Aminopenicillins,94.6084724,33.34758530920266,20.280070692000137,48.542920297670506,1.627213831778668,34.75621862296399,22.600832172083965,66238.7,144.8456,99.59723,100.0
DNK,Denmark,2018,Escherichia coli,Carbapenems,0.0,33.34758530920266,20.280070692000137,48.542920297670506,1.627213831778668,34.75621862296399,22.600832172083965,66238.7,144.8456,99.59723,100.0
DNK,Denmark,2018,Escherichia coli,Fluoroquinolones,13.25659116,33.34758530920266,20.280070692000137,48.542920297670506,1.627213831778668,34.75621862296399,22.600832172083965,66238.7,144.8456,99.59723,100.0
DNK,Denmark,2018,Escherichia coli,Third-generation cephalosporins,7.65570039,33.34758530920266,20.280070692000137,48.542920297670506,1.627213831778668,34.75621862296399,22.600832172083965,66238.7,144.8456,99.59723,100.0
DNK,Denmark,2018,Klebsiella pneumoniae,Carbapenems,0.54102795,33.34758530920266,20.280070692000137,48.542920297670506,1.627213831778668,34.75621862296399,22.600832172083965,66238.7,144.8456,99.59723,100.0
DNK,Denmark,2018,Klebsiella pneumoniae,Fluoroquinolones,8.52228303,33.34758530920266,20.280070692000137,48.542920297670506,1.627213831778668,34.75621862296399,22.600832172083965,66238.7,144.8456,99.59723,100.0
DNK,Denmark,2018,Klebsiella pneumoniae,Third-generation cephalosporins,6.47109577,33.34758530920266,20.280070692000137,48.542920297670506,1.627213831778668,34.75621862296399,22.600832172083965,66238.7,144.8456,99.59723,100.0
DNK,Denmark,2018,Pseudomonas aeruginosa,Carbapenems,5.21327014,33.34758530920266,20.280070692000137,48.542920297670506,1.627213831778668,34.75621862296399,22.600832172083965,66238.7,144.8456,99.59723,100.0
DNK,Denmark,2018,Staphylococcus aureus,Meticillin (MRSA),1.65061898,33.34758530920266,20.280070692000137,48.542920297670506,1.627213831778668,34.75621862296399,22.600832172083965,66238.7,144.8456,99.59723,100.0
ESP,Spain,2000,Staphylococcus aureus,Meticillin (MRSA),29.40490081,37.00067389910031,21.27824797954557,100.2622138758218,12.11247982342173,8.398955590917115,15.67212480517303,39945.9,82.083336,99.81338,100.0
ESP,Spain,2001,Enterococcus faecium,Aminopenicillins,49.2063492,36.928179530571086,22.007468089612484,102.27076189737944,14.505707283500175,12.723835530167,18.25412812850295,41224.293,82.53524,99.81324,100.0
ESP,Spain,2001,Escherichia coli,Carbapenems,0.09487666,36.928179530571086,22.007468089612484,102.27076189737944,14.505707283500175,12.723835530167,18.25412812850295,41224.293,82.53524,99.81324,100.0
ESP,Spain,2001,Escherichia coli,Fluoroquinolones,17.25181598,36.928179530571086,22.007468089612484,102.27076189737944,14.505707283500175,12.723835530167,18.25412812850295,41224.293,82.53524,99.81324,100.0
ESP,Spain,2001,Escherichia coli,Third-generation cephalosporins,0.61898211,36.928179530571086,22.007468089612484,102.27076189737944,14.505707283500175,12.723835530167,18.25412812850295,41224.293,82.53524,99.81324,100.0
ESP,Spain,2001,Staphylococcus aureus,Meticillin (MRSA),24.44678609,36.928179530571086,22.007468089612484,102.27076189737944,14.505707283500175,12.723835530167,18.25412812850295,41224.293,82.53524,99.81324,100.0
ESP,Spain,2002,Enterococcus faecium,Aminopenicillins,58.76288659,35.78369803651693,20.76193801921617,94.04648281653736,10.807590943350954,13.678485277297682,16.21397632248201,41766.04,83.555984,99.82037,100.0
ESP,Spain,2002,Escherichia coli,Carbapenems,0.0,35.78369803651693,20.76193801921617,94.04648281653736,10.807590943350954,13.678485277297682,16.21397632248201,41766.04,83.555984,99.82037,100.0
ESP,Spain,2002,Escherichia coli,Fluoroquinolones,19.28974979,35.78369803651693,20.76193801921617,94.04648281653736,10.807590943350954,13.678485277297682,16.21397632248201,41766.04,83.555984,99.82037,100.0
ESP,Spain,2002,Escherichia coli,Third-generation cephalosporins,1.57575757,35.78369803651693,20.76193801921617,94.04648281653736,10.807590943350954,13.678485277297682,16.21397632248201,41766.04,83.555984,99.82037,100.0
ESP,Spain,2002,Staphylococcus aureus,Meticillin (MRSA),23.32775919,35.78369803651693,20.76193801921617,94.04648281653736,10.807590943350954,13.678485277297682,16.21397632248201,41766.04,83.555984,99.82037,100.0
ESP,Spain,2003,Enterococcus faecium,Aminopenicillins,63.86554621,39.13399476064137,23.44974299481372,112.08528966505828,24.08482537037113,26.45878959379876,21.346529178740425,42223.13,85.058464,99.82743,100.0
ESP,Spain,2003,Escherichia coli,Carbapenems,0.0,39.13399476064137,23.44974299481372,112.08528966505828,24.08482537037113,26.45878959379876,21.346529178740425,42223.13,85.058464,99.82743,100.0
ESP,Spain,2003,Escherichia coli,Fluoroquinolones,20.9928003,39.13399476064137,23.44974299481372,112.08528966505828,24.08482537037113,26.45878959379876,21.346529178740425,42223.13,85.058464,99.82743,100.0
ESP,Spain,2003,Escherichia coli,Third-generation cephalosporins,4.22641509,39.13399476064137,23.44974299481372,112.08528966505828,24.08482537037113,26.45878959379876,21.346529178740425,42223.13,85.058464,99.82743,100.0
ESP,Spain,2003,Staphylococcus aureus,Meticillin (MRSA),24.01150251,39.13399476064137,23.44974299481372,112.08528966505828,24.08482537037113,26.45878959379876,21.346529178740425,42223.13,85.058464,99.82743,100.0
ESP,Spain,2004,Enterococcus faecium,Aminopenicillins,66.40625,37.43410432690524,22.434205371533047,106.09937924630714,16.729847815479562,13.147469640330156,15.865771752695885,42793.39,86.51528,99.8345,100.0
ESP,Spain,2004,Escherichia coli,Carbapenems,0.0,37.43410432690524,22.434205371533047,106.09937924630714,16.729847815479562,13.147469640330156,15.865771752695885,42793.39,86.51528,99.8345,100.0
ESP,Spain,2004,Escherichia coli,Fluoroquinolones,25.38949798,37.43410432690524,22.434205371533047,106.09937924630714,16.729847815479562,13.147469640330156,15.865771752695885,42793.39,86.51528,99.8345,100.0
ESP,Spain,2004,Escherichia coli,Third-generation cephalosporins,6.5317919,37.43410432690524,22.434205371533047,106.09937924630714,16.729847815479562,13.147469640330156,15.865771752695885,42793.39,86.51528,99.8345,100.0
ESP,Spain,2004,Staphylococcus aureus,Meticillin (MRSA),26.27785058,37.43410432690524,22.434205371533047,106.09937924630714,16.729847815479562,13.147469640330156,15.865771752695885,42793.39,86.51528,99.8345,100.0
ESP,Spain,2005,Enterococcus faecium,Aminopenicillins,67.37588652,37.73526080683063,22.095226780943364,111.02142652427185,16.38404329430724,15.713572121638478,18.249552267998716,43570.766,87.9647,99.84161,100.0
ESP,Spain,2005,Escherichia coli,Carbapenems,0.03624501,37.73526080683063,22.095226780943364,111.02142652427185,16.38404329430724,15.713572121638478,18.249552267998716,43570.766,87.9647,99.84161,100.0
ESP,Spain,2005,Escherichia coli,Fluoroquinolones,28.16572001,37.73526080683063,22.095226780943364,111.02142652427185,16.38404329430724,15.713572121638478,18.249552267998716,43570.766,87.9647,99.84161,100.0
ESP,Spain,2005,Escherichia coli,Third-generation cephalosporins,7.7410744,37.73526080683063,22.095226780943364,111.02142652427185,16.38404329430724,15.713572121638478,18.249552267998716,43570.766,87.9647,99.84161,100.0
ESP,Spain,2005,Klebsiella pneumoniae,Carbapenems,0.0,37.73526080683063,22.095226780943364,111.02142652427185,16.38404329430724,15.713572121638478,18.249552267998716,43570.766,87.9647,99.84161,100.0
ESP,Spain,2005,Klebsiella pneumoniae,Fluoroquinolones,10.71428571,37.73526080683063,22.095226780943364,111.02142652427185,16.38404329430724,15.713572121638478,18.249552267998716,43570.766,87.9647,99.84161,100.0
ESP,Spain,2005,Klebsiella pneumoniae,Third-generation cephalosporins,7.14285714,37.73526080683063,22.095226780943364,111.02142652427185,16.38404329430724,15.713572121638478,18.249552267998716,43570.766,87.9647,99.84161,100.0
ESP,Spain,2005,Pseudomonas aeruginosa,Carbapenems,17.14285714,37.73526080683063,22.095226780943364,111.02142652427185,16.38404329430724,15.713572121638478,18.249552267998716,43570.766,87.9647,99.84161,100.0
ESP,Spain,2005,Staphylococcus aureus,Meticillin (MRSA),27.07554225,37.73526080683063,22.095226780943364,111.02142652427185,16.38404329430724,15.713572121638478,18.249552267998716,43570.766,87.9647,99.84161,100.0
ESP,Spain,2006,Enterococcus faecium,Aminopenicillins,73.14285714,37.799775181142266,22.633908377401696,114.1558783301715,18.76355471224471,15.01112666072765,23.79849321604274,44572.68,89.43861,99.84874,100.0
ESP,Spain,2006,Escherichia coli,Carbapenems,0.03229974,37.799775181142266,22.633908377401696,114.1558783301715,18.76355471224471,15.01112666072765,23.79849321604274,44572.68,89.43861,99.84874,100.0
ESP,Spain,2006,Escherichia coli,Fluoroquinolones,28.00595238,37.799775181142266,22.633908377401696,114.1558783301715,18.76355471224471,15.01112666072765,23.79849321604274,44572.68,89.43861,99.84874,100.0
ESP,Spain,2006,Escherichia coli,Third-generation cephalosporins,7.13860797,37.799775181142266,22.633908377401696,114.1558783301715,18.76355471224471,15.01112666072765,23.79849321604274,44572.68,89.43861,99.84874,100.0
ESP,Spain,2006,Klebsiella pneumoniae,Carbapenems,0.0,37.799775181142266,22.633908377401696,114.1558783301715,18.76355471224471,15.01112666072765,23.79849321604274,44572.68,89.43861,99.84874,100.0
ESP,Spain,2006,Klebsiella pneumoniae,Fluoroquinolones,8.34813499,37.799775181142266,22.633908377401696,114.1558783301715,18.76355471224471,15.01112666072765,23.79849321604274,44572.68,89.43861,99.84874,100.0
ESP,Spain,2006,Klebsiella pneumoniae,Third-generation cephalosporins,9.43060498,37.799775181142266,22.633908377401696,114.1558783301715,18.76355471224471,15.01112666072765,23.79849321604274,44572.68,89.43861,99.84874,100.0
ESP,Spain,2006,Pseudomonas aeruginosa,Carbapenems,11.56812339,37.799775181142266,22.633908377401696,114.1558783301715,18.76355471224471,15.01112666072765,23.79849321604274,44572.68,89.43861,99.84874,100.0
ESP,Spain,2006,Staphylococcus aureus,Meticillin (MRSA),25.21915037,37.799775181142266,22.633908377401696,114.1558783301715,18.76355471224471,15.01112666072765,23.79849321604274,44572.68,89.43861,99.84874,100.0
ESP,Spain,2007,Enterococcus faecium,Aminopenicillins,78.89908256,37.2590688163874,21.01433340473601,95.98200650680462,11.810421315548435,12.375240972747532,16.03230773409081,45301.285,91.0816,99.85588,100.0
ESP,Spain,2007,Escherichia coli,Carbapenems,0.0,37.2590688163874,21.01433340473601,95.98200650680462,11.810421315548435,12.375240972747532,16.03230773409081,45301.285,91.0816,99.85588,100.0
ESP,Spain,2007,Escherichia coli,Fluoroquinolones,30.4454769,37.2590688163874,21.01433340473601,95.98200650680462,11.810421315548435,12.375240972747532,16.03230773409081,45301.285,91.0816,99.85588,100.0
ESP,Spain,2007,Escherichia coli,Third-generation cephalosporins,7.44884038,37.2590688163874,21.01433340473601,95.98200650680462,11.810421315548435,12.375240972747532,16.03230773409081,45301.285,91.0816,99.85588,100.0
ESP,Spain,2007,Klebsiella pneumoniae,Carbapenems,0.0,37.2590688163874,21.01433340473601,95.98200650680462,11.810421315548435,12.375240972747532,16.03230773409081,45301.285,91.0816,99.85588,100.0
ESP,Spain,2007,Klebsiella pneumoniae,Fluoroquinolones,16.69367909,37.2590688163874,21.01433340473601,95.98200650680462,11.810421315548435,12.375240972747532,16.03230773409081,45301.285,91.0816,99.85588,100.0
ESP,Spain,2007,Klebsiella pneumoniae,Third-generation cephalosporins,9.62479608,37.2590688163874,21.01433340473601,95.98200650680462,11.810421315548435,12.375240972747532,16.03230773409081,45301.285,91.0816,99.85588,100.0
ESP,Spain,2007,Pseudomonas aeruginosa,Carbapenems,15.19274376,37.2590688163874,21.01433340473601,95.98200650680462,11.810421315548435,12.375240972747532,16.03230773409081,45301.285,91.0816,99.85588,100.0
ESP,Spain,2007,Staphylococcus aureus,Meticillin (MRSA),25.45676004,37.2590688163874,21.01433340473601,95.98200650680462,11.810421315548435,12.375240972747532,16.03230773409081,45301.285,91.0816,99.85588,100.0
ESP,Spain,2008,Enterococcus faecium,Aminopenicillins,78.89273356,36.46082170817662,21.19515267548577,90.51476146488048,14.462843297454922,6.2800477403733,14.759853307429973,44926.348,92.51947,99.863045,100.0
ESP,Spain,2008,Escherichia coli,Carbapenems,0.0,36.46082170817662,21.19515267548577,90.51476146488048,14.462843297454922,6.2800477403733,14.759853307429973,44926.348,92.51947,99.863045,100.0
ESP,Spain,2008,Escherichia coli,Fluoroquinolones,32.52077562,36.46082170817662,21.19515267548577,90.51476146488048,14.462843297454922,6.2800477403733,14.759853307429973,44926.348,92.51947,99.863045,100.0
ESP,Spain,2008,Escherichia coli,Third-generation cephalosporins,9.01820187,36.46082170817662,21.19515267548577,90.51476146488048,14.462843297454922,6.2800477403733,14.759853307429973,44926.348,92.51947,99.863045,100.0
ESP,Spain,2008,Klebsiella pneumoniae,Carbapenems,0.0,36.46082170817662,21.19515267548577,90.51476146488048,14.462843297454922,6.2800477403733,14.759853307429973,44926.348,92.51947,99.863045,100.0
ESP,Spain,2008,Klebsiella pneumoniae,Fluoroquinolones,14.86697965,36.46082170817662,21.19515267548577,90.51476146488048,14.462843297454922,6.2800477403733,14.759853307429973,44926.348,92.51947,99.863045,100.0
ESP,Spain,2008,Klebsiella pneumoniae,Third-generation cephalosporins,11.89358372,36.46082170817662,21.19515267548577,90.51476146488048,14.462843297454922,6.2800477403733,14.759853307429973,44926.348,92.51947,99.863045,100.0
ESP,Spain,2008,Pseudomonas aeruginosa,Carbapenems,13.16270566,36.46082170817662,21.19515267548577,90.51476146488048,14.462843297454922,6.2800477403733,14.759853307429973,44926.348,92.51947,99.863045,100.0
ESP,Spain,2008,Staphylococcus aureus,Meticillin (MRSA),26.69322709,36.46082170817662,21.19515267548577,90.51476146488048,14.462843297454922,6.2800477403733,14.759853307429973,44926.348,92.51947,99.863045,100.0
ESP,Spain,2009,Enterococcus faecium,Aminopenicillins,83.33333333,37.54535014430096,21.85936329839665,114.38544308321148,18.307989977592428,17.43546088784475,17.905461958340712,42852.223,93.32015,99.87023,100.0
ESP,Spain,2009,Escherichia coli,Carbapenems,0.0,37.54535014430096,21.85936329839665,114.38544308321148,18.307989977592428,17.43546088784475,17.905461958340712,42852.223,93.32015,99.87023,100.0
ESP,Spain,2009,Escherichia coli,Fluoroquinolones,31.49606299,37.54535014430096,21.85936329839665,114.38544308321148,18.307989977592428,17.43546088784475,17.905461958340712,42852.223,93.32015,99.87023,100.0
ESP,Spain,2009,Escherichia coli,Third-generation cephalosporins,11.30594085,37.54535014430096,21.85936329839665,114.38544308321148,18.307989977592428,17.43546088784475,17.905461958340712,42852.223,93.32015,99.87023,100.0
ESP,Spain,2009,Klebsiella pneumoniae,Carbapenems,0.17391304,37.54535014430096,21.85936329839665,114.38544308321148,18.307989977592428,17.43546088784475,17.905461958340712,42852.223,93.32015,99.87023,100.0
ESP,Spain,2009,Klebsiella pneumoniae,Fluoroquinolones,15.78947368,37.54535014430096,21.85936329839665,114.38544308321148,18.307989977592428,17.43546088784475,17.905461958340712,42852.223,93.32015,99.87023,100.0
ESP,Spain,2009,Klebsiella pneumoniae,Third-generation cephalosporins,11.14649681,37.54535014430096,21.85936329839665,114.38544308321148,18.307989977592428,17.43546088784475,17.905461958340712,42852.223,93.32015,99.87023,100.0
ESP,Spain,2009,Pseudomonas aeruginosa,Carbapenems,16.11111111,37.54535014430096,21.85936329839665,114.38544308321148,18.307989977592428,17.43546088784475,17.905461958340712,42852.223,93.32015,99.87023,100.0
ESP,Spain,2009,Staphylococcus aureus,Meticillin (MRSA),25.94752186,37.54535014430096,21.85936329839665,114.38544308321148,18.307989977592428,17.43546088784475,17.905461958340712,42852.223,93.32015,99.87023,100.0
ESP,Spain,2010,Enterococcus faecium,Aminopenicillins,83.22717622,37.529123722070345,22.323862626429108,98.88489420414344,17.26644035383585,5.172052270707255,15.595722356915514,42695.527,93.73094,99.87743,100.0
ESP,Spain,2010,Escherichia coli,Carbapenems,0.01755617,37.529123722070345,22.323862626429108,98.88489420414344,17.26644035383585,5.172052270707255,15.595722356915514,42695.527,93.73094,99.87743,100.0
ESP,Spain,2010,Escherichia coli,Fluoroquinolones,32.75983146,37.529123722070345,22.323862626429108,98.88489420414344,17.26644035383585,5.172052270707255,15.595722356915514,42695.527,93.73094,99.87743,100.0
ESP,Spain,2010,Escherichia coli,Third-generation cephalosporins,12.11376404,37.529123722070345,22.323862626429108,98.88489420414344,17.26644035383585,5.172052270707255,15.595722356915514,42695.527,93.73094,99.87743,100.0
ESP,Spain,2010,Klebsiella pneumoniae,Carbapenems,0.0,37.529123722070345,22.323862626429108,98.88489420414344,17.26644035383585,5.172052270707255,15.595722356915514,42695.527,93.73094,99.87743,100.0
ESP,Spain,2010,Klebsiella pneumoniae,Fluoroquinolones,13.60895779,37.529123722070345,22.323862626429108,98.88489420414344,17.26644035383585,5.172052270707255,15.595722356915514,42695.527,93.73094,99.87743,100.0
ESP,Spain,2010,Klebsiella pneumoniae,Third-generation cephalosporins,10.24978466,37.529123722070345,22.323862626429108,98.88489420414344,17.26644035383585,5.172052270707255,15.595722356915514,42695.527,93.73094,99.87743,100.0
ESP,Spain,2010,Pseudomonas aeruginosa,Carbapenems,17.75700934,37.529123722070345,22.323862626429108,98.88489420414344,17.26644035383585,5.172052270707255,15.595722356915514,42695.527,93.73094,99.87743,100.0
ESP,Spain,2010,Staphylococcus aureus,Meticillin (MRSA),25.32729103,37.529123722070345,22.323862626429108,98.88489420414344,17.26644035383585,5.172052270707255,15.595722356915514,42695.527,93.73094,99.87743,100.0
ESP,Spain,2011,Enterococcus faecium,Aminopenicillins,82.41758241,37.49506013541407,22.21044432338198,116.78259152959834,15.67523019865329,20.10022618992637,19.423179297026586,42271.836,94.04626,99.88466,100.0
ESP,Spain,2011,Escherichia coli,Carbapenems,0.01787949,37.49506013541407,22.21044432338198,116.78259152959834,15.67523019865329,20.10022618992637,19.423179297026586,42271.836,94.04626,99.88466,100.0
ESP,Spain,2011,Escherichia coli,Fluoroquinolones,34.48275862,37.49506013541407,22.21044432338198,116.78259152959834,15.67523019865329,20.10022618992637,19.423179297026586,42271.836,94.04626,99.88466,100.0
ESP,Spain,2011,Escherichia coli,Third-generation cephalosporins,11.98214285,37.49506013541407,22.21044432338198,116.78259152959834,15.67523019865329,20.10022618992637,19.423179297026586,42271.836,94.04626,99.88466,100.0
ESP,Spain,2011,Klebsiella pneumoniae,Carbapenems,0.34965034,37.49506013541407,22.21044432338198,116.78259152959834,15.67523019865329,20.10022618992637,19.423179297026586,42271.836,94.04626,99.88466,100.0
ESP,Spain,2011,Klebsiella pneumoniae,Fluoroquinolones,17.03056768,37.49506013541407,22.21044432338198,116.78259152959834,15.67523019865329,20.10022618992637,19.423179297026586,42271.836,94.04626,99.88466,100.0
ESP,Spain,2011,Klebsiella pneumoniae,Third-generation cephalosporins,13.36244541,37.49506013541407,22.21044432338198,116.78259152959834,15.67523019865329,20.10022618992637,19.423179297026586,42271.836,94.04626,99.88466,100.0
ESP,Spain,2011,Pseudomonas aeruginosa,Carbapenems,16.32896305,37.49506013541407,22.21044432338198,116.78259152959834,15.67523019865329,20.10022618992637,19.423179297026586,42271.836,94.04626,99.88466,100.0
ESP,Spain,2011,Staphylococcus aureus,Meticillin (MRSA),22.46153846,37.49506013541407,22.21044432338198,116.78259152959834,15.67523019865329,20.10022618992637,19.423179297026586,42271.836,94.04626,99.88466,100.0
ESP,Spain,2012,Enterococcus faecium,Aminopenicillins,87.054409,38.79769043612812,22.592431651324794,108.64441856822974,17.83516453319696,17.480728564169517,17.636366898033092,41034.047,94.086845,99.891914,99.98617
ESP,Spain,2012,Escherichia coli,Carbapenems,0.05291005,38.79769043612812,22.592431651324794,108.64441856822974,17.83516453319696,17.480728564169517,17.636366898033092,41034.047,94.086845,99.891914,99.98617
ESP,Spain,2012,Escherichia coli,Fluoroquinolones,33.85214007,38.79769043612812,22.592431651324794,108.64441856822974,17.83516453319696,17.480728564169517,17.636366898033092,41034.047,94.086845,99.891914,99.98617
ESP,Spain,2012,Escherichia coli,Third-generation cephalosporins,13.50493653,38.79769043612812,22.592431651324794,108.64441856822974,17.83516453319696,17.480728564169517,17.636366898033092,41034.047,94.086845,99.891914,99.98617
ESP,Spain,2012,Klebsiella pneumoniae,Carbapenems,0.78125,38.79769043612812,22.592431651324794,108.64441856822974,17.83516453319696,17.480728564169517,17.636366898033092,41034.047,94.086845,99.891914,99.98617
ESP,Spain,2012,Klebsiella pneumoniae,Fluoroquinolones,16.52173913,38.79769043612812,22.592431651324794,108.64441856822974,17.83516453319696,17.480728564169517,17.636366898033092,41034.047,94.086845,99.891914,99.98617
ESP,Spain,2012,Klebsiella pneumoniae,Third-generation cephalosporins,16.73894189,38.79769043612812,22.592431651324794,108.64441856822974,17.83516453319696,17.480728564169517,17.636366898033092,41034.047,94.086845,99.891914,99.98617
ESP,Spain,2012,Pseudomonas aeruginosa,Carbapenems,16.41266119,38.79769043612812,22.592431651324794,108.64441856822974,17.83516453319696,17.480728564169517,17.636366898033092,41034.047,94.086845,99.891914,99.98617
ESP,Spain,2012,Staphylococcus aureus,Meticillin (MRSA),24.2759347,38.79769043612812,22.592431651324794,108.64441856822974,17.83516453319696,17.480728564169517,17.636366898033092,41034.047,94.086845,99.891914,99.98617
ESP,Spain,2013,Acinetobacter spp.,Carbapenems,75.78947368,36.83465620263649,21.72992468291929,103.35946825777692,14.741842498415895,8.470878620882452,15.593615895931006,40594.914,93.77081,99.89917,99.95664
ESP,Spain,2013,Enterococcus faecium,Aminopenicillins,85.13761467,36.83465620263649,21.72992468291929,103.35946825777692,14.741842498415895,8.470878620882452,15.593615895931006,40594.914,93.77081,99.89917,99.95664
ESP,Spain,2013,Escherichia coli,Carbapenems,0.74311771,36.83465620263649,21.72992468291929,103.35946825777692,14.741842498415895,8.470878620882452,15.593615895931006,40594.914,93.77081,99.89917,99.95664
ESP,Spain,2013,Escherichia coli,Fluoroquinolones,34.89706378,36.83465620263649,21.72992468291929,103.35946825777692,14.741842498415895,8.470878620882452,15.593615895931006,40594.914,93.77081,99.89917,99.95664
ESP,Spain,2013,Escherichia coli,Third-generation cephalosporins,13.30074173,36.83465620263649,21.72992468291929,103.35946825777692,14.741842498415895,8.470878620882452,15.593615895931006,40594.914,93.77081,99.89917,99.95664
ESP,Spain,2013,Klebsiella pneumoniae,Carbapenems,1.61160354,36.83465620263649,21.72992468291929,103.35946825777692,14.741842498415895,8.470878620882452,15.593615895931006,40594.914,93.77081,99.89917,99.95664
ESP,Spain,2013,Klebsiella pneumoniae,Fluoroquinolones,21.83722804,36.83465620263649,21.72992468291929,103.35946825777692,14.741842498415895,8.470878620882452,15.593615895931006,40594.914,93.77081,99.89917,99.95664
ESP,Spain,2013,Klebsiella pneumoniae,Third-generation cephalosporins,19.8227236,36.83465620263649,21.72992468291929,103.35946825777692,14.741842498415895,8.470878620882452,15.593615895931006,40594.914,93.77081,99.89917,99.95664
ESP,Spain,2013,Pseudomonas aeruginosa,Carbapenems,17.57575757,36.83465620263649,21.72992468291929,103.35946825777692,14.741842498415895,8.470878620882452,15.593615895931006,40594.914,93.77081,99.89917,99.95664
ESP,Spain,2013,Staphylococcus aureus,Meticillin (MRSA),22.56612267,36.83465620263649,21.72992468291929,103.35946825777692,14.741842498415895,8.470878620882452,15.593615895931006,40594.914,93.77081,99.89917,99.95664
ESP,Spain,2014,Acinetobacter spp.,Carbapenems,65.38461538,36.54324175904676,21.19445141134679,112.16467429140091,13.726157718532578,20.651233212382053,20.965845027578577,41339.41,93.49025,99.9061,99.92694
ESP,Spain,2014,Enterococcus faecium,Aminopenicillins,82.81535648,36.54324175904676,21.19445141134679,112.16467429140091,13.726157718532578,20.651233212382053,20.965845027578577,41339.41,93.49025,99.9061,99.92694
ESP,Spain,2014,Escherichia coli,Carbapenems,0.05157297,36.54324175904676,21.19445141134679,112.16467429140091,13.726157718532578,20.651233212382053,20.965845027578577,41339.41,93.49025,99.9061,99.92694
ESP,Spain,2014,Escherichia coli,Fluoroquinolones,34.0323135,36.54324175904676,21.19445141134679,112.16467429140091,13.726157718532578,20.651233212382053,20.965845027578577,41339.41,93.49025,99.9061,99.92694
ESP,Spain,2014,Escherichia coli,Third-generation cephalosporins,12.3346504,36.54324175904676,21.19445141134679,112.16467429140091,13.726157718532578,20.651233212382053,20.965845027578577,41339.41,93.49025,99.9061,99.92694
ESP,Spain,2014,Klebsiella pneumoniae,Carbapenems,2.2906793,36.54324175904676,21.19445141134679,112.16467429140091,13.726157718532578,20.651233212382053,20.965845027578577,41339.41,93.49025,99.9061,99.92694
ESP,Spain,2014,Klebsiella pneumoniae,Fluoroquinolones,18.6413902,36.54324175904676,21.19445141134679,112.16467429140091,13.726157718532578,20.651233212382053,20.965845027578577,41339.41,93.49025,99.9061,99.92694
ESP,Spain,2014,Klebsiella pneumoniae,Third-generation cephalosporins,18.02371541,36.54324175904676,21.19445141134679,112.16467429140091,13.726157718532578,20.651233212382053,20.965845027578577,41339.41,93.49025,99.9061,99.92694
ESP,Spain,2014,Pseudomonas aeruginosa,Carbapenems,18.46330275,36.54324175904676,21.19445141134679,112.16467429140091,13.726157718532578,20.651233212382053,20.965845027578577,41339.41,93.49025,99.9061,99.92694
ESP,Spain,2014,Staphylococcus aureus,Meticillin (MRSA),21.66666666,36.54324175904676,21.19445141134679,112.16467429140091,13.726157718532578,20.651233212382053,20.965845027578577,41339.41,93.49025,99.9061,99.92694
ESP,Spain,2015,Acinetobacter spp.,Carbapenems,53.68421052,38.311284861627946,22.858671838464367,109.77390916241671,20.373086705030996,32.94900375748575,20.938191305210964,43053.76,93.417206,99.91247,99.92672
ESP,Spain,2015,Enterococcus faecium,Aminopenicillins,86.57243816,38.311284861627946,22.858671838464367,109.77390916241671,20.373086705030996,32.94900375748575,20.938191305210964,43053.76,93.417206,99.91247,99.92672
ESP,Spain,2015,Escherichia coli,Carbapenems,0.01562744,38.311284861627946,22.858671838464367,109.77390916241671,20.373086705030996,32.94900375748575,20.938191305210964,43053.76,93.417206,99.91247,99.92672
ESP,Spain,2015,Escherichia coli,Fluoroquinolones,31.55459592,38.311284861627946,22.858671838464367,109.77390916241671,20.373086705030996,32.94900375748575,20.938191305210964,43053.76,93.417206,99.91247,99.92672
ESP,Spain,2015,Escherichia coli,Third-generation cephalosporins,11.62103298,38.311284861627946,22.858671838464367,109.77390916241671,20.373086705030996,32.94900375748575,20.938191305210964,43053.76,93.417206,99.91247,99.92672
ESP,Spain,2015,Klebsiella pneumoniae,Carbapenems,2.15778826,38.311284861627946,22.858671838464367,109.77390916241671,20.373086705030996,32.94900375748575,20.938191305210964,43053.76,93.417206,99.91247,99.92672
ESP,Spain,2015,Klebsiella pneumoniae,Fluoroquinolones,21.55172413,38.311284861627946,22.858671838464367,109.77390916241671,20.373086705030996,32.94900375748575,20.938191305210964,43053.76,93.417206,99.91247,99.92672
ESP,Spain,2015,Klebsiella pneumoniae,Third-generation cephalosporins,20.32193158,38.311284861627946,22.858671838464367,109.77390916241671,20.373086705030996,32.94900375748575,20.938191305210964,43053.76,93.417206,99.91247,99.92672
ESP,Spain,2015,Pseudomonas aeruginosa,Carbapenems,22.70642201,38.311284861627946,22.858671838464367,109.77390916241671,20.373086705030996,32.94900375748575,20.938191305210964,43053.76,93.417206,99.91247,99.92672
ESP,Spain,2015,Staphylococcus aureus,Meticillin (MRSA),25.2920264,38.311284861627946,22.858671838464367,109.77390916241671,20.373086705030996,32.94900375748575,20.938191305210964,43053.76,93.417206,99.91247,99.92672
ESP,Spain,2016,Acinetobacter spp.,Carbapenems,62.26415094,38.07659516255879,22.109717010212403,106.08145227726028,19.19606096381199,13.371217049940704,18.95871807924718,44274.668,93.51543,99.918884,99.926506
ESP,Spain,2016,Enterococcus faecium,Aminopenicillins,87.52,38.07659516255879,22.109717010212403,106.08145227726028,19.19606096381199,13.371217049940704,18.95871807924718,44274.668,93.51543,99.918884,99.926506
ESP,Spain,2016,Escherichia coli,Carbapenems,0.05887547,38.07659516255879,22.109717010212403,106.08145227726028,19.19606096381199,13.371217049940704,18.95871807924718,44274.668,93.51543,99.918884,99.926506
ESP,Spain,2016,Escherichia coli,Fluoroquinolones,32.82330439,38.07659516255879,22.109717010212403,106.08145227726028,19.19606096381199,13.371217049940704,18.95871807924718,44274.668,93.51543,99.918884,99.926506
ESP,Spain,2016,Escherichia coli,Third-generation cephalosporins,14.97058823,38.07659516255879,22.109717010212403,106.08145227726028,19.19606096381199,13.371217049940704,18.95871807924718,44274.668,93.51543,99.918884,99.926506
ESP,Spain,2016,Klebsiella pneumoniae,Carbapenems,2.08706022,38.07659516255879,22.109717010212403,106.08145227726028,19.19606096381199,13.371217049940704,18.95871807924718,44274.668,93.51543,99.918884,99.926506
ESP,Spain,2016,Klebsiella pneumoniae,Fluoroquinolones,22.73269689,38.07659516255879,22.109717010212403,106.08145227726028,19.19606096381199,13.371217049940704,18.95871807924718,44274.668,93.51543,99.918884,99.926506
ESP,Spain,2016,Klebsiella pneumoniae,Third-generation cephalosporins,22.36135957,38.07659516255879,22.109717010212403,106.08145227726028,19.19606096381199,13.371217049940704,18.95871807924718,44274.668,93.51543,99.918884,99.926506
ESP,Spain,2016,Pseudomonas aeruginosa,Carbapenems,21.3776722,38.07659516255879,22.109717010212403,106.08145227726028,19.19606096381199,13.371217049940704,18.95871807924718,44274.668,93.51543,99.918884,99.926506
ESP,Spain,2016,Staphylococcus aureus,Meticillin (MRSA),25.80976863,38.07659516255879,22.109717010212403,106.08145227726028,19.19606096381199,13.371217049940704,18.95871807924718,44274.668,93.51543,99.918884,99.926506
ESP,Spain,2017,Acinetobacter spp.,Carbapenems,66.30434782,38.532926849577166,22.62011016719002,125.441302829127,20.98370528951172,35.405245238052,20.773490705680185,45446.25,93.787224,99.91984,99.92628
ESP,Spain,2017,Enterococcus faecium,Aminopenicillins,83.21678321,38.532926849577166,22.62011016719002,125.441302829127,20.98370528951172,35.405245238052,20.773490705680185,45446.25,93.787224,99.91984,99.92628
ESP,Spain,2017,Escherichia coli,Carbapenems,0.01659475,38.532926849577166,22.62011016719002,125.441302829127,20.98370528951172,35.405245238052,20.773490705680185,45446.25,93.787224,99.91984,99.92628
ESP,Spain,2017,Escherichia coli,Fluoroquinolones,32.50302715,38.532926849577166,22.62011016719002,125.441302829127,20.98370528951172,35.405245238052,20.773490705680185,45446.25,93.787224,99.91984,99.92628
ESP,Spain,2017,Escherichia coli,Third-generation cephalosporins,12.80902604,38.532926849577166,22.62011016719002,125.441302829127,20.98370528951172,35.405245238052,20.773490705680185,45446.25,93.787224,99.91984,99.92628
ESP,Spain,2017,Klebsiella pneumoniae,Carbapenems,2.78145695,38.532926849577166,22.62011016719002,125.441302829127,20.98370528951172,35.405245238052,20.773490705680185,45446.25,93.787224,99.91984,99.92628
ESP,Spain,2017,Klebsiella pneumoniae,Fluoroquinolones,22.54374158,38.532926849577166,22.62011016719002,125.441302829127,20.98370528951172,35.405245238052,20.773490705680185,45446.25,93.787224,99.91984,99.92628
ESP,Spain,2017,Klebsiella pneumoniae,Third-generation cephalosporins,21.28222075,38.532926849577166,22.62011016719002,125.441302829127,20.98370528951172,35.405245238052,20.773490705680185,45446.25,93.787224,99.91984,99.92628
ESP,Spain,2017,Pseudomonas aeruginosa,Carbapenems,18.35075493,38.532926849577166,22.62011016719002,125.441302829127,20.98370528951172,35.405245238052,20.773490705680185,45446.25,93.787224,99.91984,99.92628
ESP,Spain,2017,Staphylococcus aureus,Meticillin (MRSA),25.21551724,38.532926849577166,22.62011016719002,125.441302829127,20.98370528951172,35.405245238052,20.773490705680185,45446.25,93.787224,99.91984,99.92628
ESP,Spain,2018,Acinetobacter spp.,Carbapenems,54.32098765,37.86735490899029,22.480790273235797,110.69572438667848,20.16123283972153,15.857380927025533,20.906901240036007,46325.21,94.23591,99.9196,99.92606
ESP,Spain,2018,Enterococcus faecium,Aminopenicillins,87.26541554,37.86735490899029,22.480790273235797,110.69572438667848,20.16123283972153,15.857380927025533,20.906901240036007,46325.21,94.23591,99.9196,99.92606
ESP,Spain,2018,Escherichia coli,Carbapenems,0.03785966,37.86735490899029,22.480790273235797,110.69572438667848,20.16123283972153,15.857380927025533,20.906901240036007,46325.21,94.23591,99.9196,99.92606
ESP,Spain,2018,Escherichia coli,Fluoroquinolones,32.11659663,37.86735490899029,22.480790273235797,110.69572438667848,20.16123283972153,15.857380927025533,20.906901240036007,46325.21,94.23591,99.9196,99.92606
ESP,Spain,2018,Escherichia coli,Third-generation cephalosporins,13.75741512,37.86735490899029,22.480790273235797,110.69572438667848,20.16123283972153,15.857380927025533,20.906901240036007,46325.21,94.23591,99.9196,99.92606
ESP,Spain,2018,Klebsiella pneumoniae,Carbapenems,3.8095238,37.86735490899029,22.480790273235797,110.69572438667848,20.16123283972153,15.857380927025533,20.906901240036007,46325.21,94.23591,99.9196,99.92606
ESP,Spain,2018,Klebsiella pneumoniae,Fluoroquinolones,23.76751427,37.86735490899029,22.480790273235797,110.69572438667848,20.16123283972153,15.857380927025533,20.906901240036007,46325.21,94.23591,99.9196,99.92606
ESP,Spain,2018,Klebsiella pneumoniae,Third-generation cephalosporins,25.47642928,37.86735490899029,22.480790273235797,110.69572438667848,20.16123283972153,15.857380927025533,20.906901240036007,46325.21,94.23591,99.9196,99.92606
ESP,Spain,2018,Pseudomonas aeruginosa,Carbapenems,18.57142857,37.86735490899029,22.480790273235797,110.69572438667848,20.16123283972153,15.857380927025533,20.906901240036007,46325.21,94.23591,99.9196,99.92606
ESP,Spain,2018,Staphylococcus aureus,Meticillin (MRSA),24.67266775,37.86735490899029,22.480790273235797,110.69572438667848,20.16123283972153,15.857380927025533,20.906901240036007,46325.21,94.23591,99.9196,99.92606
EST,Estonia,2000,Escherichia coli,Fluoroquinolones,,27.77033378441708,17.006473240478787,6.10068622808277,0.0156361882796436,25.86459616864388,20.85111649488101,20528.57,32.678387,99.75769,97.46676
EST,Estonia,2000,Escherichia coli,Third-generation cephalosporins,,27.77033378441708,17.006473240478787,6.10068622808277,0.0156361882796436,25.86459616864388,20.85111649488101,20528.57,32.678387,99.75769,97.46676
EST,Estonia,2001,Enterococcus faecium,Aminopenicillins,,29.89479347466584,18.995393562486417,15.742709436138265,0.4814749246911234,11.702800284538633,16.705616629454127,21874.695,32.471905,99.75543,97.60825
EST,Estonia,2001,Escherichia coli,Carbapenems,0.0,29.89479347466584,18.995393562486417,15.742709436138265,0.4814749246911234,11.702800284538633,16.705616629454127,21874.695,32.471905,99.75543,97.60825
EST,Estonia,2001,Escherichia coli,Fluoroquinolones,0.0,29.89479347466584,18.995393562486417,15.742709436138265,0.4814749246911234,11.702800284538633,16.705616629454127,21874.695,32.471905,99.75543,97.60825
EST,Estonia,2001,Escherichia coli,Third-generation cephalosporins,5.88235294,29.89479347466584,18.995393562486417,15.742709436138265,0.4814749246911234,11.702800284538633,16.705616629454127,21874.695,32.471905,99.75543,97.60825
EST,Estonia,2001,Staphylococcus aureus,Meticillin (MRSA),5.06329113,29.89479347466584,18.995393562486417,15.742709436138265,0.4814749246911234,11.702800284538633,16.705616629454127,21874.695,32.471905,99.75543,97.60825
EST,Estonia,2002,Enterococcus faecium,Aminopenicillins,,29.176627420956088,19.119156548544154,26.195563132878448,0.7065869348201961,33.755737195535126,19.400271624832943,23539.906,32.267555,99.751656,97.7507
EST,Estonia,2002,Escherichia coli,Carbapenems,0.0,29.176627420956088,19.119156548544154,26.195563132878448,0.7065869348201961,33.755737195535126,19.400271624832943,23539.906,32.267555,99.751656,97.7507
EST,Estonia,2002,Escherichia coli,Fluoroquinolones,4.91803278,29.176627420956088,19.119156548544154,26.195563132878448,0.7065869348201961,33.755737195535126,19.400271624832943,23539.906,32.267555,99.751656,97.7507
EST,Estonia,2002,Escherichia coli,Third-generation cephalosporins,1.53846153,29.176627420956088,19.119156548544154,26.195563132878448,0.7065869348201961,33.755737195535126,19.400271624832943,23539.906,32.267555,99.751656,97.7507
EST,Estonia,2002,Staphylococcus aureus,Meticillin (MRSA),1.21951219,29.176627420956088,19.119156548544154,26.195563132878448,0.7065869348201961,33.755737195535126,19.400271624832943,23539.906,32.267555,99.751656,97.7507
EST,Estonia,2003,Enterococcus faecium,Aminopenicillins,,30.223050385251558,19.78145927507288,18.9793150656975,2.087909356159877,14.031515524079069,15.29829109914998,25487.533,32.066643,99.70674,97.89404
EST,Estonia,2003,Escherichia coli,Carbapenems,0.0,30.223050385251558,19.78145927507288,18.9793150656975,2.087909356159877,14.031515524079069,15.29829109914998,25487.533,32.066643,99.70674,97.89404
EST,Estonia,2003,Escherichia coli,Fluoroquinolones,4.59770114,30.223050385251558,19.78145927507288,18.9793150656975,2.087909356159877,14.031515524079069,15.29829109914998,25487.533,32.066643,99.70674,97.89404
EST,Estonia,2003,Escherichia coli,Third-generation cephalosporins,1.03092783,30.223050385251558,19.78145927507288,18.9793150656975,2.087909356159877,14.031515524079069,15.29829109914998,25487.533,32.066643,99.70674,97.89404
EST,Estonia,2003,Staphylococcus aureus,Meticillin (MRSA),4.08163265,30.223050385251558,19.78145927507288,18.9793150656975,2.087909356159877,14.031515524079069,15.29829109914998,25487.533,32.066643,99.70674,97.89404
EST,Estonia,2004,Enterococcus faecium,Aminopenicillins,,27.791495670695102,18.247316972339988,9.359872511868748,0.0726407516318593,7.723132275172882,14.06070930815743,27384.084,31.875603,99.64523,98.038345
EST,Estonia,2004,Escherichia coli,Carbapenems,0.0,27.791495670695102,18.247316972339988,9.359872511868748,0.0726407516318593,7.723132275172882,14.06070930815743,27384.084,31.875603,99.64523,98.038345
EST,Estonia,2004,Escherichia coli,Fluoroquinolones,6.41025641,27.791495670695102,18.247316972339988,9.359872511868748,0.0726407516318593,7.723132275172882,14.06070930815743,27384.084,31.875603,99.64523,98.038345
EST,Estonia,2004,Escherichia coli,Third-generation cephalosporins,3.61445783,27.791495670695102,18.247316972339988,9.359872511868748,0.0726407516318593,7.723132275172882,14.06070930815743,27384.084,31.875603,99.64523,98.038345
EST,Estonia,2004,Staphylococcus aureus,Meticillin (MRSA),4.8076923,27.791495670695102,18.247316972339988,9.359872511868748,0.0726407516318593,7.723132275172882,14.06070930815743,27384.084,31.875603,99.64523,98.038345
EST,Estonia,2005,Enterococcus faecium,Aminopenicillins,82.60869565,29.23606900446462,17.824988926116625,12.824748621180664,0.0874125458672807,24.742585562255098,16.478988077988515,30164.006,31.692327,99.58384,98.18361
EST,Estonia,2005,Escherichia coli,Carbapenems,0.0,29.23606900446462,17.824988926116625,12.824748621180664,0.0874125458672807,24.742585562255098,16.478988077988515,30164.006,31.692327,99.58384,98.18361
EST,Estonia,2005,Escherichia coli,Fluoroquinolones,5.29801324,29.23606900446462,17.824988926116625,12.824748621180664,0.0874125458672807,24.742585562255098,16.478988077988515,30164.006,31.692327,99.58384,98.18361
EST,Estonia,2005,Escherichia coli,Third-generation cephalosporins,1.29032258,29.23606900446462,17.824988926116625,12.824748621180664,0.0874125458672807,24.742585562255098,16.478988077988515,30164.006,31.692327,99.58384,98.18361
EST,Estonia,2005,Klebsiella pneumoniae,Carbapenems,0.0,29.23606900446462,17.824988926116625,12.824748621180664,0.0874125458672807,24.742585562255098,16.478988077988515,30164.006,31.692327,99.58384,98.18361
EST,Estonia,2005,Klebsiella pneumoniae,Fluoroquinolones,0.0,29.23606900446462,17.824988926116625,12.824748621180664,0.0874125458672807,24.742585562255098,16.478988077988515,30164.006,31.692327,99.58384,98.18361
EST,Estonia,2005,Klebsiella pneumoniae,Third-generation cephalosporins,8.1081081,29.23606900446462,17.824988926116625,12.824748621180664,0.0874125458672807,24.742585562255098,16.478988077988515,30164.006,31.692327,99.58384,98.18361
EST,Estonia,2005,Pseudomonas aeruginosa,Carbapenems,37.83783783,29.23606900446462,17.824988926116625,12.824748621180664,0.0874125458672807,24.742585562255098,16.478988077988515,30164.006,31.692327,99.58384,98.18361
EST,Estonia,2005,Staphylococcus aureus,Meticillin (MRSA),2.12765957,29.23606900446462,17.824988926116625,12.824748621180664,0.0874125458672807,24.742585562255098,16.478988077988515,30164.006,31.692327,99.58384,98.18361
EST,Estonia,2006,Enterococcus faecium,Aminopenicillins,83.87096774,30.612772064556424,18.86621472702001,22.345528996516272,0.3722763139097096,43.050811529620745,21.718250203795645,33304.594,31.506083,99.52256,98.32978
EST,Estonia,2006,Escherichia coli,Carbapenems,0.0,30.612772064556424,18.86621472702001,22.345528996516272,0.3722763139097096,43.050811529620745,21.718250203795645,33304.594,31.506083,99.52256,98.32978
EST,Estonia,2006,Escherichia coli,Fluoroquinolones,6.56565656,30.612772064556424,18.86621472702001,22.345528996516272,0.3722763139097096,43.050811529620745,21.718250203795645,33304.594,31.506083,99.52256,98.32978
EST,Estonia,2006,Escherichia coli,Third-generation cephalosporins,0.46948356,30.612772064556424,18.86621472702001,22.345528996516272,0.3722763139097096,43.050811529620745,21.718250203795645,33304.594,31.506083,99.52256,98.32978
EST,Estonia,2006,Klebsiella pneumoniae,Carbapenems,0.0,30.612772064556424,18.86621472702001,22.345528996516272,0.3722763139097096,43.050811529620745,21.718250203795645,33304.594,31.506083,99.52256,98.32978
EST,Estonia,2006,Klebsiella pneumoniae,Fluoroquinolones,4.87804878,30.612772064556424,18.86621472702001,22.345528996516272,0.3722763139097096,43.050811529620745,21.718250203795645,33304.594,31.506083,99.52256,98.32978
EST,Estonia,2006,Klebsiella pneumoniae,Third-generation cephalosporins,8.51063829,30.612772064556424,18.86621472702001,22.345528996516272,0.3722763139097096,43.050811529620745,21.718250203795645,33304.594,31.506083,99.52256,98.32978
EST,Estonia,2006,Pseudomonas aeruginosa,Carbapenems,28.57142857,30.612772064556424,18.86621472702001,22.345528996516272,0.3722763139097096,43.050811529620745,21.718250203795645,33304.594,31.506083,99.52256,98.32978
EST,Estonia,2006,Staphylococcus aureus,Meticillin (MRSA),3.24675324,30.612772064556424,18.86621472702001,22.345528996516272,0.3722763139097096,43.050811529620745,21.718250203795645,33304.594,31.506083,99.52256,98.32978
EST,Estonia,2007,Enterococcus faecium,Aminopenicillins,93.54838709,29.017485795041956,18.455023050236257,15.803806653872035,0.1420209494962781,31.38636425061093,20.35359278679661,35989.863,31.361614,99.461395,98.47691
EST,Estonia,2007,Escherichia coli,Carbapenems,0.0,29.017485795041956,18.455023050236257,15.803806653872035,0.1420209494962781,31.38636425061093,20.35359278679661,35989.863,31.361614,99.461395,98.47691
EST,Estonia,2007,Escherichia coli,Fluoroquinolones,6.73076923,29.017485795041956,18.455023050236257,15.803806653872035,0.1420209494962781,31.38636425061093,20.35359278679661,35989.863,31.361614,99.461395,98.47691
EST,Estonia,2007,Escherichia coli,Third-generation cephalosporins,1.38248847,29.017485795041956,18.455023050236257,15.803806653872035,0.1420209494962781,31.38636425061093,20.35359278679661,35989.863,31.361614,99.461395,98.47691
EST,Estonia,2007,Klebsiella pneumoniae,Carbapenems,0.0,29.017485795041956,18.455023050236257,15.803806653872035,0.1420209494962781,31.38636425061093,20.35359278679661,35989.863,31.361614,99.461395,98.47691
EST,Estonia,2007,Klebsiella pneumoniae,Fluoroquinolones,1.78571428,29.017485795041956,18.455023050236257,15.803806653872035,0.1420209494962781,31.38636425061093,20.35359278679661,35989.863,31.361614,99.461395,98.47691
EST,Estonia,2007,Klebsiella pneumoniae,Third-generation cephalosporins,3.17460317,29.017485795041956,18.455023050236257,15.803806653872035,0.1420209494962781,31.38636425061093,20.35359278679661,35989.863,31.361614,99.461395,98.47691
EST,Estonia,2007,Pseudomonas aeruginosa,Carbapenems,17.77777777,29.017485795041956,18.455023050236257,15.803806653872035,0.1420209494962781,31.38636425061093,20.35359278679661,35989.863,31.361614,99.461395,98.47691
EST,Estonia,2007,Staphylococcus aureus,Meticillin (MRSA),8.25242718,29.017485795041956,18.455023050236257,15.803806653872035,0.1420209494962781,31.38636425061093,20.35359278679661,35989.863,31.361614,99.461395,98.47691
EST,Estonia,2008,Enterococcus faecium,Aminopenicillins,84.61538461,27.73474893477282,17.067970004075203,8.032227233556018,0.0219749787026202,17.743657256030065,18.932128321598995,34236.95,31.276678,99.40035,98.625015
EST,Estonia,2008,Escherichia coli,Carbapenems,0.88495575,27.73474893477282,17.067970004075203,8.032227233556018,0.0219749787026202,17.743657256030065,18.932128321598995,34236.95,31.276678,99.40035,98.625015
EST,Estonia,2008,Escherichia coli,Fluoroquinolones,6.74603174,27.73474893477282,17.067970004075203,8.032227233556018,0.0219749787026202,17.743657256030065,18.932128321598995,34236.95,31.276678,99.40035,98.625015
EST,Estonia,2008,Escherichia coli,Third-generation cephalosporins,4.58015267,27.73474893477282,17.067970004075203,8.032227233556018,0.0219749787026202,17.743657256030065,18.932128321598995,34236.95,31.276678,99.40035,98.625015
EST,Estonia,2008,Klebsiella pneumoniae,Carbapenems,0.0,27.73474893477282,17.067970004075203,8.032227233556018,0.0219749787026202,17.743657256030065,18.932128321598995,34236.95,31.276678,99.40035,98.625015
EST,Estonia,2008,Klebsiella pneumoniae,Fluoroquinolones,6.55737704,27.73474893477282,17.067970004075203,8.032227233556018,0.0219749787026202,17.743657256030065,18.932128321598995,34236.95,31.276678,99.40035,98.625015
EST,Estonia,2008,Klebsiella pneumoniae,Third-generation cephalosporins,11.59420289,27.73474893477282,17.067970004075203,8.032227233556018,0.0219749787026202,17.743657256030065,18.932128321598995,34236.95,31.276678,99.40035,98.625015
EST,Estonia,2008,Pseudomonas aeruginosa,Carbapenems,30.0,27.73474893477282,17.067970004075203,8.032227233556018,0.0219749787026202,17.743657256030065,18.932128321598995,34236.95,31.276678,99.40035,98.625015
EST,Estonia,2008,Staphylococcus aureus,Meticillin (MRSA),4.32432432,27.73474893477282,17.067970004075203,8.032227233556018,0.0219749787026202,17.743657256030065,18.932128321598995,34236.95,31.276678,99.40035,98.625015
EST,Estonia,2009,Enterococcus faecium,Aminopenicillins,90.0,27.945104761040536,17.17882774083207,9.551831740609227,0.0051195329668829,11.87499423251789,14.598102698271717,29284.404,31.21703,99.339424,98.77408
EST,Estonia,2009,Escherichia coli,Carbapenems,0.0,27.945104761040536,17.17882774083207,9.551831740609227,0.0051195329668829,11.87499423251789,14.598102698271717,29284.404,31.21703,99.339424,98.77408
EST,Estonia,2009,Escherichia coli,Fluoroquinolones,8.27814569,27.945104761040536,17.17882774083207,9.551831740609227,0.0051195329668829,11.87499423251789,14.598102698271717,29284.404,31.21703,99.339424,98.77408
EST,Estonia,2009,Escherichia coli,Third-generation cephalosporins,2.19435736,27.945104761040536,17.17882774083207,9.551831740609227,0.0051195329668829,11.87499423251789,14.598102698271717,29284.404,31.21703,99.339424,98.77408
EST,Estonia,2009,Klebsiella pneumoniae,Carbapenems,0.0,27.945104761040536,17.17882774083207,9.551831740609227,0.0051195329668829,11.87499423251789,14.598102698271717,29284.404,31.21703,99.339424,98.77408
EST,Estonia,2009,Klebsiella pneumoniae,Fluoroquinolones,18.96551724,27.945104761040536,17.17882774083207,9.551831740609227,0.0051195329668829,11.87499423251789,14.598102698271717,29284.404,31.21703,99.339424,98.77408
EST,Estonia,2009,Klebsiella pneumoniae,Third-generation cephalosporins,17.24137931,27.945104761040536,17.17882774083207,9.551831740609227,0.0051195329668829,11.87499423251789,14.598102698271717,29284.404,31.21703,99.339424,98.77408
EST,Estonia,2009,Pseudomonas aeruginosa,Carbapenems,17.24137931,27.945104761040536,17.17882774083207,9.551831740609227,0.0051195329668829,11.87499423251789,14.598102698271717,29284.404,31.21703,99.339424,98.77408
EST,Estonia,2009,Staphylococcus aureus,Meticillin (MRSA),3.28638497,27.945104761040536,17.17882774083207,9.551831740609227,0.0051195329668829,11.87499423251789,14.598102698271717,29284.404,31.21703,99.339424,98.77408
EST,Estonia,2010,Enterococcus faecium,Aminopenicillins,90.0,32.134053881404135,20.834941187339982,29.87155634688525,4.624431906962231,16.292540040126866,15.298452111474727,30070.299,31.14503,99.27861,98.92409
EST,Estonia,2010,Escherichia coli,Carbapenems,0.0,32.134053881404135,20.834941187339982,29.87155634688525,4.624431906962231,16.292540040126866,15.298452111474727,30070.299,31.14503,99.27861,98.92409
EST,Estonia,2010,Escherichia coli,Fluoroquinolones,8.36501901,32.134053881404135,20.834941187339982,29.87155634688525,4.624431906962231,16.292540040126866,15.298452111474727,30070.299,31.14503,99.27861,98.92409
EST,Estonia,2010,Escherichia coli,Third-generation cephalosporins,5.50161812,32.134053881404135,20.834941187339982,29.87155634688525,4.624431906962231,16.292540040126866,15.298452111474727,30070.299,31.14503,99.27861,98.92409
EST,Estonia,2010,Klebsiella pneumoniae,Carbapenems,0.0,32.134053881404135,20.834941187339982,29.87155634688525,4.624431906962231,16.292540040126866,15.298452111474727,30070.299,31.14503,99.27861,98.92409
EST,Estonia,2010,Klebsiella pneumoniae,Fluoroquinolones,25.0,32.134053881404135,20.834941187339982,29.87155634688525,4.624431906962231,16.292540040126866,15.298452111474727,30070.299,31.14503,99.27861,98.92409
EST,Estonia,2010,Klebsiella pneumoniae,Third-generation cephalosporins,17.28395061,32.134053881404135,20.834941187339982,29.87155634688525,4.624431906962231,16.292540040126866,15.298452111474727,30070.299,31.14503,99.27861,98.92409
EST,Estonia,2010,Pseudomonas aeruginosa,Carbapenems,21.42857142,32.134053881404135,20.834941187339982,29.87155634688525,4.624431906962231,16.292540040126866,15.298452111474727,30070.299,31.14503,99.27861,98.92409
EST,Estonia,2010,Staphylococcus aureus,Meticillin (MRSA),0.68965517,32.134053881404135,20.834941187339982,29.87155634688525,4.624431906962231,16.292540040126866,15.298452111474727,30070.299,31.14503,99.27861,98.92409
EST,Estonia,2011,Escherichia coli,Carbapenems,0.0,29.898981102728825,19.516398749804186,21.29049722862909,1.2795630060433705,17.27029155330905,19.954562231901807,32456.121,31.049498,99.21791,99.07506
EST,Estonia,2011,Escherichia coli,Fluoroquinolones,9.93589743,29.898981102728825,19.516398749804186,21.29049722862909,1.2795630060433705,17.27029155330905,19.954562231901807,32456.121,31.049498,99.21791,99.07506
EST,Estonia,2011,Escherichia coli,Third-generation cephalosporins,12.22222222,29.898981102728825,19.516398749804186,21.29049722862909,1.2795630060433705,17.27029155330905,19.954562231901807,32456.121,31.049498,99.21791,99.07506
EST,Estonia,2011,Klebsiella pneumoniae,Carbapenems,0.0,29.898981102728825,19.516398749804186,21.29049722862909,1.2795630060433705,17.27029155330905,19.954562231901807,32456.121,31.049498,99.21791,99.07506
EST,Estonia,2011,Klebsiella pneumoniae,Fluoroquinolones,21.97802197,29.898981102728825,19.516398749804186,21.29049722862909,1.2795630060433705,17.27029155330905,19.954562231901807,32456.121,31.049498,99.21791,99.07506
EST,Estonia,2011,Klebsiella pneumoniae,Third-generation cephalosporins,39.53488372,29.898981102728825,19.516398749804186,21.29049722862909,1.2795630060433705,17.27029155330905,19.954562231901807,32456.121,31.049498,99.21791,99.07506
EST,Estonia,2011,Pseudomonas aeruginosa,Carbapenems,,29.898981102728825,19.516398749804186,21.29049722862909,1.2795630060433705,17.27029155330905,19.954562231901807,32456.121,31.049498,99.21791,99.07506
EST,Estonia,2011,Staphylococcus aureus,Meticillin (MRSA),1.72413793,29.898981102728825,19.516398749804186,21.29049722862909,1.2795630060433705,17.27029155330905,19.954562231901807,32456.121,31.049498,99.21791,99.07506
EST,Estonia,2012,Enterococcus faecium,Aminopenicillins,86.84210526,28.438000964459697,18.653171416750748,7.301886158437941,0.3422050817695317,5.918090752632724,14.947087599018577,33768.574,30.938362,99.15749,99.22915
EST,Estonia,2012,Escherichia coli,Carbapenems,0.0,28.438000964459697,18.653171416750748,7.301886158437941,0.3422050817695317,5.918090752632724,14.947087599018577,33768.574,30.938362,99.15749,99.22915
EST,Estonia,2012,Escherichia coli,Fluoroquinolones,14.14473684,28.438000964459697,18.653171416750748,7.301886158437941,0.3422050817695317,5.918090752632724,14.947087599018577,33768.574,30.938362,99.15749,99.22915
EST,Estonia,2012,Escherichia coli,Third-generation cephalosporins,7.86885245,28.438000964459697,18.653171416750748,7.301886158437941,0.3422050817695317,5.918090752632724,14.947087599018577,33768.574,30.938362,99.15749,99.22915
EST,Estonia,2012,Klebsiella pneumoniae,Carbapenems,1.26582278,28.438000964459697,18.653171416750748,7.301886158437941,0.3422050817695317,5.918090752632724,14.947087599018577,33768.574,30.938362,99.15749,99.22915
EST,Estonia,2012,Klebsiella pneumoniae,Fluoroquinolones,17.24137931,28.438000964459697,18.653171416750748,7.301886158437941,0.3422050817695317,5.918090752632724,14.947087599018577,33768.574,30.938362,99.15749,99.22915
EST,Estonia,2012,Klebsiella pneumoniae,Third-generation cephalosporins,17.77777777,28.438000964459697,18.653171416750748,7.301886158437941,0.3422050817695317,5.918090752632724,14.947087599018577,33768.574,30.938362,99.15749,99.22915
EST,Estonia,2012,Pseudomonas aeruginosa,Carbapenems,12.5,28.438000964459697,18.653171416750748,7.301886158437941,0.3422050817695317,5.918090752632724,14.947087599018577,33768.574,30.938362,99.15749,99.22915
EST,Estonia,2012,Staphylococcus aureus,Meticillin (MRSA),7.69230769,28.438000964459697,18.653171416750748,7.301886158437941,0.3422050817695317,5.918090752632724,14.947087599018577,33768.574,30.938362,99.15749,99.22915
EST,Estonia,2013,Enterococcus faecium,Aminopenicillins,74.35897435,29.30830741276556,18.527526276232173,17.167219692643606,0.1662687182150035,16.30529494135204,18.633540171898066,34484.223,30.828539,99.09716,99.38479
EST,Estonia,2013,Escherichia coli,Carbapenems,0.0,29.30830741276556,18.527526276232173,17.167219692643606,0.1662687182150035,16.30529494135204,18.633540171898066,34484.223,30.828539,99.09716,99.38479
EST,Estonia,2013,Escherichia coli,Fluoroquinolones,11.83431952,29.30830741276556,18.527526276232173,17.167219692643606,0.1662687182150035,16.30529494135204,18.633540171898066,34484.223,30.828539,99.09716,99.38479
EST,Estonia,2013,Escherichia coli,Third-generation cephalosporins,7.35294117,29.30830741276556,18.527526276232173,17.167219692643606,0.1662687182150035,16.30529494135204,18.633540171898066,34484.223,30.828539,99.09716,99.38479
EST,Estonia,2013,Klebsiella pneumoniae,Carbapenems,2.7027027,29.30830741276556,18.527526276232173,17.167219692643606,0.1662687182150035,16.30529494135204,18.633540171898066,34484.223,30.828539,99.09716,99.38479
EST,Estonia,2013,Klebsiella pneumoniae,Fluoroquinolones,26.66666666,29.30830741276556,18.527526276232173,17.167219692643606,0.1662687182150035,16.30529494135204,18.633540171898066,34484.223,30.828539,99.09716,99.38479
EST,Estonia,2013,Klebsiella pneumoniae,Third-generation cephalosporins,23.33333333,29.30830741276556,18.527526276232173,17.167219692643606,0.1662687182150035,16.30529494135204,18.633540171898066,34484.223,30.828539,99.09716,99.38479
EST,Estonia,2013,Pseudomonas aeruginosa,Carbapenems,10.0,29.30830741276556,18.527526276232173,17.167219692643606,0.1662687182150035,16.30529494135204,18.633540171898066,34484.223,30.828539,99.09716,99.38479
EST,Estonia,2013,Staphylococcus aureus,Meticillin (MRSA),3.52941176,29.30830741276556,18.527526276232173,17.167219692643606,0.1662687182150035,16.30529494135204,18.633540171898066,34484.223,30.828539,99.09716,99.38479
EST,Estonia,2014,Enterococcus faecium,Aminopenicillins,73.46938775,30.98333814060972,19.709392381171448,29.72308244983248,2.55518441861598,36.52465998059264,25.00695171945259,35723.625,30.747532,99.036705,99.539314
EST,Estonia,2014,Escherichia coli,Carbapenems,0.0,30.98333814060972,19.709392381171448,29.72308244983248,2.55518441861598,36.52465998059264,25.00695171945259,35723.625,30.747532,99.036705,99.539314
EST,Estonia,2014,Escherichia coli,Fluoroquinolones,12.28501228,30.98333814060972,19.709392381171448,29.72308244983248,2.55518441861598,36.52465998059264,25.00695171945259,35723.625,30.747532,99.036705,99.539314
EST,Estonia,2014,Escherichia coli,Third-generation cephalosporins,9.26829268,30.98333814060972,19.709392381171448,29.72308244983248,2.55518441861598,36.52465998059264,25.00695171945259,35723.625,30.747532,99.036705,99.539314
EST,Estonia,2014,Klebsiella pneumoniae,Carbapenems,0.0,30.98333814060972,19.709392381171448,29.72308244983248,2.55518441861598,36.52465998059264,25.00695171945259,35723.625,30.747532,99.036705,99.539314
EST,Estonia,2014,Klebsiella pneumoniae,Fluoroquinolones,21.80451127,30.98333814060972,19.709392381171448,29.72308244983248,2.55518441861598,36.52465998059264,25.00695171945259,35723.625,30.747532,99.036705,99.539314
EST,Estonia,2014,Klebsiella pneumoniae,Third-generation cephalosporins,20.74074074,30.98333814060972,19.709392381171448,29.72308244983248,2.55518441861598,36.52465998059264,25.00695171945259,35723.625,30.747532,99.036705,99.539314
EST,Estonia,2014,Pseudomonas aeruginosa,Carbapenems,15.38461538,30.98333814060972,19.709392381171448,29.72308244983248,2.55518441861598,36.52465998059264,25.00695171945259,35723.625,30.747532,99.036705,99.539314
EST,Estonia,2014,Staphylococcus aureus,Meticillin (MRSA),3.13901345,30.98333814060972,19.709392381171448,29.72308244983248,2.55518441861598,36.52465998059264,25.00695171945259,35723.625,30.747532,99.036705,99.539314
EST,Estonia,2015,Acinetobacter spp.,Carbapenems,,28.269018213664488,17.23491539262205,8.031352652305038,0.028387790527603,34.32437890397608,21.350974316052543,36356.44,30.75041,99.03551,99.692726
EST,Estonia,2015,Enterococcus faecium,Aminopenicillins,,28.269018213664488,17.23491539262205,8.031352652305038,0.028387790527603,34.32437890397608,21.350974316052543,36356.44,30.75041,99.03551,99.692726
EST,Estonia,2015,Escherichia coli,Carbapenems,0.0,28.269018213664488,17.23491539262205,8.031352652305038,0.028387790527603,34.32437890397608,21.350974316052543,36356.44,30.75041,99.03551,99.692726
EST,Estonia,2015,Escherichia coli,Fluoroquinolones,15.234375,28.269018213664488,17.23491539262205,8.031352652305038,0.028387790527603,34.32437890397608,21.350974316052543,36356.44,30.75041,99.03551,99.692726
EST,Estonia,2015,Escherichia coli,Third-generation cephalosporins,11.38211382,28.269018213664488,17.23491539262205,8.031352652305038,0.028387790527603,34.32437890397608,21.350974316052543,36356.44,30.75041,99.03551,99.692726
EST,Estonia,2015,Klebsiella pneumoniae,Carbapenems,0.0,28.269018213664488,17.23491539262205,8.031352652305038,0.028387790527603,34.32437890397608,21.350974316052543,36356.44,30.75041,99.03551,99.692726
EST,Estonia,2015,Klebsiella pneumoniae,Fluoroquinolones,33.87096774,28.269018213664488,17.23491539262205,8.031352652305038,0.028387790527603,34.32437890397608,21.350974316052543,36356.44,30.75041,99.03551,99.692726
EST,Estonia,2015,Klebsiella pneumoniae,Third-generation cephalosporins,23.65591397,28.269018213664488,17.23491539262205,8.031352652305038,0.028387790527603,34.32437890397608,21.350974316052543,36356.44,30.75041,99.03551,99.692726
EST,Estonia,2015,Pseudomonas aeruginosa,Carbapenems,,28.269018213664488,17.23491539262205,8.031352652305038,0.028387790527603,34.32437890397608,21.350974316052543,36356.44,30.75041,99.03551,99.692726
EST,Estonia,2015,Staphylococcus aureus,Meticillin (MRSA),3.97350993,28.269018213664488,17.23491539262205,8.031352652305038,0.028387790527603,34.32437890397608,21.350974316052543,36356.44,30.75041,99.03551,99.692726
EST,Estonia,2016,Acinetobacter spp.,Carbapenems,,28.02821435666345,17.652968589807283,11.537232382085598,0.0695019620247171,17.63371104277669,19.64466199508374,37470.043,30.780117,99.03423,99.84503
EST,Estonia,2016,Enterococcus faecium,Aminopenicillins,95.3125,28.02821435666345,17.652968589807283,11.537232382085598,0.0695019620247171,17.63371104277669,19.64466199508374,37470.043,30.780117,99.03423,99.84503
EST,Estonia,2016,Escherichia coli,Carbapenems,0.0,28.02821435666345,17.652968589807283,11.537232382085598,0.0695019620247171,17.63371104277669,19.64466199508374,37470.043,30.780117,99.03423,99.84503
EST,Estonia,2016,Escherichia coli,Fluoroquinolones,13.87696709,28.02821435666345,17.652968589807283,11.537232382085598,0.0695019620247171,17.63371104277669,19.64466199508374,37470.043,30.780117,99.03423,99.84503
EST,Estonia,2016,Escherichia coli,Third-generation cephalosporins,8.98716119,28.02821435666345,17.652968589807283,11.537232382085598,0.0695019620247171,17.63371104277669,19.64466199508374,37470.043,30.780117,99.03423,99.84503
EST,Estonia,2016,Klebsiella pneumoniae,Carbapenems,0.0,28.02821435666345,17.652968589807283,11.537232382085598,0.0695019620247171,17.63371104277669,19.64466199508374,37470.043,30.780117,99.03423,99.84503
EST,Estonia,2016,Klebsiella pneumoniae,Fluoroquinolones,29.50819672,28.02821435666345,17.652968589807283,11.537232382085598,0.0695019620247171,17.63371104277669,19.64466199508374,37470.043,30.780117,99.03423,99.84503
EST,Estonia,2016,Klebsiella pneumoniae,Third-generation cephalosporins,32.78688524,28.02821435666345,17.652968589807283,11.537232382085598,0.0695019620247171,17.63371104277669,19.64466199508374,37470.043,30.780117,99.03423,99.84503
EST,Estonia,2016,Pseudomonas aeruginosa,Carbapenems,20.37037037,28.02821435666345,17.652968589807283,11.537232382085598,0.0695019620247171,17.63371104277669,19.64466199508374,37470.043,30.780117,99.03423,99.84503
EST,Estonia,2016,Staphylococcus aureus,Meticillin (MRSA),3.50318471,28.02821435666345,17.652968589807283,11.537232382085598,0.0695019620247171,17.63371104277669,19.64466199508374,37470.043,30.780117,99.03423,99.84503
EST,Estonia,2017,Acinetobacter spp.,Carbapenems,,26.1235260830444,16.589771585971192,3.834087252013401,0.0142956471074276,4.519414941016409,14.512695513327468,39533.465,30.817076,99.032845,99.925705
EST,Estonia,2017,Enterococcus faecium,Aminopenicillins,88.46153846,26.1235260830444,16.589771585971192,3.834087252013401,0.0142956471074276,4.519414941016409,14.512695513327468,39533.465,30.817076,99.032845,99.925705
EST,Estonia,2017,Escherichia coli,Carbapenems,0.0,26.1235260830444,16.589771585971192,3.834087252013401,0.0142956471074276,4.519414941016409,14.512695513327468,39533.465,30.817076,99.032845,99.925705
EST,Estonia,2017,Escherichia coli,Fluoroquinolones,17.41357234,26.1235260830444,16.589771585971192,3.834087252013401,0.0142956471074276,4.519414941016409,14.512695513327468,39533.465,30.817076,99.032845,99.925705
EST,Estonia,2017,Escherichia coli,Third-generation cephalosporins,8.75634517,26.1235260830444,16.589771585971192,3.834087252013401,0.0142956471074276,4.519414941016409,14.512695513327468,39533.465,30.817076,99.032845,99.925705
EST,Estonia,2017,Klebsiella pneumoniae,Carbapenems,0.0,26.1235260830444,16.589771585971192,3.834087252013401,0.0142956471074276,4.519414941016409,14.512695513327468,39533.465,30.817076,99.032845,99.925705
EST,Estonia,2017,Klebsiella pneumoniae,Fluoroquinolones,24.84472049,26.1235260830444,16.589771585971192,3.834087252013401,0.0142956471074276,4.519414941016409,14.512695513327468,39533.465,30.817076,99.032845,99.925705
EST,Estonia,2017,Klebsiella pneumoniae,Third-generation cephalosporins,21.11801242,26.1235260830444,16.589771585971192,3.834087252013401,0.0142956471074276,4.519414941016409,14.512695513327468,39533.465,30.817076,99.032845,99.925705
EST,Estonia,2017,Pseudomonas aeruginosa,Carbapenems,9.09090909,26.1235260830444,16.589771585971192,3.834087252013401,0.0142956471074276,4.519414941016409,14.512695513327468,39533.465,30.817076,99.032845,99.925705
EST,Estonia,2017,Staphylococcus aureus,Meticillin (MRSA),2.06896551,26.1235260830444,16.589771585971192,3.834087252013401,0.0142956471074276,4.519414941016409,14.512695513327468,39533.465,30.817076,99.032845,99.925705
EST,Estonia,2018,Acinetobacter spp.,Carbapenems,,31.43201363044517,21.22775472811378,35.36675235399759,4.676849042399734,33.41267124940784,21.80152650307965,40853.65,30.92332,99.03136,99.94854
EST,Estonia,2018,Enterococcus faecium,Aminopenicillins,87.5,31.43201363044517,21.22775472811378,35.36675235399759,4.676849042399734,33.41267124940784,21.80152650307965,40853.65,30.92332,99.03136,99.94854
EST,Estonia,2018,Escherichia coli,Carbapenems,0.0,31.43201363044517,21.22775472811378,35.36675235399759,4.676849042399734,33.41267124940784,21.80152650307965,40853.65,30.92332,99.03136,99.94854
EST,Estonia,2018,Escherichia coli,Fluoroquinolones,17.61158021,31.43201363044517,21.22775472811378,35.36675235399759,4.676849042399734,33.41267124940784,21.80152650307965,40853.65,30.92332,99.03136,99.94854
EST,Estonia,2018,Escherichia coli,Third-generation cephalosporins,9.76470588,31.43201363044517,21.22775472811378,35.36675235399759,4.676849042399734,33.41267124940784,21.80152650307965,40853.65,30.92332,99.03136,99.94854
EST,Estonia,2018,Klebsiella pneumoniae,Carbapenems,0.55865921,31.43201363044517,21.22775472811378,35.36675235399759,4.676849042399734,33.41267124940784,21.80152650307965,40853.65,30.92332,99.03136,99.94854
EST,Estonia,2018,Klebsiella pneumoniae,Fluoroquinolones,20.97560975,31.43201363044517,21.22775472811378,35.36675235399759,4.676849042399734,33.41267124940784,21.80152650307965,40853.65,30.92332,99.03136,99.94854
EST,Estonia,2018,Klebsiella pneumoniae,Third-generation cephalosporins,13.592233,31.43201363044517,21.22775472811378,35.36675235399759,4.676849042399734,33.41267124940784,21.80152650307965,40853.65,30.92332,99.03136,99.94854
EST,Estonia,2018,Pseudomonas aeruginosa,Carbapenems,16.66666666,31.43201363044517,21.22775472811378,35.36675235399759,4.676849042399734,33.41267124940784,21.80152650307965,40853.65,30.92332,99.03136,99.94854
EST,Estonia,2018,Staphylococcus aureus,Meticillin (MRSA),3.34261838,31.43201363044517,21.22775472811378,35.36675235399759,4.676849042399734,33.41267124940784,21.80152650307965,40853.65,30.92332,99.03136,99.94854
FIN,Finland,2000,Staphylococcus aureus,Meticillin (MRSA),1.36239782,27.784115579086823,17.227628097873794,4.112786424305461,0.0693865574219212,19.458062252380287,20.7402948060324,46968.84,17.029894,99.44819,100.0
FIN,Finland,2001,Enterococcus faecium,Aminopenicillins,65.9574468,28.01910490128436,17.91651846591963,7.677714081748492,0.0796898330211054,11.26183894811852,15.978599567409114,48099.3,17.068626,99.44818,100.0
FIN,Finland,2001,Escherichia coli,Carbapenems,0.0,28.01910490128436,17.91651846591963,7.677714081748492,0.0796898330211054,11.26183894811852,15.978599567409114,48099.3,17.068626,99.44818,100.0
FIN,Finland,2001,Escherichia coli,Fluoroquinolones,5.40315876,28.01910490128436,17.91651846591963,7.677714081748492,0.0796898330211054,11.26183894811852,15.978599567409114,48099.3,17.068626,99.44818,100.0
FIN,Finland,2001,Escherichia coli,Third-generation cephalosporins,0.16570008,28.01910490128436,17.91651846591963,7.677714081748492,0.0796898330211054,11.26183894811852,15.978599567409114,48099.3,17.068626,99.44818,100.0
FIN,Finland,2001,Staphylococcus aureus,Meticillin (MRSA),0.8250825,28.01910490128436,17.91651846591963,7.677714081748492,0.0796898330211054,11.26183894811852,15.978599567409114,48099.3,17.068626,99.44818,100.0
FIN,Finland,2002,Enterococcus faecium,Aminopenicillins,80.23255813,27.76835565599877,17.63853712423867,14.308293241328183,0.1961386817454151,27.978253298160222,18.631357930776893,48792.49,17.11001,99.448166,100.0
FIN,Finland,2002,Escherichia coli,Carbapenems,0.0,27.76835565599877,17.63853712423867,14.308293241328183,0.1961386817454151,27.978253298160222,18.631357930776893,48792.49,17.11001,99.448166,100.0
FIN,Finland,2002,Escherichia coli,Fluoroquinolones,6.34184068,27.76835565599877,17.63853712423867,14.308293241328183,0.1961386817454151,27.978253298160222,18.631357930776893,48792.49,17.11001,99.448166,100.0
FIN,Finland,2002,Escherichia coli,Third-generation cephalosporins,0.62992125,27.76835565599877,17.63853712423867,14.308293241328183,0.1961386817454151,27.978253298160222,18.631357930776893,48792.49,17.11001,99.448166,100.0
FIN,Finland,2002,Staphylococcus aureus,Meticillin (MRSA),0.83217753,27.76835565599877,17.63853712423867,14.308293241328183,0.1961386817454151,27.978253298160222,18.631357930776893,48792.49,17.11001,99.448166,100.0
FIN,Finland,2003,Enterococcus faecium,Aminopenicillins,78.57142857,29.733985866708768,18.93123058576429,15.292520530282706,0.9458367739018494,15.570990093901967,15.909570340548376,49655.547,17.150839,99.44816,100.0
FIN,Finland,2003,Escherichia coli,Carbapenems,0.0,29.733985866708768,18.93123058576429,15.292520530282706,0.9458367739018494,15.570990093901967,15.909570340548376,49655.547,17.150839,99.44816,100.0
FIN,Finland,2003,Escherichia coli,Fluoroquinolones,5.10204081,29.733985866708768,18.93123058576429,15.292520530282706,0.9458367739018494,15.570990093901967,15.909570340548376,49655.547,17.150839,99.44816,100.0
FIN,Finland,2003,Escherichia coli,Third-generation cephalosporins,1.03016924,29.733985866708768,18.93123058576429,15.292520530282706,0.9458367739018494,15.570990093901967,15.909570340548376,49655.547,17.150839,99.44816,100.0
FIN,Finland,2003,Staphylococcus aureus,Meticillin (MRSA),1.37551581,29.733985866708768,18.93123058576429,15.292520530282706,0.9458367739018494,15.570990093901967,15.909570340548376,49655.547,17.150839,99.44816,100.0
FIN,Finland,2004,Enterococcus faecium,Aminopenicillins,69.23076923,26.76394981159572,17.447858185692375,4.975699307401731,0.0205191827701252,10.218671507802211,14.454682310016462,51494.707,17.200811,99.44814,99.99999
FIN,Finland,2004,Escherichia coli,Carbapenems,0.06583278,26.76394981159572,17.447858185692375,4.975699307401731,0.0205191827701252,10.218671507802211,14.454682310016462,51494.707,17.200811,99.44814,99.99999
FIN,Finland,2004,Escherichia coli,Fluoroquinolones,7.25952813,26.76394981159572,17.447858185692375,4.975699307401731,0.0205191827701252,10.218671507802211,14.454682310016462,51494.707,17.200811,99.44814,99.99999
FIN,Finland,2004,Escherichia coli,Third-generation cephalosporins,1.52314001,26.76394981159572,17.447858185692375,4.975699307401731,0.0205191827701252,10.218671507802211,14.454682310016462,51494.707,17.200811,99.44814,99.99999
FIN,Finland,2004,Staphylococcus aureus,Meticillin (MRSA),3.06122448,26.76394981159572,17.447858185692375,4.975699307401731,0.0205191827701252,10.218671507802211,14.454682310016462,51494.707,17.200811,99.44814,99.99999
FIN,Finland,2005,Enterococcus faecium,Aminopenicillins,77.77777777,28.40558567614715,17.096682781579677,9.604314651889991,0.0258328023868705,24.742465676410315,17.43108972535998,52744.047,17.259806,99.448135,100.0
FIN,Finland,2005,Escherichia coli,Carbapenems,0.0,28.40558567614715,17.096682781579677,9.604314651889991,0.0258328023868705,24.742465676410315,17.43108972535998,52744.047,17.259806,99.448135,100.0
FIN,Finland,2005,Escherichia coli,Fluoroquinolones,7.4010327,28.40558567614715,17.096682781579677,9.604314651889991,0.0258328023868705,24.742465676410315,17.43108972535998,52744.047,17.259806,99.448135,100.0
FIN,Finland,2005,Escherichia coli,Third-generation cephalosporins,1.77267987,28.40558567614715,17.096682781579677,9.604314651889991,0.0258328023868705,24.742465676410315,17.43108972535998,52744.047,17.259806,99.448135,100.0
FIN,Finland,2005,Klebsiella pneumoniae,Carbapenems,0.0,28.40558567614715,17.096682781579677,9.604314651889991,0.0258328023868705,24.742465676410315,17.43108972535998,52744.047,17.259806,99.448135,100.0
FIN,Finland,2005,Klebsiella pneumoniae,Fluoroquinolones,3.22580645,28.40558567614715,17.096682781579677,9.604314651889991,0.0258328023868705,24.742465676410315,17.43108972535998,52744.047,17.259806,99.448135,100.0
FIN,Finland,2005,Klebsiella pneumoniae,Third-generation cephalosporins,2.28571428,28.40558567614715,17.096682781579677,9.604314651889991,0.0258328023868705,24.742465676410315,17.43108972535998,52744.047,17.259806,99.448135,100.0
FIN,Finland,2005,Pseudomonas aeruginosa,Carbapenems,15.30612244,28.40558567614715,17.096682781579677,9.604314651889991,0.0258328023868705,24.742465676410315,17.43108972535998,52744.047,17.259806,99.448135,100.0
FIN,Finland,2005,Staphylococcus aureus,Meticillin (MRSA),2.9113924,28.40558567614715,17.096682781579677,9.604314651889991,0.0258328023868705,24.742465676410315,17.43108972535998,52744.047,17.259806,99.448135,100.0
FIN,Finland,2006,Enterococcus faecium,Aminopenicillins,80.16528925,28.944248966862368,17.417106185261098,14.290779768615716,0.1035850949754513,40.33771654203887,21.36108601728345,54653.98,17.326164,99.448135,100.0
FIN,Finland,2006,Escherichia coli,Carbapenems,0.0,28.944248966862368,17.417106185261098,14.290779768615716,0.1035850949754513,40.33771654203887,21.36108601728345,54653.98,17.326164,99.448135,100.0
FIN,Finland,2006,Escherichia coli,Fluoroquinolones,8.21333333,28.944248966862368,17.417106185261098,14.290779768615716,0.1035850949754513,40.33771654203887,21.36108601728345,54653.98,17.326164,99.448135,100.0
FIN,Finland,2006,Escherichia coli,Third-generation cephalosporins,1.81526962,28.944248966862368,17.417106185261098,14.290779768615716,0.1035850949754513,40.33771654203887,21.36108601728345,54653.98,17.326164,99.448135,100.0
FIN,Finland,2006,Klebsiella pneumoniae,Carbapenems,0.0,28.944248966862368,17.417106185261098,14.290779768615716,0.1035850949754513,40.33771654203887,21.36108601728345,54653.98,17.326164,99.448135,100.0
FIN,Finland,2006,Klebsiella pneumoniae,Fluoroquinolones,3.94736842,28.944248966862368,17.417106185261098,14.290779768615716,0.1035850949754513,40.33771654203887,21.36108601728345,54653.98,17.326164,99.448135,100.0
FIN,Finland,2006,Klebsiella pneumoniae,Third-generation cephalosporins,0.87719298,28.944248966862368,17.417106185261098,14.290779768615716,0.1035850949754513,40.33771654203887,21.36108601728345,54653.98,17.326164,99.448135,100.0
FIN,Finland,2006,Pseudomonas aeruginosa,Carbapenems,7.5949367,28.944248966862368,17.417106185261098,14.290779768615716,0.1035850949754513,40.33771654203887,21.36108601728345,54653.98,17.326164,99.448135,100.0
FIN,Finland,2006,Staphylococcus aureus,Meticillin (MRSA),3.25112107,28.944248966862368,17.417106185261098,14.290779768615716,0.1035850949754513,40.33771654203887,21.36108601728345,54653.98,17.326164,99.448135,100.0
FIN,Finland,2007,Enterococcus faecium,Aminopenicillins,87.27272727,27.8146257764409,17.099358847494134,8.02044309770531,0.0171646052149505,23.622365045792836,19.165401460259147,57313.293,17.400082,99.44812,100.0
FIN,Finland,2007,Escherichia coli,Carbapenems,0.0,27.8146257764409,17.099358847494134,8.02044309770531,0.0171646052149505,23.622365045792836,19.165401460259147,57313.293,17.400082,99.44812,100.0
FIN,Finland,2007,Escherichia coli,Fluoroquinolones,7.69625448,27.8146257764409,17.099358847494134,8.02044309770531,0.0171646052149505,23.622365045792836,19.165401460259147,57313.293,17.400082,99.44812,100.0
FIN,Finland,2007,Escherichia coli,Third-generation cephalosporins,1.54004106,27.8146257764409,17.099358847494134,8.02044309770531,0.0171646052149505,23.622365045792836,19.165401460259147,57313.293,17.400082,99.44812,100.0
FIN,Finland,2007,Klebsiella pneumoniae,Carbapenems,0.0,27.8146257764409,17.099358847494134,8.02044309770531,0.0171646052149505,23.622365045792836,19.165401460259147,57313.293,17.400082,99.44812,100.0
FIN,Finland,2007,Klebsiella pneumoniae,Fluoroquinolones,0.73260073,27.8146257764409,17.099358847494134,8.02044309770531,0.0171646052149505,23.622365045792836,19.165401460259147,57313.293,17.400082,99.44812,100.0
FIN,Finland,2007,Klebsiella pneumoniae,Third-generation cephalosporins,1.47058823,27.8146257764409,17.099358847494134,8.02044309770531,0.0171646052149505,23.622365045792836,19.165401460259147,57313.293,17.400082,99.44812,100.0
FIN,Finland,2007,Pseudomonas aeruginosa,Carbapenems,8.52272727,27.8146257764409,17.099358847494134,8.02044309770531,0.0171646052149505,23.622365045792836,19.165401460259147,57313.293,17.400082,99.44812,100.0
FIN,Finland,2007,Staphylococcus aureus,Meticillin (MRSA),1.59705159,27.8146257764409,17.099358847494134,8.02044309770531,0.0171646052149505,23.622365045792836,19.165401460259147,57313.293,17.400082,99.44812,100.0
FIN,Finland,2008,Enterococcus faecium,Aminopenicillins,86.875,26.006510209956662,15.263507533827918,3.715321311758071,0.0018508027970032,12.282566175776024,16.979592045857153,57494.586,17.481228,99.44811,100.0
FIN,Finland,2008,Escherichia coli,Carbapenems,0.04826254,26.006510209956662,15.263507533827918,3.715321311758071,0.0018508027970032,12.282566175776024,16.979592045857153,57494.586,17.481228,99.44811,100.0
FIN,Finland,2008,Escherichia coli,Fluoroquinolones,8.72451398,26.006510209956662,15.263507533827918,3.715321311758071,0.0018508027970032,12.282566175776024,16.979592045857153,57494.586,17.481228,99.44811,100.0
FIN,Finland,2008,Escherichia coli,Third-generation cephalosporins,2.10828941,26.006510209956662,15.263507533827918,3.715321311758071,0.0018508027970032,12.282566175776024,16.979592045857153,57494.586,17.481228,99.44811,100.0
FIN,Finland,2008,Klebsiella pneumoniae,Carbapenems,0.0,26.006510209956662,15.263507533827918,3.715321311758071,0.0018508027970032,12.282566175776024,16.979592045857153,57494.586,17.481228,99.44811,100.0
FIN,Finland,2008,Klebsiella pneumoniae,Fluoroquinolones,2.09059233,26.006510209956662,15.263507533827918,3.715321311758071,0.0018508027970032,12.282566175776024,16.979592045857153,57494.586,17.481228,99.44811,100.0
FIN,Finland,2008,Klebsiella pneumoniae,Third-generation cephalosporins,1.73611111,26.006510209956662,15.263507533827918,3.715321311758071,0.0018508027970032,12.282566175776024,16.979592045857153,57494.586,17.481228,99.44811,100.0
FIN,Finland,2008,Pseudomonas aeruginosa,Carbapenems,6.28571428,26.006510209956662,15.263507533827918,3.715321311758071,0.0018508027970032,12.282566175776024,16.979592045857153,57494.586,17.481228,99.44811,100.0
FIN,Finland,2008,Staphylococcus aureus,Meticillin (MRSA),2.92524377,26.006510209956662,15.263507533827918,3.715321311758071,0.0018508027970032,12.282566175776024,16.979592045857153,57494.586,17.481228,99.44811,100.0
FIN,Finland,2009,Enterococcus faecium,Aminopenicillins,86.83127572,27.2379002485104,16.192057999491563,6.549467988938921,4.092329625922215e-05,9.39462425297626,14.419024052831633,52599.15,17.565042,99.448105,100.0
FIN,Finland,2009,Escherichia coli,Carbapenems,0.0,27.2379002485104,16.192057999491563,6.549467988938921,4.092329625922215e-05,9.39462425297626,14.419024052831633,52599.15,17.565042,99.448105,100.0
FIN,Finland,2009,Escherichia coli,Fluoroquinolones,9.17678812,27.2379002485104,16.192057999491563,6.549467988938921,4.092329625922215e-05,9.39462425297626,14.419024052831633,52599.15,17.565042,99.448105,100.0
FIN,Finland,2009,Escherichia coli,Third-generation cephalosporins,2.80330882,27.2379002485104,16.192057999491563,6.549467988938921,4.092329625922215e-05,9.39462425297626,14.419024052831633,52599.15,17.565042,99.448105,100.0
FIN,Finland,2009,Klebsiella pneumoniae,Carbapenems,0.28490028,27.2379002485104,16.192057999491563,6.549467988938921,4.092329625922215e-05,9.39462425297626,14.419024052831633,52599.15,17.565042,99.448105,100.0
FIN,Finland,2009,Klebsiella pneumoniae,Fluoroquinolones,3.2,27.2379002485104,16.192057999491563,6.549467988938921,4.092329625922215e-05,9.39462425297626,14.419024052831633,52599.15,17.565042,99.448105,100.0
FIN,Finland,2009,Klebsiella pneumoniae,Third-generation cephalosporins,1.36239782,27.2379002485104,16.192057999491563,6.549467988938921,4.092329625922215e-05,9.39462425297626,14.419024052831633,52599.15,17.565042,99.448105,100.0
FIN,Finland,2009,Pseudomonas aeruginosa,Carbapenems,7.860262,27.2379002485104,16.192057999491563,6.549467988938921,4.092329625922215e-05,9.39462425297626,14.419024052831633,52599.15,17.565042,99.448105,100.0
FIN,Finland,2009,Staphylococcus aureus,Meticillin (MRSA),2.45398773,27.2379002485104,16.192057999491563,6.549467988938921,4.092329625922215e-05,9.39462425297626,14.419024052831633,52599.15,17.565042,99.448105,100.0
FIN,Finland,2010,Enterococcus faecium,Aminopenicillins,81.81818181,29.891310821726783,18.80240290293134,17.653518852023822,1.9472740543544056,10.861532306974157,13.802118331378162,54017.945,17.645624,99.44809,100.0
FIN,Finland,2010,Escherichia coli,Carbapenems,0.0,29.891310821726783,18.80240290293134,17.653518852023822,1.9472740543544056,10.861532306974157,13.802118331378162,54017.945,17.645624,99.44809,100.0
FIN,Finland,2010,Escherichia coli,Fluoroquinolones,9.21568627,29.891310821726783,18.80240290293134,17.653518852023822,1.9472740543544056,10.861532306974157,13.802118331378162,54017.945,17.645624,99.44809,100.0
FIN,Finland,2010,Escherichia coli,Third-generation cephalosporins,3.74651255,29.891310821726783,18.80240290293134,17.653518852023822,1.9472740543544056,10.861532306974157,13.802118331378162,54017.945,17.645624,99.44809,100.0
FIN,Finland,2010,Klebsiella pneumoniae,Carbapenems,0.0,29.891310821726783,18.80240290293134,17.653518852023822,1.9472740543544056,10.861532306974157,13.802118331378162,54017.945,17.645624,99.44809,100.0
FIN,Finland,2010,Klebsiella pneumoniae,Fluoroquinolones,2.49376558,29.891310821726783,18.80240290293134,17.653518852023822,1.9472740543544056,10.861532306974157,13.802118331378162,54017.945,17.645624,99.44809,100.0
FIN,Finland,2010,Klebsiella pneumoniae,Third-generation cephalosporins,4.0302267,29.891310821726783,18.80240290293134,17.653518852023822,1.9472740543544056,10.861532306974157,13.802118331378162,54017.945,17.645624,99.44809,100.0
FIN,Finland,2010,Pseudomonas aeruginosa,Carbapenems,9.81818181,29.891310821726783,18.80240290293134,17.653518852023822,1.9472740543544056,10.861532306974157,13.802118331378162,54017.945,17.645624,99.44809,100.0
FIN,Finland,2010,Staphylococcus aureus,Meticillin (MRSA),2.28519195,29.891310821726783,18.80240290293134,17.653518852023822,1.9472740543544056,10.861532306974157,13.802118331378162,54017.945,17.645624,99.44809,100.0
FIN,Finland,2011,Enterococcus faecium,Aminopenicillins,87.89473684,29.71619709772793,18.37515212484436,14.624548847396971,0.4804041039890755,16.03989575726522,21.130731907084773,55053.39,17.72751,99.44805,100.0
FIN,Finland,2011,Escherichia coli,Carbapenems,0.0,29.71619709772793,18.37515212484436,14.624548847396971,0.4804041039890755,16.03989575726522,21.130731907084773,55053.39,17.72751,99.44805,100.0
FIN,Finland,2011,Escherichia coli,Fluoroquinolones,10.9602649,29.71619709772793,18.37515212484436,14.624548847396971,0.4804041039890755,16.03989575726522,21.130731907084773,55053.39,17.72751,99.44805,100.0
FIN,Finland,2011,Escherichia coli,Third-generation cephalosporins,5.0,29.71619709772793,18.37515212484436,14.624548847396971,0.4804041039890755,16.03989575726522,21.130731907084773,55053.39,17.72751,99.44805,100.0
FIN,Finland,2011,Klebsiella pneumoniae,Carbapenems,0.0,29.71619709772793,18.37515212484436,14.624548847396971,0.4804041039890755,16.03989575726522,21.130731907084773,55053.39,17.72751,99.44805,100.0
FIN,Finland,2011,Klebsiella pneumoniae,Fluoroquinolones,2.72277227,29.71619709772793,18.37515212484436,14.624548847396971,0.4804041039890755,16.03989575726522,21.130731907084773,55053.39,17.72751,99.44805,100.0
FIN,Finland,2011,Klebsiella pneumoniae,Third-generation cephalosporins,2.47524752,29.71619709772793,18.37515212484436,14.624548847396971,0.4804041039890755,16.03989575726522,21.130731907084773,55053.39,17.72751,99.44805,100.0
FIN,Finland,2011,Pseudomonas aeruginosa,Carbapenems,10.78066914,29.71619709772793,18.37515212484436,14.624548847396971,0.4804041039890755,16.03989575726522,21.130731907084773,55053.39,17.72751,99.44805,100.0
FIN,Finland,2011,Staphylococcus aureus,Meticillin (MRSA),3.63912054,29.71619709772793,18.37515212484436,14.624548847396971,0.4804041039890755,16.03989575726522,21.130731907084773,55053.39,17.72751,99.44805,100.0
FIN,Finland,2012,Enterococcus faecium,Aminopenicillins,85.36585365,26.432158950371083,16.661699120080186,2.6035185530077185,0.0334270739149135,4.783205501810942,12.939159643971186,53957.668,17.812202,99.44801,100.0
FIN,Finland,2012,Escherichia coli,Carbapenems,0.0,26.432158950371083,16.661699120080186,2.6035185530077185,0.0334270739149135,4.783205501810942,12.939159643971186,53957.668,17.812202,99.44801,100.0
FIN,Finland,2012,Escherichia coli,Fluoroquinolones,11.73308032,26.432158950371083,16.661699120080186,2.6035185530077185,0.0334270739149135,4.783205501810942,12.939159643971186,53957.668,17.812202,99.44801,100.0
FIN,Finland,2012,Escherichia coli,Third-generation cephalosporins,6.19860847,26.432158950371083,16.661699120080186,2.6035185530077185,0.0334270739149135,4.783205501810942,12.939159643971186,53957.668,17.812202,99.44801,100.0
FIN,Finland,2012,Klebsiella pneumoniae,Carbapenems,0.0,26.432158950371083,16.661699120080186,2.6035185530077185,0.0334270739149135,4.783205501810942,12.939159643971186,53957.668,17.812202,99.44801,100.0
FIN,Finland,2012,Klebsiella pneumoniae,Fluoroquinolones,2.0522388,26.432158950371083,16.661699120080186,2.6035185530077185,0.0334270739149135,4.783205501810942,12.939159643971186,53957.668,17.812202,99.44801,100.0
FIN,Finland,2012,Klebsiella pneumoniae,Third-generation cephalosporins,1.67910447,26.432158950371083,16.661699120080186,2.6035185530077185,0.0334270739149135,4.783205501810942,12.939159643971186,53957.668,17.812202,99.44801,100.0
FIN,Finland,2012,Pseudomonas aeruginosa,Carbapenems,6.42201834,26.432158950371083,16.661699120080186,2.6035185530077185,0.0334270739149135,4.783205501810942,12.939159643971186,53957.668,17.812202,99.44801,100.0
FIN,Finland,2012,Staphylococcus aureus,Meticillin (MRSA),2.27111426,26.432158950371083,16.661699120080186,2.6035185530077185,0.0334270739149135,4.783205501810942,12.939159643971186,53957.668,17.812202,99.44801,100.0
FIN,Finland,2013,Acinetobacter spp.,Carbapenems,0.0,28.453726094364967,17.412647995728985,11.298636373016771,0.0895611511690405,18.12794680503048,19.023166729396,53183.43,17.894714,99.44799,100.0
FIN,Finland,2013,Enterococcus faecium,Aminopenicillins,78.60262008,28.453726094364967,17.412647995728985,11.298636373016771,0.0895611511690405,18.12794680503048,19.023166729396,53183.43,17.894714,99.44799,100.0
FIN,Finland,2013,Escherichia coli,Carbapenems,0.0,28.453726094364967,17.412647995728985,11.298636373016771,0.0895611511690405,18.12794680503048,19.023166729396,53183.43,17.894714,99.44799,100.0
FIN,Finland,2013,Escherichia coli,Fluoroquinolones,13.23935876,28.453726094364967,17.412647995728985,11.298636373016771,0.0895611511690405,18.12794680503048,19.023166729396,53183.43,17.894714,99.44799,100.0
FIN,Finland,2013,Escherichia coli,Third-generation cephalosporins,7.06989247,28.453726094364967,17.412647995728985,11.298636373016771,0.0895611511690405,18.12794680503048,19.023166729396,53183.43,17.894714,99.44799,100.0
FIN,Finland,2013,Klebsiella pneumoniae,Carbapenems,0.0,28.453726094364967,17.412647995728985,11.298636373016771,0.0895611511690405,18.12794680503048,19.023166729396,53183.43,17.894714,99.44799,100.0
FIN,Finland,2013,Klebsiella pneumoniae,Fluoroquinolones,2.60707635,28.453726094364967,17.412647995728985,11.298636373016771,0.0895611511690405,18.12794680503048,19.023166729396,53183.43,17.894714,99.44799,100.0
FIN,Finland,2013,Klebsiella pneumoniae,Third-generation cephalosporins,2.18181818,28.453726094364967,17.412647995728985,11.298636373016771,0.0895611511690405,18.12794680503048,19.023166729396,53183.43,17.894714,99.44799,100.0
FIN,Finland,2013,Pseudomonas aeruginosa,Carbapenems,10.39755351,28.453726094364967,17.412647995728985,11.298636373016771,0.0895611511690405,18.12794680503048,19.023166729396,53183.43,17.894714,99.44799,100.0
FIN,Finland,2013,Staphylococcus aureus,Meticillin (MRSA),2.08860759,28.453726094364967,17.412647995728985,11.298636373016771,0.0895611511690405,18.12794680503048,19.023166729396,53183.43,17.894714,99.44799,100.0
FIN,Finland,2014,Acinetobacter spp.,Carbapenems,3.125,30.243250744357777,18.66201683894593,23.399390907547463,1.331125959381173,31.72182000063981,24.71791510980705,52710.734,17.969164,99.44799,100.0
FIN,Finland,2014,Enterococcus faecium,Aminopenicillins,82.97101449,30.243250744357777,18.66201683894593,23.399390907547463,1.331125959381173,31.72182000063981,24.71791510980705,52710.734,17.969164,99.44799,100.0
FIN,Finland,2014,Escherichia coli,Carbapenems,0.0,30.243250744357777,18.66201683894593,23.399390907547463,1.331125959381173,31.72182000063981,24.71791510980705,52710.734,17.969164,99.44799,100.0
FIN,Finland,2014,Escherichia coli,Fluoroquinolones,11.03586656,30.243250744357777,18.66201683894593,23.399390907547463,1.331125959381173,31.72182000063981,24.71791510980705,52710.734,17.969164,99.44799,100.0
FIN,Finland,2014,Escherichia coli,Third-generation cephalosporins,5.4627089,30.243250744357777,18.66201683894593,23.399390907547463,1.331125959381173,31.72182000063981,24.71791510980705,52710.734,17.969164,99.44799,100.0
FIN,Finland,2014,Klebsiella pneumoniae,Carbapenems,0.0,30.243250744357777,18.66201683894593,23.399390907547463,1.331125959381173,31.72182000063981,24.71791510980705,52710.734,17.969164,99.44799,100.0
FIN,Finland,2014,Klebsiella pneumoniae,Fluoroquinolones,4.64716006,30.243250744357777,18.66201683894593,23.399390907547463,1.331125959381173,31.72182000063981,24.71791510980705,52710.734,17.969164,99.44799,100.0
FIN,Finland,2014,Klebsiella pneumoniae,Third-generation cephalosporins,2.40549828,30.243250744357777,18.66201683894593,23.399390907547463,1.331125959381173,31.72182000063981,24.71791510980705,52710.734,17.969164,99.44799,100.0
FIN,Finland,2014,Pseudomonas aeruginosa,Carbapenems,7.16612377,30.243250744357777,18.66201683894593,23.399390907547463,1.331125959381173,31.72182000063981,24.71791510980705,52710.734,17.969164,99.44799,100.0
FIN,Finland,2014,Staphylococcus aureus,Meticillin (MRSA),3.00382304,30.243250744357777,18.66201683894593,23.399390907547463,1.331125959381173,31.72182000063981,24.71791510980705,52710.734,17.969164,99.44799,100.0
FIN,Finland,2015,Acinetobacter spp.,Carbapenems,2.32558139,26.343468364419323,15.587886422527363,2.8331089786779997,0.0034607755646312,28.127042616480157,21.196851483420133,52782.49,18.028494,99.44799,100.0
FIN,Finland,2015,Enterococcus faecium,Aminopenicillins,82.27272727,26.343468364419323,15.587886422527363,2.8331089786779997,0.0034607755646312,28.127042616480157,21.196851483420133,52782.49,18.028494,99.44799,100.0
FIN,Finland,2015,Escherichia coli,Carbapenems,0.0,26.343468364419323,15.587886422527363,2.8331089786779997,0.0034607755646312,28.127042616480157,21.196851483420133,52782.49,18.028494,99.44799,100.0
FIN,Finland,2015,Escherichia coli,Fluoroquinolones,11.17166212,26.343468364419323,15.587886422527363,2.8331089786779997,0.0034607755646312,28.127042616480157,21.196851483420133,52782.49,18.028494,99.44799,100.0
FIN,Finland,2015,Escherichia coli,Third-generation cephalosporins,6.05711653,26.343468364419323,15.587886422527363,2.8331089786779997,0.0034607755646312,28.127042616480157,21.196851483420133,52782.49,18.028494,99.44799,100.0
FIN,Finland,2015,Klebsiella pneumoniae,Carbapenems,0.0,26.343468364419323,15.587886422527363,2.8331089786779997,0.0034607755646312,28.127042616480157,21.196851483420133,52782.49,18.028494,99.44799,100.0
FIN,Finland,2015,Klebsiella pneumoniae,Fluoroquinolones,3.34346504,26.343468364419323,15.587886422527363,2.8331089786779997,0.0034607755646312,28.127042616480157,21.196851483420133,52782.49,18.028494,99.44799,100.0
FIN,Finland,2015,Klebsiella pneumoniae,Third-generation cephalosporins,2.95031055,26.343468364419323,15.587886422527363,2.8331089786779997,0.0034607755646312,28.127042616480157,21.196851483420133,52782.49,18.028494,99.44799,100.0
FIN,Finland,2015,Pseudomonas aeruginosa,Carbapenems,4.69208211,26.343468364419323,15.587886422527363,2.8331089786779997,0.0034607755646312,28.127042616480157,21.196851483420133,52782.49,18.028494,99.44799,100.0
FIN,Finland,2015,Staphylococcus aureus,Meticillin (MRSA),2.07729468,26.343468364419323,15.587886422527363,2.8331089786779997,0.0034607755646312,28.127042616480157,21.196851483420133,52782.49,18.028494,99.44799,100.0
FIN,Finland,2016,Acinetobacter spp.,Carbapenems,0.0,27.002668845648977,16.57621583811256,5.733956952295723,0.0062106650399409,17.544575886463928,19.820673295333464,53984.633,18.080307,99.44798,100.0
FIN,Finland,2016,Enterococcus faecium,Aminopenicillins,82.87037037,27.002668845648977,16.57621583811256,5.733956952295723,0.0062106650399409,17.544575886463928,19.820673295333464,53984.633,18.080307,99.44798,100.0
FIN,Finland,2016,Escherichia coli,Carbapenems,0.02069536,27.002668845648977,16.57621583811256,5.733956952295723,0.0062106650399409,17.544575886463928,19.820673295333464,53984.633,18.080307,99.44798,100.0
FIN,Finland,2016,Escherichia coli,Fluoroquinolones,11.46006655,27.002668845648977,16.57621583811256,5.733956952295723,0.0062106650399409,17.544575886463928,19.820673295333464,53984.633,18.080307,99.44798,100.0
FIN,Finland,2016,Escherichia coli,Third-generation cephalosporins,6.89582454,27.002668845648977,16.57621583811256,5.733956952295723,0.0062106650399409,17.544575886463928,19.820673295333464,53984.633,18.080307,99.44798,100.0
FIN,Finland,2016,Klebsiella pneumoniae,Carbapenems,0.25974025,27.002668845648977,16.57621583811256,5.733956952295723,0.0062106650399409,17.544575886463928,19.820673295333464,53984.633,18.080307,99.44798,100.0
FIN,Finland,2016,Klebsiella pneumoniae,Fluoroquinolones,2.73081924,27.002668845648977,16.57621583811256,5.733956952295723,0.0062106650399409,17.544575886463928,19.820673295333464,53984.633,18.080307,99.44798,100.0
FIN,Finland,2016,Klebsiella pneumoniae,Third-generation cephalosporins,4.07894736,27.002668845648977,16.57621583811256,5.733956952295723,0.0062106650399409,17.544575886463928,19.820673295333464,53984.633,18.080307,99.44798,100.0
FIN,Finland,2016,Pseudomonas aeruginosa,Carbapenems,5.96590909,27.002668845648977,16.57621583811256,5.733956952295723,0.0062106650399409,17.544575886463928,19.820673295333464,53984.633,18.080307,99.44798,100.0
FIN,Finland,2016,Staphylococcus aureus,Meticillin (MRSA),2.32804232,27.002668845648977,16.57621583811256,5.733956952295723,0.0062106650399409,17.544575886463928,19.820673295333464,53984.633,18.080307,99.44798,100.0
FIN,Finland,2017,Acinetobacter spp.,Carbapenems,2.7027027,24.81508343698737,15.3256550767098,1.1174290547633934,4.113032053143152e-05,3.4881750173925186,13.246109611486943,55637.227,18.122849,99.44798,100.0
FIN,Finland,2017,Enterococcus faecium,Aminopenicillins,80.97345132,24.81508343698737,15.3256550767098,1.1174290547633934,4.113032053143152e-05,3.4881750173925186,13.246109611486943,55637.227,18.122849,99.44798,100.0
FIN,Finland,2017,Escherichia coli,Carbapenems,0.0,24.81508343698737,15.3256550767098,1.1174290547633934,4.113032053143152e-05,3.4881750173925186,13.246109611486943,55637.227,18.122849,99.44798,100.0
FIN,Finland,2017,Escherichia coli,Fluoroquinolones,12.00754005,24.81508343698737,15.3256550767098,1.1174290547633934,4.113032053143152e-05,3.4881750173925186,13.246109611486943,55637.227,18.122849,99.44798,100.0
FIN,Finland,2017,Escherichia coli,Third-generation cephalosporins,6.85429829,24.81508343698737,15.3256550767098,1.1174290547633934,4.113032053143152e-05,3.4881750173925186,13.246109611486943,55637.227,18.122849,99.44798,100.0
FIN,Finland,2017,Klebsiella pneumoniae,Carbapenems,0.26385224,24.81508343698737,15.3256550767098,1.1174290547633934,4.113032053143152e-05,3.4881750173925186,13.246109611486943,55637.227,18.122849,99.44798,100.0
FIN,Finland,2017,Klebsiella pneumoniae,Fluoroquinolones,7.93650793,24.81508343698737,15.3256550767098,1.1174290547633934,4.113032053143152e-05,3.4881750173925186,13.246109611486943,55637.227,18.122849,99.44798,100.0
FIN,Finland,2017,Klebsiella pneumoniae,Third-generation cephalosporins,4.56989247,24.81508343698737,15.3256550767098,1.1174290547633934,4.113032053143152e-05,3.4881750173925186,13.246109611486943,55637.227,18.122849,99.44798,100.0
FIN,Finland,2017,Pseudomonas aeruginosa,Carbapenems,6.10079575,24.81508343698737,15.3256550767098,1.1174290547633934,4.113032053143152e-05,3.4881750173925186,13.246109611486943,55637.227,18.122849,99.44798,100.0
FIN,Finland,2017,Staphylococcus aureus,Meticillin (MRSA),2.09102091,24.81508343698737,15.3256550767098,1.1174290547633934,4.113032053143152e-05,3.4881750173925186,13.246109611486943,55637.227,18.122849,99.44798,100.0
FIN,Finland,2018,Acinetobacter spp.,Carbapenems,0.0,31.16653895476364,20.20062409510677,25.23823213461732,2.3529191221304786,29.28755873784414,20.384852225920536,56226.336,18.14697,99.44798,100.0
FIN,Finland,2018,Enterococcus faecium,Aminopenicillins,83.89830508,31.16653895476364,20.20062409510677,25.23823213461732,2.3529191221304786,29.28755873784414,20.384852225920536,56226.336,18.14697,99.44798,100.0
FIN,Finland,2018,Escherichia coli,Carbapenems,0.01977456,31.16653895476364,20.20062409510677,25.23823213461732,2.3529191221304786,29.28755873784414,20.384852225920536,56226.336,18.14697,99.44798,100.0
FIN,Finland,2018,Escherichia coli,Fluoroquinolones,11.48126115,31.16653895476364,20.20062409510677,25.23823213461732,2.3529191221304786,29.28755873784414,20.384852225920536,56226.336,18.14697,99.44798,100.0
FIN,Finland,2018,Escherichia coli,Third-generation cephalosporins,7.60956175,31.16653895476364,20.20062409510677,25.23823213461732,2.3529191221304786,29.28755873784414,20.384852225920536,56226.336,18.14697,99.44798,100.0
FIN,Finland,2018,Klebsiella pneumoniae,Carbapenems,0.61728395,31.16653895476364,20.20062409510677,25.23823213461732,2.3529191221304786,29.28755873784414,20.384852225920536,56226.336,18.14697,99.44798,100.0
FIN,Finland,2018,Klebsiella pneumoniae,Fluoroquinolones,6.31188118,31.16653895476364,20.20062409510677,25.23823213461732,2.3529191221304786,29.28755873784414,20.384852225920536,56226.336,18.14697,99.44798,100.0
FIN,Finland,2018,Klebsiella pneumoniae,Third-generation cephalosporins,4.47204968,31.16653895476364,20.20062409510677,25.23823213461732,2.3529191221304786,29.28755873784414,20.384852225920536,56226.336,18.14697,99.44798,100.0
FIN,Finland,2018,Pseudomonas aeruginosa,Carbapenems,4.85933503,31.16653895476364,20.20062409510677,25.23823213461732,2.3529191221304786,29.28755873784414,20.384852225920536,56226.336,18.14697,99.44798,100.0
FIN,Finland,2018,Staphylococcus aureus,Meticillin (MRSA),2.09026128,31.16653895476364,20.20062409510677,25.23823213461732,2.3529191221304786,29.28755873784414,20.384852225920536,56226.336,18.14697,99.44798,100.0
FRA,France,2001,Staphylococcus aureus,Meticillin (MRSA),33.3722287,33.92237994812444,20.777527773477697,85.01021536031188,31.137787577281205,11.444559010581116,17.89794623759556,46454.87,109.40437,98.662254,100.0
FRA,France,2002,Enterococcus faecium,Aminopenicillins,29.16666666,33.64665142286744,20.318569704657303,77.65161306480461,27.361612965348318,17.746318224461486,19.262132445506538,46610.78,110.175285,98.66149,100.0
FRA,France,2002,Escherichia coli,Carbapenems,0.0,33.64665142286744,20.318569704657303,77.65161306480461,27.361612965348318,17.746318224461486,19.262132445506538,46610.78,110.175285,98.66149,100.0
FRA,France,2002,Escherichia coli,Fluoroquinolones,8.18948213,33.64665142286744,20.318569704657303,77.65161306480461,27.361612965348318,17.746318224461486,19.262132445506538,46610.78,110.175285,98.66149,100.0
FRA,France,2002,Escherichia coli,Third-generation cephalosporins,0.76152304,33.64665142286744,20.318569704657303,77.65161306480461,27.361612965348318,17.746318224461486,19.262132445506538,46610.78,110.175285,98.66149,100.0
FRA,France,2002,Staphylococcus aureus,Meticillin (MRSA),32.95249549,33.64665142286744,20.318569704657303,77.65161306480461,27.361612965348318,17.746318224461486,19.262132445506538,46610.78,110.175285,98.66149,100.0
FRA,France,2003,Enterococcus faecium,Aminopenicillins,27.52293577,37.368776283801466,22.126897618067296,106.94582505569508,36.46423514122265,34.796949049162585,21.83371704580748,46730.977,110.93114,98.66073,100.0
FRA,France,2003,Escherichia coli,Carbapenems,0.0,37.368776283801466,22.126897618067296,106.94582505569508,36.46423514122265,34.796949049162585,21.83371704580748,46730.977,110.93114,98.66073,100.0
FRA,France,2003,Escherichia coli,Fluoroquinolones,9.32390631,37.368776283801466,22.126897618067296,106.94582505569508,36.46423514122265,34.796949049162585,21.83371704580748,46730.977,110.93114,98.66073,100.0
FRA,France,2003,Escherichia coli,Third-generation cephalosporins,0.97087378,37.368776283801466,22.126897618067296,106.94582505569508,36.46423514122265,34.796949049162585,21.83371704580748,46730.977,110.93114,98.66073,100.0
FRA,France,2003,Staphylococcus aureus,Meticillin (MRSA),28.8056206,37.368776283801466,22.126897618067296,106.94582505569508,36.46423514122265,34.796949049162585,21.83371704580748,46730.977,110.93114,98.66073,100.0
FRA,France,2004,Enterococcus faecium,Aminopenicillins,46.35761589,33.59316760554356,20.650296075203556,87.63597717481473,30.50402190193893,15.47743929181314,16.317244486600483,47720.44,111.723976,98.659966,100.0
FRA,France,2004,Escherichia coli,Carbapenems,0.0,33.59316760554356,20.650296075203556,87.63597717481473,30.50402190193893,15.47743929181314,16.317244486600483,47720.44,111.723976,98.659966,100.0
FRA,France,2004,Escherichia coli,Fluoroquinolones,8.22695035,33.59316760554356,20.650296075203556,87.63597717481473,30.50402190193893,15.47743929181314,16.317244486600483,47720.44,111.723976,98.659966,100.0
FRA,France,2004,Escherichia coli,Third-generation cephalosporins,0.95120662,33.59316760554356,20.650296075203556,87.63597717481473,30.50402190193893,15.47743929181314,16.317244486600483,47720.44,111.723976,98.659966,100.0
FRA,France,2004,Staphylococcus aureus,Meticillin (MRSA),28.59276964,33.59316760554356,20.650296075203556,87.63597717481473,30.50402190193893,15.47743929181314,16.317244486600483,47720.44,111.723976,98.659966,100.0
FRA,France,2005,Enterococcus faecium,Aminopenicillins,58.1632653,34.40112625485881,20.77636741686216,90.33928415203556,28.33774731089341,25.39957524716989,19.00025662155445,48257.465,112.54542,98.659225,100.0
FRA,France,2005,Escherichia coli,Carbapenems,0.0,34.40112625485881,20.77636741686216,90.33928415203556,28.33774731089341,25.39957524716989,19.00025662155445,48257.465,112.54542,98.659225,100.0
FRA,France,2005,Escherichia coli,Fluoroquinolones,11.01526211,34.40112625485881,20.77636741686216,90.33928415203556,28.33774731089341,25.39957524716989,19.00025662155445,48257.465,112.54542,98.659225,100.0
FRA,France,2005,Escherichia coli,Third-generation cephalosporins,1.3881748,34.40112625485881,20.77636741686216,90.33928415203556,28.33774731089341,25.39957524716989,19.00025662155445,48257.465,112.54542,98.659225,100.0
FRA,France,2005,Klebsiella pneumoniae,Carbapenems,0.13280212,34.40112625485881,20.77636741686216,90.33928415203556,28.33774731089341,25.39957524716989,19.00025662155445,48257.465,112.54542,98.659225,100.0
FRA,France,2005,Klebsiella pneumoniae,Fluoroquinolones,7.15990453,34.40112625485881,20.77636741686216,90.33928415203556,28.33774731089341,25.39957524716989,19.00025662155445,48257.465,112.54542,98.659225,100.0
FRA,France,2005,Klebsiella pneumoniae,Third-generation cephalosporins,4.12621359,34.40112625485881,20.77636741686216,90.33928415203556,28.33774731089341,25.39957524716989,19.00025662155445,48257.465,112.54542,98.659225,100.0
FRA,France,2005,Pseudomonas aeruginosa,Carbapenems,14.22764227,34.40112625485881,20.77636741686216,90.33928415203556,28.33774731089341,25.39957524716989,19.00025662155445,48257.465,112.54542,98.659225,100.0
FRA,France,2005,Staphylococcus aureus,Meticillin (MRSA),27.24662647,34.40112625485881,20.77636741686216,90.33928415203556,28.33774731089341,25.39957524716989,19.00025662155445,48257.465,112.54542,98.659225,100.0
FRA,France,2006,Enterococcus faecium,Aminopenicillins,61.46341463,35.45451649952909,21.34848107689704,96.02916397367504,32.08964051984037,23.31711486933545,23.795311738093663,49223.246,113.32123,98.65848,100.0
FRA,France,2006,Escherichia coli,Carbapenems,0.0,35.45451649952909,21.34848107689704,96.02916397367504,32.08964051984037,23.31711486933545,23.795311738093663,49223.246,113.32123,98.65848,100.0
FRA,France,2006,Escherichia coli,Fluoroquinolones,13.82224234,35.45451649952909,21.34848107689704,96.02916397367504,32.08964051984037,23.31711486933545,23.795311738093663,49223.246,113.32123,98.65848,100.0
FRA,France,2006,Escherichia coli,Third-generation cephalosporins,1.96516301,35.45451649952909,21.34848107689704,96.02916397367504,32.08964051984037,23.31711486933545,23.795311738093663,49223.246,113.32123,98.65848,100.0
FRA,France,2006,Klebsiella pneumoniae,Carbapenems,0.0,35.45451649952909,21.34848107689704,96.02916397367504,32.08964051984037,23.31711486933545,23.795311738093663,49223.246,113.32123,98.65848,100.0
FRA,France,2006,Klebsiella pneumoniae,Fluoroquinolones,8.52878464,35.45451649952909,21.34848107689704,96.02916397367504,32.08964051984037,23.31711486933545,23.795311738093663,49223.246,113.32123,98.65848,100.0
FRA,France,2006,Klebsiella pneumoniae,Third-generation cephalosporins,6.12668743,35.45451649952909,21.34848107689704,96.02916397367504,32.08964051984037,23.31711486933545,23.795311738093663,49223.246,113.32123,98.65848,100.0
FRA,France,2006,Pseudomonas aeruginosa,Carbapenems,12.15139442,35.45451649952909,21.34848107689704,96.02916397367504,32.08964051984037,23.31711486933545,23.795311738093663,49223.246,113.32123,98.65848,100.0
FRA,France,2006,Staphylococcus aureus,Meticillin (MRSA),26.7417496,35.45451649952909,21.34848107689704,96.02916397367504,32.08964051984037,23.31711486933545,23.795311738093663,49223.246,113.32123,98.65848,100.0
FRA,France,2007,Enterococcus faecium,Aminopenicillins,60.25641025,33.55828267167383,20.03351472009141,81.91424132350411,27.378570364397444,29.833866613711344,20.46798954331287,50157.785,114.01998,98.65774,100.0
FRA,France,2007,Escherichia coli,Carbapenems,0.0,33.55828267167383,20.03351472009141,81.91424132350411,27.378570364397444,29.833866613711344,20.46798954331287,50157.785,114.01998,98.65774,100.0
FRA,France,2007,Escherichia coli,Fluoroquinolones,14.79208416,33.55828267167383,20.03351472009141,81.91424132350411,27.378570364397444,29.833866613711344,20.46798954331287,50157.785,114.01998,98.65774,100.0
FRA,France,2007,Escherichia coli,Third-generation cephalosporins,2.48724489,33.55828267167383,20.03351472009141,81.91424132350411,27.378570364397444,29.833866613711344,20.46798954331287,50157.785,114.01998,98.65774,100.0
FRA,France,2007,Klebsiella pneumoniae,Carbapenems,0.09460737,33.55828267167383,20.03351472009141,81.91424132350411,27.378570364397444,29.833866613711344,20.46798954331287,50157.785,114.01998,98.65774,100.0
FRA,France,2007,Klebsiella pneumoniae,Fluoroquinolones,14.04255319,33.55828267167383,20.03351472009141,81.91424132350411,27.378570364397444,29.833866613711344,20.46798954331287,50157.785,114.01998,98.65774,100.0
FRA,France,2007,Klebsiella pneumoniae,Third-generation cephalosporins,10.07751937,33.55828267167383,20.03351472009141,81.91424132350411,27.378570364397444,29.833866613711344,20.46798954331287,50157.785,114.01998,98.65774,100.0
FRA,France,2007,Pseudomonas aeruginosa,Carbapenems,14.13210445,33.55828267167383,20.03351472009141,81.91424132350411,27.378570364397444,29.833866613711344,20.46798954331287,50157.785,114.01998,98.65774,100.0
FRA,France,2007,Staphylococcus aureus,Meticillin (MRSA),25.78823529,33.55828267167383,20.03351472009141,81.91424132350411,27.378570364397444,29.833866613711344,20.46798954331287,50157.785,114.01998,98.65774,100.0
FRA,France,2008,Enterococcus faecium,Aminopenicillins,62.05962059,32.98833737598518,19.89253037887722,79.73985414144933,30.74323464349958,14.067442355865932,16.915028016004356,50068.297,114.655075,98.657,100.0
FRA,France,2008,Escherichia coli,Carbapenems,0.01418238,32.98833737598518,19.89253037887722,79.73985414144933,30.74323464349958,14.067442355865932,16.915028016004356,50068.297,114.655075,98.657,100.0
FRA,France,2008,Escherichia coli,Fluoroquinolones,15.69806279,32.98833737598518,19.89253037887722,79.73985414144933,30.74323464349958,14.067442355865932,16.915028016004356,50068.297,114.655075,98.657,100.0
FRA,France,2008,Escherichia coli,Third-generation cephalosporins,3.81727158,32.98833737598518,19.89253037887722,79.73985414144933,30.74323464349958,14.067442355865932,16.915028016004356,50068.297,114.655075,98.657,100.0
FRA,France,2008,Klebsiella pneumoniae,Carbapenems,0.0,32.98833737598518,19.89253037887722,79.73985414144933,30.74323464349958,14.067442355865932,16.915028016004356,50068.297,114.655075,98.657,100.0
FRA,France,2008,Klebsiella pneumoniae,Fluoroquinolones,20.57416267,32.98833737598518,19.89253037887722,79.73985414144933,30.74323464349958,14.067442355865932,16.915028016004356,50068.297,114.655075,98.657,100.0
FRA,France,2008,Klebsiella pneumoniae,Third-generation cephalosporins,15.20210896,32.98833737598518,19.89253037887722,79.73985414144933,30.74323464349958,14.067442355865932,16.915028016004356,50068.297,114.655075,98.657,100.0
FRA,France,2008,Pseudomonas aeruginosa,Carbapenems,14.22730989,32.98833737598518,19.89253037887722,79.73985414144933,30.74323464349958,14.067442355865932,16.915028016004356,50068.297,114.655075,98.657,100.0
FRA,France,2008,Staphylococcus aureus,Meticillin (MRSA),24.49725776,32.98833737598518,19.89253037887722,79.73985414144933,30.74323464349958,14.067442355865932,16.915028016004356,50068.297,114.655075,98.657,100.0
FRA,France,2009,Enterococcus faecium,Aminopenicillins,60.84745762,34.788988311652155,20.382095513052924,92.00193744337908,30.01845110765551,22.396300043933174,19.34979780710172,48404.965,115.25094,98.65624,100.0
FRA,France,2009,Escherichia coli,Carbapenems,0.02586987,34.788988311652155,20.382095513052924,92.00193744337908,30.01845110765551,22.396300043933174,19.34979780710172,48404.965,115.25094,98.65624,100.0
FRA,France,2009,Escherichia coli,Fluoroquinolones,18.55620735,34.788988311652155,20.382095513052924,92.00193744337908,30.01845110765551,22.396300043933174,19.34979780710172,48404.965,115.25094,98.65624,100.0
FRA,France,2009,Escherichia coli,Third-generation cephalosporins,6.72268907,34.788988311652155,20.382095513052924,92.00193744337908,30.01845110765551,22.396300043933174,19.34979780710172,48404.965,115.25094,98.65624,100.0
FRA,France,2009,Klebsiella pneumoniae,Carbapenems,0.1577287,34.788988311652155,20.382095513052924,92.00193744337908,30.01845110765551,22.396300043933174,19.34979780710172,48404.965,115.25094,98.65624,100.0
FRA,France,2009,Klebsiella pneumoniae,Fluoroquinolones,24.03846153,34.788988311652155,20.382095513052924,92.00193744337908,30.01845110765551,22.396300043933174,19.34979780710172,48404.965,115.25094,98.65624,100.0
FRA,France,2009,Klebsiella pneumoniae,Third-generation cephalosporins,18.6502177,34.788988311652155,20.382095513052924,92.00193744337908,30.01845110765551,22.396300043933174,19.34979780710172,48404.965,115.25094,98.65624,100.0
FRA,France,2009,Pseudomonas aeruginosa,Carbapenems,17.39130434,34.788988311652155,20.382095513052924,92.00193744337908,30.01845110765551,22.396300043933174,19.34979780710172,48404.965,115.25094,98.65624,100.0
FRA,France,2009,Staphylococcus aureus,Meticillin (MRSA),22.75423728,34.788988311652155,20.382095513052924,92.00193744337908,30.01845110765551,22.396300043933174,19.34979780710172,48404.965,115.25094,98.65624,100.0
FRA,France,2010,Enterococcus faecium,Aminopenicillins,76.06679035,34.58059939863367,20.968685510913364,84.11445576730335,40.17552721335511,11.594278160990529,17.440315675297917,49130.42,115.81875,98.65548,100.0
FRA,France,2010,Escherichia coli,Carbapenems,0.0,34.58059939863367,20.968685510913364,84.11445576730335,40.17552721335511,11.594278160990529,17.440315675297917,49130.42,115.81875,98.65548,100.0
FRA,France,2010,Escherichia coli,Fluoroquinolones,17.54191184,34.58059939863367,20.968685510913364,84.11445576730335,40.17552721335511,11.594278160990529,17.440315675297917,49130.42,115.81875,98.65548,100.0
FRA,France,2010,Escherichia coli,Third-generation cephalosporins,7.24894701,34.58059939863367,20.968685510913364,84.11445576730335,40.17552721335511,11.594278160990529,17.440315675297917,49130.42,115.81875,98.65548,100.0
FRA,France,2010,Klebsiella pneumoniae,Carbapenems,0.0698324,34.58059939863367,20.968685510913364,84.11445576730335,40.17552721335511,11.594278160990529,17.440315675297917,49130.42,115.81875,98.65548,100.0
FRA,France,2010,Klebsiella pneumoniae,Fluoroquinolones,21.80746561,34.58059939863367,20.968685510913364,84.11445576730335,40.17552721335511,11.594278160990529,17.440315675297917,49130.42,115.81875,98.65548,100.0
FRA,France,2010,Klebsiella pneumoniae,Third-generation cephalosporins,17.83398184,34.58059939863367,20.968685510913364,84.11445576730335,40.17552721335511,11.594278160990529,17.440315675297917,49130.42,115.81875,98.65548,100.0
FRA,France,2010,Pseudomonas aeruginosa,Carbapenems,17.79089376,34.58059939863367,20.968685510913364,84.11445576730335,40.17552721335511,11.594278160990529,17.440315675297917,49130.42,115.81875,98.65548,100.0
FRA,France,2010,Staphylococcus aureus,Meticillin (MRSA),21.58880428,34.58059939863367,20.968685510913364,84.11445576730335,40.17552721335511,11.594278160990529,17.440315675297917,49130.42,115.81875,98.65548,100.0
FRA,France,2011,Enterococcus faecium,Aminopenicillins,78.24,34.736043734554904,20.49897604448513,92.17698767810298,38.740646927371614,30.62453520406196,21.47165775766632,50085.684,116.39661,98.65472,100.0
FRA,France,2011,Escherichia coli,Carbapenems,0.02352111,34.736043734554904,20.49897604448513,92.17698767810298,38.740646927371614,30.62453520406196,21.47165775766632,50085.684,116.39661,98.65472,100.0
FRA,France,2011,Escherichia coli,Fluoroquinolones,17.92040487,34.736043734554904,20.49897604448513,92.17698767810298,38.740646927371614,30.62453520406196,21.47165775766632,50085.684,116.39661,98.65472,100.0
FRA,France,2011,Escherichia coli,Third-generation cephalosporins,8.17313362,34.736043734554904,20.49897604448513,92.17698767810298,38.740646927371614,30.62453520406196,21.47165775766632,50085.684,116.39661,98.65472,100.0
FRA,France,2011,Klebsiella pneumoniae,Carbapenems,0.0,34.736043734554904,20.49897604448513,92.17698767810298,38.740646927371614,30.62453520406196,21.47165775766632,50085.684,116.39661,98.65472,100.0
FRA,France,2011,Klebsiella pneumoniae,Fluoroquinolones,27.98573975,34.736043734554904,20.49897604448513,92.17698767810298,38.740646927371614,30.62453520406196,21.47165775766632,50085.684,116.39661,98.65472,100.0
FRA,France,2011,Klebsiella pneumoniae,Third-generation cephalosporins,25.3325272,34.736043734554904,20.49897604448513,92.17698767810298,38.740646927371614,30.62453520406196,21.47165775766632,50085.684,116.39661,98.65472,100.0
FRA,France,2011,Pseudomonas aeruginosa,Carbapenems,19.97533908,34.736043734554904,20.49897604448513,92.17698767810298,38.740646927371614,30.62453520406196,21.47165775766632,50085.684,116.39661,98.65472,100.0
FRA,France,2011,Staphylococcus aureus,Meticillin (MRSA),20.12298558,34.736043734554904,20.49897604448513,92.17698767810298,38.740646927371614,30.62453520406196,21.47165775766632,50085.684,116.39661,98.65472,100.0
FRA,France,2012,Acinetobacter spp.,Carbapenems,3.34190231,35.51821183203347,20.826562466453915,89.33858436664283,40.46744020310908,25.50012116452265,18.737993640850576,49935.625,116.989586,98.653946,100.0
FRA,France,2012,Enterococcus faecium,Aminopenicillins,78.68589743,35.51821183203347,20.826562466453915,89.33858436664283,40.46744020310908,25.50012116452265,18.737993640850576,49935.625,116.989586,98.653946,100.0
FRA,France,2012,Escherichia coli,Carbapenems,0.0,35.51821183203347,20.826562466453915,89.33858436664283,40.46744020310908,25.50012116452265,18.737993640850576,49935.625,116.989586,98.653946,100.0
FRA,France,2012,Escherichia coli,Fluoroquinolones,17.84582893,35.51821183203347,20.826562466453915,89.33858436664283,40.46744020310908,25.50012116452265,18.737993640850576,49935.625,116.989586,98.653946,100.0
FRA,France,2012,Escherichia coli,Third-generation cephalosporins,9.95503503,35.51821183203347,20.826562466453915,89.33858436664283,40.46744020310908,25.50012116452265,18.737993640850576,49935.625,116.989586,98.653946,100.0
FRA,France,2012,Klebsiella pneumoniae,Carbapenems,0.49170251,35.51821183203347,20.826562466453915,89.33858436664283,40.46744020310908,25.50012116452265,18.737993640850576,49935.625,116.989586,98.653946,100.0
FRA,France,2012,Klebsiella pneumoniae,Fluoroquinolones,24.42341809,35.51821183203347,20.826562466453915,89.33858436664283,40.46744020310908,25.50012116452265,18.737993640850576,49935.625,116.989586,98.653946,100.0
FRA,France,2012,Klebsiella pneumoniae,Third-generation cephalosporins,22.61835184,35.51821183203347,20.826562466453915,89.33858436664283,40.46744020310908,25.50012116452265,18.737993640850576,49935.625,116.989586,98.653946,100.0
FRA,France,2012,Pseudomonas aeruginosa,Carbapenems,18.00232288,35.51821183203347,20.826562466453915,89.33858436664283,40.46744020310908,25.50012116452265,18.737993640850576,49935.625,116.989586,98.653946,100.0
FRA,France,2012,Staphylococcus aureus,Meticillin (MRSA),19.18515684,35.51821183203347,20.826562466453915,89.33858436664283,40.46744020310908,25.50012116452265,18.737993640850576,49935.625,116.989586,98.653946,100.0
FRA,France,2013,Acinetobacter spp.,Carbapenems,5.91133004,34.586893040391,20.87738315996101,87.18693570776269,39.61456893380684,11.038491927271378,18.40349027746405,50066.53,117.59093,98.65317,100.0
FRA,France,2013,Enterococcus faecium,Aminopenicillins,77.39726027,34.586893040391,20.87738315996101,87.18693570776269,39.61456893380684,11.038491927271378,18.40349027746405,50066.53,117.59093,98.65317,100.0
FRA,France,2013,Escherichia coli,Carbapenems,0.11476264,34.586893040391,20.87738315996101,87.18693570776269,39.61456893380684,11.038491927271378,18.40349027746405,50066.53,117.59093,98.65317,100.0
FRA,France,2013,Escherichia coli,Fluoroquinolones,16.73453173,34.586893040391,20.87738315996101,87.18693570776269,39.61456893380684,11.038491927271378,18.40349027746405,50066.53,117.59093,98.65317,100.0
FRA,France,2013,Escherichia coli,Third-generation cephalosporins,9.52334055,34.586893040391,20.87738315996101,87.18693570776269,39.61456893380684,11.038491927271378,18.40349027746405,50066.53,117.59093,98.65317,100.0
FRA,France,2013,Klebsiella pneumoniae,Carbapenems,0.65146579,34.586893040391,20.87738315996101,87.18693570776269,39.61456893380684,11.038491927271378,18.40349027746405,50066.53,117.59093,98.65317,100.0
FRA,France,2013,Klebsiella pneumoniae,Fluoroquinolones,29.43632567,34.586893040391,20.87738315996101,87.18693570776269,39.61456893380684,11.038491927271378,18.40349027746405,50066.53,117.59093,98.65317,100.0
FRA,France,2013,Klebsiella pneumoniae,Third-generation cephalosporins,28.01857585,34.586893040391,20.87738315996101,87.18693570776269,39.61456893380684,11.038491927271378,18.40349027746405,50066.53,117.59093,98.65317,100.0
FRA,France,2013,Pseudomonas aeruginosa,Carbapenems,17.18582169,34.586893040391,20.87738315996101,87.18693570776269,39.61456893380684,11.038491927271378,18.40349027746405,50066.53,117.59093,98.65317,100.0
FRA,France,2013,Staphylococcus aureus,Meticillin (MRSA),17.0686798,34.586893040391,20.87738315996101,87.18693570776269,39.61456893380684,11.038491927271378,18.40349027746405,50066.53,117.59093,98.65317,100.0
FRA,France,2014,Acinetobacter spp.,Carbapenems,2.49376558,33.7568309418811,20.20750126864067,83.62618088146536,37.853187474144825,23.295719194045816,23.88131652349057,50326.566,118.14751,98.65238,100.0
FRA,France,2014,Enterococcus faecium,Aminopenicillins,76.19680851,33.7568309418811,20.20750126864067,83.62618088146536,37.853187474144825,23.295719194045816,23.88131652349057,50326.566,118.14751,98.65238,100.0
FRA,France,2014,Escherichia coli,Carbapenems,0.01031672,33.7568309418811,20.20750126864067,83.62618088146536,37.853187474144825,23.295719194045816,23.88131652349057,50326.566,118.14751,98.65238,100.0
FRA,France,2014,Escherichia coli,Fluoroquinolones,17.64820025,33.7568309418811,20.20750126864067,83.62618088146536,37.853187474144825,23.295719194045816,23.88131652349057,50326.566,118.14751,98.65238,100.0
FRA,France,2014,Escherichia coli,Third-generation cephalosporins,9.94298966,33.7568309418811,20.20750126864067,83.62618088146536,37.853187474144825,23.295719194045816,23.88131652349057,50326.566,118.14751,98.65238,100.0
FRA,France,2014,Klebsiella pneumoniae,Carbapenems,0.47551117,33.7568309418811,20.20750126864067,83.62618088146536,37.853187474144825,23.295719194045816,23.88131652349057,50326.566,118.14751,98.65238,100.0
FRA,France,2014,Klebsiella pneumoniae,Fluoroquinolones,30.98850574,33.7568309418811,20.20750126864067,83.62618088146536,37.853187474144825,23.295719194045816,23.88131652349057,50326.566,118.14751,98.65238,100.0
FRA,France,2014,Klebsiella pneumoniae,Third-generation cephalosporins,29.56204379,33.7568309418811,20.20750126864067,83.62618088146536,37.853187474144825,23.295719194045816,23.88131652349057,50326.566,118.14751,98.65238,100.0
FRA,France,2014,Pseudomonas aeruginosa,Carbapenems,18.70786516,33.7568309418811,20.20750126864067,83.62618088146536,37.853187474144825,23.295719194045816,23.88131652349057,50326.566,118.14751,98.65238,100.0
FRA,France,2014,Staphylococcus aureus,Meticillin (MRSA),17.3778264,33.7568309418811,20.20750126864067,83.62618088146536,37.853187474144825,23.295719194045816,23.88131652349057,50326.566,118.14751,98.65238,100.0
FRA,France,2015,Acinetobacter spp.,Carbapenems,5.60747663,36.45109256800002,21.63146160804111,91.914606172774,41.99842288955551,35.71282704337184,24.195052980954188,50682.895,118.55631,98.651596,100.0
FRA,France,2015,Enterococcus faecium,Aminopenicillins,79.09887359,36.45109256800002,21.63146160804111,91.914606172774,41.99842288955551,35.71282704337184,24.195052980954188,50682.895,118.55631,98.651596,100.0
FRA,France,2015,Escherichia coli,Carbapenems,0.02862322,36.45109256800002,21.63146160804111,91.914606172774,41.99842288955551,35.71282704337184,24.195052980954188,50682.895,118.55631,98.651596,100.0
FRA,France,2015,Escherichia coli,Fluoroquinolones,17.74868157,36.45109256800002,21.63146160804111,91.914606172774,41.99842288955551,35.71282704337184,24.195052980954188,50682.895,118.55631,98.651596,100.0
FRA,France,2015,Escherichia coli,Third-generation cephalosporins,10.97638222,36.45109256800002,21.63146160804111,91.914606172774,41.99842288955551,35.71282704337184,24.195052980954188,50682.895,118.55631,98.651596,100.0
FRA,France,2015,Klebsiella pneumoniae,Carbapenems,0.49019607,36.45109256800002,21.63146160804111,91.914606172774,41.99842288955551,35.71282704337184,24.195052980954188,50682.895,118.55631,98.651596,100.0
FRA,France,2015,Klebsiella pneumoniae,Fluoroquinolones,30.66037735,36.45109256800002,21.63146160804111,91.914606172774,41.99842288955551,35.71282704337184,24.195052980954188,50682.895,118.55631,98.651596,100.0
FRA,France,2015,Klebsiella pneumoniae,Third-generation cephalosporins,30.53892215,36.45109256800002,21.63146160804111,91.914606172774,41.99842288955551,35.71282704337184,24.195052980954188,50682.895,118.55631,98.651596,100.0
FRA,France,2015,Pseudomonas aeruginosa,Carbapenems,16.41558441,36.45109256800002,21.63146160804111,91.914606172774,41.99842288955551,35.71282704337184,24.195052980954188,50682.895,118.55631,98.651596,100.0
FRA,France,2015,Staphylococcus aureus,Meticillin (MRSA),15.71815718,36.45109256800002,21.63146160804111,91.914606172774,41.99842288955551,35.71282704337184,24.195052980954188,50682.895,118.55631,98.651596,100.0
FRA,France,2016,Acinetobacter spp.,Carbapenems,7.11111111,34.942825916635094,20.616049588890785,90.2574714981052,38.61009857126447,14.742185888108256,21.743743176718997,50984.074,118.86772,98.65081,100.0
FRA,France,2016,Enterococcus faecium,Aminopenicillins,78.00511508,34.942825916635094,20.616049588890785,90.2574714981052,38.61009857126447,14.742185888108256,21.743743176718997,50984.074,118.86772,98.65081,100.0
FRA,France,2016,Escherichia coli,Carbapenems,0.00914996,34.942825916635094,20.616049588890785,90.2574714981052,38.61009857126447,14.742185888108256,21.743743176718997,50984.074,118.86772,98.65081,100.0
FRA,France,2016,Escherichia coli,Fluoroquinolones,16.65629721,34.942825916635094,20.616049588890785,90.2574714981052,38.61009857126447,14.742185888108256,21.743743176718997,50984.074,118.86772,98.65081,100.0
FRA,France,2016,Escherichia coli,Third-generation cephalosporins,11.22602315,34.942825916635094,20.616049588890785,90.2574714981052,38.61009857126447,14.742185888108256,21.743743176718997,50984.074,118.86772,98.65081,100.0
FRA,France,2016,Klebsiella pneumoniae,Carbapenems,0.39556962,34.942825916635094,20.616049588890785,90.2574714981052,38.61009857126447,14.742185888108256,21.743743176718997,50984.074,118.86772,98.65081,100.0
FRA,France,2016,Klebsiella pneumoniae,Fluoroquinolones,27.65546543,34.942825916635094,20.616049588890785,90.2574714981052,38.61009857126447,14.742185888108256,21.743743176718997,50984.074,118.86772,98.65081,100.0
FRA,France,2016,Klebsiella pneumoniae,Third-generation cephalosporins,28.87947631,34.942825916635094,20.616049588890785,90.2574714981052,38.61009857126447,14.742185888108256,21.743743176718997,50984.074,118.86772,98.65081,100.0
FRA,France,2016,Pseudomonas aeruginosa,Carbapenems,15.59959349,34.942825916635094,20.616049588890785,90.2574714981052,38.61009857126447,14.742185888108256,21.743743176718997,50984.074,118.86772,98.65081,100.0
FRA,France,2016,Staphylococcus aureus,Meticillin (MRSA),13.76837576,34.942825916635094,20.616049588890785,90.2574714981052,38.61009857126447,14.742185888108256,21.743743176718997,50984.074,118.86772,98.65081,100.0
FRA,France,2017,Acinetobacter spp.,Carbapenems,6.18336886,35.09261222239193,20.933383168308172,64.94807393838784,39.09562403663787,21.977931433858544,20.161568743272987,51895.566,119.22919,98.65001,100.0
FRA,France,2017,Enterococcus faecium,Aminopenicillins,81.28342245,35.09261222239193,20.933383168308172,64.94807393838784,39.09562403663787,21.977931433858544,20.161568743272987,51895.566,119.22919,98.65001,100.0
FRA,France,2017,Escherichia coli,Carbapenems,0.01557268,35.09261222239193,20.933383168308172,64.94807393838784,39.09562403663787,21.977931433858544,20.161568743272987,51895.566,119.22919,98.65001,100.0
FRA,France,2017,Escherichia coli,Fluoroquinolones,15.0210084,35.09261222239193,20.933383168308172,64.94807393838784,39.09562403663787,21.977931433858544,20.161568743272987,51895.566,119.22919,98.65001,100.0
FRA,France,2017,Escherichia coli,Third-generation cephalosporins,10.22318753,35.09261222239193,20.933383168308172,64.94807393838784,39.09562403663787,21.977931433858544,20.161568743272987,51895.566,119.22919,98.65001,100.0
FRA,France,2017,Klebsiella pneumoniae,Carbapenems,0.67687923,35.09261222239193,20.933383168308172,64.94807393838784,39.09562403663787,21.977931433858544,20.161568743272987,51895.566,119.22919,98.65001,100.0
FRA,France,2017,Klebsiella pneumoniae,Fluoroquinolones,26.78447678,35.09261222239193,20.933383168308172,64.94807393838784,39.09562403663787,21.977931433858544,20.161568743272987,51895.566,119.22919,98.65001,100.0
FRA,France,2017,Klebsiella pneumoniae,Third-generation cephalosporins,28.83817427,35.09261222239193,20.933383168308172,64.94807393838784,39.09562403663787,21.977931433858544,20.161568743272987,51895.566,119.22919,98.65001,100.0
FRA,France,2017,Pseudomonas aeruginosa,Carbapenems,13.91812865,35.09261222239193,20.933383168308172,64.94807393838784,39.09562403663787,21.977931433858544,20.161568743272987,51895.566,119.22919,98.65001,100.0
FRA,France,2017,Staphylococcus aureus,Meticillin (MRSA),12.9171817,35.09261222239193,20.933383168308172,64.94807393838784,39.09562403663787,21.977931433858544,20.161568743272987,51895.566,119.22919,98.65001,100.0
FRA,France,2018,Acinetobacter spp.,Carbapenems,6.53061224,34.756979706823735,21.1172085870728,107.48500489279076,40.69775599341016,30.092951450755223,26.880337437411526,52560.953,119.65793,98.649216,100.0
FRA,France,2018,Enterococcus faecium,Aminopenicillins,79.40528634,34.756979706823735,21.1172085870728,107.48500489279076,40.69775599341016,30.092951450755223,26.880337437411526,52560.953,119.65793,98.649216,100.0
FRA,France,2018,Escherichia coli,Carbapenems,0.04839099,34.756979706823735,21.1172085870728,107.48500489279076,40.69775599341016,30.092951450755223,26.880337437411526,52560.953,119.65793,98.649216,100.0
FRA,France,2018,Escherichia coli,Fluoroquinolones,16.32243028,34.756979706823735,21.1172085870728,107.48500489279076,40.69775599341016,30.092951450755223,26.880337437411526,52560.953,119.65793,98.649216,100.0
FRA,France,2018,Escherichia coli,Third-generation cephalosporins,9.59251625,34.756979706823735,21.1172085870728,107.48500489279076,40.69775599341016,30.092951450755223,26.880337437411526,52560.953,119.65793,98.649216,100.0
FRA,France,2018,Klebsiella pneumoniae,Carbapenems,0.50033355,34.756979706823735,21.1172085870728,107.48500489279076,40.69775599341016,30.092951450755223,26.880337437411526,52560.953,119.65793,98.649216,100.0
FRA,France,2018,Klebsiella pneumoniae,Fluoroquinolones,30.43043043,34.756979706823735,21.1172085870728,107.48500489279076,40.69775599341016,30.092951450755223,26.880337437411526,52560.953,119.65793,98.649216,100.0
FRA,France,2018,Klebsiella pneumoniae,Third-generation cephalosporins,30.76162215,34.756979706823735,21.1172085870728,107.48500489279076,40.69775599341016,30.092951450755223,26.880337437411526,52560.953,119.65793,98.649216,100.0
FRA,France,2018,Pseudomonas aeruginosa,Carbapenems,15.98101265,34.756979706823735,21.1172085870728,107.48500489279076,40.69775599341016,30.092951450755223,26.880337437411526,52560.953,119.65793,98.649216,100.0
FRA,France,2018,Staphylococcus aureus,Meticillin (MRSA),12.11067651,34.756979706823735,21.1172085870728,107.48500489279076,40.69775599341016,30.092951450755223,26.880337437411526,52560.953,119.65793,98.649216,100.0
GBR,United Kingdom,2000,Staphylococcus aureus,Meticillin (MRSA),41.43763213,27.33337073493877,16.717220964990087,8.866270678158127,0.0532150937672946,7.763476899970708,18.232389877064023,43115.562,244.10918,99.12999,100.0
GBR,United Kingdom,2001,Escherichia coli,Fluoroquinolones,6.20408163,27.48121891573141,17.66432854134831,11.659756637508847,0.1449500302594265,4.082418812793801,15.934555299494958,43976.84,245.06302,99.12955,100.0
GBR,United Kingdom,2001,Escherichia coli,Third-generation cephalosporins,1.21317157,27.48121891573141,17.66432854134831,11.659756637508847,0.1449500302594265,4.082418812793801,15.934555299494958,43976.84,245.06302,99.12955,100.0
GBR,United Kingdom,2001,Staphylococcus aureus,Meticillin (MRSA),47.25738396,27.48121891573141,17.66432854134831,11.659756637508847,0.1449500302594265,4.082418812793801,15.934555299494958,43976.84,245.06302,99.12955,100.0
GBR,United Kingdom,2002,Escherichia coli,Fluoroquinolones,7.34528629,26.693379879532547,17.27756545448589,9.371927544599249,0.1315609984847581,13.869898925798264,19.37044613850551,44539.465,246.1074,99.12825,100.0
GBR,United Kingdom,2002,Escherichia coli,Third-generation cephalosporins,2.05519671,26.693379879532547,17.27756545448589,9.371927544599249,0.1315609984847581,13.869898925798264,19.37044613850551,44539.465,246.1074,99.12825,100.0
GBR,United Kingdom,2002,Staphylococcus aureus,Meticillin (MRSA),46.66246851,26.693379879532547,17.27756545448589,9.371927544599249,0.1315609984847581,13.869898925798264,19.37044613850551,44539.465,246.1074,99.12825,100.0
GBR,United Kingdom,2003,Escherichia coli,Fluoroquinolones,11.27783155,30.260944113990107,18.43844458005869,20.86038329234365,0.6604188627115256,18.45162304847425,18.432537931652018,45759.402,247.2632,99.12697,100.0
GBR,United Kingdom,2003,Escherichia coli,Third-generation cephalosporins,3.27056491,30.260944113990107,18.43844458005869,20.86038329234365,0.6604188627115256,18.45162304847425,18.432537931652018,45759.402,247.2632,99.12697,100.0
GBR,United Kingdom,2003,Staphylococcus aureus,Meticillin (MRSA),44.01588201,30.260944113990107,18.43844458005869,20.86038329234365,0.6604188627115256,18.45162304847425,18.432537931652018,45759.402,247.2632,99.12697,100.0
GBR,United Kingdom,2004,Escherichia coli,Fluoroquinolones,14.16962925,27.1343507314776,17.94528914200127,10.946353729380036,0.1802632828044531,8.35046891254427,16.100083586275453,46558.13,248.70816,99.1257,100.0
GBR,United Kingdom,2004,Escherichia coli,Third-generation cephalosporins,3.20378151,27.1343507314776,17.94528914200127,10.946353729380036,0.1802632828044531,8.35046891254427,16.100083586275453,46558.13,248.70816,99.1257,100.0
GBR,United Kingdom,2004,Staphylococcus aureus,Meticillin (MRSA),43.64811691,27.1343507314776,17.94528914200127,10.946353729380036,0.1802632828044531,8.35046891254427,16.100083586275453,46558.13,248.70816,99.1257,100.0
GBR,United Kingdom,2005,Enterococcus faecium,Aminopenicillins,83.96226415,28.406409961378387,17.298718448146257,14.561175364041022,0.1288835665391864,16.411748482142247,18.0498281616069,47529.938,250.46959,99.12444,100.0
GBR,United Kingdom,2005,Escherichia coli,Fluoroquinolones,16.83121767,28.406409961378387,17.298718448146257,14.561175364041022,0.1288835665391864,16.411748482142247,18.0498281616069,47529.938,250.46959,99.12444,100.0
GBR,United Kingdom,2005,Escherichia coli,Third-generation cephalosporins,6.28964059,28.406409961378387,17.298718448146257,14.561175364041022,0.1288835665391864,16.411748482142247,18.0498281616069,47529.938,250.46959,99.12444,100.0
GBR,United Kingdom,2005,Klebsiella pneumoniae,Carbapenems,0.0,28.406409961378387,17.298718448146257,14.561175364041022,0.1288835665391864,16.411748482142247,18.0498281616069,47529.938,250.46959,99.12444,100.0
GBR,United Kingdom,2005,Klebsiella pneumoniae,Fluoroquinolones,12.09677419,28.406409961378387,17.298718448146257,14.561175364041022,0.1288835665391864,16.411748482142247,18.0498281616069,47529.938,250.46959,99.12444,100.0
GBR,United Kingdom,2005,Klebsiella pneumoniae,Third-generation cephalosporins,12.33333333,28.406409961378387,17.298718448146257,14.561175364041022,0.1288835665391864,16.411748482142247,18.0498281616069,47529.938,250.46959,99.12444,100.0
GBR,United Kingdom,2005,Pseudomonas aeruginosa,Carbapenems,9.21787709,28.406409961378387,17.298718448146257,14.561175364041022,0.1288835665391864,16.411748482142247,18.0498281616069,47529.938,250.46959,99.12444,100.0
GBR,United Kingdom,2005,Staphylococcus aureus,Meticillin (MRSA),42.95437358,28.406409961378387,17.298718448146257,14.561175364041022,0.1288835665391864,16.411748482142247,18.0498281616069,47529.938,250.46959,99.12444,100.0
GBR,United Kingdom,2006,Enterococcus faecium,Aminopenicillins,77.57575757,30.36398717733843,18.50580207594503,22.19065539424986,0.4629012118944748,23.92364001220596,22.62622990451748,48215.047,252.35023,99.1232,100.0
GBR,United Kingdom,2006,Escherichia coli,Carbapenems,0.20422055,30.36398717733843,18.50580207594503,22.19065539424986,0.4629012118944748,23.92364001220596,22.62622990451748,48215.047,252.35023,99.1232,100.0
GBR,United Kingdom,2006,Escherichia coli,Fluoroquinolones,19.90719257,30.36398717733843,18.50580207594503,22.19065539424986,0.4629012118944748,23.92364001220596,22.62622990451748,48215.047,252.35023,99.1232,100.0
GBR,United Kingdom,2006,Escherichia coli,Third-generation cephalosporins,7.67494356,30.36398717733843,18.50580207594503,22.19065539424986,0.4629012118944748,23.92364001220596,22.62622990451748,48215.047,252.35023,99.1232,100.0
GBR,United Kingdom,2006,Klebsiella pneumoniae,Carbapenems,0.34965034,30.36398717733843,18.50580207594503,22.19065539424986,0.4629012118944748,23.92364001220596,22.62622990451748,48215.047,252.35023,99.1232,100.0
GBR,United Kingdom,2006,Klebsiella pneumoniae,Fluoroquinolones,12.59842519,30.36398717733843,18.50580207594503,22.19065539424986,0.4629012118944748,23.92364001220596,22.62622990451748,48215.047,252.35023,99.1232,100.0
GBR,United Kingdom,2006,Klebsiella pneumoniae,Third-generation cephalosporins,11.14864864,30.36398717733843,18.50580207594503,22.19065539424986,0.4629012118944748,23.92364001220596,22.62622990451748,48215.047,252.35023,99.1232,100.0
GBR,United Kingdom,2006,Pseudomonas aeruginosa,Carbapenems,6.20155038,30.36398717733843,18.50580207594503,22.19065539424986,0.4629012118944748,23.92364001220596,22.62622990451748,48215.047,252.35023,99.1232,100.0
GBR,United Kingdom,2006,Staphylococcus aureus,Meticillin (MRSA),42.075,30.36398717733843,18.50580207594503,22.19065539424986,0.4629012118944748,23.92364001220596,22.62622990451748,48215.047,252.35023,99.1232,100.0
GBR,United Kingdom,2007,Enterococcus faecium,Aminopenicillins,82.08955223,25.841319954160365,16.438789020538223,7.9461998866718,0.0430735036473897,20.434721987181835,18.860071564087672,49243.25,254.35399,99.12197,100.0
GBR,United Kingdom,2007,Escherichia coli,Carbapenems,0.06480881,25.841319954160365,16.438789020538223,7.9461998866718,0.0430735036473897,20.434721987181835,18.860071564087672,49243.25,254.35399,99.12197,100.0
GBR,United Kingdom,2007,Escherichia coli,Fluoroquinolones,17.89719626,25.841319954160365,16.438789020538223,7.9461998866718,0.0430735036473897,20.434721987181835,18.860071564087672,49243.25,254.35399,99.12197,100.0
GBR,United Kingdom,2007,Escherichia coli,Third-generation cephalosporins,9.40919037,25.841319954160365,16.438789020538223,7.9461998866718,0.0430735036473897,20.434721987181835,18.860071564087672,49243.25,254.35399,99.12197,100.0
GBR,United Kingdom,2007,Klebsiella pneumoniae,Carbapenems,0.33112582,25.841319954160365,16.438789020538223,7.9461998866718,0.0430735036473897,20.434721987181835,18.860071564087672,49243.25,254.35399,99.12197,100.0
GBR,United Kingdom,2007,Klebsiella pneumoniae,Fluoroquinolones,11.84971098,25.841319954160365,16.438789020538223,7.9461998866718,0.0430735036473897,20.434721987181835,18.860071564087672,49243.25,254.35399,99.12197,100.0
GBR,United Kingdom,2007,Klebsiella pneumoniae,Third-generation cephalosporins,12.53822629,25.841319954160365,16.438789020538223,7.9461998866718,0.0430735036473897,20.434721987181835,18.860071564087672,49243.25,254.35399,99.12197,100.0
GBR,United Kingdom,2007,Pseudomonas aeruginosa,Carbapenems,9.96168582,25.841319954160365,16.438789020538223,7.9461998866718,0.0430735036473897,20.434721987181835,18.860071564087672,49243.25,254.35399,99.12197,100.0
GBR,United Kingdom,2007,Staphylococcus aureus,Meticillin (MRSA),35.60590313,25.841319954160365,16.438789020538223,7.9461998866718,0.0430735036473897,20.434721987181835,18.860071564087672,49243.25,254.35399,99.12197,100.0
GBR,United Kingdom,2008,Enterococcus faecium,Aminopenicillins,82.92682926,26.617538508252235,17.024103016215008,10.237499171806975,0.0431527586836583,12.107414161516964,15.867704922305371,48833.07,256.38535,99.12076,100.0
GBR,United Kingdom,2008,Escherichia coli,Carbapenems,0.13927576,26.617538508252235,17.024103016215008,10.237499171806975,0.0431527586836583,12.107414161516964,15.867704922305371,48833.07,256.38535,99.12076,100.0
GBR,United Kingdom,2008,Escherichia coli,Fluoroquinolones,15.10548523,26.617538508252235,17.024103016215008,10.237499171806975,0.0431527586836583,12.107414161516964,15.867704922305371,48833.07,256.38535,99.12076,100.0
GBR,United Kingdom,2008,Escherichia coli,Third-generation cephalosporins,6.93114455,26.617538508252235,17.024103016215008,10.237499171806975,0.0431527586836583,12.107414161516964,15.867704922305371,48833.07,256.38535,99.12076,100.0
GBR,United Kingdom,2008,Klebsiella pneumoniae,Carbapenems,1.23966942,26.617538508252235,17.024103016215008,10.237499171806975,0.0431527586836583,12.107414161516964,15.867704922305371,48833.07,256.38535,99.12076,100.0
GBR,United Kingdom,2008,Klebsiella pneumoniae,Fluoroquinolones,7.01219512,26.617538508252235,17.024103016215008,10.237499171806975,0.0431527586836583,12.107414161516964,15.867704922305371,48833.07,256.38535,99.12076,100.0
GBR,United Kingdom,2008,Klebsiella pneumoniae,Third-generation cephalosporins,6.71140939,26.617538508252235,17.024103016215008,10.237499171806975,0.0431527586836583,12.107414161516964,15.867704922305371,48833.07,256.38535,99.12076,100.0
GBR,United Kingdom,2008,Pseudomonas aeruginosa,Carbapenems,6.37450199,26.617538508252235,17.024103016215008,10.237499171806975,0.0431527586836583,12.107414161516964,15.867704922305371,48833.07,256.38535,99.12076,100.0
GBR,United Kingdom,2008,Staphylococcus aureus,Meticillin (MRSA),30.71641791,26.617538508252235,17.024103016215008,10.237499171806975,0.0431527586836583,12.107414161516964,15.867704922305371,48833.07,256.38535,99.12076,100.0
GBR,United Kingdom,2009,Enterococcus faecium,Aminopenicillins,90.58823529,28.12018503782679,17.3196516189969,12.413953110293525,0.0645788178646134,10.3458138951316,15.669483479903056,46241.805,258.3649,99.11955,100.0
GBR,United Kingdom,2009,Escherichia coli,Carbapenems,0.02891008,28.12018503782679,17.3196516189969,12.413953110293525,0.0645788178646134,10.3458138951316,15.669483479903056,46241.805,258.3649,99.11955,100.0
GBR,United Kingdom,2009,Escherichia coli,Fluoroquinolones,18.03874092,28.12018503782679,17.3196516189969,12.413953110293525,0.0645788178646134,10.3458138951316,15.669483479903056,46241.805,258.3649,99.11955,100.0
GBR,United Kingdom,2009,Escherichia coli,Third-generation cephalosporins,9.35835658,28.12018503782679,17.3196516189969,12.413953110293525,0.0645788178646134,10.3458138951316,15.669483479903056,46241.805,258.3649,99.11955,100.0
GBR,United Kingdom,2009,Klebsiella pneumoniae,Carbapenems,0.16920473,28.12018503782679,17.3196516189969,12.413953110293525,0.0645788178646134,10.3458138951316,15.669483479903056,46241.805,258.3649,99.11955,100.0
GBR,United Kingdom,2009,Klebsiella pneumoniae,Fluoroquinolones,5.75757575,28.12018503782679,17.3196516189969,12.413953110293525,0.0645788178646134,10.3458138951316,15.669483479903056,46241.805,258.3649,99.11955,100.0
GBR,United Kingdom,2009,Klebsiella pneumoniae,Third-generation cephalosporins,7.17557251,28.12018503782679,17.3196516189969,12.413953110293525,0.0645788178646134,10.3458138951316,15.669483479903056,46241.805,258.3649,99.11955,100.0
GBR,United Kingdom,2009,Pseudomonas aeruginosa,Carbapenems,8.07086614,28.12018503782679,17.3196516189969,12.413953110293525,0.0645788178646134,10.3458138951316,15.669483479903056,46241.805,258.3649,99.11955,100.0
GBR,United Kingdom,2009,Staphylococcus aureus,Meticillin (MRSA),27.81824488,28.12018503782679,17.3196516189969,12.413953110293525,0.0645788178646134,10.3458138951316,15.669483479903056,46241.805,258.3649,99.11955,100.0
GBR,United Kingdom,2010,Enterococcus faecium,Aminopenicillins,84.38818565,26.659290576009216,17.150420691848595,11.412992959422956,0.1767319674080129,3.4385043810406963,11.483198024444588,46917.89,260.4327,99.11837,100.0
GBR,United Kingdom,2010,Escherichia coli,Carbapenems,0.02484472,26.659290576009216,17.150420691848595,11.412992959422956,0.1767319674080129,3.4385043810406963,11.483198024444588,46917.89,260.4327,99.11837,100.0
GBR,United Kingdom,2010,Escherichia coli,Fluoroquinolones,17.30010384,26.659290576009216,17.150420691848595,11.412992959422956,0.1767319674080129,3.4385043810406963,11.483198024444588,46917.89,260.4327,99.11837,100.0
GBR,United Kingdom,2010,Escherichia coli,Third-generation cephalosporins,8.97294919,26.659290576009216,17.150420691848595,11.412992959422956,0.1767319674080129,3.4385043810406963,11.483198024444588,46917.89,260.4327,99.11837,100.0
GBR,United Kingdom,2010,Klebsiella pneumoniae,Carbapenems,0.14771048,26.659290576009216,17.150420691848595,11.412992959422956,0.1767319674080129,3.4385043810406963,11.483198024444588,46917.89,260.4327,99.11837,100.0
GBR,United Kingdom,2010,Klebsiella pneumoniae,Fluoroquinolones,7.421875,26.659290576009216,17.150420691848595,11.412992959422956,0.1767319674080129,3.4385043810406963,11.483198024444588,46917.89,260.4327,99.11837,100.0
GBR,United Kingdom,2010,Klebsiella pneumoniae,Third-generation cephalosporins,9.69044414,26.659290576009216,17.150420691848595,11.412992959422956,0.1767319674080129,3.4385043810406963,11.483198024444588,46917.89,260.4327,99.11837,100.0
GBR,United Kingdom,2010,Pseudomonas aeruginosa,Carbapenems,6.49087221,26.659290576009216,17.150420691848595,11.412992959422956,0.1767319674080129,3.4385043810406963,11.483198024444588,46917.89,260.4327,99.11837,100.0
GBR,United Kingdom,2010,Staphylococcus aureus,Meticillin (MRSA),21.57228017,26.659290576009216,17.150420691848595,11.412992959422956,0.1767319674080129,3.4385043810406963,11.483198024444588,46917.89,260.4327,99.11837,100.0
GBR,United Kingdom,2011,Enterococcus faecium,Aminopenicillins,89.22558922,26.90881315847581,16.953762917041264,11.29452735449695,0.0837011629784733,18.35901475035068,18.03012961031499,46949.02,262.511,99.11719,100.0
GBR,United Kingdom,2011,Escherichia coli,Carbapenems,0.06465517,26.90881315847581,16.953762917041264,11.29452735449695,0.0837011629784733,18.35901475035068,18.03012961031499,46949.02,262.511,99.11719,100.0
GBR,United Kingdom,2011,Escherichia coli,Fluoroquinolones,17.54133716,26.90881315847581,16.953762917041264,11.29452735449695,0.0837011629784733,18.35901475035068,18.03012961031499,46949.02,262.511,99.11719,100.0
GBR,United Kingdom,2011,Escherichia coli,Third-generation cephalosporins,9.62948668,26.90881315847581,16.953762917041264,11.29452735449695,0.0837011629784733,18.35901475035068,18.03012961031499,46949.02,262.511,99.11719,100.0
GBR,United Kingdom,2011,Klebsiella pneumoniae,Carbapenems,0.36363636,26.90881315847581,16.953762917041264,11.29452735449695,0.0837011629784733,18.35901475035068,18.03012961031499,46949.02,262.511,99.11719,100.0
GBR,United Kingdom,2011,Klebsiella pneumoniae,Fluoroquinolones,4.56852791,26.90881315847581,16.953762917041264,11.29452735449695,0.0837011629784733,18.35901475035068,18.03012961031499,46949.02,262.511,99.11719,100.0
GBR,United Kingdom,2011,Klebsiella pneumoniae,Third-generation cephalosporins,5.34759358,26.90881315847581,16.953762917041264,11.29452735449695,0.0837011629784733,18.35901475035068,18.03012961031499,46949.02,262.511,99.11719,100.0
GBR,United Kingdom,2011,Pseudomonas aeruginosa,Carbapenems,5.55555555,26.90881315847581,16.953762917041264,11.29452735449695,0.0837011629784733,18.35901475035068,18.03012961031499,46949.02,262.511,99.11719,100.0
GBR,United Kingdom,2011,Staphylococcus aureus,Meticillin (MRSA),13.64436619,26.90881315847581,16.953762917041264,11.29452735449695,0.0837011629784733,18.35901475035068,18.03012961031499,46949.02,262.511,99.11719,100.0
GBR,United Kingdom,2012,Acinetobacter spp.,Carbapenems,2.5,27.362883911846748,17.125324864377045,11.280786235788922,0.1248773329682307,14.073723860197278,15.558735006278724,47328.21,264.376,99.11602,100.0
GBR,United Kingdom,2012,Enterococcus faecium,Aminopenicillins,93.08357348,27.362883911846748,17.125324864377045,11.280786235788922,0.1248773329682307,14.073723860197278,15.558735006278724,47328.21,264.376,99.11602,100.0
GBR,United Kingdom,2012,Escherichia coli,Carbapenems,0.21227325,27.362883911846748,17.125324864377045,11.280786235788922,0.1248773329682307,14.073723860197278,15.558735006278724,47328.21,264.376,99.11602,100.0
GBR,United Kingdom,2012,Escherichia coli,Fluoroquinolones,16.56785771,27.362883911846748,17.125324864377045,11.280786235788922,0.1248773329682307,14.073723860197278,15.558735006278724,47328.21,264.376,99.11602,100.0
GBR,United Kingdom,2012,Escherichia coli,Third-generation cephalosporins,13.13791276,27.362883911846748,17.125324864377045,11.280786235788922,0.1248773329682307,14.073723860197278,15.558735006278724,47328.21,264.376,99.11602,100.0
GBR,United Kingdom,2012,Klebsiella pneumoniae,Carbapenems,0.45045045,27.362883911846748,17.125324864377045,11.280786235788922,0.1248773329682307,14.073723860197278,15.558735006278724,47328.21,264.376,99.11602,100.0
GBR,United Kingdom,2012,Klebsiella pneumoniae,Fluoroquinolones,7.43243243,27.362883911846748,17.125324864377045,11.280786235788922,0.1248773329682307,14.073723860197278,15.558735006278724,47328.21,264.376,99.11602,100.0
GBR,United Kingdom,2012,Klebsiella pneumoniae,Third-generation cephalosporins,11.81525241,27.362883911846748,17.125324864377045,11.280786235788922,0.1248773329682307,14.073723860197278,15.558735006278724,47328.21,264.376,99.11602,100.0
GBR,United Kingdom,2012,Pseudomonas aeruginosa,Carbapenems,6.30182421,27.362883911846748,17.125324864377045,11.280786235788922,0.1248773329682307,14.073723860197278,15.558735006278724,47328.21,264.376,99.11602,100.0
GBR,United Kingdom,2012,Staphylococcus aureus,Meticillin (MRSA),14.16292974,27.362883911846748,17.125324864377045,11.280786235788922,0.1248773329682307,14.073723860197278,15.558735006278724,47328.21,264.376,99.11602,100.0
GBR,United Kingdom,2013,Acinetobacter spp.,Carbapenems,2.01342281,29.02657124022258,17.491539858909018,15.031090570730072,0.1508082893261163,6.831876307714905,14.527054430344172,47820.28,266.14883,99.11486,100.0
GBR,United Kingdom,2013,Enterococcus faecium,Aminopenicillins,92.09302325,29.02657124022258,17.491539858909018,15.031090570730072,0.1508082893261163,6.831876307714905,14.527054430344172,47820.28,266.14883,99.11486,100.0
GBR,United Kingdom,2013,Escherichia coli,Carbapenems,0.04799232,29.02657124022258,17.491539858909018,15.031090570730072,0.1508082893261163,6.831876307714905,14.527054430344172,47820.28,266.14883,99.11486,100.0
GBR,United Kingdom,2013,Escherichia coli,Fluoroquinolones,16.30465847,29.02657124022258,17.491539858909018,15.031090570730072,0.1508082893261163,6.831876307714905,14.527054430344172,47820.28,266.14883,99.11486,100.0
GBR,United Kingdom,2013,Escherichia coli,Third-generation cephalosporins,14.71302763,29.02657124022258,17.491539858909018,15.031090570730072,0.1508082893261163,6.831876307714905,14.527054430344172,47820.28,266.14883,99.11486,100.0
GBR,United Kingdom,2013,Klebsiella pneumoniae,Carbapenems,0.47573739,29.02657124022258,17.491539858909018,15.031090570730072,0.1508082893261163,6.831876307714905,14.527054430344172,47820.28,266.14883,99.11486,100.0
GBR,United Kingdom,2013,Klebsiella pneumoniae,Fluoroquinolones,8.65800865,29.02657124022258,17.491539858909018,15.031090570730072,0.1508082893261163,6.831876307714905,14.527054430344172,47820.28,266.14883,99.11486,100.0
GBR,United Kingdom,2013,Klebsiella pneumoniae,Third-generation cephalosporins,13.64902506,29.02657124022258,17.491539858909018,15.031090570730072,0.1508082893261163,6.831876307714905,14.527054430344172,47820.28,266.14883,99.11486,100.0
GBR,United Kingdom,2013,Pseudomonas aeruginosa,Carbapenems,5.21609538,29.02657124022258,17.491539858909018,15.031090570730072,0.1508082893261163,6.831876307714905,14.527054430344172,47820.28,266.14883,99.11486,100.0
GBR,United Kingdom,2013,Staphylococcus aureus,Meticillin (MRSA),13.88757675,29.02657124022258,17.491539858909018,15.031090570730072,0.1508082893261163,6.831876307714905,14.527054430344172,47820.28,266.14883,99.11486,100.0
GBR,United Kingdom,2014,Acinetobacter spp.,Carbapenems,1.66666666,27.97282567043754,17.49599142195684,11.991023553092496,0.1254954226524158,15.422588631228498,22.47780647925909,48964.285,268.11853,99.11371,100.0
GBR,United Kingdom,2014,Enterococcus faecium,Aminopenicillins,92.5,27.97282567043754,17.49599142195684,11.991023553092496,0.1254954226524158,15.422588631228498,22.47780647925909,48964.285,268.11853,99.11371,100.0
GBR,United Kingdom,2014,Escherichia coli,Carbapenems,0.14135385,27.97282567043754,17.49599142195684,11.991023553092496,0.1254954226524158,15.422588631228498,22.47780647925909,48964.285,268.11853,99.11371,100.0
GBR,United Kingdom,2014,Escherichia coli,Fluoroquinolones,16.81837884,27.97282567043754,17.49599142195684,11.991023553092496,0.1254954226524158,15.422588631228498,22.47780647925909,48964.285,268.11853,99.11371,100.0
GBR,United Kingdom,2014,Escherichia coli,Third-generation cephalosporins,10.31988426,27.97282567043754,17.49599142195684,11.991023553092496,0.1254954226524158,15.422588631228498,22.47780647925909,48964.285,268.11853,99.11371,100.0
GBR,United Kingdom,2014,Klebsiella pneumoniae,Carbapenems,0.84190832,27.97282567043754,17.49599142195684,11.991023553092496,0.1254954226524158,15.422588631228498,22.47780647925909,48964.285,268.11853,99.11371,100.0
GBR,United Kingdom,2014,Klebsiella pneumoniae,Fluoroquinolones,7.69911504,27.97282567043754,17.49599142195684,11.991023553092496,0.1254954226524158,15.422588631228498,22.47780647925909,48964.285,268.11853,99.11371,100.0
GBR,United Kingdom,2014,Klebsiella pneumoniae,Third-generation cephalosporins,9.30470347,27.97282567043754,17.49599142195684,11.991023553092496,0.1254954226524158,15.422588631228498,22.47780647925909,48964.285,268.11853,99.11371,100.0
GBR,United Kingdom,2014,Pseudomonas aeruginosa,Carbapenems,6.27118644,27.97282567043754,17.49599142195684,11.991023553092496,0.1254954226524158,15.422588631228498,22.47780647925909,48964.285,268.11853,99.11371,100.0
GBR,United Kingdom,2014,Staphylococcus aureus,Meticillin (MRSA),11.29166666,27.97282567043754,17.49599142195684,11.991023553092496,0.1254954226524158,15.422588631228498,22.47780647925909,48964.285,268.11853,99.11371,100.0
GBR,United Kingdom,2015,Acinetobacter spp.,Carbapenems,0.75757575,28.734020167719063,17.270756830005812,11.55059777876193,0.294842088184266,20.65194945436899,17.20213066894109,49652.72,270.25217,99.112564,100.0
GBR,United Kingdom,2015,Enterococcus faecium,Aminopenicillins,82.10862619,28.734020167719063,17.270756830005812,11.55059777876193,0.294842088184266,20.65194945436899,17.20213066894109,49652.72,270.25217,99.112564,100.0
GBR,United Kingdom,2015,Escherichia coli,Carbapenems,0.25468437,28.734020167719063,17.270756830005812,11.55059777876193,0.294842088184266,20.65194945436899,17.20213066894109,49652.72,270.25217,99.112564,100.0
GBR,United Kingdom,2015,Escherichia coli,Fluoroquinolones,15.64005505,28.734020167719063,17.270756830005812,11.55059777876193,0.294842088184266,20.65194945436899,17.20213066894109,49652.72,270.25217,99.112564,100.0
GBR,United Kingdom,2015,Escherichia coli,Third-generation cephalosporins,11.25943122,28.734020167719063,17.270756830005812,11.55059777876193,0.294842088184266,20.65194945436899,17.20213066894109,49652.72,270.25217,99.112564,100.0
GBR,United Kingdom,2015,Klebsiella pneumoniae,Carbapenems,0.41580041,28.734020167719063,17.270756830005812,11.55059777876193,0.294842088184266,20.65194945436899,17.20213066894109,49652.72,270.25217,99.112564,100.0
GBR,United Kingdom,2015,Klebsiella pneumoniae,Fluoroquinolones,13.25420375,28.734020167719063,17.270756830005812,11.55059777876193,0.294842088184266,20.65194945436899,17.20213066894109,49652.72,270.25217,99.112564,100.0
GBR,United Kingdom,2015,Klebsiella pneumoniae,Third-generation cephalosporins,10.48034934,28.734020167719063,17.270756830005812,11.55059777876193,0.294842088184266,20.65194945436899,17.20213066894109,49652.72,270.25217,99.112564,100.0
GBR,United Kingdom,2015,Pseudomonas aeruginosa,Carbapenems,2.40480961,28.734020167719063,17.270756830005812,11.55059777876193,0.294842088184266,20.65194945436899,17.20213066894109,49652.72,270.25217,99.112564,100.0
GBR,United Kingdom,2015,Staphylococcus aureus,Meticillin (MRSA),10.73630758,28.734020167719063,17.270756830005812,11.55059777876193,0.294842088184266,20.65194945436899,17.20213066894109,49652.72,270.25217,99.112564,100.0
GBR,United Kingdom,2016,Acinetobacter spp.,Carbapenems,1.54109589,28.78882283051073,17.896252841409066,13.799998741373075,0.2166436239917637,11.2850401640785,17.709695490939637,50346.86,272.3654,99.11142,100.0
GBR,United Kingdom,2016,Enterococcus faecium,Aminopenicillins,75.05567928,28.78882283051073,17.896252841409066,13.799998741373075,0.2166436239917637,11.2850401640785,17.709695490939637,50346.86,272.3654,99.11142,100.0
GBR,United Kingdom,2016,Escherichia coli,Carbapenems,0.030753,28.78882283051073,17.896252841409066,13.799998741373075,0.2166436239917637,11.2850401640785,17.709695490939637,50346.86,272.3654,99.11142,100.0
GBR,United Kingdom,2016,Escherichia coli,Fluoroquinolones,16.33090066,28.78882283051073,17.896252841409066,13.799998741373075,0.2166436239917637,11.2850401640785,17.709695490939637,50346.86,272.3654,99.11142,100.0
GBR,United Kingdom,2016,Escherichia coli,Third-generation cephalosporins,9.23738899,28.78882283051073,17.896252841409066,13.799998741373075,0.2166436239917637,11.2850401640785,17.709695490939637,50346.86,272.3654,99.11142,100.0
GBR,United Kingdom,2016,Klebsiella pneumoniae,Carbapenems,0.27040314,28.78882283051073,17.896252841409066,13.799998741373075,0.2166436239917637,11.2850401640785,17.709695490939637,50346.86,272.3654,99.11142,100.0
GBR,United Kingdom,2016,Klebsiella pneumoniae,Fluoroquinolones,7.47847478,28.78882283051073,17.896252841409066,13.799998741373075,0.2166436239917637,11.2850401640785,17.709695490939637,50346.86,272.3654,99.11142,100.0
GBR,United Kingdom,2016,Klebsiella pneumoniae,Third-generation cephalosporins,8.86561062,28.78882283051073,17.896252841409066,13.799998741373075,0.2166436239917637,11.2850401640785,17.709695490939637,50346.86,272.3654,99.11142,100.0
GBR,United Kingdom,2016,Pseudomonas aeruginosa,Carbapenems,5.12333965,28.78882283051073,17.896252841409066,13.799998741373075,0.2166436239917637,11.2850401640785,17.709695490939637,50346.86,272.3654,99.11142,100.0
GBR,United Kingdom,2016,Staphylococcus aureus,Meticillin (MRSA),6.72919458,28.78882283051073,17.896252841409066,13.799998741373075,0.2166436239917637,11.2850401640785,17.709695490939637,50346.86,272.3654,99.11142,100.0
GBR,United Kingdom,2017,Acinetobacter spp.,Carbapenems,2.81329923,28.15444865056158,16.84488501548763,13.444017425201151,0.1738292302245461,9.160292163612128,17.578240283126128,51586.676,274.27136,99.11029,100.0
GBR,United Kingdom,2017,Enterococcus faecium,Aminopenicillins,91.89837008,28.15444865056158,16.84488501548763,13.444017425201151,0.1738292302245461,9.160292163612128,17.578240283126128,51586.676,274.27136,99.11029,100.0
GBR,United Kingdom,2017,Escherichia coli,Carbapenems,0.02327591,28.15444865056158,16.84488501548763,13.444017425201151,0.1738292302245461,9.160292163612128,17.578240283126128,51586.676,274.27136,99.11029,100.0
GBR,United Kingdom,2017,Escherichia coli,Fluoroquinolones,17.46894152,28.15444865056158,16.84488501548763,13.444017425201151,0.1738292302245461,9.160292163612128,17.578240283126128,51586.676,274.27136,99.11029,100.0
GBR,United Kingdom,2017,Escherichia coli,Third-generation cephalosporins,10.25604297,28.15444865056158,16.84488501548763,13.444017425201151,0.1738292302245461,9.160292163612128,17.578240283126128,51586.676,274.27136,99.11029,100.0
GBR,United Kingdom,2017,Klebsiella pneumoniae,Carbapenems,0.58778915,28.15444865056158,16.84488501548763,13.444017425201151,0.1738292302245461,9.160292163612128,17.578240283126128,51586.676,274.27136,99.11029,100.0
GBR,United Kingdom,2017,Klebsiella pneumoniae,Fluoroquinolones,9.27640279,28.15444865056158,16.84488501548763,13.444017425201151,0.1738292302245461,9.160292163612128,17.578240283126128,51586.676,274.27136,99.11029,100.0
GBR,United Kingdom,2017,Klebsiella pneumoniae,Third-generation cephalosporins,11.36135129,28.15444865056158,16.84488501548763,13.444017425201151,0.1738292302245461,9.160292163612128,17.578240283126128,51586.676,274.27136,99.11029,100.0
GBR,United Kingdom,2017,Pseudomonas aeruginosa,Carbapenems,5.70613409,28.15444865056158,16.84488501548763,13.444017425201151,0.1738292302245461,9.160292163612128,17.578240283126128,51586.676,274.27136,99.11029,100.0
GBR,United Kingdom,2017,Staphylococcus aureus,Meticillin (MRSA),6.92333671,28.15444865056158,16.84488501548763,13.444017425201151,0.1738292302245461,9.160292163612128,17.578240283126128,51586.676,274.27136,99.11029,100.0
GBR,United Kingdom,2018,Acinetobacter spp.,Carbapenems,1.82072829,30.986320048599435,19.18672581568281,35.76336227008292,0.6818052290427484,28.09354807299155,22.22542537464333,52131.695,275.91647,99.10918,100.0
GBR,United Kingdom,2018,Enterococcus faecium,Aminopenicillins,91.53503442,30.986320048599435,19.18672581568281,35.76336227008292,0.6818052290427484,28.09354807299155,22.22542537464333,52131.695,275.91647,99.10918,100.0
GBR,United Kingdom,2018,Escherichia coli,Carbapenems,0.04162797,30.986320048599435,19.18672581568281,35.76336227008292,0.6818052290427484,28.09354807299155,22.22542537464333,52131.695,275.91647,99.10918,100.0
GBR,United Kingdom,2018,Escherichia coli,Fluoroquinolones,17.71218889,30.986320048599435,19.18672581568281,35.76336227008292,0.6818052290427484,28.09354807299155,22.22542537464333,52131.695,275.91647,99.10918,100.0
GBR,United Kingdom,2018,Escherichia coli,Third-generation cephalosporins,10.96697701,30.986320048599435,19.18672581568281,35.76336227008292,0.6818052290427484,28.09354807299155,22.22542537464333,52131.695,275.91647,99.10918,100.0
GBR,United Kingdom,2018,Klebsiella pneumoniae,Carbapenems,0.69742489,30.986320048599435,19.18672581568281,35.76336227008292,0.6818052290427484,28.09354807299155,22.22542537464333,52131.695,275.91647,99.10918,100.0
GBR,United Kingdom,2018,Klebsiella pneumoniae,Fluoroquinolones,13.08928571,30.986320048599435,19.18672581568281,35.76336227008292,0.6818052290427484,28.09354807299155,22.22542537464333,52131.695,275.91647,99.10918,100.0
GBR,United Kingdom,2018,Klebsiella pneumoniae,Third-generation cephalosporins,12.98977031,30.986320048599435,19.18672581568281,35.76336227008292,0.6818052290427484,28.09354807299155,22.22542537464333,52131.695,275.91647,99.10918,100.0
GBR,United Kingdom,2018,Pseudomonas aeruginosa,Carbapenems,5.96797671,30.986320048599435,19.18672581568281,35.76336227008292,0.6818052290427484,28.09354807299155,22.22542537464333,52131.695,275.91647,99.10918,100.0
GBR,United Kingdom,2018,Staphylococcus aureus,Meticillin (MRSA),7.25262576,30.986320048599435,19.18672581568281,35.76336227008292,0.6818052290427484,28.09354807299155,22.22542537464333,52131.695,275.91647,99.10918,100.0
GRC,Greece,2000,Enterococcus faecium,Aminopenicillins,82.89473684,39.67122919072162,22.832454691729623,107.51153947699224,16.360856491040703,24.15720803869805,18.67337206443008,31386.64,83.651184,97.87588,99.75781
GRC,Greece,2000,Escherichia coli,Carbapenems,1.06382978,39.67122919072162,22.832454691729623,107.51153947699224,16.360856491040703,24.15720803869805,18.67337206443008,31386.64,83.651184,97.87588,99.75781
GRC,Greece,2000,Escherichia coli,Fluoroquinolones,4.28571428,39.67122919072162,22.832454691729623,107.51153947699224,16.360856491040703,24.15720803869805,18.67337206443008,31386.64,83.651184,97.87588,99.75781
GRC,Greece,2000,Escherichia coli,Third-generation cephalosporins,3.60110803,39.67122919072162,22.832454691729623,107.51153947699224,16.360856491040703,24.15720803869805,18.67337206443008,31386.64,83.651184,97.87588,99.75781
GRC,Greece,2000,Staphylococcus aureus,Meticillin (MRSA),49.72677595,39.67122919072162,22.832454691729623,107.51153947699224,16.360856491040703,24.15720803869805,18.67337206443008,31386.64,83.651184,97.87588,99.75781
GRC,Greece,2001,Enterococcus faecium,Aminopenicillins,85.71428571,36.56170469697496,22.004696912030784,101.67909307762292,16.780697759858967,16.775319214940726,17.579120516583494,32675.93,84.12076,97.9453,99.77438
GRC,Greece,2001,Escherichia coli,Carbapenems,1.01522842,36.56170469697496,22.004696912030784,101.67909307762292,16.780697759858967,16.775319214940726,17.579120516583494,32675.93,84.12076,97.9453,99.77438
GRC,Greece,2001,Escherichia coli,Fluoroquinolones,9.4619666,36.56170469697496,22.004696912030784,101.67909307762292,16.780697759858967,16.775319214940726,17.579120516583494,32675.93,84.12076,97.9453,99.77438
GRC,Greece,2001,Escherichia coli,Third-generation cephalosporins,5.44815465,36.56170469697496,22.004696912030784,101.67909307762292,16.780697759858967,16.775319214940726,17.579120516583494,32675.93,84.12076,97.9453,99.77438
GRC,Greece,2001,Staphylococcus aureus,Meticillin (MRSA),39.88919667,36.56170469697496,22.004696912030784,101.67909307762292,16.780697759858967,16.775319214940726,17.579120516583494,32675.93,84.12076,97.9453,99.77438
GRC,Greece,2002,Enterococcus faecium,Aminopenicillins,75.40983606,36.028235048436166,22.241488226598094,93.23752891921632,17.241518134426286,21.634968697048155,19.902839910564943,34081.027,84.48632,98.01972,99.79199
GRC,Greece,2002,Escherichia coli,Carbapenems,0.35971223,36.028235048436166,22.241488226598094,93.23752891921632,17.241518134426286,21.634968697048155,19.902839910564943,34081.027,84.48632,98.01972,99.79199
GRC,Greece,2002,Escherichia coli,Fluoroquinolones,13.13993174,36.028235048436166,22.241488226598094,93.23752891921632,17.241518134426286,21.634968697048155,19.902839910564943,34081.027,84.48632,98.01972,99.79199
GRC,Greece,2002,Escherichia coli,Third-generation cephalosporins,6.36833046,36.028235048436166,22.241488226598094,93.23752891921632,17.241518134426286,21.634968697048155,19.902839910564943,34081.027,84.48632,98.01972,99.79199
GRC,Greece,2002,Staphylococcus aureus,Meticillin (MRSA),44.02173913,36.028235048436166,22.241488226598094,93.23752891921632,17.241518134426286,21.634968697048155,19.902839910564943,34081.027,84.48632,98.01972,99.79199
GRC,Greece,2003,Enterococcus faecium,Aminopenicillins,89.33333333,37.40540960104253,22.853901367512503,117.41319744448958,24.308896876135822,33.38866215103919,19.06576235536861,35970.703,84.70494,98.09309,99.80923
GRC,Greece,2003,Escherichia coli,Carbapenems,0.38095238,37.40540960104253,22.853901367512503,117.41319744448958,24.308896876135822,33.38866215103919,19.06576235536861,35970.703,84.70494,98.09309,99.80923
GRC,Greece,2003,Escherichia coli,Fluoroquinolones,12.2659176,37.40540960104253,22.853901367512503,117.41319744448958,24.308896876135822,33.38866215103919,19.06576235536861,35970.703,84.70494,98.09309,99.80923
GRC,Greece,2003,Escherichia coli,Third-generation cephalosporins,5.60224089,37.40540960104253,22.853901367512503,117.41319744448958,24.308896876135822,33.38866215103919,19.06576235536861,35970.703,84.70494,98.09309,99.80923
GRC,Greece,2003,Staphylococcus aureus,Meticillin (MRSA),45.19519519,37.40540960104253,22.853901367512503,117.41319744448958,24.308896876135822,33.38866215103919,19.06576235536861,35970.703,84.70494,98.09309,99.80923
GRC,Greece,2004,Enterococcus faecium,Aminopenicillins,83.7037037,35.637527408356995,21.27297436814607,91.16107722552846,15.814106759281325,12.212161998301289,14.948586048619488,37811.492,84.92916,98.16544,99.8261
GRC,Greece,2004,Escherichia coli,Carbapenems,0.17905102,35.637527408356995,21.27297436814607,91.16107722552846,15.814106759281325,12.212161998301289,14.948586048619488,37811.492,84.92916,98.16544,99.8261
GRC,Greece,2004,Escherichia coli,Fluoroquinolones,11.61751563,35.637527408356995,21.27297436814607,91.16107722552846,15.814106759281325,12.212161998301289,14.948586048619488,37811.492,84.92916,98.16544,99.8261
GRC,Greece,2004,Escherichia coli,Third-generation cephalosporins,6.03907637,35.637527408356995,21.27297436814607,91.16107722552846,15.814106759281325,12.212161998301289,14.948586048619488,37811.492,84.92916,98.16544,99.8261
GRC,Greece,2004,Staphylococcus aureus,Meticillin (MRSA),44.33497536,35.637527408356995,21.27297436814607,91.16107722552846,15.814106759281325,12.212161998301289,14.948586048619488,37811.492,84.92916,98.16544,99.8261
GRC,Greece,2005,Enterococcus faecium,Aminopenicillins,85.44600938,35.336236397193524,22.07130935724144,88.12125927480511,16.54616677457847,10.489215788209645,14.553133452832416,38146.965,85.19271,98.236725,99.8426
GRC,Greece,2005,Escherichia coli,Carbapenems,0.35335689,35.336236397193524,22.07130935724144,88.12125927480511,16.54616677457847,10.489215788209645,14.553133452832416,38146.965,85.19271,98.236725,99.8426
GRC,Greece,2005,Escherichia coli,Fluoroquinolones,12.32394366,35.336236397193524,22.07130935724144,88.12125927480511,16.54616677457847,10.489215788209645,14.553133452832416,38146.965,85.19271,98.236725,99.8426
GRC,Greece,2005,Escherichia coli,Third-generation cephalosporins,7.023705,35.336236397193524,22.07130935724144,88.12125927480511,16.54616677457847,10.489215788209645,14.553133452832416,38146.965,85.19271,98.236725,99.8426
GRC,Greece,2005,Klebsiella pneumoniae,Carbapenems,27.8137128,35.336236397193524,22.07130935724144,88.12125927480511,16.54616677457847,10.489215788209645,14.553133452832416,38146.965,85.19271,98.236725,99.8426
GRC,Greece,2005,Klebsiella pneumoniae,Fluoroquinolones,54.40414507,35.336236397193524,22.07130935724144,88.12125927480511,16.54616677457847,10.489215788209645,14.553133452832416,38146.965,85.19271,98.236725,99.8426
GRC,Greece,2005,Klebsiella pneumoniae,Third-generation cephalosporins,60.59431524,35.336236397193524,22.07130935724144,88.12125927480511,16.54616677457847,10.489215788209645,14.553133452832416,38146.965,85.19271,98.236725,99.8426
GRC,Greece,2005,Pseudomonas aeruginosa,Carbapenems,38.68194842,35.336236397193524,22.07130935724144,88.12125927480511,16.54616677457847,10.489215788209645,14.553133452832416,38146.965,85.19271,98.236725,99.8426
GRC,Greece,2005,Staphylococcus aureus,Meticillin (MRSA),41.99706314,35.336236397193524,22.07130935724144,88.12125927480511,16.54616677457847,10.489215788209645,14.553133452832416,38146.965,85.19271,98.236725,99.8426
GRC,Greece,2006,Enterococcus faecium,Aminopenicillins,87.58620689,37.13278618165267,22.206352601108435,96.47486267847827,18.82550747036133,20.04783758915177,18.424341964984396,40483.156,85.462425,98.306984,99.858734
GRC,Greece,2006,Escherichia coli,Carbapenems,0.40749796,37.13278618165267,22.206352601108435,96.47486267847827,18.82550747036133,20.04783758915177,18.424341964984396,40483.156,85.462425,98.306984,99.858734
GRC,Greece,2006,Escherichia coli,Fluoroquinolones,14.48,37.13278618165267,22.206352601108435,96.47486267847827,18.82550747036133,20.04783758915177,18.424341964984396,40483.156,85.462425,98.306984,99.858734
GRC,Greece,2006,Escherichia coli,Third-generation cephalosporins,6.07513988,37.13278618165267,22.206352601108435,96.47486267847827,18.82550747036133,20.04783758915177,18.424341964984396,40483.156,85.462425,98.306984,99.858734
GRC,Greece,2006,Klebsiella pneumoniae,Carbapenems,32.85543608,37.13278618165267,22.206352601108435,96.47486267847827,18.82550747036133,20.04783758915177,18.424341964984396,40483.156,85.462425,98.306984,99.858734
GRC,Greece,2006,Klebsiella pneumoniae,Fluoroquinolones,49.64285714,37.13278618165267,22.206352601108435,96.47486267847827,18.82550747036133,20.04783758915177,18.424341964984396,40483.156,85.462425,98.306984,99.858734
GRC,Greece,2006,Klebsiella pneumoniae,Third-generation cephalosporins,57.90725326,37.13278618165267,22.206352601108435,96.47486267847827,18.82550747036133,20.04783758915177,18.424341964984396,40483.156,85.462425,98.306984,99.858734
GRC,Greece,2006,Pseudomonas aeruginosa,Carbapenems,47.60736196,37.13278618165267,22.206352601108435,96.47486267847827,18.82550747036133,20.04783758915177,18.424341964984396,40483.156,85.462425,98.306984,99.858734
GRC,Greece,2006,Staphylococcus aureus,Meticillin (MRSA),42.6150121,37.13278618165267,22.206352601108435,96.47486267847827,18.82550747036133,20.04783758915177,18.424341964984396,40483.156,85.462425,98.306984,99.858734
GRC,Greece,2007,Enterococcus faecium,Aminopenicillins,90.59829059,40.894376258268125,23.48481154188108,103.58934531337962,18.896462208158187,40.70057052577921,20.391858661479063,41796.234,85.6923,98.37624,99.87451
GRC,Greece,2007,Escherichia coli,Carbapenems,0.08230452,40.894376258268125,23.48481154188108,103.58934531337962,18.896462208158187,40.70057052577921,20.391858661479063,41796.234,85.6923,98.37624,99.87451
GRC,Greece,2007,Escherichia coli,Fluoroquinolones,19.15240423,40.894376258268125,23.48481154188108,103.58934531337962,18.896462208158187,40.70057052577921,20.391858661479063,41796.234,85.6923,98.37624,99.87451
GRC,Greece,2007,Escherichia coli,Third-generation cephalosporins,7.62987012,40.894376258268125,23.48481154188108,103.58934531337962,18.896462208158187,40.70057052577921,20.391858661479063,41796.234,85.6923,98.37624,99.87451
GRC,Greece,2007,Klebsiella pneumoniae,Carbapenems,42.44306418,40.894376258268125,23.48481154188108,103.58934531337962,18.896462208158187,40.70057052577921,20.391858661479063,41796.234,85.6923,98.37624,99.87451
GRC,Greece,2007,Klebsiella pneumoniae,Fluoroquinolones,55.06198347,40.894376258268125,23.48481154188108,103.58934531337962,18.896462208158187,40.70057052577921,20.391858661479063,41796.234,85.6923,98.37624,99.87451
GRC,Greece,2007,Klebsiella pneumoniae,Third-generation cephalosporins,61.83127572,40.894376258268125,23.48481154188108,103.58934531337962,18.896462208158187,40.70057052577921,20.391858661479063,41796.234,85.6923,98.37624,99.87451
GRC,Greece,2007,Pseudomonas aeruginosa,Carbapenems,46.74185463,40.894376258268125,23.48481154188108,103.58934531337962,18.896462208158187,40.70057052577921,20.391858661479063,41796.234,85.6923,98.37624,99.87451
GRC,Greece,2007,Staphylococcus aureus,Meticillin (MRSA),48.01488833,40.894376258268125,23.48481154188108,103.58934531337962,18.896462208158187,40.70057052577921,20.391858661479063,41796.234,85.6923,98.37624,99.87451
GRC,Greece,2008,Enterococcus faecium,Aminopenicillins,85.2601156,36.65474219706636,21.899262859196405,99.85864986147251,18.4703319470436,24.080294265693,17.833504696236187,41709.387,85.93385,98.44452,99.889946
GRC,Greece,2008,Escherichia coli,Carbapenems,0.34674063,36.65474219706636,21.899262859196405,99.85864986147251,18.4703319470436,24.080294265693,17.833504696236187,41709.387,85.93385,98.44452,99.889946
GRC,Greece,2008,Escherichia coli,Fluoroquinolones,22.406639,36.65474219706636,21.899262859196405,99.85864986147251,18.4703319470436,24.080294265693,17.833504696236187,41709.387,85.93385,98.44452,99.889946
GRC,Greece,2008,Escherichia coli,Third-generation cephalosporins,9.93150684,36.65474219706636,21.899262859196405,99.85864986147251,18.4703319470436,24.080294265693,17.833504696236187,41709.387,85.93385,98.44452,99.889946
GRC,Greece,2008,Klebsiella pneumoniae,Carbapenems,36.59217877,36.65474219706636,21.899262859196405,99.85864986147251,18.4703319470436,24.080294265693,17.833504696236187,41709.387,85.93385,98.44452,99.889946
GRC,Greece,2008,Klebsiella pneumoniae,Fluoroquinolones,64.29240862,36.65474219706636,21.899262859196405,99.85864986147251,18.4703319470436,24.080294265693,17.833504696236187,41709.387,85.93385,98.44452,99.889946
GRC,Greece,2008,Klebsiella pneumoniae,Third-generation cephalosporins,65.74074074,36.65474219706636,21.899262859196405,99.85864986147251,18.4703319470436,24.080294265693,17.833504696236187,41709.387,85.93385,98.44452,99.889946
GRC,Greece,2008,Pseudomonas aeruginosa,Carbapenems,48.68995633,36.65474219706636,21.899262859196405,99.85864986147251,18.4703319470436,24.080294265693,17.833504696236187,41709.387,85.93385,98.44452,99.889946
GRC,Greece,2008,Staphylococcus aureus,Meticillin (MRSA),40.62863795,36.65474219706636,21.899262859196405,99.85864986147251,18.4703319470436,24.080294265693,17.833504696236187,41709.387,85.93385,98.44452,99.889946
GRC,Greece,2009,Enterococcus faecium,Aminopenicillins,85.89420654,36.59018570808316,21.705004471430303,109.19948845724822,17.209219643463932,15.545328269942097,18.155219305824016,39886.215,86.17585,98.51178,99.90502
GRC,Greece,2009,Escherichia coli,Carbapenems,0.71823204,36.59018570808316,21.705004471430303,109.19948845724822,17.209219643463932,15.545328269942097,18.155219305824016,39886.215,86.17585,98.51178,99.90502
GRC,Greece,2009,Escherichia coli,Fluoroquinolones,23.42192691,36.59018570808316,21.705004471430303,109.19948845724822,17.209219643463932,15.545328269942097,18.155219305824016,39886.215,86.17585,98.51178,99.90502
GRC,Greece,2009,Escherichia coli,Third-generation cephalosporins,10.13774104,36.59018570808316,21.705004471430303,109.19948845724822,17.209219643463932,15.545328269942097,18.155219305824016,39886.215,86.17585,98.51178,99.90502
GRC,Greece,2009,Klebsiella pneumoniae,Carbapenems,43.51567301,36.59018570808316,21.705004471430303,109.19948845724822,17.209219643463932,15.545328269942097,18.155219305824016,39886.215,86.17585,98.51178,99.90502
GRC,Greece,2009,Klebsiella pneumoniae,Fluoroquinolones,65.62115621,36.59018570808316,21.705004471430303,109.19948845724822,17.209219643463932,15.545328269942097,18.155219305824016,39886.215,86.17585,98.51178,99.90502
GRC,Greece,2009,Klebsiella pneumoniae,Third-generation cephalosporins,68.66585067,36.59018570808316,21.705004471430303,109.19948845724822,17.209219643463932,15.545328269942097,18.155219305824016,39886.215,86.17585,98.51178,99.90502
GRC,Greece,2009,Pseudomonas aeruginosa,Carbapenems,44.01826484,36.59018570808316,21.705004471430303,109.19948845724822,17.209219643463932,15.545328269942097,18.155219305824016,39886.215,86.17585,98.51178,99.90502
GRC,Greece,2009,Staphylococcus aureus,Meticillin (MRSA),40.36144578,36.59018570808316,21.705004471430303,109.19948845724822,17.209219643463932,15.545328269942097,18.155219305824016,39886.215,86.17585,98.51178,99.90502
GRC,Greece,2010,Enterococcus faecium,Aminopenicillins,92.77389277,36.37779468828564,22.53767843774259,95.46395526196268,21.185770712398973,18.83526327072504,17.974817365134594,37566.75,86.30463,98.57808,99.91976
GRC,Greece,2010,Escherichia coli,Carbapenems,0.3949967,36.37779468828564,22.53767843774259,95.46395526196268,21.185770712398973,18.83526327072504,17.974817365134594,37566.75,86.30463,98.57808,99.91976
GRC,Greece,2010,Escherichia coli,Fluoroquinolones,24.40633245,36.37779468828564,22.53767843774259,95.46395526196268,21.185770712398973,18.83526327072504,17.974817365134594,37566.75,86.30463,98.57808,99.91976
GRC,Greece,2010,Escherichia coli,Third-generation cephalosporins,14.20039814,36.37779468828564,22.53767843774259,95.46395526196268,21.185770712398973,18.83526327072504,17.974817365134594,37566.75,86.30463,98.57808,99.91976
GRC,Greece,2010,Klebsiella pneumoniae,Carbapenems,49.08120924,36.37779468828564,22.53767843774259,95.46395526196268,21.185770712398973,18.83526327072504,17.974817365134594,37566.75,86.30463,98.57808,99.91976
GRC,Greece,2010,Klebsiella pneumoniae,Fluoroquinolones,70.88305489,36.37779468828564,22.53767843774259,95.46395526196268,21.185770712398973,18.83526327072504,17.974817365134594,37566.75,86.30463,98.57808,99.91976
GRC,Greece,2010,Klebsiella pneumoniae,Third-generation cephalosporins,74.61447212,36.37779468828564,22.53767843774259,95.46395526196268,21.185770712398973,18.83526327072504,17.974817365134594,37566.75,86.30463,98.57808,99.91976
GRC,Greece,2010,Pseudomonas aeruginosa,Carbapenems,43.14314314,36.37779468828564,22.53767843774259,95.46395526196268,21.185770712398973,18.83526327072504,17.974817365134594,37566.75,86.30463,98.57808,99.91976
GRC,Greece,2010,Staphylococcus aureus,Meticillin (MRSA),39.21568627,36.37779468828564,22.53767843774259,95.46395526196268,21.185770712398973,18.83526327072504,17.974817365134594,37566.75,86.30463,98.57808,99.91976
GRC,Greece,2011,Enterococcus faecium,Aminopenicillins,92.80575539,36.47388190970622,22.11391668448905,109.77736673086744,17.740531581602287,26.778015429574072,16.35338029703078,33906.492,86.18183,98.64343,99.934166
GRC,Greece,2011,Escherichia coli,Carbapenems,0.88731144,36.47388190970622,22.11391668448905,109.77736673086744,17.740531581602287,26.778015429574072,16.35338029703078,33906.492,86.18183,98.64343,99.934166
GRC,Greece,2011,Escherichia coli,Fluoroquinolones,26.5875785,36.47388190970622,22.11391668448905,109.77736673086744,17.740531581602287,26.778015429574072,16.35338029703078,33906.492,86.18183,98.64343,99.934166
GRC,Greece,2011,Escherichia coli,Third-generation cephalosporins,14.91289198,36.47388190970622,22.11391668448905,109.77736673086744,17.740531581602287,26.778015429574072,16.35338029703078,33906.492,86.18183,98.64343,99.934166
GRC,Greece,2011,Klebsiella pneumoniae,Carbapenems,68.15403422,36.47388190970622,22.11391668448905,109.77736673086744,17.740531581602287,26.778015429574072,16.35338029703078,33906.492,86.18183,98.64343,99.934166
GRC,Greece,2011,Klebsiella pneumoniae,Fluoroquinolones,72.2324159,36.47388190970622,22.11391668448905,109.77736673086744,17.740531581602287,26.778015429574072,16.35338029703078,33906.492,86.18183,98.64343,99.934166
GRC,Greece,2011,Klebsiella pneumoniae,Third-generation cephalosporins,75.79579579,36.47388190970622,22.11391668448905,109.77736673086744,17.740531581602287,26.778015429574072,16.35338029703078,33906.492,86.18183,98.64343,99.934166
GRC,Greece,2011,Pseudomonas aeruginosa,Carbapenems,54.0,36.47388190970622,22.11391668448905,109.77736673086744,17.740531581602287,26.778015429574072,16.35338029703078,33906.492,86.18183,98.64343,99.934166
GRC,Greece,2011,Staphylococcus aureus,Meticillin (MRSA),39.15816326,36.47388190970622,22.11391668448905,109.77736673086744,17.740531581602287,26.778015429574072,16.35338029703078,33906.492,86.18183,98.64343,99.934166
GRC,Greece,2012,Acinetobacter spp.,Carbapenems,87.79904306,38.59354857186826,23.12016124152016,118.50838844729527,23.50140303670935,45.72321560891918,20.75212267350045,31250.227,85.71211,98.70787,99.94824
GRC,Greece,2012,Enterococcus faecium,Aminopenicillins,93.50961538,38.59354857186826,23.12016124152016,118.50838844729527,23.50140303670935,45.72321560891918,20.75212267350045,31250.227,85.71211,98.70787,99.94824
GRC,Greece,2012,Escherichia coli,Carbapenems,1.43266475,38.59354857186826,23.12016124152016,118.50838844729527,23.50140303670935,45.72321560891918,20.75212267350045,31250.227,85.71211,98.70787,99.94824
GRC,Greece,2012,Escherichia coli,Fluoroquinolones,29.08163265,38.59354857186826,23.12016124152016,118.50838844729527,23.50140303670935,45.72321560891918,20.75212267350045,31250.227,85.71211,98.70787,99.94824
GRC,Greece,2012,Escherichia coli,Third-generation cephalosporins,16.22397702,38.59354857186826,23.12016124152016,118.50838844729527,23.50140303670935,45.72321560891918,20.75212267350045,31250.227,85.71211,98.70787,99.94824
GRC,Greece,2012,Klebsiella pneumoniae,Carbapenems,60.47945205,38.59354857186826,23.12016124152016,118.50838844729527,23.50140303670935,45.72321560891918,20.75212267350045,31250.227,85.71211,98.70787,99.94824
GRC,Greece,2012,Klebsiella pneumoniae,Fluoroquinolones,69.67787114,38.59354857186826,23.12016124152016,118.50838844729527,23.50140303670935,45.72321560891918,20.75212267350045,31250.227,85.71211,98.70787,99.94824
GRC,Greece,2012,Klebsiella pneumoniae,Third-generation cephalosporins,70.87045921,38.59354857186826,23.12016124152016,118.50838844729527,23.50140303670935,45.72321560891918,20.75212267350045,31250.227,85.71211,98.70787,99.94824
GRC,Greece,2012,Pseudomonas aeruginosa,Carbapenems,47.73980154,38.59354857186826,23.12016124152016,118.50838844729527,23.50140303670935,45.72321560891918,20.75212267350045,31250.227,85.71211,98.70787,99.94824
GRC,Greece,2012,Staphylococcus aureus,Meticillin (MRSA),40.98173515,38.59354857186826,23.12016124152016,118.50838844729527,23.50140303670935,45.72321560891918,20.75212267350045,31250.227,85.71211,98.70787,99.94824
GRC,Greece,2013,Acinetobacter spp.,Carbapenems,90.56603773,36.5843053266573,22.08597454293997,102.86527781306098,17.37721525258402,26.94546693211875,17.883316389414453,30762.443,85.0856,98.77138,99.96199
GRC,Greece,2013,Enterococcus faecium,Aminopenicillins,88.82521489,36.5843053266573,22.08597454293997,102.86527781306098,17.37721525258402,26.94546693211875,17.883316389414453,30762.443,85.0856,98.77138,99.96199
GRC,Greece,2013,Escherichia coli,Carbapenems,1.35350318,36.5843053266573,22.08597454293997,102.86527781306098,17.37721525258402,26.94546693211875,17.883316389414453,30762.443,85.0856,98.77138,99.96199
GRC,Greece,2013,Escherichia coli,Fluoroquinolones,30.88709677,36.5843053266573,22.08597454293997,102.86527781306098,17.37721525258402,26.94546693211875,17.883316389414453,30762.443,85.0856,98.77138,99.96199
GRC,Greece,2013,Escherichia coli,Third-generation cephalosporins,17.21115537,36.5843053266573,22.08597454293997,102.86527781306098,17.37721525258402,26.94546693211875,17.883316389414453,30762.443,85.0856,98.77138,99.96199
GRC,Greece,2013,Klebsiella pneumoniae,Carbapenems,59.3879239,36.5843053266573,22.08597454293997,102.86527781306098,17.37721525258402,26.94546693211875,17.883316389414453,30762.443,85.0856,98.77138,99.96199
GRC,Greece,2013,Klebsiella pneumoniae,Fluoroquinolones,67.5767918,36.5843053266573,22.08597454293997,102.86527781306098,17.37721525258402,26.94546693211875,17.883316389414453,30762.443,85.0856,98.77138,99.96199
GRC,Greece,2013,Klebsiella pneumoniae,Third-generation cephalosporins,70.11589403,36.5843053266573,22.08597454293997,102.86527781306098,17.37721525258402,26.94546693211875,17.883316389414453,30762.443,85.0856,98.77138,99.96199
GRC,Greece,2013,Pseudomonas aeruginosa,Carbapenems,49.25883694,36.5843053266573,22.08597454293997,102.86527781306098,17.37721525258402,26.94546693211875,17.883316389414453,30762.443,85.0856,98.77138,99.96199
GRC,Greece,2013,Staphylococcus aureus,Meticillin (MRSA),40.29062087,36.5843053266573,22.08597454293997,102.86527781306098,17.37721525258402,26.94546693211875,17.883316389414453,30762.443,85.0856,98.77138,99.96199
GRC,Greece,2014,Acinetobacter spp.,Carbapenems,93.22235434,34.23407572512242,21.157231291165477,85.79344969750514,14.627444616730129,20.175418487873063,22.475565719805815,31213.377,84.50868,98.83396,99.97542
GRC,Greece,2014,Enterococcus faecium,Aminopenicillins,91.11111111,34.23407572512242,21.157231291165477,85.79344969750514,14.627444616730129,20.175418487873063,22.475565719805815,31213.377,84.50868,98.83396,99.97542
GRC,Greece,2014,Escherichia coli,Carbapenems,1.15864527,34.23407572512242,21.157231291165477,85.79344969750514,14.627444616730129,20.175418487873063,22.475565719805815,31213.377,84.50868,98.83396,99.97542
GRC,Greece,2014,Escherichia coli,Fluoroquinolones,32.76018099,34.23407572512242,21.157231291165477,85.79344969750514,14.627444616730129,20.175418487873063,22.475565719805815,31213.377,84.50868,98.83396,99.97542
GRC,Greece,2014,Escherichia coli,Third-generation cephalosporins,21.03386809,34.23407572512242,21.157231291165477,85.79344969750514,14.627444616730129,20.175418487873063,22.475565719805815,31213.377,84.50868,98.83396,99.97542
GRC,Greece,2014,Klebsiella pneumoniae,Carbapenems,62.31617647,34.23407572512242,21.157231291165477,85.79344969750514,14.627444616730129,20.175418487873063,22.475565719805815,31213.377,84.50868,98.83396,99.97542
GRC,Greece,2014,Klebsiella pneumoniae,Fluoroquinolones,67.63875823,34.23407572512242,21.157231291165477,85.79344969750514,14.627444616730129,20.175418487873063,22.475565719805815,31213.377,84.50868,98.83396,99.97542
GRC,Greece,2014,Klebsiella pneumoniae,Third-generation cephalosporins,72.52747252,34.23407572512242,21.157231291165477,85.79344969750514,14.627444616730129,20.175418487873063,22.475565719805815,31213.377,84.50868,98.83396,99.97542
GRC,Greece,2014,Pseudomonas aeruginosa,Carbapenems,42.91845493,34.23407572512242,21.157231291165477,85.79344969750514,14.627444616730129,20.175418487873063,22.475565719805815,31213.377,84.50868,98.83396,99.97542
GRC,Greece,2014,Staphylococcus aureus,Meticillin (MRSA),37.05035971,34.23407572512242,21.157231291165477,85.79344969750514,14.627444616730129,20.175418487873063,22.475565719805815,31213.377,84.50868,98.83396,99.97542
GRC,Greece,2015,Acinetobacter spp.,Carbapenems,93.48931841,37.04388438574408,22.882663361710296,105.20287710573454,21.764227485030982,39.93400658437712,21.401692820006733,31347.977,83.94804,98.89565,99.988525
GRC,Greece,2015,Enterococcus faecium,Aminopenicillins,92.76315789,37.04388438574408,22.882663361710296,105.20287710573454,21.764227485030982,39.93400658437712,21.401692820006733,31347.977,83.94804,98.89565,99.988525
GRC,Greece,2015,Escherichia coli,Carbapenems,1.15226337,37.04388438574408,22.882663361710296,105.20287710573454,21.764227485030982,39.93400658437712,21.401692820006733,31347.977,83.94804,98.89565,99.988525
GRC,Greece,2015,Escherichia coli,Fluoroquinolones,30.56255247,37.04388438574408,22.882663361710296,105.20287710573454,21.764227485030982,39.93400658437712,21.401692820006733,31347.977,83.94804,98.89565,99.988525
GRC,Greece,2015,Escherichia coli,Third-generation cephalosporins,19.83539094,37.04388438574408,22.882663361710296,105.20287710573454,21.764227485030982,39.93400658437712,21.401692820006733,31347.977,83.94804,98.89565,99.988525
GRC,Greece,2015,Klebsiella pneumoniae,Carbapenems,61.94092827,37.04388438574408,22.882663361710296,105.20287710573454,21.764227485030982,39.93400658437712,21.401692820006733,31347.977,83.94804,98.89565,99.988525
GRC,Greece,2015,Klebsiella pneumoniae,Fluoroquinolones,66.40826873,37.04388438574408,22.882663361710296,105.20287710573454,21.764227485030982,39.93400658437712,21.401692820006733,31347.977,83.94804,98.89565,99.988525
GRC,Greece,2015,Klebsiella pneumoniae,Third-generation cephalosporins,69.53586497,37.04388438574408,22.882663361710296,105.20287710573454,21.764227485030982,39.93400658437712,21.401692820006733,31347.977,83.94804,98.89565,99.988525
GRC,Greece,2015,Pseudomonas aeruginosa,Carbapenems,40.44444444,37.04388438574408,22.882663361710296,105.20287710573454,21.764227485030982,39.93400658437712,21.401692820006733,31347.977,83.94804,98.89565,99.988525
GRC,Greece,2015,Staphylococcus aureus,Meticillin (MRSA),39.37908496,37.04388438574408,22.882663361710296,105.20287710573454,21.764227485030982,39.93400658437712,21.401692820006733,31347.977,83.94804,98.89565,99.988525
GRC,Greece,2016,Acinetobacter spp.,Carbapenems,95.35423925,35.10986260043094,22.04291366181384,98.3240064237376,15.853314573760793,18.141244602281752,19.97057074761336,31468.62,83.595856,98.95645,100.0
GRC,Greece,2016,Enterococcus faecium,Aminopenicillins,93.53932584,35.10986260043094,22.04291366181384,98.3240064237376,15.853314573760793,18.141244602281752,19.97057074761336,31468.62,83.595856,98.95645,100.0
GRC,Greece,2016,Escherichia coli,Carbapenems,0.92095165,35.10986260043094,22.04291366181384,98.3240064237376,15.853314573760793,18.141244602281752,19.97057074761336,31468.62,83.595856,98.95645,100.0
GRC,Greece,2016,Escherichia coli,Fluoroquinolones,32.13190184,35.10986260043094,22.04291366181384,98.3240064237376,15.853314573760793,18.141244602281752,19.97057074761336,31468.62,83.595856,98.95645,100.0
GRC,Greece,2016,Escherichia coli,Third-generation cephalosporins,17.6380368,35.10986260043094,22.04291366181384,98.3240064237376,15.853314573760793,18.141244602281752,19.97057074761336,31468.62,83.595856,98.95645,100.0
GRC,Greece,2016,Klebsiella pneumoniae,Carbapenems,66.86440677,35.10986260043094,22.04291366181384,98.3240064237376,15.853314573760793,18.141244602281752,19.97057074761336,31468.62,83.595856,98.95645,100.0
GRC,Greece,2016,Klebsiella pneumoniae,Fluoroquinolones,68.64406779,35.10986260043094,22.04291366181384,98.3240064237376,15.853314573760793,18.141244602281752,19.97057074761336,31468.62,83.595856,98.95645,100.0
GRC,Greece,2016,Klebsiella pneumoniae,Third-generation cephalosporins,72.48094834,35.10986260043094,22.04291366181384,98.3240064237376,15.853314573760793,18.141244602281752,19.97057074761336,31468.62,83.595856,98.95645,100.0
GRC,Greece,2016,Pseudomonas aeruginosa,Carbapenems,42.06008583,35.10986260043094,22.04291366181384,98.3240064237376,15.853314573760793,18.141244602281752,19.97057074761336,31468.62,83.595856,98.95645,100.0
GRC,Greece,2016,Staphylococcus aureus,Meticillin (MRSA),38.81064162,35.10986260043094,22.04291366181384,98.3240064237376,15.853314573760793,18.141244602281752,19.97057074761336,31468.62,83.595856,98.95645,100.0
GRC,Greece,2017,Acinetobacter spp.,Carbapenems,94.79452054,38.61517506418375,23.474266187532663,105.3615008767256,18.853192149250784,28.11273350029937,17.564381875203008,31995.41,83.425385,98.983185,100.0
GRC,Greece,2017,Enterococcus faecium,Aminopenicillins,93.93203883,38.61517506418375,23.474266187532663,105.3615008767256,18.853192149250784,28.11273350029937,17.564381875203008,31995.41,83.425385,98.983185,100.0
GRC,Greece,2017,Escherichia coli,Carbapenems,1.56782549,38.61517506418375,23.474266187532663,105.3615008767256,18.853192149250784,28.11273350029937,17.564381875203008,31995.41,83.425385,98.983185,100.0
GRC,Greece,2017,Escherichia coli,Fluoroquinolones,32.92349726,38.61517506418375,23.474266187532663,105.3615008767256,18.853192149250784,28.11273350029937,17.564381875203008,31995.41,83.425385,98.983185,100.0
GRC,Greece,2017,Escherichia coli,Third-generation cephalosporins,18.29931972,38.61517506418375,23.474266187532663,105.3615008767256,18.853192149250784,28.11273350029937,17.564381875203008,31995.41,83.425385,98.983185,100.0
GRC,Greece,2017,Klebsiella pneumoniae,Carbapenems,64.71019809,38.61517506418375,23.474266187532663,105.3615008767256,18.853192149250784,28.11273350029937,17.564381875203008,31995.41,83.425385,98.983185,100.0
GRC,Greece,2017,Klebsiella pneumoniae,Fluoroquinolones,66.93907875,38.61517506418375,23.474266187532663,105.3615008767256,18.853192149250784,28.11273350029937,17.564381875203008,31995.41,83.425385,98.983185,100.0
GRC,Greece,2017,Klebsiella pneumoniae,Third-generation cephalosporins,69.16299559,38.61517506418375,23.474266187532663,105.3615008767256,18.853192149250784,28.11273350029937,17.564381875203008,31995.41,83.425385,98.983185,100.0
GRC,Greece,2017,Pseudomonas aeruginosa,Carbapenems,39.34226552,38.61517506418375,23.474266187532663,105.3615008767256,18.853192149250784,28.11273350029937,17.564381875203008,31995.41,83.425385,98.983185,100.0
GRC,Greece,2017,Staphylococcus aureus,Meticillin (MRSA),38.44282238,38.61517506418375,23.474266187532663,105.3615008767256,18.853192149250784,28.11273350029937,17.564381875203008,31995.41,83.425385,98.983185,100.0
GRC,Greece,2018,Acinetobacter spp.,Carbapenems,92.39881539,34.165500722990146,21.80330239072681,118.69237219092332,19.109544187085305,33.527079499845094,25.968280612857576,32722.33,83.24939,98.986755,100.0
GRC,Greece,2018,Enterococcus faecium,Aminopenicillins,90.50387596,34.165500722990146,21.80330239072681,118.69237219092332,19.109544187085305,33.527079499845094,25.968280612857576,32722.33,83.24939,98.986755,100.0
GRC,Greece,2018,Escherichia coli,Carbapenems,1.03658536,34.165500722990146,21.80330239072681,118.69237219092332,19.109544187085305,33.527079499845094,25.968280612857576,32722.33,83.24939,98.986755,100.0
GRC,Greece,2018,Escherichia coli,Fluoroquinolones,30.77866339,34.165500722990146,21.80330239072681,118.69237219092332,19.109544187085305,33.527079499845094,25.968280612857576,32722.33,83.24939,98.986755,100.0
GRC,Greece,2018,Escherichia coli,Third-generation cephalosporins,19.32926829,34.165500722990146,21.80330239072681,118.69237219092332,19.109544187085305,33.527079499845094,25.968280612857576,32722.33,83.24939,98.986755,100.0
GRC,Greece,2018,Klebsiella pneumoniae,Carbapenems,63.88518024,34.165500722990146,21.80330239072681,118.69237219092332,19.109544187085305,33.527079499845094,25.968280612857576,32722.33,83.24939,98.986755,100.0
GRC,Greece,2018,Klebsiella pneumoniae,Fluoroquinolones,68.07795698,34.165500722990146,21.80330239072681,118.69237219092332,19.109544187085305,33.527079499845094,25.968280612857576,32722.33,83.24939,98.986755,100.0
GRC,Greece,2018,Klebsiella pneumoniae,Third-generation cephalosporins,70.73333333,34.165500722990146,21.80330239072681,118.69237219092332,19.109544187085305,33.527079499845094,25.968280612857576,32722.33,83.24939,98.986755,100.0
GRC,Greece,2018,Pseudomonas aeruginosa,Carbapenems,37.5,34.165500722990146,21.80330239072681,118.69237219092332,19.109544187085305,33.527079499845094,25.968280612857576,32722.33,83.24939,98.986755,100.0
GRC,Greece,2018,Staphylococcus aureus,Meticillin (MRSA),36.37387387,34.165500722990146,21.80330239072681,118.69237219092332,19.109544187085305,33.527079499845094,25.968280612857576,32722.33,83.24939,98.986755,100.0
HRV,Croatia,2001,Enterococcus faecium,Aminopenicillins,,34.101273341258526,20.162354437408663,67.24991910878884,8.162248526171439,12.629843561677534,17.292094156170826,22826.625,76.85988,98.45439,98.65136
HRV,Croatia,2001,Escherichia coli,Carbapenems,0.0,34.101273341258526,20.162354437408663,67.24991910878884,8.162248526171439,12.629843561677534,17.292094156170826,22826.625,76.85988,98.45439,98.65136
HRV,Croatia,2001,Escherichia coli,Fluoroquinolones,4.51977401,34.101273341258526,20.162354437408663,67.24991910878884,8.162248526171439,12.629843561677534,17.292094156170826,22826.625,76.85988,98.45439,98.65136
HRV,Croatia,2001,Escherichia coli,Third-generation cephalosporins,1.64835164,34.101273341258526,20.162354437408663,67.24991910878884,8.162248526171439,12.629843561677534,17.292094156170826,22826.625,76.85988,98.45439,98.65136
HRV,Croatia,2001,Staphylococcus aureus,Meticillin (MRSA),31.54362416,34.101273341258526,20.162354437408663,67.24991910878884,8.162248526171439,12.629843561677534,17.292094156170826,22826.625,76.85988,98.45439,98.65136
HRV,Croatia,2002,Enterococcus faecium,Aminopenicillins,,34.083385268740095,20.37844983535796,66.9038179001013,7.7766538787424,22.361049323595587,20.28507773048412,24137.115,76.94394,98.293335,98.762535
HRV,Croatia,2002,Escherichia coli,Carbapenems,0.0,34.083385268740095,20.37844983535796,66.9038179001013,7.7766538787424,22.361049323595587,20.28507773048412,24137.115,76.94394,98.293335,98.762535
HRV,Croatia,2002,Escherichia coli,Fluoroquinolones,5.30612244,34.083385268740095,20.37844983535796,66.9038179001013,7.7766538787424,22.361049323595587,20.28507773048412,24137.115,76.94394,98.293335,98.762535
HRV,Croatia,2002,Escherichia coli,Third-generation cephalosporins,2.85714285,34.083385268740095,20.37844983535796,66.9038179001013,7.7766538787424,22.361049323595587,20.28507773048412,24137.115,76.94394,98.293335,98.762535
HRV,Croatia,2002,Staphylococcus aureus,Meticillin (MRSA),36.91756272,34.083385268740095,20.37844983535796,66.9038179001013,7.7766538787424,22.361049323595587,20.28507773048412,24137.115,76.94394,98.293335,98.762535
HRV,Croatia,2003,Enterococcus faecium,Aminopenicillins,46.875,36.55641843802998,21.476901705338143,95.4458092667769,16.105087141465678,35.81777058199088,19.600727738585324,25473.906,76.96002,98.07357,98.87296
HRV,Croatia,2003,Escherichia coli,Carbapenems,0.0,36.55641843802998,21.476901705338143,95.4458092667769,16.105087141465678,35.81777058199088,19.600727738585324,25473.906,76.96002,98.07357,98.87296
HRV,Croatia,2003,Escherichia coli,Fluoroquinolones,7.1297989,36.55641843802998,21.476901705338143,95.4458092667769,16.105087141465678,35.81777058199088,19.600727738585324,25473.906,76.96002,98.07357,98.87296
HRV,Croatia,2003,Escherichia coli,Third-generation cephalosporins,4.38596491,36.55641843802998,21.476901705338143,95.4458092667769,16.105087141465678,35.81777058199088,19.600727738585324,25473.906,76.96002,98.07357,98.87296
HRV,Croatia,2003,Staphylococcus aureus,Meticillin (MRSA),36.94444444,36.55641843802998,21.476901705338143,95.4458092667769,16.105087141465678,35.81777058199088,19.600727738585324,25473.906,76.96002,98.07357,98.87296
HRV,Croatia,2004,Enterococcus faecium,Aminopenicillins,68.96551724,33.49477900529241,19.75698632136123,63.85514045759577,7.716581668881451,12.102236594379026,14.57054268531802,26528.887,77.020195,97.85452,98.97927
HRV,Croatia,2004,Escherichia coli,Carbapenems,0.0,33.49477900529241,19.75698632136123,63.85514045759577,7.716581668881451,12.102236594379026,14.57054268531802,26528.887,77.020195,97.85452,98.97927
HRV,Croatia,2004,Escherichia coli,Fluoroquinolones,8.23970037,33.49477900529241,19.75698632136123,63.85514045759577,7.716581668881451,12.102236594379026,14.57054268531802,26528.887,77.020195,97.85452,98.97927
HRV,Croatia,2004,Escherichia coli,Third-generation cephalosporins,2.61682242,33.49477900529241,19.75698632136123,63.85514045759577,7.716581668881451,12.102236594379026,14.57054268531802,26528.887,77.020195,97.85452,98.97927
HRV,Croatia,2004,Staphylococcus aureus,Meticillin (MRSA),37.5,33.49477900529241,19.75698632136123,63.85514045759577,7.716581668881451,12.102236594379026,14.57054268531802,26528.887,77.020195,97.85452,98.97927
HRV,Croatia,2005,Enterococcus faecium,Aminopenicillins,82.35294117,34.22555697695724,20.522767706102357,65.52949777701299,8.088279585209836,14.341790579904815,14.957912779733949,27641.207,77.08981,97.63621,99.08479
HRV,Croatia,2005,Escherichia coli,Carbapenems,0.0,34.22555697695724,20.522767706102357,65.52949777701299,8.088279585209836,14.341790579904815,14.957912779733949,27641.207,77.08981,97.63621,99.08479
HRV,Croatia,2005,Escherichia coli,Fluoroquinolones,8.79120879,34.22555697695724,20.522767706102357,65.52949777701299,8.088279585209836,14.341790579904815,14.957912779733949,27641.207,77.08981,97.63621,99.08479
HRV,Croatia,2005,Escherichia coli,Third-generation cephalosporins,0.78492935,34.22555697695724,20.522767706102357,65.52949777701299,8.088279585209836,14.341790579904815,14.957912779733949,27641.207,77.08981,97.63621,99.08479
HRV,Croatia,2005,Klebsiella pneumoniae,Carbapenems,0.0,34.22555697695724,20.522767706102357,65.52949777701299,8.088279585209836,14.341790579904815,14.957912779733949,27641.207,77.08981,97.63621,99.08479
HRV,Croatia,2005,Klebsiella pneumoniae,Fluoroquinolones,18.18181818,34.22555697695724,20.522767706102357,65.52949777701299,8.088279585209836,14.341790579904815,14.957912779733949,27641.207,77.08981,97.63621,99.08479
HRV,Croatia,2005,Klebsiella pneumoniae,Third-generation cephalosporins,45.53571428,34.22555697695724,20.522767706102357,65.52949777701299,8.088279585209836,14.341790579904815,14.957912779733949,27641.207,77.08981,97.63621,99.08479
HRV,Croatia,2005,Pseudomonas aeruginosa,Carbapenems,23.61111111,34.22555697695724,20.522767706102357,65.52949777701299,8.088279585209836,14.341790579904815,14.957912779733949,27641.207,77.08981,97.63621,99.08479
HRV,Croatia,2005,Staphylococcus aureus,Meticillin (MRSA),36.72316384,34.22555697695724,20.522767706102357,65.52949777701299,8.088279585209836,14.341790579904815,14.957912779733949,27641.207,77.08981,97.63621,99.08479
HRV,Croatia,2006,Enterococcus faecium,Aminopenicillins,68.57142857,34.605781943220265,20.594442990559163,72.46204813293996,9.504628384427251,25.09290342523867,19.673557441792163,29035.53,77.12298,97.418625,99.189514
HRV,Croatia,2006,Escherichia coli,Carbapenems,0.0,34.605781943220265,20.594442990559163,72.46204813293996,9.504628384427251,25.09290342523867,19.673557441792163,29035.53,77.12298,97.418625,99.189514
HRV,Croatia,2006,Escherichia coli,Fluoroquinolones,15.46391752,34.605781943220265,20.594442990559163,72.46204813293996,9.504628384427251,25.09290342523867,19.673557441792163,29035.53,77.12298,97.418625,99.189514
HRV,Croatia,2006,Escherichia coli,Third-generation cephalosporins,1.41570141,34.605781943220265,20.594442990559163,72.46204813293996,9.504628384427251,25.09290342523867,19.673557441792163,29035.53,77.12298,97.418625,99.189514
HRV,Croatia,2006,Klebsiella pneumoniae,Carbapenems,0.0,34.605781943220265,20.594442990559163,72.46204813293996,9.504628384427251,25.09290342523867,19.673557441792163,29035.53,77.12298,97.418625,99.189514
HRV,Croatia,2006,Klebsiella pneumoniae,Fluoroquinolones,23.41463414,34.605781943220265,20.594442990559163,72.46204813293996,9.504628384427251,25.09290342523867,19.673557441792163,29035.53,77.12298,97.418625,99.189514
HRV,Croatia,2006,Klebsiella pneumoniae,Third-generation cephalosporins,34.14634146,34.605781943220265,20.594442990559163,72.46204813293996,9.504628384427251,25.09290342523867,19.673557441792163,29035.53,77.12298,97.418625,99.189514
HRV,Croatia,2006,Pseudomonas aeruginosa,Carbapenems,24.70588235,34.605781943220265,20.594442990559163,72.46204813293996,9.504628384427251,25.09290342523867,19.673557441792163,29035.53,77.12298,97.418625,99.189514
HRV,Croatia,2006,Staphylococcus aureus,Meticillin (MRSA),36.31713554,34.605781943220265,20.594442990559163,72.46204813293996,9.504628384427251,25.09290342523867,19.673557441792163,29035.53,77.12298,97.418625,99.189514
HRV,Croatia,2007,Enterococcus faecium,Aminopenicillins,78.43137254,36.57526127641895,20.7293802180396,74.39543960729571,8.54741592274057,38.21723526859712,19.85540759167567,30508.28,77.125786,97.20177,99.29344
HRV,Croatia,2007,Escherichia coli,Carbapenems,0.11709601,36.57526127641895,20.7293802180396,74.39543960729571,8.54741592274057,38.21723526859712,19.85540759167567,30508.28,77.125786,97.20177,99.29344
HRV,Croatia,2007,Escherichia coli,Fluoroquinolones,13.13953488,36.57526127641895,20.7293802180396,74.39543960729571,8.54741592274057,38.21723526859712,19.85540759167567,30508.28,77.125786,97.20177,99.29344
HRV,Croatia,2007,Escherichia coli,Third-generation cephalosporins,2.6744186,36.57526127641895,20.7293802180396,74.39543960729571,8.54741592274057,38.21723526859712,19.85540759167567,30508.28,77.125786,97.20177,99.29344
HRV,Croatia,2007,Klebsiella pneumoniae,Carbapenems,0.35842293,36.57526127641895,20.7293802180396,74.39543960729571,8.54741592274057,38.21723526859712,19.85540759167567,30508.28,77.125786,97.20177,99.29344
HRV,Croatia,2007,Klebsiella pneumoniae,Fluoroquinolones,33.81818181,36.57526127641895,20.7293802180396,74.39543960729571,8.54741592274057,38.21723526859712,19.85540759167567,30508.28,77.125786,97.20177,99.29344
HRV,Croatia,2007,Klebsiella pneumoniae,Third-generation cephalosporins,40.35714285,36.57526127641895,20.7293802180396,74.39543960729571,8.54741592274057,38.21723526859712,19.85540759167567,30508.28,77.125786,97.20177,99.29344
HRV,Croatia,2007,Pseudomonas aeruginosa,Carbapenems,26.45502645,36.57526127641895,20.7293802180396,74.39543960729571,8.54741592274057,38.21723526859712,19.85540759167567,30508.28,77.125786,97.20177,99.29344
HRV,Croatia,2007,Staphylococcus aureus,Meticillin (MRSA),37.6,36.57526127641895,20.7293802180396,74.39543960729571,8.54741592274057,38.21723526859712,19.85540759167567,30508.28,77.125786,97.20177,99.29344
HRV,Croatia,2008,Enterococcus faecium,Aminopenicillins,79.16666666,33.35452759291404,19.9549649861576,69.62667806120488,8.973572866962973,17.77007368378309,17.416657171120164,31113.865,77.10213,96.985634,99.396576
HRV,Croatia,2008,Escherichia coli,Carbapenems,0.0,33.35452759291404,19.9549649861576,69.62667806120488,8.973572866962973,17.77007368378309,17.416657171120164,31113.865,77.10213,96.985634,99.396576
HRV,Croatia,2008,Escherichia coli,Fluoroquinolones,14.98905908,33.35452759291404,19.9549649861576,69.62667806120488,8.973572866962973,17.77007368378309,17.416657171120164,31113.865,77.10213,96.985634,99.396576
HRV,Croatia,2008,Escherichia coli,Third-generation cephalosporins,3.82932166,33.35452759291404,19.9549649861576,69.62667806120488,8.973572866962973,17.77007368378309,17.416657171120164,31113.865,77.10213,96.985634,99.396576
HRV,Croatia,2008,Klebsiella pneumoniae,Carbapenems,0.31152647,33.35452759291404,19.9549649861576,69.62667806120488,8.973572866962973,17.77007368378309,17.416657171120164,31113.865,77.10213,96.985634,99.396576
HRV,Croatia,2008,Klebsiella pneumoniae,Fluoroquinolones,43.51851851,33.35452759291404,19.9549649861576,69.62667806120488,8.973572866962973,17.77007368378309,17.416657171120164,31113.865,77.10213,96.985634,99.396576
HRV,Croatia,2008,Klebsiella pneumoniae,Third-generation cephalosporins,54.38066465,33.35452759291404,19.9549649861576,69.62667806120488,8.973572866962973,17.77007368378309,17.416657171120164,31113.865,77.10213,96.985634,99.396576
HRV,Croatia,2008,Pseudomonas aeruginosa,Carbapenems,30.0,33.35452759291404,19.9549649861576,69.62667806120488,8.973572866962973,17.77007368378309,17.416657171120164,31113.865,77.10213,96.985634,99.396576
HRV,Croatia,2008,Staphylococcus aureus,Meticillin (MRSA),35.23206751,33.35452759291404,19.9549649861576,69.62667806120488,8.973572866962973,17.77007368378309,17.416657171120164,31113.865,77.10213,96.985634,99.396576
HRV,Croatia,2010,Enterococcus faecium,Aminopenicillins,82.22222222,34.31939954752902,20.858586640738505,63.48542445184641,9.559856505173252,11.921794697681092,14.756108710906291,28702.004,76.86115,96.55557,99.600464
HRV,Croatia,2010,Escherichia coli,Carbapenems,0.34403669,34.31939954752902,20.858586640738505,63.48542445184641,9.559856505173252,11.921794697681092,14.756108710906291,28702.004,76.86115,96.55557,99.600464
HRV,Croatia,2010,Escherichia coli,Fluoroquinolones,17.00913242,34.31939954752902,20.858586640738505,63.48542445184641,9.559856505173252,11.921794697681092,14.756108710906291,28702.004,76.86115,96.55557,99.600464
HRV,Croatia,2010,Escherichia coli,Third-generation cephalosporins,8.73015873,34.31939954752902,20.858586640738505,63.48542445184641,9.559856505173252,11.921794697681092,14.756108710906291,28702.004,76.86115,96.55557,99.600464
HRV,Croatia,2010,Klebsiella pneumoniae,Carbapenems,2.15053763,34.31939954752902,20.858586640738505,63.48542445184641,9.559856505173252,11.921794697681092,14.756108710906291,28702.004,76.86115,96.55557,99.600464
HRV,Croatia,2010,Klebsiella pneumoniae,Fluoroquinolones,47.48201438,34.31939954752902,20.858586640738505,63.48542445184641,9.559856505173252,11.921794697681092,14.756108710906291,28702.004,76.86115,96.55557,99.600464
HRV,Croatia,2010,Klebsiella pneumoniae,Third-generation cephalosporins,55.51601423,34.31939954752902,20.858586640738505,63.48542445184641,9.559856505173252,11.921794697681092,14.756108710906291,28702.004,76.86115,96.55557,99.600464
HRV,Croatia,2010,Pseudomonas aeruginosa,Carbapenems,28.57142857,34.31939954752902,20.858586640738505,63.48542445184641,9.559856505173252,11.921794697681092,14.756108710906291,28702.004,76.86115,96.55557,99.600464
HRV,Croatia,2010,Staphylococcus aureus,Meticillin (MRSA),26.05042016,34.31939954752902,20.858586640738505,63.48542445184641,9.559856505173252,11.921794697681092,14.756108710906291,28702.004,76.86115,96.55557,99.600464
HRV,Croatia,2011,Enterococcus faecium,Aminopenicillins,98.27586206,35.00060026733602,20.378416186272343,81.15451372922446,9.00665393907109,28.55612573104769,16.687301084837756,28769.33,76.49798,96.34159,99.70121
HRV,Croatia,2011,Escherichia coli,Carbapenems,0.0,35.00060026733602,20.378416186272343,81.15451372922446,9.00665393907109,28.55612573104769,16.687301084837756,28769.33,76.49798,96.34159,99.70121
HRV,Croatia,2011,Escherichia coli,Fluoroquinolones,20.27310924,35.00060026733602,20.378416186272343,81.15451372922446,9.00665393907109,28.55612573104769,16.687301084837756,28769.33,76.49798,96.34159,99.70121
HRV,Croatia,2011,Escherichia coli,Third-generation cephalosporins,9.56256358,35.00060026733602,20.378416186272343,81.15451372922446,9.00665393907109,28.55612573104769,16.687301084837756,28769.33,76.49798,96.34159,99.70121
HRV,Croatia,2011,Klebsiella pneumoniae,Carbapenems,0.0,35.00060026733602,20.378416186272343,81.15451372922446,9.00665393907109,28.55612573104769,16.687301084837756,28769.33,76.49798,96.34159,99.70121
HRV,Croatia,2011,Klebsiella pneumoniae,Fluoroquinolones,42.46575342,35.00060026733602,20.378416186272343,81.15451372922446,9.00665393907109,28.55612573104769,16.687301084837756,28769.33,76.49798,96.34159,99.70121
HRV,Croatia,2011,Klebsiella pneumoniae,Third-generation cephalosporins,48.16053511,35.00060026733602,20.378416186272343,81.15451372922446,9.00665393907109,28.55612573104769,16.687301084837756,28769.33,76.49798,96.34159,99.70121
HRV,Croatia,2011,Pseudomonas aeruginosa,Carbapenems,29.64601769,35.00060026733602,20.378416186272343,81.15451372922446,9.00665393907109,28.55612573104769,16.687301084837756,28769.33,76.49798,96.34159,99.70121
HRV,Croatia,2011,Staphylococcus aureus,Meticillin (MRSA),27.71084337,35.00060026733602,20.378416186272343,81.15451372922446,9.00665393907109,28.55612573104769,16.687301084837756,28769.33,76.49798,96.34159,99.70121
HRV,Croatia,2012,Enterococcus faecium,Aminopenicillins,98.33333333,36.15201231309855,20.90893584034481,81.46434444751863,12.8822134999968,32.61894241811292,18.99573820698001,28259.346,76.1121,96.12898,99.80122
HRV,Croatia,2012,Escherichia coli,Carbapenems,0.0,36.15201231309855,20.90893584034481,81.46434444751863,12.8822134999968,32.61894241811292,18.99573820698001,28259.346,76.1121,96.12898,99.80122
HRV,Croatia,2012,Escherichia coli,Fluoroquinolones,17.04035874,36.15201231309855,20.90893584034481,81.46434444751863,12.8822134999968,32.61894241811292,18.99573820698001,28259.346,76.1121,96.12898,99.80122
HRV,Croatia,2012,Escherichia coli,Third-generation cephalosporins,7.61589403,36.15201231309855,20.90893584034481,81.46434444751863,12.8822134999968,32.61894241811292,18.99573820698001,28259.346,76.1121,96.12898,99.80122
HRV,Croatia,2012,Klebsiella pneumoniae,Carbapenems,0.0,36.15201231309855,20.90893584034481,81.46434444751863,12.8822134999968,32.61894241811292,18.99573820698001,28259.346,76.1121,96.12898,99.80122
HRV,Croatia,2012,Klebsiella pneumoniae,Fluoroquinolones,42.90030211,36.15201231309855,20.90893584034481,81.46434444751863,12.8822134999968,32.61894241811292,18.99573820698001,28259.346,76.1121,96.12898,99.80122
HRV,Croatia,2012,Klebsiella pneumoniae,Third-generation cephalosporins,52.10843373,36.15201231309855,20.90893584034481,81.46434444751863,12.8822134999968,32.61894241811292,18.99573820698001,28259.346,76.1121,96.12898,99.80122
HRV,Croatia,2012,Pseudomonas aeruginosa,Carbapenems,29.23076923,36.15201231309855,20.90893584034481,81.46434444751863,12.8822134999968,32.61894241811292,18.99573820698001,28259.346,76.1121,96.12898,99.80122
HRV,Croatia,2012,Staphylococcus aureus,Meticillin (MRSA),21.33995037,36.15201231309855,20.90893584034481,81.46434444751863,12.8822134999968,32.61894241811292,18.99573820698001,28259.346,76.1121,96.12898,99.80122
HRV,Croatia,2013,Acinetobacter spp.,Carbapenems,89.47368421,36.53363472940578,20.82987564075247,70.39002827538857,9.033762310917613,18.972650287312444,16.715314448763095,28397.855,75.81135,95.9178,99.90038
HRV,Croatia,2013,Enterococcus faecium,Aminopenicillins,89.18918918,36.53363472940578,20.82987564075247,70.39002827538857,9.033762310917613,18.972650287312444,16.715314448763095,28397.855,75.81135,95.9178,99.90038
HRV,Croatia,2013,Escherichia coli,Carbapenems,0.0,36.53363472940578,20.82987564075247,70.39002827538857,9.033762310917613,18.972650287312444,16.715314448763095,28397.855,75.81135,95.9178,99.90038
HRV,Croatia,2013,Escherichia coli,Fluoroquinolones,20.17543859,36.53363472940578,20.82987564075247,70.39002827538857,9.033762310917613,18.972650287312444,16.715314448763095,28397.855,75.81135,95.9178,99.90038
HRV,Croatia,2013,Escherichia coli,Third-generation cephalosporins,8.75,36.53363472940578,20.82987564075247,70.39002827538857,9.033762310917613,18.972650287312444,16.715314448763095,28397.855,75.81135,95.9178,99.90038
HRV,Croatia,2013,Klebsiella pneumoniae,Carbapenems,0.53191489,36.53363472940578,20.82987564075247,70.39002827538857,9.033762310917613,18.972650287312444,16.715314448763095,28397.855,75.81135,95.9178,99.90038
HRV,Croatia,2013,Klebsiella pneumoniae,Fluoroquinolones,43.16353887,36.53363472940578,20.82987564075247,70.39002827538857,9.033762310917613,18.972650287312444,16.715314448763095,28397.855,75.81135,95.9178,99.90038
HRV,Croatia,2013,Klebsiella pneumoniae,Third-generation cephalosporins,50.0,36.53363472940578,20.82987564075247,70.39002827538857,9.033762310917613,18.972650287312444,16.715314448763095,28397.855,75.81135,95.9178,99.90038
HRV,Croatia,2013,Pseudomonas aeruginosa,Carbapenems,25.31120331,36.53363472940578,20.82987564075247,70.39002827538857,9.033762310917613,18.972650287312444,16.715314448763095,28397.855,75.81135,95.9178,99.90038
HRV,Croatia,2013,Staphylococcus aureus,Meticillin (MRSA),24.03846153,36.53363472940578,20.82987564075247,70.39002827538857,9.033762310917613,18.972650287312444,16.715314448763095,28397.855,75.81135,95.9178,99.90038
HRV,Croatia,2014,Acinetobacter spp.,Carbapenems,87.34939759,32.97065384476532,19.599073841982467,60.50271284572075,5.549027683112014,21.5290323279977,22.904865465920963,28456.736,75.4018,95.7082,99.900566
HRV,Croatia,2014,Enterococcus faecium,Aminopenicillins,94.11764705,32.97065384476532,19.599073841982467,60.50271284572075,5.549027683112014,21.5290323279977,22.904865465920963,28456.736,75.4018,95.7082,99.900566
HRV,Croatia,2014,Escherichia coli,Carbapenems,0.0,32.97065384476532,19.599073841982467,60.50271284572075,5.549027683112014,21.5290323279977,22.904865465920963,28456.736,75.4018,95.7082,99.900566
HRV,Croatia,2014,Escherichia coli,Fluoroquinolones,20.05597014,32.97065384476532,19.599073841982467,60.50271284572075,5.549027683112014,21.5290323279977,22.904865465920963,28456.736,75.4018,95.7082,99.900566
HRV,Croatia,2014,Escherichia coli,Third-generation cephalosporins,10.84337349,32.97065384476532,19.599073841982467,60.50271284572075,5.549027683112014,21.5290323279977,22.904865465920963,28456.736,75.4018,95.7082,99.900566
HRV,Croatia,2014,Klebsiella pneumoniae,Carbapenems,0.89820359,32.97065384476532,19.599073841982467,60.50271284572075,5.549027683112014,21.5290323279977,22.904865465920963,28456.736,75.4018,95.7082,99.900566
HRV,Croatia,2014,Klebsiella pneumoniae,Fluoroquinolones,44.84848484,32.97065384476532,19.599073841982467,60.50271284572075,5.549027683112014,21.5290323279977,22.904865465920963,28456.736,75.4018,95.7082,99.900566
HRV,Croatia,2014,Klebsiella pneumoniae,Third-generation cephalosporins,47.90419161,32.97065384476532,19.599073841982467,60.50271284572075,5.549027683112014,21.5290323279977,22.904865465920963,28456.736,75.4018,95.7082,99.900566
HRV,Croatia,2014,Pseudomonas aeruginosa,Carbapenems,35.34482758,32.97065384476532,19.599073841982467,60.50271284572075,5.549027683112014,21.5290323279977,22.904865465920963,28456.736,75.4018,95.7082,99.900566
HRV,Croatia,2014,Staphylococcus aureus,Meticillin (MRSA),21.28099173,32.97065384476532,19.599073841982467,60.50271284572075,5.549027683112014,21.5290323279977,22.904865465920963,28456.736,75.4018,95.7082,99.900566
HRV,Croatia,2015,Acinetobacter spp.,Carbapenems,89.0,35.96076319788348,21.49038732868686,77.72984538614394,13.28718192048916,41.33345479984851,20.993456958402987,29466.7,74.7629,95.71901,99.900764
HRV,Croatia,2015,Enterococcus faecium,Aminopenicillins,97.84946236,35.96076319788348,21.49038732868686,77.72984538614394,13.28718192048916,41.33345479984851,20.993456958402987,29466.7,74.7629,95.71901,99.900764
HRV,Croatia,2015,Escherichia coli,Carbapenems,0.0,35.96076319788348,21.49038732868686,77.72984538614394,13.28718192048916,41.33345479984851,20.993456958402987,29466.7,74.7629,95.71901,99.900764
HRV,Croatia,2015,Escherichia coli,Fluoroquinolones,23.9884393,35.96076319788348,21.49038732868686,77.72984538614394,13.28718192048916,41.33345479984851,20.993456958402987,29466.7,74.7629,95.71901,99.900764
HRV,Croatia,2015,Escherichia coli,Third-generation cephalosporins,12.52390057,35.96076319788348,21.49038732868686,77.72984538614394,13.28718192048916,41.33345479984851,20.993456958402987,29466.7,74.7629,95.71901,99.900764
HRV,Croatia,2015,Klebsiella pneumoniae,Carbapenems,2.36842105,35.96076319788348,21.49038732868686,77.72984538614394,13.28718192048916,41.33345479984851,20.993456958402987,29466.7,74.7629,95.71901,99.900764
HRV,Croatia,2015,Klebsiella pneumoniae,Fluoroquinolones,48.68421052,35.96076319788348,21.49038732868686,77.72984538614394,13.28718192048916,41.33345479984851,20.993456958402987,29466.7,74.7629,95.71901,99.900764
HRV,Croatia,2015,Klebsiella pneumoniae,Third-generation cephalosporins,46.84210526,35.96076319788348,21.49038732868686,77.72984538614394,13.28718192048916,41.33345479984851,20.993456958402987,29466.7,74.7629,95.71901,99.900764
HRV,Croatia,2015,Pseudomonas aeruginosa,Carbapenems,38.52140077,35.96076319788348,21.49038732868686,77.72984538614394,13.28718192048916,41.33345479984851,20.993456958402987,29466.7,74.7629,95.71901,99.900764
HRV,Croatia,2015,Staphylococcus aureus,Meticillin (MRSA),24.4855967,35.96076319788348,21.49038732868686,77.72984538614394,13.28718192048916,41.33345479984851,20.993456958402987,29466.7,74.7629,95.71901,99.900764
HRV,Croatia,2016,Acinetobacter spp.,Carbapenems,94.47513812,33.20118681963897,20.271486347177017,74.02485049992919,8.039844462220957,17.659772794965505,18.563265400821585,30821.164,73.91776,95.73053,99.90098
HRV,Croatia,2016,Enterococcus faecium,Aminopenicillins,98.07692307,33.20118681963897,20.271486347177017,74.02485049992919,8.039844462220957,17.659772794965505,18.563265400821585,30821.164,73.91776,95.73053,99.90098
HRV,Croatia,2016,Escherichia coli,Carbapenems,0.0,33.20118681963897,20.271486347177017,74.02485049992919,8.039844462220957,17.659772794965505,18.563265400821585,30821.164,73.91776,95.73053,99.90098
HRV,Croatia,2016,Escherichia coli,Fluoroquinolones,27.85782901,33.20118681963897,20.271486347177017,74.02485049992919,8.039844462220957,17.659772794965505,18.563265400821585,30821.164,73.91776,95.73053,99.90098
HRV,Croatia,2016,Escherichia coli,Third-generation cephalosporins,14.7368421,33.20118681963897,20.271486347177017,74.02485049992919,8.039844462220957,17.659772794965505,18.563265400821585,30821.164,73.91776,95.73053,99.90098
HRV,Croatia,2016,Klebsiella pneumoniae,Carbapenems,0.0,33.20118681963897,20.271486347177017,74.02485049992919,8.039844462220957,17.659772794965505,18.563265400821585,30821.164,73.91776,95.73053,99.90098
HRV,Croatia,2016,Klebsiella pneumoniae,Fluoroquinolones,43.39622641,33.20118681963897,20.271486347177017,74.02485049992919,8.039844462220957,17.659772794965505,18.563265400821585,30821.164,73.91776,95.73053,99.90098
HRV,Croatia,2016,Klebsiella pneumoniae,Third-generation cephalosporins,48.59813084,33.20118681963897,20.271486347177017,74.02485049992919,8.039844462220957,17.659772794965505,18.563265400821585,30821.164,73.91776,95.73053,99.90098
HRV,Croatia,2016,Pseudomonas aeruginosa,Carbapenems,42.3076923,33.20118681963897,20.271486347177017,74.02485049992919,8.039844462220957,17.659772794965505,18.563265400821585,30821.164,73.91776,95.73053,99.90098
HRV,Croatia,2016,Staphylococcus aureus,Meticillin (MRSA),25.32751091,33.20118681963897,20.271486347177017,74.02485049992919,8.039844462220957,17.659772794965505,18.563265400821585,30821.164,73.91776,95.73053,99.90098
HRV,Croatia,2017,Acinetobacter spp.,Carbapenems,96.15384615,36.17435835840647,21.08405994531214,75.27828220888325,10.726341458299698,24.793880621935283,17.001560153591747,32348.934,72.89489,95.74277,99.901215
HRV,Croatia,2017,Enterococcus faecium,Aminopenicillins,95.50561797,36.17435835840647,21.08405994531214,75.27828220888325,10.726341458299698,24.793880621935283,17.001560153591747,32348.934,72.89489,95.74277,99.901215
HRV,Croatia,2017,Escherichia coli,Carbapenems,0.0,36.17435835840647,21.08405994531214,75.27828220888325,10.726341458299698,24.793880621935283,17.001560153591747,32348.934,72.89489,95.74277,99.901215
HRV,Croatia,2017,Escherichia coli,Fluoroquinolones,28.17391304,36.17435835840647,21.08405994531214,75.27828220888325,10.726341458299698,24.793880621935283,17.001560153591747,32348.934,72.89489,95.74277,99.901215
HRV,Croatia,2017,Escherichia coli,Third-generation cephalosporins,16.46341463,36.17435835840647,21.08405994531214,75.27828220888325,10.726341458299698,24.793880621935283,17.001560153591747,32348.934,72.89489,95.74277,99.901215
HRV,Croatia,2017,Klebsiella pneumoniae,Carbapenems,0.0,36.17435835840647,21.08405994531214,75.27828220888325,10.726341458299698,24.793880621935283,17.001560153591747,32348.934,72.89489,95.74277,99.901215
HRV,Croatia,2017,Klebsiella pneumoniae,Fluoroquinolones,40.77669902,36.17435835840647,21.08405994531214,75.27828220888325,10.726341458299698,24.793880621935283,17.001560153591747,32348.934,72.89489,95.74277,99.901215
HRV,Croatia,2017,Klebsiella pneumoniae,Third-generation cephalosporins,41.74757281,36.17435835840647,21.08405994531214,75.27828220888325,10.726341458299698,24.793880621935283,17.001560153591747,32348.934,72.89489,95.74277,99.901215
HRV,Croatia,2017,Pseudomonas aeruginosa,Carbapenems,30.6722689,36.17435835840647,21.08405994531214,75.27828220888325,10.726341458299698,24.793880621935283,17.001560153591747,32348.934,72.89489,95.74277,99.901215
HRV,Croatia,2017,Staphylococcus aureus,Meticillin (MRSA),28.46153846,36.17435835840647,21.08405994531214,75.27828220888325,10.726341458299698,24.793880621935283,17.001560153591747,32348.934,72.89489,95.74277,99.901215
HRV,Croatia,2018,Acinetobacter spp.,Carbapenems,95.48387096,33.50745759833946,20.549580220232087,94.0602480696356,10.547465804180002,38.74914499448381,25.54797370836362,33729.906,71.92402,95.75454,99.90145
HRV,Croatia,2018,Enterococcus faecium,Aminopenicillins,97.18309859,33.50745759833946,20.549580220232087,94.0602480696356,10.547465804180002,38.74914499448381,25.54797370836362,33729.906,71.92402,95.75454,99.90145
HRV,Croatia,2018,Escherichia coli,Carbapenems,0.0,33.50745759833946,20.549580220232087,94.0602480696356,10.547465804180002,38.74914499448381,25.54797370836362,33729.906,71.92402,95.75454,99.90145
HRV,Croatia,2018,Escherichia coli,Fluoroquinolones,30.02502085,33.50745759833946,20.549580220232087,94.0602480696356,10.547465804180002,38.74914499448381,25.54797370836362,33729.906,71.92402,95.75454,99.90145
HRV,Croatia,2018,Escherichia coli,Third-generation cephalosporins,14.81164383,33.50745759833946,20.549580220232087,94.0602480696356,10.547465804180002,38.74914499448381,25.54797370836362,33729.906,71.92402,95.75454,99.90145
HRV,Croatia,2018,Klebsiella pneumoniae,Carbapenems,2.15384615,33.50745759833946,20.549580220232087,94.0602480696356,10.547465804180002,38.74914499448381,25.54797370836362,33729.906,71.92402,95.75454,99.90145
HRV,Croatia,2018,Klebsiella pneumoniae,Fluoroquinolones,48.62385321,33.50745759833946,20.549580220232087,94.0602480696356,10.547465804180002,38.74914499448381,25.54797370836362,33729.906,71.92402,95.75454,99.90145
HRV,Croatia,2018,Klebsiella pneumoniae,Third-generation cephalosporins,44.33962264,33.50745759833946,20.549580220232087,94.0602480696356,10.547465804180002,38.74914499448381,25.54797370836362,33729.906,71.92402,95.75454,99.90145
HRV,Croatia,2018,Pseudomonas aeruginosa,Carbapenems,27.63819095,33.50745759833946,20.549580220232087,94.0602480696356,10.547465804180002,38.74914499448381,25.54797370836362,33729.906,71.92402,95.75454,99.90145
HRV,Croatia,2018,Staphylococcus aureus,Meticillin (MRSA),26.41921397,33.50745759833946,20.549580220232087,94.0602480696356,10.547465804180002,38.74914499448381,25.54797370836362,33729.906,71.92402,95.75454,99.90145
HUN,Hungary,2001,Enterococcus faecium,Aminopenicillins,,33.60988031904124,19.73033457931383,56.55976266272848,4.127882098137113,8.997692239943449,16.617504215610644,23069.21,111.4036,98.04295,94.1936
HUN,Hungary,2001,Escherichia coli,Carbapenems,0.0,33.60988031904124,19.73033457931383,56.55976266272848,4.127882098137113,8.997692239943449,16.617504215610644,23069.21,111.4036,98.04295,94.1936
HUN,Hungary,2001,Escherichia coli,Fluoroquinolones,5.05836575,33.60988031904124,19.73033457931383,56.55976266272848,4.127882098137113,8.997692239943449,16.617504215610644,23069.21,111.4036,98.04295,94.1936
HUN,Hungary,2001,Escherichia coli,Third-generation cephalosporins,0.38167938,33.60988031904124,19.73033457931383,56.55976266272848,4.127882098137113,8.997692239943449,16.617504215610644,23069.21,111.4036,98.04295,94.1936
HUN,Hungary,2001,Staphylococcus aureus,Meticillin (MRSA),4.65116279,33.60988031904124,19.73033457931383,56.55976266272848,4.127882098137113,8.997692239943449,16.617504215610644,23069.21,111.4036,98.04295,94.1936
HUN,Hungary,2002,Enterococcus faecium,Aminopenicillins,,33.82658014397547,19.95526185171561,62.764169175570366,4.369725545641643,23.820253265354754,20.30111076202324,24229.295,111.094246,98.03961,94.51337
HUN,Hungary,2002,Escherichia coli,Carbapenems,0.0,33.82658014397547,19.95526185171561,62.764169175570366,4.369725545641643,23.820253265354754,20.30111076202324,24229.295,111.094246,98.03961,94.51337
HUN,Hungary,2002,Escherichia coli,Fluoroquinolones,10.36585365,33.82658014397547,19.95526185171561,62.764169175570366,4.369725545641643,23.820253265354754,20.30111076202324,24229.295,111.094246,98.03961,94.51337
HUN,Hungary,2002,Escherichia coli,Third-generation cephalosporins,2.0,33.82658014397547,19.95526185171561,62.764169175570366,4.369725545641643,23.820253265354754,20.30111076202324,24229.295,111.094246,98.03961,94.51337
HUN,Hungary,2002,Staphylococcus aureus,Meticillin (MRSA),8.95883777,33.82658014397547,19.95526185171561,62.764169175570366,4.369725545641643,23.820253265354754,20.30111076202324,24229.295,111.094246,98.03961,94.51337
HUN,Hungary,2003,Enterococcus faecium,Aminopenicillins,90.69767441,35.62793859375811,20.54570870465161,84.60787525190236,7.671001216198671,26.663133689972213,17.683751153667593,25255.871,110.771095,98.03628,94.82986
HUN,Hungary,2003,Escherichia coli,Carbapenems,0.0,35.62793859375811,20.54570870465161,84.60787525190236,7.671001216198671,26.663133689972213,17.683751153667593,25255.871,110.771095,98.03628,94.82986
HUN,Hungary,2003,Escherichia coli,Fluoroquinolones,14.90147783,35.62793859375811,20.54570870465161,84.60787525190236,7.671001216198671,26.663133689972213,17.683751153667593,25255.871,110.771095,98.03628,94.82986
HUN,Hungary,2003,Escherichia coli,Third-generation cephalosporins,0.95124851,35.62793859375811,20.54570870465161,84.60787525190236,7.671001216198671,26.663133689972213,17.683751153667593,25255.871,110.771095,98.03628,94.82986
HUN,Hungary,2003,Staphylococcus aureus,Meticillin (MRSA),14.91841491,35.62793859375811,20.54570870465161,84.60787525190236,7.671001216198671,26.663133689972213,17.683751153667593,25255.871,110.771095,98.03628,94.82986
HUN,Hungary,2004,Enterococcus faecium,Aminopenicillins,94.91525423,32.89936296847885,19.04906695803193,51.49915276932614,3.3043789804938446,9.907078324334025,14.051616044536903,26568.12,110.517075,98.03297,95.14326
HUN,Hungary,2004,Escherichia coli,Carbapenems,0.23529411,32.89936296847885,19.04906695803193,51.49915276932614,3.3043789804938446,9.907078324334025,14.051616044536903,26568.12,110.517075,98.03297,95.14326
HUN,Hungary,2004,Escherichia coli,Fluoroquinolones,19.42286348,32.89936296847885,19.04906695803193,51.49915276932614,3.3043789804938446,9.907078324334025,14.051616044536903,26568.12,110.517075,98.03297,95.14326
HUN,Hungary,2004,Escherichia coli,Third-generation cephalosporins,3.22580645,32.89936296847885,19.04906695803193,51.49915276932614,3.3043789804938446,9.907078324334025,14.051616044536903,26568.12,110.517075,98.03297,95.14326
HUN,Hungary,2004,Staphylococcus aureus,Meticillin (MRSA),16.66666666,32.89936296847885,19.04906695803193,51.49915276932614,3.3043789804938446,9.907078324334025,14.051616044536903,26568.12,110.517075,98.03297,95.14326
HUN,Hungary,2005,Enterococcus faecium,Aminopenicillins,90.9090909,33.748991606286374,20.07303559608494,55.998406880630526,3.94180976465125,12.7345415260105,14.741593673687271,27765.79,110.29699,98.029144,95.45739
HUN,Hungary,2005,Escherichia coli,Carbapenems,0.10405827,33.748991606286374,20.07303559608494,55.998406880630526,3.94180976465125,12.7345415260105,14.741593673687271,27765.79,110.29699,98.029144,95.45739
HUN,Hungary,2005,Escherichia coli,Fluoroquinolones,21.92347466,33.748991606286374,20.07303559608494,55.998406880630526,3.94180976465125,12.7345415260105,14.741593673687271,27765.79,110.29699,98.029144,95.45739
HUN,Hungary,2005,Escherichia coli,Third-generation cephalosporins,3.74639769,33.748991606286374,20.07303559608494,55.998406880630526,3.94180976465125,12.7345415260105,14.741593673687271,27765.79,110.29699,98.029144,95.45739
HUN,Hungary,2005,Klebsiella pneumoniae,Carbapenems,0.33333333,33.748991606286374,20.07303559608494,55.998406880630526,3.94180976465125,12.7345415260105,14.741593673687271,27765.79,110.29699,98.029144,95.45739
HUN,Hungary,2005,Klebsiella pneumoniae,Fluoroquinolones,20.70175438,33.748991606286374,20.07303559608494,55.998406880630526,3.94180976465125,12.7345415260105,14.741593673687271,27765.79,110.29699,98.029144,95.45739
HUN,Hungary,2005,Klebsiella pneumoniae,Third-generation cephalosporins,27.65273311,33.748991606286374,20.07303559608494,55.998406880630526,3.94180976465125,12.7345415260105,14.741593673687271,27765.79,110.29699,98.029144,95.45739
HUN,Hungary,2005,Pseudomonas aeruginosa,Carbapenems,18.34677419,33.748991606286374,20.07303559608494,55.998406880630526,3.94180976465125,12.7345415260105,14.741593673687271,27765.79,110.29699,98.029144,95.45739
HUN,Hungary,2005,Staphylococcus aureus,Meticillin (MRSA),19.85226223,33.748991606286374,20.07303559608494,55.998406880630526,3.94180976465125,12.7345415260105,14.741593673687271,27765.79,110.29699,98.029144,95.45739
HUN,Hungary,2006,Enterococcus faecium,Aminopenicillins,88.09523809,34.03166897706009,20.08646636754262,62.72453529737479,4.820941201494231,23.13910843619269,19.44314623648121,28903.047,110.12433,98.024826,95.77152
HUN,Hungary,2006,Escherichia coli,Carbapenems,0.19398642,34.03166897706009,20.08646636754262,62.72453529737479,4.820941201494231,23.13910843619269,19.44314623648121,28903.047,110.12433,98.024826,95.77152
HUN,Hungary,2006,Escherichia coli,Fluoroquinolones,26.61064425,34.03166897706009,20.08646636754262,62.72453529737479,4.820941201494231,23.13910843619269,19.44314623648121,28903.047,110.12433,98.024826,95.77152
HUN,Hungary,2006,Escherichia coli,Third-generation cephalosporins,4.964539,34.03166897706009,20.08646636754262,62.72453529737479,4.820941201494231,23.13910843619269,19.44314623648121,28903.047,110.12433,98.024826,95.77152
HUN,Hungary,2006,Klebsiella pneumoniae,Carbapenems,0.0,34.03166897706009,20.08646636754262,62.72453529737479,4.820941201494231,23.13910843619269,19.44314623648121,28903.047,110.12433,98.024826,95.77152
HUN,Hungary,2006,Klebsiella pneumoniae,Fluoroquinolones,13.18681318,34.03166897706009,20.08646636754262,62.72453529737479,4.820941201494231,23.13910843619269,19.44314623648121,28903.047,110.12433,98.024826,95.77152
HUN,Hungary,2006,Klebsiella pneumoniae,Third-generation cephalosporins,20.26578073,34.03166897706009,20.08646636754262,62.72453529737479,4.820941201494231,23.13910843619269,19.44314623648121,28903.047,110.12433,98.024826,95.77152
HUN,Hungary,2006,Pseudomonas aeruginosa,Carbapenems,16.13508442,34.03166897706009,20.08646636754262,62.72453529737479,4.820941201494231,23.13910843619269,19.44314623648121,28903.047,110.12433,98.024826,95.77152
HUN,Hungary,2006,Staphylococcus aureus,Meticillin (MRSA),25.11091393,34.03166897706009,20.08646636754262,62.72453529737479,4.820941201494231,23.13910843619269,19.44314623648121,28903.047,110.12433,98.024826,95.77152
HUN,Hungary,2007,Enterococcus faecium,Aminopenicillins,86.44067796,36.640195066959215,20.380708951718287,65.88676099247094,4.922272668416984,34.90288379068709,19.98047006998516,29044.066,109.950516,98.02054,96.0815
HUN,Hungary,2007,Escherichia coli,Carbapenems,0.0,36.640195066959215,20.380708951718287,65.88676099247094,4.922272668416984,34.90288379068709,19.98047006998516,29044.066,109.950516,98.02054,96.0815
HUN,Hungary,2007,Escherichia coli,Fluoroquinolones,26.30676949,36.640195066959215,20.380708951718287,65.88676099247094,4.922272668416984,34.90288379068709,19.98047006998516,29044.066,109.950516,98.02054,96.0815
HUN,Hungary,2007,Escherichia coli,Third-generation cephalosporins,5.41012216,36.640195066959215,20.380708951718287,65.88676099247094,4.922272668416984,34.90288379068709,19.98047006998516,29044.066,109.950516,98.02054,96.0815
HUN,Hungary,2007,Klebsiella pneumoniae,Carbapenems,0.0,36.640195066959215,20.380708951718287,65.88676099247094,4.922272668416984,34.90288379068709,19.98047006998516,29044.066,109.950516,98.02054,96.0815
HUN,Hungary,2007,Klebsiella pneumoniae,Fluoroquinolones,22.1875,36.640195066959215,20.380708951718287,65.88676099247094,4.922272668416984,34.90288379068709,19.98047006998516,29044.066,109.950516,98.02054,96.0815
HUN,Hungary,2007,Klebsiella pneumoniae,Third-generation cephalosporins,25.23659305,36.640195066959215,20.380708951718287,65.88676099247094,4.922272668416984,34.90288379068709,19.98047006998516,29044.066,109.950516,98.02054,96.0815
HUN,Hungary,2007,Pseudomonas aeruginosa,Carbapenems,18.54043392,36.640195066959215,20.380708951718287,65.88676099247094,4.922272668416984,34.90288379068709,19.98047006998516,29044.066,109.950516,98.02054,96.0815
HUN,Hungary,2007,Staphylococcus aureus,Meticillin (MRSA),23.26939115,36.640195066959215,20.380708951718287,65.88676099247094,4.922272668416984,34.90288379068709,19.98047006998516,29044.066,109.950516,98.02054,96.0815
HUN,Hungary,2008,Enterococcus faecium,Aminopenicillins,94.20289855,33.00227616712721,19.36138498077785,61.72385098482842,4.16467628126661,16.76197674677097,17.40092025387697,29384.008,109.759514,98.01629,96.38735
HUN,Hungary,2008,Escherichia coli,Carbapenems,0.10152284,33.00227616712721,19.36138498077785,61.72385098482842,4.16467628126661,16.76197674677097,17.40092025387697,29384.008,109.759514,98.01629,96.38735
HUN,Hungary,2008,Escherichia coli,Fluoroquinolones,26.12440191,33.00227616712721,19.36138498077785,61.72385098482842,4.16467628126661,16.76197674677097,17.40092025387697,29384.008,109.759514,98.01629,96.38735
HUN,Hungary,2008,Escherichia coli,Third-generation cephalosporins,9.17691579,33.00227616712721,19.36138498077785,61.72385098482842,4.16467628126661,16.76197674677097,17.40092025387697,29384.008,109.759514,98.01629,96.38735
HUN,Hungary,2008,Klebsiella pneumoniae,Carbapenems,0.0,33.00227616712721,19.36138498077785,61.72385098482842,4.16467628126661,16.76197674677097,17.40092025387697,29384.008,109.759514,98.01629,96.38735
HUN,Hungary,2008,Klebsiella pneumoniae,Fluoroquinolones,32.87671232,33.00227616712721,19.36138498077785,61.72385098482842,4.16467628126661,16.76197674677097,17.40092025387697,29384.008,109.759514,98.01629,96.38735
HUN,Hungary,2008,Klebsiella pneumoniae,Third-generation cephalosporins,34.95934959,33.00227616712721,19.36138498077785,61.72385098482842,4.16467628126661,16.76197674677097,17.40092025387697,29384.008,109.759514,98.01629,96.38735
HUN,Hungary,2008,Pseudomonas aeruginosa,Carbapenems,25.91093117,33.00227616712721,19.36138498077785,61.72385098482842,4.16467628126661,16.76197674677097,17.40092025387697,29384.008,109.759514,98.01629,96.38735
HUN,Hungary,2008,Staphylococcus aureus,Meticillin (MRSA),22.52328535,33.00227616712721,19.36138498077785,61.72385098482842,4.16467628126661,16.76197674677097,17.40092025387697,29384.008,109.759514,98.01629,96.38735
HUN,Hungary,2009,Enterococcus faecium,Aminopenicillins,97.36842105,33.31151435276224,19.202473326338385,67.1959524597077,4.194644479579447,14.18880067885402,16.661311059860353,27445.959,109.59216,98.01208,96.68911
HUN,Hungary,2009,Escherichia coli,Carbapenems,0.0,33.31151435276224,19.202473326338385,67.1959524597077,4.194644479579447,14.18880067885402,16.661311059860353,27445.959,109.59216,98.01208,96.68911
HUN,Hungary,2009,Escherichia coli,Fluoroquinolones,30.49713193,33.31151435276224,19.202473326338385,67.1959524597077,4.194644479579447,14.18880067885402,16.661311059860353,27445.959,109.59216,98.01208,96.68911
HUN,Hungary,2009,Escherichia coli,Third-generation cephalosporins,12.92775665,33.31151435276224,19.202473326338385,67.1959524597077,4.194644479579447,14.18880067885402,16.661311059860353,27445.959,109.59216,98.01208,96.68911
HUN,Hungary,2009,Klebsiella pneumoniae,Carbapenems,0.55555555,33.31151435276224,19.202473326338385,67.1959524597077,4.194644479579447,14.18880067885402,16.661311059860353,27445.959,109.59216,98.01208,96.68911
HUN,Hungary,2009,Klebsiella pneumoniae,Fluoroquinolones,33.23943661,33.31151435276224,19.202473326338385,67.1959524597077,4.194644479579447,14.18880067885402,16.661311059860353,27445.959,109.59216,98.01208,96.68911
HUN,Hungary,2009,Klebsiella pneumoniae,Third-generation cephalosporins,38.44011142,33.31151435276224,19.202473326338385,67.1959524597077,4.194644479579447,14.18880067885402,16.661311059860353,27445.959,109.59216,98.01208,96.68911
HUN,Hungary,2009,Pseudomonas aeruginosa,Carbapenems,26.55038759,33.31151435276224,19.202473326338385,67.1959524597077,4.194644479579447,14.18880067885402,16.661311059860353,27445.959,109.59216,98.01208,96.68911
HUN,Hungary,2009,Staphylococcus aureus,Meticillin (MRSA),29.02621722,33.31151435276224,19.202473326338385,67.1959524597077,4.194644479579447,14.18880067885402,16.661311059860353,27445.959,109.59216,98.01208,96.68911
HUN,Hungary,2010,Enterococcus faecium,Aminopenicillins,96.80851063,34.05870443634435,20.5517762576732,55.25117620047115,5.885547087517758,12.046642489924723,15.05527333992696,27801.834,109.34832,98.0084,96.98424
HUN,Hungary,2010,Escherichia coli,Carbapenems,0.1525553,34.05870443634435,20.5517762576732,55.25117620047115,5.885547087517758,12.046642489924723,15.05527333992696,27801.834,109.34832,98.0084,96.98424
HUN,Hungary,2010,Escherichia coli,Fluoroquinolones,36.57644476,34.05870443634435,20.5517762576732,55.25117620047115,5.885547087517758,12.046642489924723,15.05527333992696,27801.834,109.34832,98.0084,96.98424
HUN,Hungary,2010,Escherichia coli,Third-generation cephalosporins,19.45046999,34.05870443634435,20.5517762576732,55.25117620047115,5.885547087517758,12.046642489924723,15.05527333992696,27801.834,109.34832,98.0084,96.98424
HUN,Hungary,2010,Klebsiella pneumoniae,Carbapenems,5.49898167,34.05870443634435,20.5517762576732,55.25117620047115,5.885547087517758,12.046642489924723,15.05527333992696,27801.834,109.34832,98.0084,96.98424
HUN,Hungary,2010,Klebsiella pneumoniae,Fluoroquinolones,42.85714285,34.05870443634435,20.5517762576732,55.25117620047115,5.885547087517758,12.046642489924723,15.05527333992696,27801.834,109.34832,98.0084,96.98424
HUN,Hungary,2010,Klebsiella pneumoniae,Third-generation cephalosporins,45.8984375,34.05870443634435,20.5517762576732,55.25117620047115,5.885547087517758,12.046642489924723,15.05527333992696,27801.834,109.34832,98.0084,96.98424
HUN,Hungary,2010,Pseudomonas aeruginosa,Carbapenems,24.88188976,34.05870443634435,20.5517762576732,55.25117620047115,5.885547087517758,12.046642489924723,15.05527333992696,27801.834,109.34832,98.0084,96.98424
HUN,Hungary,2010,Staphylococcus aureus,Meticillin (MRSA),30.22875816,34.05870443634435,20.5517762576732,55.25117620047115,5.885547087517758,12.046642489924723,15.05527333992696,27801.834,109.34832,98.0084,96.98424
HUN,Hungary,2011,Enterococcus faecium,Aminopenicillins,95.3271028,34.095302901890335,19.80565028450109,69.00238405395585,4.340119147949825,20.89542065274044,16.3845465585155,28415.117,108.992714,98.00476,97.275856
HUN,Hungary,2011,Escherichia coli,Carbapenems,0.08688097,34.095302901890335,19.80565028450109,69.00238405395585,4.340119147949825,20.89542065274044,16.3845465585155,28415.117,108.992714,98.00476,97.275856
HUN,Hungary,2011,Escherichia coli,Fluoroquinolones,31.16240725,34.095302901890335,19.80565028450109,69.00238405395585,4.340119147949825,20.89542065274044,16.3845465585155,28415.117,108.992714,98.00476,97.275856
HUN,Hungary,2011,Escherichia coli,Third-generation cephalosporins,15.11437908,34.095302901890335,19.80565028450109,69.00238405395585,4.340119147949825,20.89542065274044,16.3845465585155,28415.117,108.992714,98.00476,97.275856
HUN,Hungary,2011,Klebsiella pneumoniae,Carbapenems,1.937046,34.095302901890335,19.80565028450109,69.00238405395585,4.340119147949825,20.89542065274044,16.3845465585155,28415.117,108.992714,98.00476,97.275856
HUN,Hungary,2011,Klebsiella pneumoniae,Fluoroquinolones,50.95238095,34.095302901890335,19.80565028450109,69.00238405395585,4.340119147949825,20.89542065274044,16.3845465585155,28415.117,108.992714,98.00476,97.275856
HUN,Hungary,2011,Klebsiella pneumoniae,Third-generation cephalosporins,53.13225058,34.095302901890335,19.80565028450109,69.00238405395585,4.340119147949825,20.89542065274044,16.3845465585155,28415.117,108.992714,98.00476,97.275856
HUN,Hungary,2011,Pseudomonas aeruginosa,Carbapenems,21.19205298,34.095302901890335,19.80565028450109,69.00238405395585,4.340119147949825,20.89542065274044,16.3845465585155,28415.117,108.992714,98.00476,97.275856
HUN,Hungary,2011,Staphylococcus aureus,Meticillin (MRSA),26.21107266,34.095302901890335,19.80565028450109,69.00238405395585,4.340119147949825,20.89542065274044,16.3845465585155,28415.117,108.992714,98.00476,97.275856
HUN,Hungary,2012,Acinetobacter spp.,Carbapenems,48.0861244,35.94708457985368,20.41211174610558,73.3983396530614,7.055374985561268,27.722974445433,18.600453028855625,28179.656,108.66339,98.00215,97.55974
HUN,Hungary,2012,Enterococcus faecium,Aminopenicillins,99.24242424,35.94708457985368,20.41211174610558,73.3983396530614,7.055374985561268,27.722974445433,18.600453028855625,28179.656,108.66339,98.00215,97.55974
HUN,Hungary,2012,Escherichia coli,Carbapenems,0.0,35.94708457985368,20.41211174610558,73.3983396530614,7.055374985561268,27.722974445433,18.600453028855625,28179.656,108.66339,98.00215,97.55974
HUN,Hungary,2012,Escherichia coli,Fluoroquinolones,28.93036611,35.94708457985368,20.41211174610558,73.3983396530614,7.055374985561268,27.722974445433,18.600453028855625,28179.656,108.66339,98.00215,97.55974
HUN,Hungary,2012,Escherichia coli,Third-generation cephalosporins,17.43444365,35.94708457985368,20.41211174610558,73.3983396530614,7.055374985561268,27.722974445433,18.600453028855625,28179.656,108.66339,98.00215,97.55974
HUN,Hungary,2012,Klebsiella pneumoniae,Carbapenems,2.91060291,35.94708457985368,20.41211174610558,73.3983396530614,7.055374985561268,27.722974445433,18.600453028855625,28179.656,108.66339,98.00215,97.55974
HUN,Hungary,2012,Klebsiella pneumoniae,Fluoroquinolones,41.64948453,35.94708457985368,20.41211174610558,73.3983396530614,7.055374985561268,27.722974445433,18.600453028855625,28179.656,108.66339,98.00215,97.55974
HUN,Hungary,2012,Klebsiella pneumoniae,Third-generation cephalosporins,43.0,35.94708457985368,20.41211174610558,73.3983396530614,7.055374985561268,27.722974445433,18.600453028855625,28179.656,108.66339,98.00215,97.55974
HUN,Hungary,2012,Pseudomonas aeruginosa,Carbapenems,27.46365105,35.94708457985368,20.41211174610558,73.3983396530614,7.055374985561268,27.722974445433,18.600453028855625,28179.656,108.66339,98.00215,97.55974
HUN,Hungary,2012,Staphylococcus aureus,Meticillin (MRSA),24.84689413,35.94708457985368,20.41211174610558,73.3983396530614,7.055374985561268,27.722974445433,18.600453028855625,28179.656,108.66339,98.00215,97.55974
HUN,Hungary,2013,Acinetobacter spp.,Carbapenems,50.1039501,36.3060025666094,20.51670769639988,62.5913928446028,5.015764554514941,17.200006289131636,16.716708046055984,28891.021,108.364494,97.99991,97.83985
HUN,Hungary,2013,Enterococcus faecium,Aminopenicillins,99.0521327,36.3060025666094,20.51670769639988,62.5913928446028,5.015764554514941,17.200006289131636,16.716708046055984,28891.021,108.364494,97.99991,97.83985
HUN,Hungary,2013,Escherichia coli,Carbapenems,0.14760147,36.3060025666094,20.51670769639988,62.5913928446028,5.015764554514941,17.200006289131636,16.716708046055984,28891.021,108.364494,97.99991,97.83985
HUN,Hungary,2013,Escherichia coli,Fluoroquinolones,30.30726256,36.3060025666094,20.51670769639988,62.5913928446028,5.015764554514941,17.200006289131636,16.716708046055984,28891.021,108.364494,97.99991,97.83985
HUN,Hungary,2013,Escherichia coli,Third-generation cephalosporins,18.85873347,36.3060025666094,20.51670769639988,62.5913928446028,5.015764554514941,17.200006289131636,16.716708046055984,28891.021,108.364494,97.99991,97.83985
HUN,Hungary,2013,Klebsiella pneumoniae,Carbapenems,1.69491525,36.3060025666094,20.51670769639988,62.5913928446028,5.015764554514941,17.200006289131636,16.716708046055984,28891.021,108.364494,97.99991,97.83985
HUN,Hungary,2013,Klebsiella pneumoniae,Fluoroquinolones,37.65765765,36.3060025666094,20.51670769639988,62.5913928446028,5.015764554514941,17.200006289131636,16.716708046055984,28891.021,108.364494,97.99991,97.83985
HUN,Hungary,2013,Klebsiella pneumoniae,Third-generation cephalosporins,37.34290843,36.3060025666094,20.51670769639988,62.5913928446028,5.015764554514941,17.200006289131636,16.716708046055984,28891.021,108.364494,97.99991,97.83985
HUN,Hungary,2013,Pseudomonas aeruginosa,Carbapenems,30.23952095,36.3060025666094,20.51670769639988,62.5913928446028,5.015764554514941,17.200006289131636,16.716708046055984,28891.021,108.364494,97.99991,97.83985
HUN,Hungary,2013,Staphylococcus aureus,Meticillin (MRSA),24.0,36.3060025666094,20.51670769639988,62.5913928446028,5.015764554514941,17.200006289131636,16.716708046055984,28891.021,108.364494,97.99991,97.83985
HUN,Hungary,2014,Acinetobacter spp.,Carbapenems,44.46952595,33.0880958589992,19.430673349442124,54.544512774880666,2.790388291479398,20.6150265280809,23.20854481307306,30264.95,108.074104,97.99768,98.1179
HUN,Hungary,2014,Enterococcus faecium,Aminopenicillins,97.76785714,33.0880958589992,19.430673349442124,54.544512774880666,2.790388291479398,20.6150265280809,23.20854481307306,30264.95,108.074104,97.99768,98.1179
HUN,Hungary,2014,Escherichia coli,Carbapenems,0.0,33.0880958589992,19.430673349442124,54.544512774880666,2.790388291479398,20.6150265280809,23.20854481307306,30264.95,108.074104,97.99768,98.1179
HUN,Hungary,2014,Escherichia coli,Fluoroquinolones,28.43866171,33.0880958589992,19.430673349442124,54.544512774880666,2.790388291479398,20.6150265280809,23.20854481307306,30264.95,108.074104,97.99768,98.1179
HUN,Hungary,2014,Escherichia coli,Third-generation cephalosporins,16.42989499,33.0880958589992,19.430673349442124,54.544512774880666,2.790388291479398,20.6150265280809,23.20854481307306,30264.95,108.074104,97.99768,98.1179
HUN,Hungary,2014,Klebsiella pneumoniae,Carbapenems,1.12721417,33.0880958589992,19.430673349442124,54.544512774880666,2.790388291479398,20.6150265280809,23.20854481307306,30264.95,108.074104,97.99768,98.1179
HUN,Hungary,2014,Klebsiella pneumoniae,Fluoroquinolones,34.94539781,33.0880958589992,19.430673349442124,54.544512774880666,2.790388291479398,20.6150265280809,23.20854481307306,30264.95,108.074104,97.99768,98.1179
HUN,Hungary,2014,Klebsiella pneumoniae,Third-generation cephalosporins,35.55900621,33.0880958589992,19.430673349442124,54.544512774880666,2.790388291479398,20.6150265280809,23.20854481307306,30264.95,108.074104,97.99768,98.1179
HUN,Hungary,2014,Pseudomonas aeruginosa,Carbapenems,33.46774193,33.0880958589992,19.430673349442124,54.544512774880666,2.790388291479398,20.6150265280809,23.20854481307306,30264.95,108.074104,97.99768,98.1179
HUN,Hungary,2014,Staphylococcus aureus,Meticillin (MRSA),23.06489444,33.0880958589992,19.430673349442124,54.544512774880666,2.790388291479398,20.6150265280809,23.20854481307306,30264.95,108.074104,97.99768,98.1179
HUN,Hungary,2015,Acinetobacter spp.,Carbapenems,55.24625267,36.070065749477024,21.03862122515748,69.24940008354884,7.965779435508083,37.56171812145079,20.919697790084395,31485.568,107.815155,97.99545,98.39388
HUN,Hungary,2015,Enterococcus faecium,Aminopenicillins,99.57081545,36.070065749477024,21.03862122515748,69.24940008354884,7.965779435508083,37.56171812145079,20.919697790084395,31485.568,107.815155,97.99545,98.39388
HUN,Hungary,2015,Escherichia coli,Carbapenems,0.0,36.070065749477024,21.03862122515748,69.24940008354884,7.965779435508083,37.56171812145079,20.919697790084395,31485.568,107.815155,97.99545,98.39388
HUN,Hungary,2015,Escherichia coli,Fluoroquinolones,28.99554675,36.070065749477024,21.03862122515748,69.24940008354884,7.965779435508083,37.56171812145079,20.919697790084395,31485.568,107.815155,97.99545,98.39388
HUN,Hungary,2015,Escherichia coli,Third-generation cephalosporins,16.73247778,36.070065749477024,21.03862122515748,69.24940008354884,7.965779435508083,37.56171812145079,20.919697790084395,31485.568,107.815155,97.99545,98.39388
HUN,Hungary,2015,Klebsiella pneumoniae,Carbapenems,0.1455604,36.070065749477024,21.03862122515748,69.24940008354884,7.965779435508083,37.56171812145079,20.919697790084395,31485.568,107.815155,97.99545,98.39388
HUN,Hungary,2015,Klebsiella pneumoniae,Fluoroquinolones,36.71428571,36.070065749477024,21.03862122515748,69.24940008354884,7.965779435508083,37.56171812145079,20.919697790084395,31485.568,107.815155,97.99545,98.39388
HUN,Hungary,2015,Klebsiella pneumoniae,Third-generation cephalosporins,37.21590909,36.070065749477024,21.03862122515748,69.24940008354884,7.965779435508083,37.56171812145079,20.919697790084395,31485.568,107.815155,97.99545,98.39388
HUN,Hungary,2015,Pseudomonas aeruginosa,Carbapenems,35.84415584,36.070065749477024,21.03862122515748,69.24940008354884,7.965779435508083,37.56171812145079,20.919697790084395,31485.568,107.815155,97.99545,98.39388
HUN,Hungary,2015,Staphylococcus aureus,Meticillin (MRSA),24.65392221,36.070065749477024,21.03862122515748,69.24940008354884,7.965779435508083,37.56171812145079,20.919697790084395,31485.568,107.815155,97.99545,98.39388
HUN,Hungary,2016,Acinetobacter spp.,Carbapenems,58.60349127,33.363532236745634,19.97083581915992,68.0405369780463,4.43051427873205,16.046221165665564,18.69286837191193,32378.967,107.50086,97.99318,98.667946
HUN,Hungary,2016,Enterococcus faecium,Aminopenicillins,98.52941176,33.363532236745634,19.97083581915992,68.0405369780463,4.43051427873205,16.046221165665564,18.69286837191193,32378.967,107.50086,97.99318,98.667946
HUN,Hungary,2016,Escherichia coli,Carbapenems,0.0,33.363532236745634,19.97083581915992,68.0405369780463,4.43051427873205,16.046221165665564,18.69286837191193,32378.967,107.50086,97.99318,98.667946
HUN,Hungary,2016,Escherichia coli,Fluoroquinolones,26.78751258,33.363532236745634,19.97083581915992,68.0405369780463,4.43051427873205,16.046221165665564,18.69286837191193,32378.967,107.50086,97.99318,98.667946
HUN,Hungary,2016,Escherichia coli,Third-generation cephalosporins,16.70847967,33.363532236745634,19.97083581915992,68.0405369780463,4.43051427873205,16.046221165665564,18.69286837191193,32378.967,107.50086,97.99318,98.667946
HUN,Hungary,2016,Klebsiella pneumoniae,Carbapenems,0.42674253,33.363532236745634,19.97083581915992,68.0405369780463,4.43051427873205,16.046221165665564,18.69286837191193,32378.967,107.50086,97.99318,98.667946
HUN,Hungary,2016,Klebsiella pneumoniae,Fluoroquinolones,35.20336605,33.363532236745634,19.97083581915992,68.0405369780463,4.43051427873205,16.046221165665564,18.69286837191193,32378.967,107.50086,97.99318,98.667946
HUN,Hungary,2016,Klebsiella pneumoniae,Third-generation cephalosporins,37.53462603,33.363532236745634,19.97083581915992,68.0405369780463,4.43051427873205,16.046221165665564,18.69286837191193,32378.967,107.50086,97.99318,98.667946
HUN,Hungary,2016,Pseudomonas aeruginosa,Carbapenems,33.28822733,33.363532236745634,19.97083581915992,68.0405369780463,4.43051427873205,16.046221165665564,18.69286837191193,32378.967,107.50086,97.99318,98.667946
HUN,Hungary,2016,Staphylococcus aureus,Meticillin (MRSA),25.17985611,33.363532236745634,19.97083581915992,68.0405369780463,4.43051427873205,16.046221165665564,18.69286837191193,32378.967,107.50086,97.99318,98.667946
HUN,Hungary,2017,Acinetobacter spp.,Carbapenems,52.51396648,35.55205452793418,20.55853352579532,66.36766000076987,5.86117830537429,18.04946035409183,16.558571296466656,33828.715,107.22779,97.990875,98.94001
HUN,Hungary,2017,Enterococcus faecium,Aminopenicillins,96.82539682,35.55205452793418,20.55853352579532,66.36766000076987,5.86117830537429,18.04946035409183,16.558571296466656,33828.715,107.22779,97.990875,98.94001
HUN,Hungary,2017,Escherichia coli,Carbapenems,0.05032712,35.55205452793418,20.55853352579532,66.36766000076987,5.86117830537429,18.04946035409183,16.558571296466656,33828.715,107.22779,97.990875,98.94001
HUN,Hungary,2017,Escherichia coli,Fluoroquinolones,30.61921014,35.55205452793418,20.55853352579532,66.36766000076987,5.86117830537429,18.04946035409183,16.558571296466656,33828.715,107.22779,97.990875,98.94001
HUN,Hungary,2017,Escherichia coli,Third-generation cephalosporins,20.11661807,35.55205452793418,20.55853352579532,66.36766000076987,5.86117830537429,18.04946035409183,16.558571296466656,33828.715,107.22779,97.990875,98.94001
HUN,Hungary,2017,Klebsiella pneumoniae,Carbapenems,0.29368575,35.55205452793418,20.55853352579532,66.36766000076987,5.86117830537429,18.04946035409183,16.558571296466656,33828.715,107.22779,97.990875,98.94001
HUN,Hungary,2017,Klebsiella pneumoniae,Fluoroquinolones,41.45985401,35.55205452793418,20.55853352579532,66.36766000076987,5.86117830537429,18.04946035409183,16.558571296466656,33828.715,107.22779,97.990875,98.94001
HUN,Hungary,2017,Klebsiella pneumoniae,Third-generation cephalosporins,41.12554112,35.55205452793418,20.55853352579532,66.36766000076987,5.86117830537429,18.04946035409183,16.558571296466656,33828.715,107.22779,97.990875,98.94001
HUN,Hungary,2017,Pseudomonas aeruginosa,Carbapenems,36.56207366,35.55205452793418,20.55853352579532,66.36766000076987,5.86117830537429,18.04946035409183,16.558571296466656,33828.715,107.22779,97.990875,98.94001
HUN,Hungary,2017,Staphylococcus aureus,Meticillin (MRSA),23.62707535,35.55205452793418,20.55853352579532,66.36766000076987,5.86117830537429,18.04946035409183,16.558571296466656,33828.715,107.22779,97.990875,98.94001
HUN,Hungary,2018,Acinetobacter spp.,Carbapenems,55.18207282,33.56555680224113,20.365815702771204,90.61661510083302,5.689398879583423,38.05683610288772,25.08829789172834,35798.043,107.10492,97.98852,99.21004
HUN,Hungary,2018,Enterococcus faecium,Aminopenicillins,96.36963696,33.56555680224113,20.365815702771204,90.61661510083302,5.689398879583423,38.05683610288772,25.08829789172834,35798.043,107.10492,97.98852,99.21004
HUN,Hungary,2018,Escherichia coli,Carbapenems,0.0,33.56555680224113,20.365815702771204,90.61661510083302,5.689398879583423,38.05683610288772,25.08829789172834,35798.043,107.10492,97.98852,99.21004
HUN,Hungary,2018,Escherichia coli,Fluoroquinolones,33.24873096,33.56555680224113,20.365815702771204,90.61661510083302,5.689398879583423,38.05683610288772,25.08829789172834,35798.043,107.10492,97.98852,99.21004
HUN,Hungary,2018,Escherichia coli,Third-generation cephalosporins,22.61603375,33.56555680224113,20.365815702771204,90.61661510083302,5.689398879583423,38.05683610288772,25.08829789172834,35798.043,107.10492,97.98852,99.21004
HUN,Hungary,2018,Klebsiella pneumoniae,Carbapenems,0.24183796,33.56555680224113,20.365815702771204,90.61661510083302,5.689398879583423,38.05683610288772,25.08829789172834,35798.043,107.10492,97.98852,99.21004
HUN,Hungary,2018,Klebsiella pneumoniae,Fluoroquinolones,38.00475059,33.56555680224113,20.365815702771204,90.61661510083302,5.689398879583423,38.05683610288772,25.08829789172834,35798.043,107.10492,97.98852,99.21004
HUN,Hungary,2018,Klebsiella pneumoniae,Third-generation cephalosporins,40.21226415,33.56555680224113,20.365815702771204,90.61661510083302,5.689398879583423,38.05683610288772,25.08829789172834,35798.043,107.10492,97.98852,99.21004
HUN,Hungary,2018,Pseudomonas aeruginosa,Carbapenems,37.29863692,33.56555680224113,20.365815702771204,90.61661510083302,5.689398879583423,38.05683610288772,25.08829789172834,35798.043,107.10492,97.98852,99.21004
HUN,Hungary,2018,Staphylococcus aureus,Meticillin (MRSA),23.12608948,33.56555680224113,20.365815702771204,90.61661510083302,5.689398879583423,38.05683610288772,25.08829789172834,35798.043,107.10492,97.98852,99.21004
IRL,Ireland,2000,Staphylococcus aureus,Meticillin (MRSA),37.96477495,26.443438768479048,16.500023345045783,4.574591062962726,0.014906568180142,5.392220757922018,17.359963948985726,53675.004,55.197983,90.00398,96.64322
IRL,Ireland,2001,Staphylococcus aureus,Meticillin (MRSA),42.61275272,26.244376191958803,17.30297864163107,6.264496009113037,0.0711426148923306,3.624489903743966,15.94761293302114,55630.1,56.074627,89.99342,96.66367
IRL,Ireland,2002,Enterococcus faecium,Aminopenicillins,86.41975308,24.80782719688514,16.47248959569675,3.2158991319779338,0.0314155143860617,9.5128299336006,18.68935794462514,57927.49,57.024837,89.98243,96.68394
IRL,Ireland,2002,Escherichia coli,Carbapenems,0.0,24.80782719688514,16.47248959569675,3.2158991319779338,0.0314155143860617,9.5128299336006,18.68935794462514,57927.49,57.024837,89.98243,96.68394
IRL,Ireland,2002,Escherichia coli,Fluoroquinolones,5.13176144,24.80782719688514,16.47248959569675,3.2158991319779338,0.0314155143860617,9.5128299336006,18.68935794462514,57927.49,57.024837,89.98243,96.68394
IRL,Ireland,2002,Escherichia coli,Third-generation cephalosporins,2.18579234,24.80782719688514,16.47248959569675,3.2158991319779338,0.0314155143860617,9.5128299336006,18.68935794462514,57927.49,57.024837,89.98243,96.68394
IRL,Ireland,2002,Staphylococcus aureus,Meticillin (MRSA),42.48496993,24.80782719688514,16.47248959569675,3.2158991319779338,0.0314155143860617,9.5128299336006,18.68935794462514,57927.49,57.024837,89.98243,96.68394
IRL,Ireland,2003,Enterococcus faecium,Aminopenicillins,90.9090909,28.76151143750541,18.102849392955072,12.393295461322664,0.3476260762922953,16.697560543035316,18.836701382993507,58709.156,57.961025,89.97005,96.703865
IRL,Ireland,2003,Escherichia coli,Carbapenems,0.13422818,28.76151143750541,18.102849392955072,12.393295461322664,0.3476260762922953,16.697560543035316,18.836701382993507,58709.156,57.961025,89.97005,96.703865
IRL,Ireland,2003,Escherichia coli,Fluoroquinolones,9.55882352,28.76151143750541,18.102849392955072,12.393295461322664,0.3476260762922953,16.697560543035316,18.836701382993507,58709.156,57.961025,89.97005,96.703865
IRL,Ireland,2003,Escherichia coli,Third-generation cephalosporins,2.18068535,28.76151143750541,18.102849392955072,12.393295461322664,0.3476260762922953,16.697560543035316,18.836701382993507,58709.156,57.961025,89.97005,96.703865
IRL,Ireland,2003,Staphylococcus aureus,Meticillin (MRSA),42.23826714,28.76151143750541,18.102849392955072,12.393295461322664,0.3476260762922953,16.697560543035316,18.836701382993507,58709.156,57.961025,89.97005,96.703865
IRL,Ireland,2004,Enterococcus faecium,Aminopenicillins,95.55555555,26.006620363998337,17.476639716262625,5.799383356766835,0.0763011714854615,7.558903987029352,16.341128528090223,61558.58,59.022587,89.95745,96.72363
IRL,Ireland,2004,Escherichia coli,Carbapenems,0.0,26.006620363998337,17.476639716262625,5.799383356766835,0.0763011714854615,7.558903987029352,16.341128528090223,61558.58,59.022587,89.95745,96.72363
IRL,Ireland,2004,Escherichia coli,Fluoroquinolones,12.11871393,26.006620363998337,17.476639716262625,5.799383356766835,0.0763011714854615,7.558903987029352,16.341128528090223,61558.58,59.022587,89.95745,96.72363
IRL,Ireland,2004,Escherichia coli,Third-generation cephalosporins,1.92629815,26.006620363998337,17.476639716262625,5.799383356766835,0.0763011714854615,7.558903987029352,16.341128528090223,61558.58,59.022587,89.95745,96.72363
IRL,Ireland,2004,Staphylococcus aureus,Meticillin (MRSA),41.44634525,26.006620363998337,17.476639716262625,5.799383356766835,0.0763011714854615,7.558903987029352,16.341128528090223,61558.58,59.022587,89.95745,96.72363
IRL,Ireland,2005,Enterococcus faecium,Aminopenicillins,93.05555555,27.35393031898288,17.135182246651997,8.257462020322,0.0594466177839494,13.853110967833604,18.479156652703438,63689.086,60.31765,89.9448,96.74325
IRL,Ireland,2005,Escherichia coli,Carbapenems,0.0,27.35393031898288,17.135182246651997,8.257462020322,0.0594466177839494,13.853110967833604,18.479156652703438,63689.086,60.31765,89.9448,96.74325
IRL,Ireland,2005,Escherichia coli,Fluoroquinolones,16.86746987,27.35393031898288,17.135182246651997,8.257462020322,0.0594466177839494,13.853110967833604,18.479156652703438,63689.086,60.31765,89.9448,96.74325
IRL,Ireland,2005,Escherichia coli,Third-generation cephalosporins,3.56125356,27.35393031898288,17.135182246651997,8.257462020322,0.0594466177839494,13.853110967833604,18.479156652703438,63689.086,60.31765,89.9448,96.74325
IRL,Ireland,2005,Klebsiella pneumoniae,Carbapenems,0.0,27.35393031898288,17.135182246651997,8.257462020322,0.0594466177839494,13.853110967833604,18.479156652703438,63689.086,60.31765,89.9448,96.74325
IRL,Ireland,2005,Klebsiella pneumoniae,Fluoroquinolones,2.5,27.35393031898288,17.135182246651997,8.257462020322,0.0594466177839494,13.853110967833604,18.479156652703438,63689.086,60.31765,89.9448,96.74325
IRL,Ireland,2005,Klebsiella pneumoniae,Third-generation cephalosporins,7.14285714,27.35393031898288,17.135182246651997,8.257462020322,0.0594466177839494,13.853110967833604,18.479156652703438,63689.086,60.31765,89.9448,96.74325
IRL,Ireland,2005,Pseudomonas aeruginosa,Carbapenems,11.11111111,27.35393031898288,17.135182246651997,8.257462020322,0.0594466177839494,13.853110967833604,18.479156652703438,63689.086,60.31765,89.9448,96.74325
IRL,Ireland,2005,Staphylococcus aureus,Meticillin (MRSA),41.76470588,27.35393031898288,17.135182246651997,8.257462020322,0.0594466177839494,13.853110967833604,18.479156652703438,63689.086,60.31765,89.9448,96.74325
IRL,Ireland,2006,Enterococcus faecium,Aminopenicillins,93.75,29.31147450711559,18.149795847232397,13.678914680424835,0.1782595391284338,18.416932116293616,22.36796737437838,65087.18,61.965088,89.93268,96.76281
IRL,Ireland,2006,Escherichia coli,Carbapenems,0.0,29.31147450711559,18.149795847232397,13.678914680424835,0.1782595391284338,18.416932116293616,22.36796737437838,65087.18,61.965088,89.93268,96.76281
IRL,Ireland,2006,Escherichia coli,Fluoroquinolones,20.97470697,29.31147450711559,18.149795847232397,13.678914680424835,0.1782595391284338,18.416932116293616,22.36796737437838,65087.18,61.965088,89.93268,96.76281
IRL,Ireland,2006,Escherichia coli,Third-generation cephalosporins,3.50338045,29.31147450711559,18.149795847232397,13.678914680424835,0.1782595391284338,18.416932116293616,22.36796737437838,65087.18,61.965088,89.93268,96.76281
IRL,Ireland,2006,Klebsiella pneumoniae,Carbapenems,0.0,29.31147450711559,18.149795847232397,13.678914680424835,0.1782595391284338,18.416932116293616,22.36796737437838,65087.18,61.965088,89.93268,96.76281
IRL,Ireland,2006,Klebsiella pneumoniae,Fluoroquinolones,15.76354679,29.31147450711559,18.149795847232397,13.678914680424835,0.1782595391284338,18.416932116293616,22.36796737437838,65087.18,61.965088,89.93268,96.76281
IRL,Ireland,2006,Klebsiella pneumoniae,Third-generation cephalosporins,8.54271356,29.31147450711559,18.149795847232397,13.678914680424835,0.1782595391284338,18.416932116293616,22.36796737437838,65087.18,61.965088,89.93268,96.76281
IRL,Ireland,2006,Pseudomonas aeruginosa,Carbapenems,9.24369747,29.31147450711559,18.149795847232397,13.678914680424835,0.1782595391284338,18.416932116293616,22.36796737437838,65087.18,61.965088,89.93268,96.76281
IRL,Ireland,2006,Staphylococcus aureus,Meticillin (MRSA),42.31625835,29.31147450711559,18.149795847232397,13.678914680424835,0.1782595391284338,18.416932116293616,22.36796737437838,65087.18,61.965088,89.93268,96.76281
IRL,Ireland,2007,Enterococcus faecium,Aminopenicillins,92.92604501,24.65782827116149,15.735249140462903,2.334978315558053,0.0021410504223157,18.477050516749927,18.848178762980734,66590.195,63.775845,89.92332,96.78274
IRL,Ireland,2007,Escherichia coli,Carbapenems,0.0,24.65782827116149,15.735249140462903,2.334978315558053,0.0021410504223157,18.477050516749927,18.848178762980734,66590.195,63.775845,89.92332,96.78274
IRL,Ireland,2007,Escherichia coli,Fluoroquinolones,21.30959218,24.65782827116149,15.735249140462903,2.334978315558053,0.0021410504223157,18.477050516749927,18.848178762980734,66590.195,63.775845,89.92332,96.78274
IRL,Ireland,2007,Escherichia coli,Third-generation cephalosporins,5.40229885,24.65782827116149,15.735249140462903,2.334978315558053,0.0021410504223157,18.477050516749927,18.848178762980734,66590.195,63.775845,89.92332,96.78274
IRL,Ireland,2007,Klebsiella pneumoniae,Carbapenems,0.0,24.65782827116149,15.735249140462903,2.334978315558053,0.0021410504223157,18.477050516749927,18.848178762980734,66590.195,63.775845,89.92332,96.78274
IRL,Ireland,2007,Klebsiella pneumoniae,Fluoroquinolones,16.52173913,24.65782827116149,15.735249140462903,2.334978315558053,0.0021410504223157,18.477050516749927,18.848178762980734,66590.195,63.775845,89.92332,96.78274
IRL,Ireland,2007,Klebsiella pneumoniae,Third-generation cephalosporins,7.62711864,24.65782827116149,15.735249140462903,2.334978315558053,0.0021410504223157,18.477050516749927,18.848178762980734,66590.195,63.775845,89.92332,96.78274
IRL,Ireland,2007,Pseudomonas aeruginosa,Carbapenems,8.75,24.65782827116149,15.735249140462903,2.334978315558053,0.0021410504223157,18.477050516749927,18.848178762980734,66590.195,63.775845,89.92332,96.78274
IRL,Ireland,2007,Staphylococcus aureus,Meticillin (MRSA),38.06306306,24.65782827116149,15.735249140462903,2.334978315558053,0.0021410504223157,18.477050516749927,18.848178762980734,66590.195,63.775845,89.92332,96.78274
IRL,Ireland,2008,Enterococcus faecium,Aminopenicillins,95.11568123,24.9962758869886,16.48932922143665,3.544106226734276,0.005055388285605,10.92037794158806,15.45886552891866,62320.668,65.11819,89.913895,96.80254
IRL,Ireland,2008,Escherichia coli,Carbapenems,0.0,24.9962758869886,16.48932922143665,3.544106226734276,0.005055388285605,10.92037794158806,15.45886552891866,62320.668,65.11819,89.913895,96.80254
IRL,Ireland,2008,Escherichia coli,Fluoroquinolones,22.62931034,24.9962758869886,16.48932922143665,3.544106226734276,0.005055388285605,10.92037794158806,15.45886552891866,62320.668,65.11819,89.913895,96.80254
IRL,Ireland,2008,Escherichia coli,Third-generation cephalosporins,5.91715976,24.9962758869886,16.48932922143665,3.544106226734276,0.005055388285605,10.92037794158806,15.45886552891866,62320.668,65.11819,89.913895,96.80254
IRL,Ireland,2008,Klebsiella pneumoniae,Carbapenems,0.0,24.9962758869886,16.48932922143665,3.544106226734276,0.005055388285605,10.92037794158806,15.45886552891866,62320.668,65.11819,89.913895,96.80254
IRL,Ireland,2008,Klebsiella pneumoniae,Fluoroquinolones,10.59602649,24.9962758869886,16.48932922143665,3.544106226734276,0.005055388285605,10.92037794158806,15.45886552891866,62320.668,65.11819,89.913895,96.80254
IRL,Ireland,2008,Klebsiella pneumoniae,Third-generation cephalosporins,10.81967213,24.9962758869886,16.48932922143665,3.544106226734276,0.005055388285605,10.92037794158806,15.45886552891866,62320.668,65.11819,89.913895,96.80254
IRL,Ireland,2008,Pseudomonas aeruginosa,Carbapenems,6.28571428,24.9962758869886,16.48932922143665,3.544106226734276,0.005055388285605,10.92037794158806,15.45886552891866,62320.668,65.11819,89.913895,96.80254
IRL,Ireland,2008,Staphylococcus aureus,Meticillin (MRSA),33.09178743,24.9962758869886,16.48932922143665,3.544106226734276,0.005055388285605,10.92037794158806,15.45886552891866,62320.668,65.11819,89.913895,96.80254
IRL,Ireland,2009,Enterococcus faecium,Aminopenicillins,92.65091863,26.48572479413552,17.134124696380027,5.60528059579452,0.0171275962914127,10.145488588195912,15.63046596545494,58547.266,65.81144,89.90436,96.82224
IRL,Ireland,2009,Escherichia coli,Carbapenems,0.0,26.48572479413552,17.134124696380027,5.60528059579452,0.0171275962914127,10.145488588195912,15.63046596545494,58547.266,65.81144,89.90436,96.82224
IRL,Ireland,2009,Escherichia coli,Fluoroquinolones,21.69576059,26.48572479413552,17.134124696380027,5.60528059579452,0.0171275962914127,10.145488588195912,15.63046596545494,58547.266,65.81144,89.90436,96.82224
IRL,Ireland,2009,Escherichia coli,Third-generation cephalosporins,6.49546827,26.48572479413552,17.134124696380027,5.60528059579452,0.0171275962914127,10.145488588195912,15.63046596545494,58547.266,65.81144,89.90436,96.82224
IRL,Ireland,2009,Klebsiella pneumoniae,Carbapenems,0.0,26.48572479413552,17.134124696380027,5.60528059579452,0.0171275962914127,10.145488588195912,15.63046596545494,58547.266,65.81144,89.90436,96.82224
IRL,Ireland,2009,Klebsiella pneumoniae,Fluoroquinolones,10.79365079,26.48572479413552,17.134124696380027,5.60528059579452,0.0171275962914127,10.145488588195912,15.63046596545494,58547.266,65.81144,89.90436,96.82224
IRL,Ireland,2009,Klebsiella pneumoniae,Third-generation cephalosporins,11.14649681,26.48572479413552,17.134124696380027,5.60528059579452,0.0171275962914127,10.145488588195912,15.63046596545494,58547.266,65.81144,89.90436,96.82224
IRL,Ireland,2009,Pseudomonas aeruginosa,Carbapenems,8.48214285,26.48572479413552,17.134124696380027,5.60528059579452,0.0171275962914127,10.145488588195912,15.63046596545494,58547.266,65.81144,89.90436,96.82224
IRL,Ireland,2009,Staphylococcus aureus,Meticillin (MRSA),26.80412371,26.48572479413552,17.134124696380027,5.60528059579452,0.0171275962914127,10.145488588195912,15.63046596545494,58547.266,65.81144,89.90436,96.82224
IRL,Ireland,2010,Enterococcus faecium,Aminopenicillins,95.52631578,24.88766131044871,16.611332215366517,5.727310281191468,0.0363154875734779,3.104879692872238,11.708431711086092,59209.1,66.179184,89.89475,96.84183
IRL,Ireland,2010,Escherichia coli,Carbapenems,0.0,24.88766131044871,16.611332215366517,5.727310281191468,0.0363154875734779,3.104879692872238,11.708431711086092,59209.1,66.179184,89.89475,96.84183
IRL,Ireland,2010,Escherichia coli,Fluoroquinolones,22.86254133,24.88766131044871,16.611332215366517,5.727310281191468,0.0363154875734779,3.104879692872238,11.708431711086092,59209.1,66.179184,89.89475,96.84183
IRL,Ireland,2010,Escherichia coli,Third-generation cephalosporins,7.69230769,24.88766131044871,16.611332215366517,5.727310281191468,0.0363154875734779,3.104879692872238,11.708431711086092,59209.1,66.179184,89.89475,96.84183
IRL,Ireland,2010,Klebsiella pneumoniae,Carbapenems,0.0,24.88766131044871,16.611332215366517,5.727310281191468,0.0363154875734779,3.104879692872238,11.708431711086092,59209.1,66.179184,89.89475,96.84183
IRL,Ireland,2010,Klebsiella pneumoniae,Fluoroquinolones,8.17610062,24.88766131044871,16.611332215366517,5.727310281191468,0.0363154875734779,3.104879692872238,11.708431711086092,59209.1,66.179184,89.89475,96.84183
IRL,Ireland,2010,Klebsiella pneumoniae,Third-generation cephalosporins,8.49056603,24.88766131044871,16.611332215366517,5.727310281191468,0.0363154875734779,3.104879692872238,11.708431711086092,59209.1,66.179184,89.89475,96.84183
IRL,Ireland,2010,Pseudomonas aeruginosa,Carbapenems,6.48148148,24.88766131044871,16.611332215366517,5.727310281191468,0.0363154875734779,3.104879692872238,11.708431711086092,59209.1,66.179184,89.89475,96.84183
IRL,Ireland,2010,Staphylococcus aureus,Meticillin (MRSA),23.86081193,24.88766131044871,16.611332215366517,5.727310281191468,0.0363154875734779,3.104879692872238,11.708431711086092,59209.1,66.179184,89.89475,96.84183
IRL,Ireland,2011,Enterococcus faecium,Aminopenicillins,95.75070821,24.878231529010165,16.592188267351887,5.398840018074069,0.0400896985128985,18.187982052965832,18.35649398305156,59899.918,66.477036,89.88503,96.86129
IRL,Ireland,2011,Escherichia coli,Carbapenems,0.0,24.878231529010165,16.592188267351887,5.398840018074069,0.0400896985128985,18.187982052965832,18.35649398305156,59899.918,66.477036,89.88503,96.86129
IRL,Ireland,2011,Escherichia coli,Fluoroquinolones,22.94472828,24.878231529010165,16.592188267351887,5.398840018074069,0.0400896985128985,18.187982052965832,18.35649398305156,59899.918,66.477036,89.88503,96.86129
IRL,Ireland,2011,Escherichia coli,Third-generation cephalosporins,8.95660203,24.878231529010165,16.592188267351887,5.398840018074069,0.0400896985128985,18.187982052965832,18.35649398305156,59899.918,66.477036,89.88503,96.86129
IRL,Ireland,2011,Klebsiella pneumoniae,Carbapenems,0.33112582,24.878231529010165,16.592188267351887,5.398840018074069,0.0400896985128985,18.187982052965832,18.35649398305156,59899.918,66.477036,89.88503,96.86129
IRL,Ireland,2011,Klebsiella pneumoniae,Fluoroquinolones,8.91089108,24.878231529010165,16.592188267351887,5.398840018074069,0.0400896985128985,18.187982052965832,18.35649398305156,59899.918,66.477036,89.88503,96.86129
IRL,Ireland,2011,Klebsiella pneumoniae,Third-generation cephalosporins,7.56578947,24.878231529010165,16.592188267351887,5.398840018074069,0.0400896985128985,18.187982052965832,18.35649398305156,59899.918,66.477036,89.88503,96.86129
IRL,Ireland,2011,Pseudomonas aeruginosa,Carbapenems,6.11111111,24.878231529010165,16.592188267351887,5.398840018074069,0.0400896985128985,18.187982052965832,18.35649398305156,59899.918,66.477036,89.88503,96.86129
IRL,Ireland,2011,Staphylococcus aureus,Meticillin (MRSA),23.74645222,24.878231529010165,16.592188267351887,5.398840018074069,0.0400896985128985,18.187982052965832,18.35649398305156,59899.918,66.477036,89.88503,96.86129
IRL,Ireland,2012,Enterococcus faecium,Aminopenicillins,93.12169312,25.841938518888263,16.942929847206447,5.847931787967433,0.0457610486681328,13.507432051025374,16.185812525811624,59405.047,66.77508,89.875206,96.880646
IRL,Ireland,2012,Escherichia coli,Carbapenems,0.0,25.841938518888263,16.942929847206447,5.847931787967433,0.0457610486681328,13.507432051025374,16.185812525811624,59405.047,66.77508,89.875206,96.880646
IRL,Ireland,2012,Escherichia coli,Fluoroquinolones,24.28571428,25.841938518888263,16.942929847206447,5.847931787967433,0.0457610486681328,13.507432051025374,16.185812525811624,59405.047,66.77508,89.875206,96.880646
IRL,Ireland,2012,Escherichia coli,Third-generation cephalosporins,9.17832167,25.841938518888263,16.942929847206447,5.847931787967433,0.0457610486681328,13.507432051025374,16.185812525811624,59405.047,66.77508,89.875206,96.880646
IRL,Ireland,2012,Klebsiella pneumoniae,Carbapenems,0.0,25.841938518888263,16.942929847206447,5.847931787967433,0.0457610486681328,13.507432051025374,16.185812525811624,59405.047,66.77508,89.875206,96.880646
IRL,Ireland,2012,Klebsiella pneumoniae,Fluoroquinolones,7.3964497,25.841938518888263,16.942929847206447,5.847931787967433,0.0457610486681328,13.507432051025374,16.185812525811624,59405.047,66.77508,89.875206,96.880646
IRL,Ireland,2012,Klebsiella pneumoniae,Third-generation cephalosporins,9.50920245,25.841938518888263,16.942929847206447,5.847931787967433,0.0457610486681328,13.507432051025374,16.185812525811624,59405.047,66.77508,89.875206,96.880646
IRL,Ireland,2012,Pseudomonas aeruginosa,Carbapenems,11.26760563,25.841938518888263,16.942929847206447,5.847931787967433,0.0457610486681328,13.507432051025374,16.185812525811624,59405.047,66.77508,89.875206,96.880646
IRL,Ireland,2012,Staphylococcus aureus,Meticillin (MRSA),22.63969171,25.841938518888263,16.942929847206447,5.847931787967433,0.0457610486681328,13.507432051025374,16.185812525811624,59405.047,66.77508,89.875206,96.880646
IRL,Ireland,2013,Acinetobacter spp.,Carbapenems,2.35294117,28.228579467356514,17.195159892685755,10.463337356041531,0.0379569622140291,7.002755599543145,14.637491239622554,60388.94,67.131454,89.86531,96.89989
IRL,Ireland,2013,Enterococcus faecium,Aminopenicillins,92.17171717,28.228579467356514,17.195159892685755,10.463337356041531,0.0379569622140291,7.002755599543145,14.637491239622554,60388.94,67.131454,89.86531,96.89989
IRL,Ireland,2013,Escherichia coli,Carbapenems,0.04038772,28.228579467356514,17.195159892685755,10.463337356041531,0.0379569622140291,7.002755599543145,14.637491239622554,60388.94,67.131454,89.86531,96.89989
IRL,Ireland,2013,Escherichia coli,Fluoroquinolones,24.17271993,28.228579467356514,17.195159892685755,10.463337356041531,0.0379569622140291,7.002755599543145,14.637491239622554,60388.94,67.131454,89.86531,96.89989
IRL,Ireland,2013,Escherichia coli,Third-generation cephalosporins,10.64516129,28.228579467356514,17.195159892685755,10.463337356041531,0.0379569622140291,7.002755599543145,14.637491239622554,60388.94,67.131454,89.86531,96.89989
IRL,Ireland,2013,Klebsiella pneumoniae,Carbapenems,0.31545741,28.228579467356514,17.195159892685755,10.463337356041531,0.0379569622140291,7.002755599543145,14.637491239622554,60388.94,67.131454,89.86531,96.89989
IRL,Ireland,2013,Klebsiella pneumoniae,Fluoroquinolones,14.55696202,28.228579467356514,17.195159892685755,10.463337356041531,0.0379569622140291,7.002755599543145,14.637491239622554,60388.94,67.131454,89.86531,96.89989
IRL,Ireland,2013,Klebsiella pneumoniae,Third-generation cephalosporins,19.30379746,28.228579467356514,17.195159892685755,10.463337356041531,0.0379569622140291,7.002755599543145,14.637491239622554,60388.94,67.131454,89.86531,96.89989
IRL,Ireland,2013,Pseudomonas aeruginosa,Carbapenems,9.31372549,28.228579467356514,17.195159892685755,10.463337356041531,0.0379569622140291,7.002755599543145,14.637491239622554,60388.94,67.131454,89.86531,96.89989
IRL,Ireland,2013,Staphylococcus aureus,Meticillin (MRSA),19.9251637,28.228579467356514,17.195159892685755,10.463337356041531,0.0379569622140291,7.002755599543145,14.637491239622554,60388.94,67.131454,89.86531,96.89989
IRL,Ireland,2014,Acinetobacter spp.,Carbapenems,1.26582278,26.587786197403755,17.11399846138104,6.0423709637102245,0.0278295074103354,11.800671808168175,21.639986235159512,65575.805,67.61846,89.8553,96.919014
IRL,Ireland,2014,Enterococcus faecium,Aminopenicillins,94.8051948,26.587786197403755,17.11399846138104,6.0423709637102245,0.0278295074103354,11.800671808168175,21.639986235159512,65575.805,67.61846,89.8553,96.919014
IRL,Ireland,2014,Escherichia coli,Carbapenems,0.03707823,26.587786197403755,17.11399846138104,6.0423709637102245,0.0278295074103354,11.800671808168175,21.639986235159512,65575.805,67.61846,89.8553,96.919014
IRL,Ireland,2014,Escherichia coli,Fluoroquinolones,24.52830188,26.587786197403755,17.11399846138104,6.0423709637102245,0.0278295074103354,11.800671808168175,21.639986235159512,65575.805,67.61846,89.8553,96.919014
IRL,Ireland,2014,Escherichia coli,Third-generation cephalosporins,10.73950204,26.587786197403755,17.11399846138104,6.0423709637102245,0.0278295074103354,11.800671808168175,21.639986235159512,65575.805,67.61846,89.8553,96.919014
IRL,Ireland,2014,Klebsiella pneumoniae,Carbapenems,0.56657223,26.587786197403755,17.11399846138104,6.0423709637102245,0.0278295074103354,11.800671808168175,21.639986235159512,65575.805,67.61846,89.8553,96.919014
IRL,Ireland,2014,Klebsiella pneumoniae,Fluoroquinolones,13.52112676,26.587786197403755,17.11399846138104,6.0423709637102245,0.0278295074103354,11.800671808168175,21.639986235159512,65575.805,67.61846,89.8553,96.919014
IRL,Ireland,2014,Klebsiella pneumoniae,Third-generation cephalosporins,11.5819209,26.587786197403755,17.11399846138104,6.0423709637102245,0.0278295074103354,11.800671808168175,21.639986235159512,65575.805,67.61846,89.8553,96.919014
IRL,Ireland,2014,Pseudomonas aeruginosa,Carbapenems,8.47457627,26.587786197403755,17.11399846138104,6.0423709637102245,0.0278295074103354,11.800671808168175,21.639986235159512,65575.805,67.61846,89.8553,96.919014
IRL,Ireland,2014,Staphylococcus aureus,Meticillin (MRSA),19.44186046,26.587786197403755,17.11399846138104,6.0423709637102245,0.0278295074103354,11.800671808168175,21.639986235159512,65575.805,67.61846,89.8553,96.919014
IRL,Ireland,2015,Acinetobacter spp.,Carbapenems,5.95238095,25.564133397845413,16.43277660627351,4.770979366510333,0.0593453417193479,16.081418616545626,16.72126845873619,80954.664,68.260956,89.84523,96.938034
IRL,Ireland,2015,Enterococcus faecium,Aminopenicillins,94.29280397,25.564133397845413,16.43277660627351,4.770979366510333,0.0593453417193479,16.081418616545626,16.72126845873619,80954.664,68.260956,89.84523,96.938034
IRL,Ireland,2015,Escherichia coli,Carbapenems,0.03824091,25.564133397845413,16.43277660627351,4.770979366510333,0.0593453417193479,16.081418616545626,16.72126845873619,80954.664,68.260956,89.84523,96.938034
IRL,Ireland,2015,Escherichia coli,Fluoroquinolones,23.07107563,25.564133397845413,16.43277660627351,4.770979366510333,0.0593453417193479,16.081418616545626,16.72126845873619,80954.664,68.260956,89.84523,96.938034
IRL,Ireland,2015,Escherichia coli,Third-generation cephalosporins,11.3722517,25.564133397845413,16.43277660627351,4.770979366510333,0.0593453417193479,16.081418616545626,16.72126845873619,80954.664,68.260956,89.84523,96.938034
IRL,Ireland,2015,Klebsiella pneumoniae,Carbapenems,0.51413881,25.564133397845413,16.43277660627351,4.770979366510333,0.0593453417193479,16.081418616545626,16.72126845873619,80954.664,68.260956,89.84523,96.938034
IRL,Ireland,2015,Klebsiella pneumoniae,Fluoroquinolones,17.01030927,25.564133397845413,16.43277660627351,4.770979366510333,0.0593453417193479,16.081418616545626,16.72126845873619,80954.664,68.260956,89.84523,96.938034
IRL,Ireland,2015,Klebsiella pneumoniae,Third-generation cephalosporins,14.72868217,25.564133397845413,16.43277660627351,4.770979366510333,0.0593453417193479,16.081418616545626,16.72126845873619,80954.664,68.260956,89.84523,96.938034
IRL,Ireland,2015,Pseudomonas aeruginosa,Carbapenems,9.23076923,25.564133397845413,16.43277660627351,4.770979366510333,0.0593453417193479,16.081418616545626,16.72126845873619,80954.664,68.260956,89.84523,96.938034
IRL,Ireland,2015,Staphylococcus aureus,Meticillin (MRSA),18.07000946,25.564133397845413,16.43277660627351,4.770979366510333,0.0593453417193479,16.081418616545626,16.72126845873619,80954.664,68.260956,89.84523,96.938034
IRL,Ireland,2016,Acinetobacter spp.,Carbapenems,0.0,27.55968834972326,17.85883278758774,6.710686272264014,0.1204497463156013,8.809618924490549,17.524429476593628,80899.02,69.001396,89.83499,96.956924
IRL,Ireland,2016,Enterococcus faecium,Aminopenicillins,94.04761904,27.55968834972326,17.85883278758774,6.710686272264014,0.1204497463156013,8.809618924490549,17.524429476593628,80899.02,69.001396,89.83499,96.956924
IRL,Ireland,2016,Escherichia coli,Carbapenems,0.033456,27.55968834972326,17.85883278758774,6.710686272264014,0.1204497463156013,8.809618924490549,17.524429476593628,80899.02,69.001396,89.83499,96.956924
IRL,Ireland,2016,Escherichia coli,Fluoroquinolones,22.90969899,27.55968834972326,17.85883278758774,6.710686272264014,0.1204497463156013,8.809618924490549,17.524429476593628,80899.02,69.001396,89.83499,96.956924
IRL,Ireland,2016,Escherichia coli,Third-generation cephalosporins,11.39028475,27.55968834972326,17.85883278758774,6.710686272264014,0.1204497463156013,8.809618924490549,17.524429476593628,80899.02,69.001396,89.83499,96.956924
IRL,Ireland,2016,Klebsiella pneumoniae,Carbapenems,0.66225165,27.55968834972326,17.85883278758774,6.710686272264014,0.1204497463156013,8.809618924490549,17.524429476593628,80899.02,69.001396,89.83499,96.956924
IRL,Ireland,2016,Klebsiella pneumoniae,Fluoroquinolones,11.25827814,27.55968834972326,17.85883278758774,6.710686272264014,0.1204497463156013,8.809618924490549,17.524429476593628,80899.02,69.001396,89.83499,96.956924
IRL,Ireland,2016,Klebsiella pneumoniae,Third-generation cephalosporins,13.49557522,27.55968834972326,17.85883278758774,6.710686272264014,0.1204497463156013,8.809618924490549,17.524429476593628,80899.02,69.001396,89.83499,96.956924
IRL,Ireland,2016,Pseudomonas aeruginosa,Carbapenems,6.1728395,27.55968834972326,17.85883278758774,6.710686272264014,0.1204497463156013,8.809618924490549,17.524429476593628,80899.02,69.001396,89.83499,96.956924
IRL,Ireland,2016,Staphylococcus aureus,Meticillin (MRSA),14.34820647,27.55968834972326,17.85883278758774,6.710686272264014,0.1204497463156013,8.809618924490549,17.524429476593628,80899.02,69.001396,89.83499,96.956924
IRL,Ireland,2017,Acinetobacter spp.,Carbapenems,6.34920634,26.85763699448564,16.8771615288145,7.539377417701835,0.1183446406149905,9.390831060537916,18.41333441877851,87882.71,69.8252,89.824066,96.975586
IRL,Ireland,2017,Enterococcus faecium,Aminopenicillins,93.1707317,26.85763699448564,16.8771615288145,7.539377417701835,0.1183446406149905,9.390831060537916,18.41333441877851,87882.71,69.8252,89.824066,96.975586
IRL,Ireland,2017,Escherichia coli,Carbapenems,0.03209242,26.85763699448564,16.8771615288145,7.539377417701835,0.1183446406149905,9.390831060537916,18.41333441877851,87882.71,69.8252,89.824066,96.975586
IRL,Ireland,2017,Escherichia coli,Fluoroquinolones,23.59730682,26.85763699448564,16.8771615288145,7.539377417701835,0.1183446406149905,9.390831060537916,18.41333441877851,87882.71,69.8252,89.824066,96.975586
IRL,Ireland,2017,Escherichia coli,Third-generation cephalosporins,11.98333867,26.85763699448564,16.8771615288145,7.539377417701835,0.1183446406149905,9.390831060537916,18.41333441877851,87882.71,69.8252,89.824066,96.975586
IRL,Ireland,2017,Klebsiella pneumoniae,Carbapenems,0.20920502,26.85763699448564,16.8771615288145,7.539377417701835,0.1183446406149905,9.390831060537916,18.41333441877851,87882.71,69.8252,89.824066,96.975586
IRL,Ireland,2017,Klebsiella pneumoniae,Fluoroquinolones,14.85355648,26.85763699448564,16.8771615288145,7.539377417701835,0.1183446406149905,9.390831060537916,18.41333441877851,87882.71,69.8252,89.824066,96.975586
IRL,Ireland,2017,Klebsiella pneumoniae,Third-generation cephalosporins,14.64435146,26.85763699448564,16.8771615288145,7.539377417701835,0.1183446406149905,9.390831060537916,18.41333441877851,87882.71,69.8252,89.824066,96.975586
IRL,Ireland,2017,Pseudomonas aeruginosa,Carbapenems,9.02777777,26.85763699448564,16.8771615288145,7.539377417701835,0.1183446406149905,9.390831060537916,18.41333441877851,87882.71,69.8252,89.824066,96.975586
IRL,Ireland,2017,Staphylococcus aureus,Meticillin (MRSA),16.31578947,26.85763699448564,16.8771615288145,7.539377417701835,0.1183446406149905,9.390831060537916,18.41333441877851,87882.71,69.8252,89.824066,96.975586
IRL,Ireland,2018,Acinetobacter spp.,Carbapenems,1.66666666,28.99559467002847,17.772741298324615,15.86499572116502,0.1802933358588192,22.006261529772857,21.808637024022826,93276.016,70.72955,89.81234,96.99395
IRL,Ireland,2018,Enterococcus faecium,Aminopenicillins,95.20383693,28.99559467002847,17.772741298324615,15.86499572116502,0.1802933358588192,22.006261529772857,21.808637024022826,93276.016,70.72955,89.81234,96.99395
IRL,Ireland,2018,Escherichia coli,Carbapenems,0.0,28.99559467002847,17.772741298324615,15.86499572116502,0.1802933358588192,22.006261529772857,21.808637024022826,93276.016,70.72955,89.81234,96.99395
IRL,Ireland,2018,Escherichia coli,Fluoroquinolones,23.90364422,28.99559467002847,17.772741298324615,15.86499572116502,0.1802933358588192,22.006261529772857,21.808637024022826,93276.016,70.72955,89.81234,96.99395
IRL,Ireland,2018,Escherichia coli,Third-generation cephalosporins,12.88229842,28.99559467002847,17.772741298324615,15.86499572116502,0.1802933358588192,22.006261529772857,21.808637024022826,93276.016,70.72955,89.81234,96.99395
IRL,Ireland,2018,Klebsiella pneumoniae,Carbapenems,0.62240663,28.99559467002847,17.772741298324615,15.86499572116502,0.1802933358588192,22.006261529772857,21.808637024022826,93276.016,70.72955,89.81234,96.99395
IRL,Ireland,2018,Klebsiella pneumoniae,Fluoroquinolones,18.01242236,28.99559467002847,17.772741298324615,15.86499572116502,0.1802933358588192,22.006261529772857,21.808637024022826,93276.016,70.72955,89.81234,96.99395
IRL,Ireland,2018,Klebsiella pneumoniae,Third-generation cephalosporins,14.49275362,28.99559467002847,17.772741298324615,15.86499572116502,0.1802933358588192,22.006261529772857,21.808637024022826,93276.016,70.72955,89.81234,96.99395
IRL,Ireland,2018,Pseudomonas aeruginosa,Carbapenems,6.59340659,28.99559467002847,17.772741298324615,15.86499572116502,0.1802933358588192,22.006261529772857,21.808637024022826,93276.016,70.72955,89.81234,96.99395
IRL,Ireland,2018,Staphylococcus aureus,Meticillin (MRSA),12.37373737,28.99559467002847,17.772741298324615,15.86499572116502,0.1802933358588192,22.006261529772857,21.808637024022826,93276.016,70.72955,89.81234,96.99395
ISL,Iceland,2000,Staphylococcus aureus,Meticillin (MRSA),2.5,18.97726414005072,12.615449874118648,0.0,0.0,5.946433409049394,17.721245000207265,49338.473,2.789775,98.798004,100.0
ISL,Iceland,2001,Enterococcus faecium,Aminopenicillins,,17.869958954264924,11.046496350878442,0.0,0.0,10.240898842800089,15.494632035693892,50556.992,2.827115,98.79718,100.0
ISL,Iceland,2001,Escherichia coli,Carbapenems,0.0,17.869958954264924,11.046496350878442,0.0,0.0,10.240898842800089,15.494632035693892,50556.992,2.827115,98.79718,100.0
ISL,Iceland,2001,Escherichia coli,Fluoroquinolones,3.7037037,17.869958954264924,11.046496350878442,0.0,0.0,10.240898842800089,15.494632035693892,50556.992,2.827115,98.79718,100.0
ISL,Iceland,2001,Escherichia coli,Third-generation cephalosporins,0.0,17.869958954264924,11.046496350878442,0.0,0.0,10.240898842800089,15.494632035693892,50556.992,2.827115,98.79718,100.0
ISL,Iceland,2001,Staphylococcus aureus,Meticillin (MRSA),0.0,17.869958954264924,11.046496350878442,0.0,0.0,10.240898842800089,15.494632035693892,50556.992,2.827115,98.79718,100.0
ISL,Iceland,2002,Enterococcus faecium,Aminopenicillins,,19.66662134715262,11.648407787161164,0.0,0.0,20.923744217074827,20.52419445289037,50379.46,2.8524148,98.79637,100.0
ISL,Iceland,2002,Escherichia coli,Carbapenems,0.0,19.66662134715262,11.648407787161164,0.0,0.0,20.923744217074827,20.52419445289037,50379.46,2.8524148,98.79637,100.0
ISL,Iceland,2002,Escherichia coli,Fluoroquinolones,2.7027027,19.66662134715262,11.648407787161164,0.0,0.0,20.923744217074827,20.52419445289037,50379.46,2.8524148,98.79637,100.0
ISL,Iceland,2002,Escherichia coli,Third-generation cephalosporins,0.0,19.66662134715262,11.648407787161164,0.0,0.0,20.923744217074827,20.52419445289037,50379.46,2.8524148,98.79637,100.0
ISL,Iceland,2002,Staphylococcus aureus,Meticillin (MRSA),0.0,19.66662134715262,11.648407787161164,0.0,0.0,20.923744217074827,20.52419445289037,50379.46,2.8524148,98.79637,100.0
ISL,Iceland,2003,Enterococcus faecium,Aminopenicillins,,20.372038284669973,13.164809343801029,0.0,0.0,29.6233752255631,20.84849804668361,51173.2,2.8723197,98.79495,100.0
ISL,Iceland,2003,Escherichia coli,Carbapenems,0.0,20.372038284669973,13.164809343801029,0.0,0.0,29.6233752255631,20.84849804668361,51173.2,2.8723197,98.79495,100.0
ISL,Iceland,2003,Escherichia coli,Fluoroquinolones,5.55555555,20.372038284669973,13.164809343801029,0.0,0.0,29.6233752255631,20.84849804668361,51173.2,2.8723197,98.79495,100.0
ISL,Iceland,2003,Escherichia coli,Third-generation cephalosporins,1.01010101,20.372038284669973,13.164809343801029,0.0,0.0,29.6233752255631,20.84849804668361,51173.2,2.8723197,98.79495,100.0
ISL,Iceland,2003,Staphylococcus aureus,Meticillin (MRSA),0.0,20.372038284669973,13.164809343801029,0.0,0.0,29.6233752255631,20.84849804668361,51173.2,2.8723197,98.79495,100.0
ISL,Iceland,2004,Enterococcus faecium,Aminopenicillins,,20.97435296806044,13.09438863069979,0.0,0.0,18.66119169763213,17.945923963179776,54592.53,2.8976693,98.79333,100.0
ISL,Iceland,2004,Escherichia coli,Carbapenems,0.0,20.97435296806044,13.09438863069979,0.0,0.0,18.66119169763213,17.945923963179776,54592.53,2.8976693,98.79333,100.0
ISL,Iceland,2004,Escherichia coli,Fluoroquinolones,1.7699115,20.97435296806044,13.09438863069979,0.0,0.0,18.66119169763213,17.945923963179776,54592.53,2.8976693,98.79333,100.0
ISL,Iceland,2004,Escherichia coli,Third-generation cephalosporins,0.0,20.97435296806044,13.09438863069979,0.0,0.0,18.66119169763213,17.945923963179776,54592.53,2.8976693,98.79333,100.0
ISL,Iceland,2004,Staphylococcus aureus,Meticillin (MRSA),0.0,20.97435296806044,13.09438863069979,0.0,0.0,18.66119169763213,17.945923963179776,54592.53,2.8976693,98.79333,100.0
ISL,Iceland,2005,Enterococcus faecium,Aminopenicillins,,19.472597869669,11.51998838945586,0.003634754758012,0.0,19.25506108399085,17.7379463840547,57512.42,2.9440842,98.791725,100.0
ISL,Iceland,2005,Escherichia coli,Carbapenems,0.0,19.472597869669,11.51998838945586,0.003634754758012,0.0,19.25506108399085,17.7379463840547,57512.42,2.9440842,98.791725,100.0
ISL,Iceland,2005,Escherichia coli,Fluoroquinolones,3.41880341,19.472597869669,11.51998838945586,0.003634754758012,0.0,19.25506108399085,17.7379463840547,57512.42,2.9440842,98.791725,100.0
ISL,Iceland,2005,Escherichia coli,Third-generation cephalosporins,0.0,19.472597869669,11.51998838945586,0.003634754758012,0.0,19.25506108399085,17.7379463840547,57512.42,2.9440842,98.791725,100.0
ISL,Iceland,2005,Klebsiella pneumoniae,Carbapenems,0.0,19.472597869669,11.51998838945586,0.003634754758012,0.0,19.25506108399085,17.7379463840547,57512.42,2.9440842,98.791725,100.0
ISL,Iceland,2005,Klebsiella pneumoniae,Fluoroquinolones,0.0,19.472597869669,11.51998838945586,0.003634754758012,0.0,19.25506108399085,17.7379463840547,57512.42,2.9440842,98.791725,100.0
ISL,Iceland,2005,Klebsiella pneumoniae,Third-generation cephalosporins,0.0,19.472597869669,11.51998838945586,0.003634754758012,0.0,19.25506108399085,17.7379463840547,57512.42,2.9440842,98.791725,100.0
ISL,Iceland,2005,Pseudomonas aeruginosa,Carbapenems,,19.472597869669,11.51998838945586,0.003634754758012,0.0,19.25506108399085,17.7379463840547,57512.42,2.9440842,98.791725,100.0
ISL,Iceland,2005,Staphylococcus aureus,Meticillin (MRSA),0.0,19.472597869669,11.51998838945586,0.003634754758012,0.0,19.25506108399085,17.7379463840547,57512.42,2.9440842,98.791725,100.0
ISL,Iceland,2006,Enterococcus faecium,Aminopenicillins,,19.040083465420462,11.245799308018604,0.0,0.0,23.44730832258072,22.920043920098475,59364.29,3.0138154,98.790146,100.0
ISL,Iceland,2006,Escherichia coli,Carbapenems,0.0,19.040083465420462,11.245799308018604,0.0,0.0,23.44730832258072,22.920043920098475,59364.29,3.0138154,98.790146,100.0
ISL,Iceland,2006,Escherichia coli,Fluoroquinolones,11.57024793,19.040083465420462,11.245799308018604,0.0,0.0,23.44730832258072,22.920043920098475,59364.29,3.0138154,98.790146,100.0
ISL,Iceland,2006,Escherichia coli,Third-generation cephalosporins,0.0,19.040083465420462,11.245799308018604,0.0,0.0,23.44730832258072,22.920043920098475,59364.29,3.0138154,98.790146,100.0
ISL,Iceland,2006,Klebsiella pneumoniae,Carbapenems,,19.040083465420462,11.245799308018604,0.0,0.0,23.44730832258072,22.920043920098475,59364.29,3.0138154,98.790146,100.0
ISL,Iceland,2006,Klebsiella pneumoniae,Fluoroquinolones,,19.040083465420462,11.245799308018604,0.0,0.0,23.44730832258072,22.920043920098475,59364.29,3.0138154,98.790146,100.0
ISL,Iceland,2006,Klebsiella pneumoniae,Third-generation cephalosporins,,19.040083465420462,11.245799308018604,0.0,0.0,23.44730832258072,22.920043920098475,59364.29,3.0138154,98.790146,100.0
ISL,Iceland,2006,Pseudomonas aeruginosa,Carbapenems,,19.040083465420462,11.245799308018604,0.0,0.0,23.44730832258072,22.920043920098475,59364.29,3.0138154,98.790146,100.0
ISL,Iceland,2006,Staphylococcus aureus,Meticillin (MRSA),0.0,19.040083465420462,11.245799308018604,0.0,0.0,23.44730832258072,22.920043920098475,59364.29,3.0138154,98.790146,100.0
ISL,Iceland,2007,Enterococcus faecium,Aminopenicillins,,20.23523047690282,11.742056617119426,0.0,0.0,20.500073023337947,17.612377779012817,62940.746,3.090965,98.788605,100.0
ISL,Iceland,2007,Escherichia coli,Carbapenems,0.0,20.23523047690282,11.742056617119426,0.0,0.0,20.500073023337947,17.612377779012817,62940.746,3.090965,98.788605,100.0
ISL,Iceland,2007,Escherichia coli,Fluoroquinolones,16.66666666,20.23523047690282,11.742056617119426,0.0,0.0,20.500073023337947,17.612377779012817,62940.746,3.090965,98.788605,100.0
ISL,Iceland,2007,Escherichia coli,Third-generation cephalosporins,1.9047619,20.23523047690282,11.742056617119426,0.0,0.0,20.500073023337947,17.612377779012817,62940.746,3.090965,98.788605,100.0
ISL,Iceland,2007,Klebsiella pneumoniae,Carbapenems,0.0,20.23523047690282,11.742056617119426,0.0,0.0,20.500073023337947,17.612377779012817,62940.746,3.090965,98.788605,100.0
ISL,Iceland,2007,Klebsiella pneumoniae,Fluoroquinolones,0.0,20.23523047690282,11.742056617119426,0.0,0.0,20.500073023337947,17.612377779012817,62940.746,3.090965,98.788605,100.0
ISL,Iceland,2007,Klebsiella pneumoniae,Third-generation cephalosporins,0.0,20.23523047690282,11.742056617119426,0.0,0.0,20.500073023337947,17.612377779012817,62940.746,3.090965,98.788605,100.0
ISL,Iceland,2007,Pseudomonas aeruginosa,Carbapenems,,20.23523047690282,11.742056617119426,0.0,0.0,20.500073023337947,17.612377779012817,62940.746,3.090965,98.788605,100.0
ISL,Iceland,2007,Staphylococcus aureus,Meticillin (MRSA),0.0,20.23523047690282,11.742056617119426,0.0,0.0,20.500073023337947,17.612377779012817,62940.746,3.090965,98.788605,100.0
ISL,Iceland,2008,Enterococcus faecium,Aminopenicillins,,20.510016753535908,12.968903804187418,0.0,0.0,13.214800574210996,16.75541069641232,62831.17,3.1490529,98.78708,100.0
ISL,Iceland,2008,Escherichia coli,Carbapenems,0.0,20.510016753535908,12.968903804187418,0.0,0.0,13.214800574210996,16.75541069641232,62831.17,3.1490529,98.78708,100.0
ISL,Iceland,2008,Escherichia coli,Fluoroquinolones,6.08695652,20.510016753535908,12.968903804187418,0.0,0.0,13.214800574210996,16.75541069641232,62831.17,3.1490529,98.78708,100.0
ISL,Iceland,2008,Escherichia coli,Third-generation cephalosporins,0.81300813,20.510016753535908,12.968903804187418,0.0,0.0,13.214800574210996,16.75541069641232,62831.17,3.1490529,98.78708,100.0
ISL,Iceland,2008,Klebsiella pneumoniae,Carbapenems,0.0,20.510016753535908,12.968903804187418,0.0,0.0,13.214800574210996,16.75541069641232,62831.17,3.1490529,98.78708,100.0
ISL,Iceland,2008,Klebsiella pneumoniae,Fluoroquinolones,8.33333333,20.510016753535908,12.968903804187418,0.0,0.0,13.214800574210996,16.75541069641232,62831.17,3.1490529,98.78708,100.0
ISL,Iceland,2008,Klebsiella pneumoniae,Third-generation cephalosporins,4.16666666,20.510016753535908,12.968903804187418,0.0,0.0,13.214800574210996,16.75541069641232,62831.17,3.1490529,98.78708,100.0
ISL,Iceland,2008,Pseudomonas aeruginosa,Carbapenems,,20.510016753535908,12.968903804187418,0.0,0.0,13.214800574210996,16.75541069641232,62831.17,3.1490529,98.78708,100.0
ISL,Iceland,2008,Staphylococcus aureus,Meticillin (MRSA),1.58730158,20.510016753535908,12.968903804187418,0.0,0.0,13.214800574210996,16.75541069641232,62831.17,3.1490529,98.78708,100.0
ISL,Iceland,2009,Enterococcus faecium,Aminopenicillins,68.0,18.959543396265115,12.513360482562431,0.0,0.0,13.78519479008244,17.166556269431705,57406.47,3.1599624,98.78557,100.0
ISL,Iceland,2009,Escherichia coli,Carbapenems,0.0,18.959543396265115,12.513360482562431,0.0,0.0,13.78519479008244,17.166556269431705,57406.47,3.1599624,98.78557,100.0
ISL,Iceland,2009,Escherichia coli,Fluoroquinolones,7.07070707,18.959543396265115,12.513360482562431,0.0,0.0,13.78519479008244,17.166556269431705,57406.47,3.1599624,98.78557,100.0
ISL,Iceland,2009,Escherichia coli,Third-generation cephalosporins,1.81818181,18.959543396265115,12.513360482562431,0.0,0.0,13.78519479008244,17.166556269431705,57406.47,3.1599624,98.78557,100.0
ISL,Iceland,2009,Klebsiella pneumoniae,Carbapenems,0.0,18.959543396265115,12.513360482562431,0.0,0.0,13.78519479008244,17.166556269431705,57406.47,3.1599624,98.78557,100.0
ISL,Iceland,2009,Klebsiella pneumoniae,Fluoroquinolones,0.0,18.959543396265115,12.513360482562431,0.0,0.0,13.78519479008244,17.166556269431705,57406.47,3.1599624,98.78557,100.0
ISL,Iceland,2009,Klebsiella pneumoniae,Third-generation cephalosporins,0.0,18.959543396265115,12.513360482562431,0.0,0.0,13.78519479008244,17.166556269431705,57406.47,3.1599624,98.78557,100.0
ISL,Iceland,2009,Pseudomonas aeruginosa,Carbapenems,,18.959543396265115,12.513360482562431,0.0,0.0,13.78519479008244,17.166556269431705,57406.47,3.1599624,98.78557,100.0
ISL,Iceland,2009,Staphylococcus aureus,Meticillin (MRSA),0.0,18.959543396265115,12.513360482562431,0.0,0.0,13.78519479008244,17.166556269431705,57406.47,3.1599624,98.78557,100.0
ISL,Iceland,2010,Enterococcus faecium,Aminopenicillins,,19.28368536996992,12.770633980805378,0.0,0.0,37.4473459001483,16.871016393390015,56211.836,3.1554399,98.78475,100.0
ISL,Iceland,2010,Escherichia coli,Carbapenems,0.0,19.28368536996992,12.770633980805378,0.0,0.0,37.4473459001483,16.871016393390015,56211.836,3.1554399,98.78475,100.0
ISL,Iceland,2010,Escherichia coli,Fluoroquinolones,10.52631578,19.28368536996992,12.770633980805378,0.0,0.0,37.4473459001483,16.871016393390015,56211.836,3.1554399,98.78475,100.0
ISL,Iceland,2010,Escherichia coli,Third-generation cephalosporins,3.84615384,19.28368536996992,12.770633980805378,0.0,0.0,37.4473459001483,16.871016393390015,56211.836,3.1554399,98.78475,100.0
ISL,Iceland,2010,Klebsiella pneumoniae,Carbapenems,,19.28368536996992,12.770633980805378,0.0,0.0,37.4473459001483,16.871016393390015,56211.836,3.1554399,98.78475,100.0
ISL,Iceland,2010,Klebsiella pneumoniae,Fluoroquinolones,0.0,19.28368536996992,12.770633980805378,0.0,0.0,37.4473459001483,16.871016393390015,56211.836,3.1554399,98.78475,100.0
ISL,Iceland,2010,Klebsiella pneumoniae,Third-generation cephalosporins,3.7037037,19.28368536996992,12.770633980805378,0.0,0.0,37.4473459001483,16.871016393390015,56211.836,3.1554399,98.78475,100.0
ISL,Iceland,2010,Pseudomonas aeruginosa,Carbapenems,,19.28368536996992,12.770633980805378,0.0,0.0,37.4473459001483,16.871016393390015,56211.836,3.1554399,98.78475,100.0
ISL,Iceland,2010,Staphylococcus aureus,Meticillin (MRSA),1.53846153,19.28368536996992,12.770633980805378,0.0,0.0,37.4473459001483,16.871016393390015,56211.836,3.1554399,98.78475,100.0
ISL,Iceland,2011,Enterococcus faecium,Aminopenicillins,,18.71671424170296,11.472501067806771,0.0,0.0,13.176862275015116,19.498466503629448,56813.742,3.1651194,98.784584,100.0
ISL,Iceland,2011,Escherichia coli,Fluoroquinolones,14.04958677,18.71671424170296,11.472501067806771,0.0,0.0,13.176862275015116,19.498466503629448,56813.742,3.1651194,98.784584,100.0
ISL,Iceland,2011,Escherichia coli,Third-generation cephalosporins,6.15384615,18.71671424170296,11.472501067806771,0.0,0.0,13.176862275015116,19.498466503629448,56813.742,3.1651194,98.784584,100.0
ISL,Iceland,2011,Klebsiella pneumoniae,Fluoroquinolones,4.16666666,18.71671424170296,11.472501067806771,0.0,0.0,13.176862275015116,19.498466503629448,56813.742,3.1651194,98.784584,100.0
ISL,Iceland,2011,Klebsiella pneumoniae,Third-generation cephalosporins,7.69230769,18.71671424170296,11.472501067806771,0.0,0.0,13.176862275015116,19.498466503629448,56813.742,3.1651194,98.784584,100.0
ISL,Iceland,2011,Pseudomonas aeruginosa,Carbapenems,,18.71671424170296,11.472501067806771,0.0,0.0,13.176862275015116,19.498466503629448,56813.742,3.1651194,98.784584,100.0
ISL,Iceland,2011,Staphylococcus aureus,Meticillin (MRSA),2.8169014,18.71671424170296,11.472501067806771,0.0,0.0,13.176862275015116,19.498466503629448,56813.742,3.1651194,98.784584,100.0
ISL,Iceland,2012,Acinetobacter spp.,Carbapenems,,20.805562948382224,13.403928227488068,0.0,0.0,19.72013570270524,14.82873185214108,57173.043,3.1820986,98.78441,99.99999
ISL,Iceland,2012,Enterococcus faecium,Aminopenicillins,,20.805562948382224,13.403928227488068,0.0,0.0,19.72013570270524,14.82873185214108,57173.043,3.1820986,98.78441,99.99999
ISL,Iceland,2012,Escherichia coli,Fluoroquinolones,9.70149253,20.805562948382224,13.403928227488068,0.0,0.0,19.72013570270524,14.82873185214108,57173.043,3.1820986,98.78441,99.99999
ISL,Iceland,2012,Escherichia coli,Third-generation cephalosporins,5.07246376,20.805562948382224,13.403928227488068,0.0,0.0,19.72013570270524,14.82873185214108,57173.043,3.1820986,98.78441,99.99999
ISL,Iceland,2012,Klebsiella pneumoniae,Fluoroquinolones,,20.805562948382224,13.403928227488068,0.0,0.0,19.72013570270524,14.82873185214108,57173.043,3.1820986,98.78441,99.99999
ISL,Iceland,2012,Klebsiella pneumoniae,Third-generation cephalosporins,,20.805562948382224,13.403928227488068,0.0,0.0,19.72013570270524,14.82873185214108,57173.043,3.1820986,98.78441,99.99999
ISL,Iceland,2012,Pseudomonas aeruginosa,Carbapenems,,20.805562948382224,13.403928227488068,0.0,0.0,19.72013570270524,14.82873185214108,57173.043,3.1820986,98.78441,99.99999
ISL,Iceland,2012,Staphylococcus aureus,Meticillin (MRSA),1.72413793,20.805562948382224,13.403928227488068,0.0,0.0,19.72013570270524,14.82873185214108,57173.043,3.1820986,98.78441,99.99999
ISL,Iceland,2013,Enterococcus faecium,Aminopenicillins,,19.206014038146204,11.795113611303297,0.0,0.0,3.848010836388992,14.478994083872008,58671.93,3.2122483,98.78399,100.0
ISL,Iceland,2013,Escherichia coli,Carbapenems,,19.206014038146204,11.795113611303297,0.0,0.0,3.848010836388992,14.478994083872008,58671.93,3.2122483,98.78399,100.0
ISL,Iceland,2013,Escherichia coli,Fluoroquinolones,14.65517241,19.206014038146204,11.795113611303297,0.0,0.0,3.848010836388992,14.478994083872008,58671.93,3.2122483,98.78399,100.0
ISL,Iceland,2013,Escherichia coli,Third-generation cephalosporins,4.95867768,19.206014038146204,11.795113611303297,0.0,0.0,3.848010836388992,14.478994083872008,58671.93,3.2122483,98.78399,100.0
ISL,Iceland,2013,Klebsiella pneumoniae,Fluoroquinolones,0.0,19.206014038146204,11.795113611303297,0.0,0.0,3.848010836388992,14.478994083872008,58671.93,3.2122483,98.78399,100.0
ISL,Iceland,2013,Klebsiella pneumoniae,Third-generation cephalosporins,0.0,19.206014038146204,11.795113611303297,0.0,0.0,3.848010836388992,14.478994083872008,58671.93,3.2122483,98.78399,100.0
ISL,Iceland,2013,Pseudomonas aeruginosa,Carbapenems,,19.206014038146204,11.795113611303297,0.0,0.0,3.848010836388992,14.478994083872008,58671.93,3.2122483,98.78399,100.0
ISL,Iceland,2013,Staphylococcus aureus,Meticillin (MRSA),0.0,19.206014038146204,11.795113611303297,0.0,0.0,3.848010836388992,14.478994083872008,58671.93,3.2122483,98.78399,100.0
ISL,Iceland,2014,Acinetobacter spp.,Carbapenems,,18.946282336270087,12.178312296046716,0.0,0.0,16.066168992283384,25.01840641555911,59133.27,3.24821,98.78355,100.0
ISL,Iceland,2014,Enterococcus faecium,Aminopenicillins,,18.946282336270087,12.178312296046716,0.0,0.0,16.066168992283384,25.01840641555911,59133.27,3.24821,98.78355,100.0
ISL,Iceland,2014,Escherichia coli,Carbapenems,,18.946282336270087,12.178312296046716,0.0,0.0,16.066168992283384,25.01840641555911,59133.27,3.24821,98.78355,100.0
ISL,Iceland,2014,Escherichia coli,Fluoroquinolones,7.80141843,18.946282336270087,12.178312296046716,0.0,0.0,16.066168992283384,25.01840641555911,59133.27,3.24821,98.78355,100.0
ISL,Iceland,2014,Escherichia coli,Third-generation cephalosporins,3.28947368,18.946282336270087,12.178312296046716,0.0,0.0,16.066168992283384,25.01840641555911,59133.27,3.24821,98.78355,100.0
ISL,Iceland,2014,Klebsiella pneumoniae,Fluoroquinolones,3.57142857,18.946282336270087,12.178312296046716,0.0,0.0,16.066168992283384,25.01840641555911,59133.27,3.24821,98.78355,100.0
ISL,Iceland,2014,Klebsiella pneumoniae,Third-generation cephalosporins,0.0,18.946282336270087,12.178312296046716,0.0,0.0,16.066168992283384,25.01840641555911,59133.27,3.24821,98.78355,100.0
ISL,Iceland,2014,Pseudomonas aeruginosa,Carbapenems,,18.946282336270087,12.178312296046716,0.0,0.0,16.066168992283384,25.01840641555911,59133.27,3.24821,98.78355,100.0
ISL,Iceland,2014,Staphylococcus aureus,Meticillin (MRSA),3.27868852,18.946282336270087,12.178312296046716,0.0,0.0,16.066168992283384,25.01840641555911,59133.27,3.24821,98.78355,100.0
ISL,Iceland,2015,Acinetobacter spp.,Carbapenems,,18.52972621850912,11.423234847202648,0.0,0.0,6.142028338196145,15.104095201276984,60725.727,3.2823763,98.78312,100.0
ISL,Iceland,2015,Enterococcus faecium,Aminopenicillins,90.0,18.52972621850912,11.423234847202648,0.0,0.0,6.142028338196145,15.104095201276984,60725.727,3.2823763,98.78312,100.0
ISL,Iceland,2015,Escherichia coli,Fluoroquinolones,6.79012345,18.52972621850912,11.423234847202648,0.0,0.0,6.142028338196145,15.104095201276984,60725.727,3.2823763,98.78312,100.0
ISL,Iceland,2015,Escherichia coli,Third-generation cephalosporins,1.73410404,18.52972621850912,11.423234847202648,0.0,0.0,6.142028338196145,15.104095201276984,60725.727,3.2823763,98.78312,100.0
ISL,Iceland,2015,Klebsiella pneumoniae,Carbapenems,,18.52972621850912,11.423234847202648,0.0,0.0,6.142028338196145,15.104095201276984,60725.727,3.2823763,98.78312,100.0
ISL,Iceland,2015,Klebsiella pneumoniae,Fluoroquinolones,2.85714285,18.52972621850912,11.423234847202648,0.0,0.0,6.142028338196145,15.104095201276984,60725.727,3.2823763,98.78312,100.0
ISL,Iceland,2015,Klebsiella pneumoniae,Third-generation cephalosporins,0.0,18.52972621850912,11.423234847202648,0.0,0.0,6.142028338196145,15.104095201276984,60725.727,3.2823763,98.78312,100.0
ISL,Iceland,2015,Pseudomonas aeruginosa,Carbapenems,,18.52972621850912,11.423234847202648,0.0,0.0,6.142028338196145,15.104095201276984,60725.727,3.2823763,98.78312,100.0
ISL,Iceland,2015,Staphylococcus aureus,Meticillin (MRSA),0.0,18.52972621850912,11.423234847202648,0.0,0.0,6.142028338196145,15.104095201276984,60725.727,3.2823763,98.78312,100.0
ISL,Iceland,2016,Acinetobacter spp.,Carbapenems,,19.226914848623643,11.820082970932212,0.0,0.0,23.217814968035032,20.37432524192492,63612.555,3.3280869,98.78267,100.0
ISL,Iceland,2016,Enterococcus faecium,Aminopenicillins,,19.226914848623643,11.820082970932212,0.0,0.0,23.217814968035032,20.37432524192492,63612.555,3.3280869,98.78267,100.0
ISL,Iceland,2016,Escherichia coli,Carbapenems,,19.226914848623643,11.820082970932212,0.0,0.0,23.217814968035032,20.37432524192492,63612.555,3.3280869,98.78267,100.0
ISL,Iceland,2016,Escherichia coli,Fluoroquinolones,9.55056179,19.226914848623643,11.820082970932212,0.0,0.0,23.217814968035032,20.37432524192492,63612.555,3.3280869,98.78267,100.0
ISL,Iceland,2016,Escherichia coli,Third-generation cephalosporins,4.16666666,19.226914848623643,11.820082970932212,0.0,0.0,23.217814968035032,20.37432524192492,63612.555,3.3280869,98.78267,100.0
ISL,Iceland,2016,Klebsiella pneumoniae,Carbapenems,,19.226914848623643,11.820082970932212,0.0,0.0,23.217814968035032,20.37432524192492,63612.555,3.3280869,98.78267,100.0
ISL,Iceland,2016,Klebsiella pneumoniae,Fluoroquinolones,0.0,19.226914848623643,11.820082970932212,0.0,0.0,23.217814968035032,20.37432524192492,63612.555,3.3280869,98.78267,100.0
ISL,Iceland,2016,Klebsiella pneumoniae,Third-generation cephalosporins,0.0,19.226914848623643,11.820082970932212,0.0,0.0,23.217814968035032,20.37432524192492,63612.555,3.3280869,98.78267,100.0
ISL,Iceland,2016,Pseudomonas aeruginosa,Carbapenems,,19.226914848623643,11.820082970932212,0.0,0.0,23.217814968035032,20.37432524192492,63612.555,3.3280869,98.78267,100.0
ISL,Iceland,2016,Staphylococcus aureus,Meticillin (MRSA),1.31578947,19.226914848623643,11.820082970932212,0.0,0.0,23.217814968035032,20.37432524192492,63612.555,3.3280869,98.78267,100.0
ISL,Iceland,2017,Acinetobacter spp.,Carbapenems,,20.960687286085648,15.208999762033628,0.0,0.0,5.434118468457967,19.42828624230944,64303.38,3.4070911,98.78217,100.0
ISL,Iceland,2017,Enterococcus faecium,Aminopenicillins,,20.960687286085648,15.208999762033628,0.0,0.0,5.434118468457967,19.42828624230944,64303.38,3.4070911,98.78217,100.0
ISL,Iceland,2017,Escherichia coli,Carbapenems,,20.960687286085648,15.208999762033628,0.0,0.0,5.434118468457967,19.42828624230944,64303.38,3.4070911,98.78217,100.0
ISL,Iceland,2017,Escherichia coli,Fluoroquinolones,11.55778894,20.960687286085648,15.208999762033628,0.0,0.0,5.434118468457967,19.42828624230944,64303.38,3.4070911,98.78217,100.0
ISL,Iceland,2017,Escherichia coli,Third-generation cephalosporins,6.10328638,20.960687286085648,15.208999762033628,0.0,0.0,5.434118468457967,19.42828624230944,64303.38,3.4070911,98.78217,100.0
ISL,Iceland,2017,Klebsiella pneumoniae,Fluoroquinolones,,20.960687286085648,15.208999762033628,0.0,0.0,5.434118468457967,19.42828624230944,64303.38,3.4070911,98.78217,100.0
ISL,Iceland,2017,Klebsiella pneumoniae,Third-generation cephalosporins,,20.960687286085648,15.208999762033628,0.0,0.0,5.434118468457967,19.42828624230944,64303.38,3.4070911,98.78217,100.0
ISL,Iceland,2017,Pseudomonas aeruginosa,Carbapenems,,20.960687286085648,15.208999762033628,0.0,0.0,5.434118468457967,19.42828624230944,64303.38,3.4070911,98.78217,100.0
ISL,Iceland,2017,Staphylococcus aureus,Meticillin (MRSA),1.44927536,20.960687286085648,15.208999762033628,0.0,0.0,5.434118468457967,19.42828624230944,64303.38,3.4070911,98.78217,100.0
ISL,Iceland,2018,Acinetobacter spp.,Carbapenems,,19.61899589367497,13.381727631890769,0.0,0.0,5.6109520695095885,21.67682830382557,65521.93,3.4995537,98.78165,100.0
ISL,Iceland,2018,Enterococcus faecium,Aminopenicillins,,19.61899589367497,13.381727631890769,0.0,0.0,5.6109520695095885,21.67682830382557,65521.93,3.4995537,98.78165,100.0
ISL,Iceland,2018,Escherichia coli,Carbapenems,,19.61899589367497,13.381727631890769,0.0,0.0,5.6109520695095885,21.67682830382557,65521.93,3.4995537,98.78165,100.0
ISL,Iceland,2018,Escherichia coli,Fluoroquinolones,17.1875,19.61899589367497,13.381727631890769,0.0,0.0,5.6109520695095885,21.67682830382557,65521.93,3.4995537,98.78165,100.0
ISL,Iceland,2018,Escherichia coli,Third-generation cephalosporins,8.08080808,19.61899589367497,13.381727631890769,0.0,0.0,5.6109520695095885,21.67682830382557,65521.93,3.4995537,98.78165,100.0
ISL,Iceland,2018,Klebsiella pneumoniae,Carbapenems,,19.61899589367497,13.381727631890769,0.0,0.0,5.6109520695095885,21.67682830382557,65521.93,3.4995537,98.78165,100.0
ISL,Iceland,2018,Klebsiella pneumoniae,Fluoroquinolones,,19.61899589367497,13.381727631890769,0.0,0.0,5.6109520695095885,21.67682830382557,65521.93,3.4995537,98.78165,100.0
ISL,Iceland,2018,Klebsiella pneumoniae,Third-generation cephalosporins,,19.61899589367497,13.381727631890769,0.0,0.0,5.6109520695095885,21.67682830382557,65521.93,3.4995537,98.78165,100.0
ISL,Iceland,2018,Pseudomonas aeruginosa,Carbapenems,,19.61899589367497,13.381727631890769,0.0,0.0,5.6109520695095885,21.67682830382557,65521.93,3.4995537,98.78165,100.0
ISL,Iceland,2018,Staphylococcus aureus,Meticillin (MRSA),0.0,19.61899589367497,13.381727631890769,0.0,0.0,5.6109520695095885,21.67682830382557,65521.93,3.4995537,98.78165,100.0
ITA,Italy,2000,Staphylococcus aureus,Meticillin (MRSA),44.25531914,35.03943512897768,20.523657730450225,80.41101013935963,10.113366541947707,17.977964375915708,19.61681947443649,50353.42,193.67233,99.88593,99.55706
ITA,Italy,2001,Enterococcus faecium,Aminopenicillins,68.83116883,34.195052612206126,20.710573546708808,75.50643934425669,11.461215347602122,16.364010707948783,18.122553289410703,51332.29,193.78581,99.88592,99.58277
ITA,Italy,2001,Staphylococcus aureus,Meticillin (MRSA),41.00119189,34.195052612206126,20.710573546708808,75.50643934425669,11.461215347602122,16.364010707948783,18.122553289410703,51332.29,193.78581,99.88592,99.58277
ITA,Italy,2002,Enterococcus faecium,Aminopenicillins,79.06976744,34.40557846154401,20.89310671445705,69.53370143376635,10.42218673749143,20.64087607329073,19.846107263826468,51369.113,194.17429,99.885895,99.60848
ITA,Italy,2002,Escherichia coli,Fluoroquinolones,21.06969205,34.40557846154401,20.89310671445705,69.53370143376635,10.42218673749143,20.64087607329073,19.846107263826468,51369.113,194.17429,99.885895,99.60848
ITA,Italy,2002,Escherichia coli,Third-generation cephalosporins,2.93159609,34.40557846154401,20.89310671445705,69.53370143376635,10.42218673749143,20.64087607329073,19.846107263826468,51369.113,194.17429,99.885895,99.60848
ITA,Italy,2002,Staphylococcus aureus,Meticillin (MRSA),38.19806403,34.40557846154401,20.89310671445705,69.53370143376635,10.42218673749143,20.64087607329073,19.846107263826468,51369.113,194.17429,99.885895,99.60848
ITA,Italy,2003,Enterococcus faecium,Aminopenicillins,79.87012987,37.190753758622265,22.292555556498105,101.7202314055612,23.32379268762596,44.3587759133957,21.56219735715271,51126.258,195.25322,99.88587,99.63419
ITA,Italy,2003,Escherichia coli,Fluoroquinolones,24.81040086,37.190753758622265,22.292555556498105,101.7202314055612,23.32379268762596,44.3587759133957,21.56219735715271,51126.258,195.25322,99.88587,99.63419
ITA,Italy,2003,Escherichia coli,Third-generation cephalosporins,6.17551462,37.190753758622265,22.292555556498105,101.7202314055612,23.32379268762596,44.3587759133957,21.56219735715271,51126.258,195.25322,99.88587,99.63419
ITA,Italy,2003,Staphylococcus aureus,Meticillin (MRSA),39.38566552,37.190753758622265,22.292555556498105,101.7202314055612,23.32379268762596,44.3587759133957,21.56219735715271,51126.258,195.25322,99.88587,99.63419
ITA,Italy,2004,Enterococcus faecium,Aminopenicillins,78.44311377,34.00796856127409,20.45059896850105,75.42971416296294,11.50085553884622,13.7148817755957,15.297120136989014,51495.004,196.73112,99.88585,99.65991
ITA,Italy,2004,Escherichia coli,Fluoroquinolones,27.83825816,34.00796856127409,20.45059896850105,75.42971416296294,11.50085553884622,13.7148817755957,15.297120136989014,51495.004,196.73112,99.88585,99.65991
ITA,Italy,2004,Escherichia coli,Third-generation cephalosporins,5.3291536,34.00796856127409,20.45059896850105,75.42971416296294,11.50085553884622,13.7148817755957,15.297120136989014,51495.004,196.73112,99.88585,99.65991
ITA,Italy,2004,Staphylococcus aureus,Meticillin (MRSA),39.78671041,34.00796856127409,20.45059896850105,75.42971416296294,11.50085553884622,13.7148817755957,15.297120136989014,51495.004,196.73112,99.88585,99.65991
ITA,Italy,2005,Enterococcus faecium,Aminopenicillins,77.48691099,35.111697608234685,20.957341645359413,75.60407454702067,11.78132120535664,18.752075083344074,15.963569960907272,51585.645,197.89087,99.885826,99.68562
ITA,Italy,2005,Escherichia coli,Fluoroquinolones,28.24497257,35.111697608234685,20.957341645359413,75.60407454702067,11.78132120535664,18.752075083344074,15.963569960907272,51585.645,197.89087,99.885826,99.68562
ITA,Italy,2005,Escherichia coli,Third-generation cephalosporins,8.48026868,35.111697608234685,20.957341645359413,75.60407454702067,11.78132120535664,18.752075083344074,15.963569960907272,51585.645,197.89087,99.885826,99.68562
ITA,Italy,2005,Klebsiella pneumoniae,Fluoroquinolones,11.32075471,35.111697608234685,20.957341645359413,75.60407454702067,11.78132120535664,18.752075083344074,15.963569960907272,51585.645,197.89087,99.885826,99.68562
ITA,Italy,2005,Klebsiella pneumoniae,Third-generation cephalosporins,19.53352769,35.111697608234685,20.957341645359413,75.60407454702067,11.78132120535664,18.752075083344074,15.963569960907272,51585.645,197.89087,99.885826,99.68562
ITA,Italy,2005,Staphylococcus aureus,Meticillin (MRSA),37.10691823,35.111697608234685,20.957341645359413,75.60407454702067,11.78132120535664,18.752075083344074,15.963569960907272,51585.645,197.89087,99.885826,99.68562
ITA,Italy,2006,Enterococcus faecium,Aminopenicillins,86.14457831,35.37634721123637,21.21132042010917,82.47186107822024,13.99266511346169,28.697740470029476,20.692840784026508,52304.242,198.68466,99.8858,99.711334
ITA,Italy,2006,Escherichia coli,Fluoroquinolones,26.87793427,35.37634721123637,21.21132042010917,82.47186107822024,13.99266511346169,28.697740470029476,20.692840784026508,52304.242,198.68466,99.8858,99.711334
ITA,Italy,2006,Escherichia coli,Third-generation cephalosporins,7.36263736,35.37634721123637,21.21132042010917,82.47186107822024,13.99266511346169,28.697740470029476,20.692840784026508,52304.242,198.68466,99.8858,99.711334
ITA,Italy,2006,Klebsiella pneumoniae,Carbapenems,1.3114754,35.37634721123637,21.21132042010917,82.47186107822024,13.99266511346169,28.697740470029476,20.692840784026508,52304.242,198.68466,99.8858,99.711334
ITA,Italy,2006,Klebsiella pneumoniae,Fluoroquinolones,23.05194805,35.37634721123637,21.21132042010917,82.47186107822024,13.99266511346169,28.697740470029476,20.692840784026508,52304.242,198.68466,99.8858,99.711334
ITA,Italy,2006,Klebsiella pneumoniae,Third-generation cephalosporins,32.8125,35.37634721123637,21.21132042010917,82.47186107822024,13.99266511346169,28.697740470029476,20.692840784026508,52304.242,198.68466,99.8858,99.711334
ITA,Italy,2006,Pseudomonas aeruginosa,Carbapenems,21.3114754,35.37634721123637,21.21132042010917,82.47186107822024,13.99266511346169,28.697740470029476,20.692840784026508,52304.242,198.68466,99.8858,99.711334
ITA,Italy,2006,Staphylococcus aureus,Meticillin (MRSA),38.49637681,35.37634721123637,21.21132042010917,82.47186107822024,13.99266511346169,28.697740470029476,20.692840784026508,52304.242,198.68466,99.8858,99.711334
ITA,Italy,2007,Enterococcus faecium,Aminopenicillins,72.5409836,35.901349258127475,20.85044456222634,80.75460026185657,10.529240971785793,39.23184961563527,19.588008392722507,52747.19,199.88274,99.88578,99.737045
ITA,Italy,2007,Escherichia coli,Carbapenems,0.10224948,35.901349258127475,20.85044456222634,80.75460026185657,10.529240971785793,39.23184961563527,19.588008392722507,52747.19,199.88274,99.88578,99.737045
ITA,Italy,2007,Escherichia coli,Fluoroquinolones,31.52507676,35.901349258127475,20.85044456222634,80.75460026185657,10.529240971785793,39.23184961563527,19.588008392722507,52747.19,199.88274,99.88578,99.737045
ITA,Italy,2007,Escherichia coli,Third-generation cephalosporins,11.45281018,35.901349258127475,20.85044456222634,80.75460026185657,10.529240971785793,39.23184961563527,19.588008392722507,52747.19,199.88274,99.88578,99.737045
ITA,Italy,2007,Klebsiella pneumoniae,Carbapenems,1.11111111,35.901349258127475,20.85044456222634,80.75460026185657,10.529240971785793,39.23184961563527,19.588008392722507,52747.19,199.88274,99.88578,99.737045
ITA,Italy,2007,Klebsiella pneumoniae,Fluoroquinolones,27.29729729,35.901349258127475,20.85044456222634,80.75460026185657,10.529240971785793,39.23184961563527,19.588008392722507,52747.19,199.88274,99.88578,99.737045
ITA,Italy,2007,Klebsiella pneumoniae,Third-generation cephalosporins,34.87738419,35.901349258127475,20.85044456222634,80.75460026185657,10.529240971785793,39.23184961563527,19.588008392722507,52747.19,199.88274,99.88578,99.737045
ITA,Italy,2007,Pseudomonas aeruginosa,Carbapenems,26.63043478,35.901349258127475,20.85044456222634,80.75460026185657,10.529240971785793,39.23184961563527,19.588008392722507,52747.19,199.88274,99.88578,99.737045
ITA,Italy,2007,Staphylococcus aureus,Meticillin (MRSA),33.71104815,35.901349258127475,20.85044456222634,80.75460026185657,10.529240971785793,39.23184961563527,19.588008392722507,52747.19,199.88274,99.88578,99.737045
ITA,Italy,2008,Enterococcus faecium,Aminopenicillins,63.98104265,33.545415514762894,20.37301340541182,73.54126887357633,12.199496406071535,17.547458601342885,16.915330684914334,51806.39,201.41449,99.88576,99.76276
ITA,Italy,2008,Escherichia coli,Carbapenems,0.0,33.545415514762894,20.37301340541182,73.54126887357633,12.199496406071535,17.547458601342885,16.915330684914334,51806.39,201.41449,99.88576,99.76276
ITA,Italy,2008,Escherichia coli,Fluoroquinolones,37.59647188,33.545415514762894,20.37301340541182,73.54126887357633,12.199496406071535,17.547458601342885,16.915330684914334,51806.39,201.41449,99.88576,99.76276
ITA,Italy,2008,Escherichia coli,Third-generation cephalosporins,15.90612777,33.545415514762894,20.37301340541182,73.54126887357633,12.199496406071535,17.547458601342885,16.915330684914334,51806.39,201.41449,99.88576,99.76276
ITA,Italy,2008,Klebsiella pneumoniae,Carbapenems,1.94174757,33.545415514762894,20.37301340541182,73.54126887357633,12.199496406071535,17.547458601342885,16.915330684914334,51806.39,201.41449,99.88576,99.76276
ITA,Italy,2008,Klebsiella pneumoniae,Fluoroquinolones,27.50809061,33.545415514762894,20.37301340541182,73.54126887357633,12.199496406071535,17.547458601342885,16.915330684914334,51806.39,201.41449,99.88576,99.76276
ITA,Italy,2008,Klebsiella pneumoniae,Third-generation cephalosporins,38.92857142,33.545415514762894,20.37301340541182,73.54126887357633,12.199496406071535,17.547458601342885,16.915330684914334,51806.39,201.41449,99.88576,99.76276
ITA,Italy,2008,Pseudomonas aeruginosa,Carbapenems,32.91925465,33.545415514762894,20.37301340541182,73.54126887357633,12.199496406071535,17.547458601342885,16.915330684914334,51806.39,201.41449,99.88576,99.76276
ITA,Italy,2008,Staphylococcus aureus,Meticillin (MRSA),33.65591397,33.545415514762894,20.37301340541182,73.54126887357633,12.199496406071535,17.547458601342885,16.915330684914334,51806.39,201.41449,99.88576,99.76276
ITA,Italy,2009,Enterococcus faecium,Aminopenicillins,59.89010989,34.88313216930162,20.54969618156476,86.41940168979127,13.396455468434326,21.14952713996913,17.46797411941963,48774.39,202.57211,99.885735,99.788475
ITA,Italy,2009,Escherichia coli,Carbapenems,0.0,34.88313216930162,20.54969618156476,86.41940168979127,13.396455468434326,21.14952713996913,17.46797411941963,48774.39,202.57211,99.885735,99.788475
ITA,Italy,2009,Escherichia coli,Fluoroquinolones,36.1529548,34.88313216930162,20.54969618156476,86.41940168979127,13.396455468434326,21.14952713996913,17.46797411941963,48774.39,202.57211,99.885735,99.788475
ITA,Italy,2009,Escherichia coli,Third-generation cephalosporins,17.03056768,34.88313216930162,20.54969618156476,86.41940168979127,13.396455468434326,21.14952713996913,17.46797411941963,48774.39,202.57211,99.885735,99.788475
ITA,Italy,2009,Klebsiella pneumoniae,Carbapenems,1.31578947,34.88313216930162,20.54969618156476,86.41940168979127,13.396455468434326,21.14952713996913,17.46797411941963,48774.39,202.57211,99.885735,99.788475
ITA,Italy,2009,Klebsiella pneumoniae,Fluoroquinolones,20.40133779,34.88313216930162,20.54969618156476,86.41940168979127,13.396455468434326,21.14952713996913,17.46797411941963,48774.39,202.57211,99.885735,99.788475
ITA,Italy,2009,Klebsiella pneumoniae,Third-generation cephalosporins,37.13235294,34.88313216930162,20.54969618156476,86.41940168979127,13.396455468434326,21.14952713996913,17.46797411941963,48774.39,202.57211,99.885735,99.788475
ITA,Italy,2009,Pseudomonas aeruginosa,Carbapenems,30.85106382,34.88313216930162,20.54969618156476,86.41940168979127,13.396455468434326,21.14952713996913,17.46797411941963,48774.39,202.57211,99.885735,99.788475
ITA,Italy,2009,Staphylococcus aureus,Meticillin (MRSA),37.42331288,34.88313216930162,20.54969618156476,86.41940168979127,13.396455468434326,21.14952713996913,17.46797411941963,48774.39,202.57211,99.885735,99.788475
ITA,Italy,2010,Enterococcus faecium,Aminopenicillins,69.62365591,34.56864754791399,21.172218819751297,71.03559913958236,12.690123961105495,10.6829478909072,14.16489942942503,49301.695,203.452,99.88571,99.814186
ITA,Italy,2010,Escherichia coli,Carbapenems,0.1156961,34.56864754791399,21.172218819751297,71.03559913958236,12.690123961105495,10.6829478909072,14.16489942942503,49301.695,203.452,99.88571,99.814186
ITA,Italy,2010,Escherichia coli,Fluoroquinolones,39.20361247,34.56864754791399,21.172218819751297,71.03559913958236,12.690123961105495,10.6829478909072,14.16489942942503,49301.695,203.452,99.88571,99.814186
ITA,Italy,2010,Escherichia coli,Third-generation cephalosporins,21.04175279,34.56864754791399,21.172218819751297,71.03559913958236,12.690123961105495,10.6829478909072,14.16489942942503,49301.695,203.452,99.88571,99.814186
ITA,Italy,2010,Klebsiella pneumoniae,Carbapenems,15.18467852,34.56864754791399,21.172218819751297,71.03559913958236,12.690123961105495,10.6829478909072,14.16489942942503,49301.695,203.452,99.88571,99.814186
ITA,Italy,2010,Klebsiella pneumoniae,Fluoroquinolones,38.50574712,34.56864754791399,21.172218819751297,71.03559913958236,12.690123961105495,10.6829478909072,14.16489942942503,49301.695,203.452,99.88571,99.814186
ITA,Italy,2010,Klebsiella pneumoniae,Third-generation cephalosporins,46.50499286,34.56864754791399,21.172218819751297,71.03559913958236,12.690123961105495,10.6829478909072,14.16489942942503,49301.695,203.452,99.88571,99.814186
ITA,Italy,2010,Pseudomonas aeruginosa,Carbapenems,22.00392927,34.56864754791399,21.172218819751297,71.03559913958236,12.690123961105495,10.6829478909072,14.16489942942503,49301.695,203.452,99.88571,99.814186
ITA,Italy,2010,Staphylococcus aureus,Meticillin (MRSA),36.5232163,34.56864754791399,21.172218819751297,71.03559913958236,12.690123961105495,10.6829478909072,14.16489942942503,49301.695,203.452,99.88571,99.814186
ITA,Italy,2011,Enterococcus faecium,Aminopenicillins,81.92307692,35.248368962969685,20.7049624581477,89.24531880589977,11.641009657403483,33.526849599272694,17.250942492398742,49473.016,204.14072,99.88568,99.8399
ITA,Italy,2011,Escherichia coli,Carbapenems,0.16181229,35.248368962969685,20.7049624581477,89.24531880589977,11.641009657403483,33.526849599272694,17.250942492398742,49473.016,204.14072,99.88568,99.8399
ITA,Italy,2011,Escherichia coli,Fluoroquinolones,40.54765666,35.248368962969685,20.7049624581477,89.24531880589977,11.641009657403483,33.526849599272694,17.250942492398742,49473.016,204.14072,99.88568,99.8399
ITA,Italy,2011,Escherichia coli,Third-generation cephalosporins,19.83957219,35.248368962969685,20.7049624581477,89.24531880589977,11.641009657403483,33.526849599272694,17.250942492398742,49473.016,204.14072,99.88568,99.8399
ITA,Italy,2011,Klebsiella pneumoniae,Carbapenems,26.66666666,35.248368962969685,20.7049624581477,89.24531880589977,11.641009657403483,33.526849599272694,17.250942492398742,49473.016,204.14072,99.88568,99.8399
ITA,Italy,2011,Klebsiella pneumoniae,Fluoroquinolones,45.72864321,35.248368962969685,20.7049624581477,89.24531880589977,11.641009657403483,33.526849599272694,17.250942492398742,49473.016,204.14072,99.88568,99.8399
ITA,Italy,2011,Klebsiella pneumoniae,Third-generation cephalosporins,45.93301435,35.248368962969685,20.7049624581477,89.24531880589977,11.641009657403483,33.526849599272694,17.250942492398742,49473.016,204.14072,99.88568,99.8399
ITA,Italy,2011,Pseudomonas aeruginosa,Carbapenems,20.56962025,35.248368962969685,20.7049624581477,89.24531880589977,11.641009657403483,33.526849599272694,17.250942492398742,49473.016,204.14072,99.88568,99.8399
ITA,Italy,2011,Staphylococcus aureus,Meticillin (MRSA),38.22363203,35.248368962969685,20.7049624581477,89.24531880589977,11.641009657403483,33.526849599272694,17.250942492398742,49473.016,204.14072,99.88568,99.8399
ITA,Italy,2012,Acinetobacter spp.,Carbapenems,83.11688311,36.02501255481864,21.303362989185565,84.73726929642103,16.263013174367828,33.026093954927795,18.843010355278437,47795.957,204.69409,99.885635,99.86561
ITA,Italy,2012,Enterococcus faecium,Aminopenicillins,86.06356968,36.02501255481864,21.303362989185565,84.73726929642103,16.263013174367828,33.026093954927795,18.843010355278437,47795.957,204.69409,99.885635,99.86561
ITA,Italy,2012,Escherichia coli,Carbapenems,0.26481297,36.02501255481864,21.303362989185565,84.73726929642103,16.263013174367828,33.026093954927795,18.843010355278437,47795.957,204.69409,99.885635,99.86561
ITA,Italy,2012,Escherichia coli,Fluoroquinolones,42.05479452,36.02501255481864,21.303362989185565,84.73726929642103,16.263013174367828,33.026093954927795,18.843010355278437,47795.957,204.69409,99.885635,99.86561
ITA,Italy,2012,Escherichia coli,Third-generation cephalosporins,26.29295962,36.02501255481864,21.303362989185565,84.73726929642103,16.263013174367828,33.026093954927795,18.843010355278437,47795.957,204.69409,99.885635,99.86561
ITA,Italy,2012,Klebsiella pneumoniae,Carbapenems,29.11242603,36.02501255481864,21.303362989185565,84.73726929642103,16.263013174367828,33.026093954927795,18.843010355278437,47795.957,204.69409,99.885635,99.86561
ITA,Italy,2012,Klebsiella pneumoniae,Fluoroquinolones,49.94011976,36.02501255481864,21.303362989185565,84.73726929642103,16.263013174367828,33.026093954927795,18.843010355278437,47795.957,204.69409,99.885635,99.86561
ITA,Italy,2012,Klebsiella pneumoniae,Third-generation cephalosporins,47.88732394,36.02501255481864,21.303362989185565,84.73726929642103,16.263013174367828,33.026093954927795,18.843010355278437,47795.957,204.69409,99.885635,99.86561
ITA,Italy,2012,Pseudomonas aeruginosa,Carbapenems,25.07331378,36.02501255481864,21.303362989185565,84.73726929642103,16.263013174367828,33.026093954927795,18.843010355278437,47795.957,204.69409,99.885635,99.86561
ITA,Italy,2012,Staphylococcus aureus,Meticillin (MRSA),35.20782396,36.02501255481864,21.303362989185565,84.73726929642103,16.263013174367828,33.026093954927795,18.843010355278437,47795.957,204.69409,99.885635,99.86561
ITA,Italy,2013,Acinetobacter spp.,Carbapenems,79.48717948,35.80362863446811,21.07620750761747,75.75813738884025,11.60814734377928,17.058188384301463,16.37974389135468,46833.363,205.1078,99.885574,99.89132
ITA,Italy,2013,Enterococcus faecium,Aminopenicillins,82.18181818,35.80362863446811,21.07620750761747,75.75813738884025,11.60814734377928,17.058188384301463,16.37974389135468,46833.363,205.1078,99.885574,99.89132
ITA,Italy,2013,Escherichia coli,Carbapenems,0.62672348,35.80362863446811,21.07620750761747,75.75813738884025,11.60814734377928,17.058188384301463,16.37974389135468,46833.363,205.1078,99.885574,99.89132
ITA,Italy,2013,Escherichia coli,Fluoroquinolones,42.20977596,35.80362863446811,21.07620750761747,75.75813738884025,11.60814734377928,17.058188384301463,16.37974389135468,46833.363,205.1078,99.885574,99.89132
ITA,Italy,2013,Escherichia coli,Third-generation cephalosporins,26.19047619,35.80362863446811,21.07620750761747,75.75813738884025,11.60814734377928,17.058188384301463,16.37974389135468,46833.363,205.1078,99.885574,99.89132
ITA,Italy,2013,Klebsiella pneumoniae,Carbapenems,34.34273916,35.80362863446811,21.07620750761747,75.75813738884025,11.60814734377928,17.058188384301463,16.37974389135468,46833.363,205.1078,99.885574,99.89132
ITA,Italy,2013,Klebsiella pneumoniae,Fluoroquinolones,54.4117647,35.80362863446811,21.07620750761747,75.75813738884025,11.60814734377928,17.058188384301463,16.37974389135468,46833.363,205.1078,99.885574,99.89132
ITA,Italy,2013,Klebsiella pneumoniae,Third-generation cephalosporins,55.10062456,35.80362863446811,21.07620750761747,75.75813738884025,11.60814734377928,17.058188384301463,16.37974389135468,46833.363,205.1078,99.885574,99.89132
ITA,Italy,2013,Pseudomonas aeruginosa,Carbapenems,25.88832487,35.80362863446811,21.07620750761747,75.75813738884025,11.60814734377928,17.058188384301463,16.37974389135468,46833.363,205.1078,99.885574,99.89132
ITA,Italy,2013,Staphylococcus aureus,Meticillin (MRSA),35.83959899,35.80362863446811,21.07620750761747,75.75813738884025,11.60814734377928,17.058188384301463,16.37974389135468,46833.363,205.1078,99.885574,99.89132
ITA,Italy,2014,Acinetobacter spp.,Carbapenems,89.93710691,33.31388847767329,19.95498860764245,67.91409891415366,8.017290408407083,22.90452031254093,22.381314092044143,46825.652,205.14265,99.88552,99.91703
ITA,Italy,2014,Enterococcus faecium,Aminopenicillins,82.56302521,33.31388847767329,19.95498860764245,67.91409891415366,8.017290408407083,22.90452031254093,22.381314092044143,46825.652,205.14265,99.88552,99.91703
ITA,Italy,2014,Escherichia coli,Carbapenems,0.21645021,33.31388847767329,19.95498860764245,67.91409891415366,8.017290408407083,22.90452031254093,22.381314092044143,46825.652,205.14265,99.88552,99.91703
ITA,Italy,2014,Escherichia coli,Fluoroquinolones,43.92651494,33.31388847767329,19.95498860764245,67.91409891415366,8.017290408407083,22.90452031254093,22.381314092044143,46825.652,205.14265,99.88552,99.91703
ITA,Italy,2014,Escherichia coli,Third-generation cephalosporins,28.66811044,33.31388847767329,19.95498860764245,67.91409891415366,8.017290408407083,22.90452031254093,22.381314092044143,46825.652,205.14265,99.88552,99.91703
ITA,Italy,2014,Klebsiella pneumoniae,Carbapenems,32.92775665,33.31388847767329,19.95498860764245,67.91409891415366,8.017290408407083,22.90452031254093,22.381314092044143,46825.652,205.14265,99.88552,99.91703
ITA,Italy,2014,Klebsiella pneumoniae,Fluoroquinolones,55.67567567,33.31388847767329,19.95498860764245,67.91409891415366,8.017290408407083,22.90452031254093,22.381314092044143,46825.652,205.14265,99.88552,99.91703
ITA,Italy,2014,Klebsiella pneumoniae,Third-generation cephalosporins,56.48218347,33.31388847767329,19.95498860764245,67.91409891415366,8.017290408407083,22.90452031254093,22.381314092044143,46825.652,205.14265,99.88552,99.91703
ITA,Italy,2014,Pseudomonas aeruginosa,Carbapenems,25.09960159,33.31388847767329,19.95498860764245,67.91409891415366,8.017290408407083,22.90452031254093,22.381314092044143,46825.652,205.14265,99.88552,99.91703
ITA,Italy,2014,Staphylococcus aureus,Meticillin (MRSA),33.55201499,33.31388847767329,19.95498860764245,67.91409891415366,8.017290408407083,22.90452031254093,22.381314092044143,46825.652,205.14265,99.88552,99.91703
ITA,Italy,2015,Acinetobacter spp.,Carbapenems,78.31325301,36.16911246126757,22.00425442399408,85.10329305469241,17.1679532336165,43.07967536456861,20.98745750164367,47311.824,204.84218,99.88546,99.91703
ITA,Italy,2015,Enterococcus faecium,Aminopenicillins,86.69301712,36.16911246126757,22.00425442399408,85.10329305469241,17.1679532336165,43.07967536456861,20.98745750164367,47311.824,204.84218,99.88546,99.91703
ITA,Italy,2015,Escherichia coli,Carbapenems,0.19670958,36.16911246126757,22.00425442399408,85.10329305469241,17.1679532336165,43.07967536456861,20.98745750164367,47311.824,204.84218,99.88546,99.91703
ITA,Italy,2015,Escherichia coli,Fluoroquinolones,44.38282647,36.16911246126757,22.00425442399408,85.10329305469241,17.1679532336165,43.07967536456861,20.98745750164367,47311.824,204.84218,99.88546,99.91703
ITA,Italy,2015,Escherichia coli,Third-generation cephalosporins,30.07868383,36.16911246126757,22.00425442399408,85.10329305469241,17.1679532336165,43.07967536456861,20.98745750164367,47311.824,204.84218,99.88546,99.91703
ITA,Italy,2015,Klebsiella pneumoniae,Carbapenems,33.51675837,36.16911246126757,22.00425442399408,85.10329305469241,17.1679532336165,43.07967536456861,20.98745750164367,47311.824,204.84218,99.88546,99.91703
ITA,Italy,2015,Klebsiella pneumoniae,Fluoroquinolones,53.65,36.16911246126757,22.00425442399408,85.10329305469241,17.1679532336165,43.07967536456861,20.98745750164367,47311.824,204.84218,99.88546,99.91703
ITA,Italy,2015,Klebsiella pneumoniae,Third-generation cephalosporins,55.87793896,36.16911246126757,22.00425442399408,85.10329305469241,17.1679532336165,43.07967536456861,20.98745750164367,47311.824,204.84218,99.88546,99.91703
ITA,Italy,2015,Pseudomonas aeruginosa,Carbapenems,23.012939,36.16911246126757,22.00425442399408,85.10329305469241,17.1679532336165,43.07967536456861,20.98745750164367,47311.824,204.84218,99.88546,99.91703
ITA,Italy,2015,Staphylococcus aureus,Meticillin (MRSA),34.1,36.16911246126757,22.00425442399408,85.10329305469241,17.1679532336165,43.07967536456861,20.98745750164367,47311.824,204.84218,99.88546,99.91703
ITA,Italy,2016,Acinetobacter spp.,Carbapenems,78.49002849,33.56876272003831,20.353061978115992,78.61465002433592,10.227219068952506,21.371841466613223,18.25372033551162,47987.84,204.51344,99.8854,99.91703
ITA,Italy,2016,Enterococcus faecium,Aminopenicillins,87.02531645,33.56876272003831,20.353061978115992,78.61465002433592,10.227219068952506,21.371841466613223,18.25372033551162,47987.84,204.51344,99.8854,99.91703
ITA,Italy,2016,Escherichia coli,Carbapenems,0.26203734,33.56876272003831,20.353061978115992,78.61465002433592,10.227219068952506,21.371841466613223,18.25372033551162,47987.84,204.51344,99.8854,99.91703
ITA,Italy,2016,Escherichia coli,Fluoroquinolones,43.2605042,33.56876272003831,20.353061978115992,78.61465002433592,10.227219068952506,21.371841466613223,18.25372033551162,47987.84,204.51344,99.8854,99.91703
ITA,Italy,2016,Escherichia coli,Third-generation cephalosporins,29.77433479,33.56876272003831,20.353061978115992,78.61465002433592,10.227219068952506,21.371841466613223,18.25372033551162,47987.84,204.51344,99.8854,99.91703
ITA,Italy,2016,Klebsiella pneumoniae,Carbapenems,33.94018205,33.56876272003831,20.353061978115992,78.61465002433592,10.227219068952506,21.371841466613223,18.25372033551162,47987.84,204.51344,99.8854,99.91703
ITA,Italy,2016,Klebsiella pneumoniae,Fluoroquinolones,56.04982206,33.56876272003831,20.353061978115992,78.61465002433592,10.227219068952506,21.371841466613223,18.25372033551162,47987.84,204.51344,99.8854,99.91703
ITA,Italy,2016,Klebsiella pneumoniae,Third-generation cephalosporins,55.83259127,33.56876272003831,20.353061978115992,78.61465002433592,10.227219068952506,21.371841466613223,18.25372033551162,47987.84,204.51344,99.8854,99.91703
ITA,Italy,2016,Pseudomonas aeruginosa,Carbapenems,23.46600331,33.56876272003831,20.353061978115992,78.61465002433592,10.227219068952506,21.371841466613223,18.25372033551162,47987.84,204.51344,99.8854,99.91703
ITA,Italy,2016,Staphylococcus aureus,Meticillin (MRSA),33.57933579,33.56876272003831,20.353061978115992,78.61465002433592,10.227219068952506,21.371841466613223,18.25372033551162,47987.84,204.51344,99.8854,99.91703
ITA,Italy,2017,Acinetobacter spp.,Carbapenems,78.68663594,36.216502427867205,21.34425658125561,81.01167597704283,13.62420751674211,30.83584179182712,17.614133551720638,48849.22,204.21658,99.88534,99.91703
ITA,Italy,2017,Enterococcus faecium,Aminopenicillins,87.28323699,36.216502427867205,21.34425658125561,81.01167597704283,13.62420751674211,30.83584179182712,17.614133551720638,48849.22,204.21658,99.88534,99.91703
ITA,Italy,2017,Escherichia coli,Carbapenems,0.28846153,36.216502427867205,21.34425658125561,81.01167597704283,13.62420751674211,30.83584179182712,17.614133551720638,48849.22,204.21658,99.88534,99.91703
ITA,Italy,2017,Escherichia coli,Fluoroquinolones,44.93880489,36.216502427867205,21.34425658125561,81.01167597704283,13.62420751674211,30.83584179182712,17.614133551720638,48849.22,204.21658,99.88534,99.91703
ITA,Italy,2017,Escherichia coli,Third-generation cephalosporins,29.48989684,36.216502427867205,21.34425658125561,81.01167597704283,13.62420751674211,30.83584179182712,17.614133551720638,48849.22,204.21658,99.88534,99.91703
ITA,Italy,2017,Klebsiella pneumoniae,Carbapenems,29.6886864,36.216502427867205,21.34425658125561,81.01167597704283,13.62420751674211,30.83584179182712,17.614133551720638,48849.22,204.21658,99.88534,99.91703
ITA,Italy,2017,Klebsiella pneumoniae,Fluoroquinolones,55.73770491,36.216502427867205,21.34425658125561,81.01167597704283,13.62420751674211,30.83584179182712,17.614133551720638,48849.22,204.21658,99.88534,99.91703
ITA,Italy,2017,Klebsiella pneumoniae,Third-generation cephalosporins,54.59544383,36.216502427867205,21.34425658125561,81.01167597704283,13.62420751674211,30.83584179182712,17.614133551720638,48849.22,204.21658,99.88534,99.91703
ITA,Italy,2017,Pseudomonas aeruginosa,Carbapenems,19.87447698,36.216502427867205,21.34425658125561,81.01167597704283,13.62420751674211,30.83584179182712,17.614133551720638,48849.22,204.21658,99.88534,99.91703
ITA,Italy,2017,Staphylococcus aureus,Meticillin (MRSA),33.89028125,36.216502427867205,21.34425658125561,81.01167597704283,13.62420751674211,30.83584179182712,17.614133551720638,48849.22,204.21658,99.88534,99.91703
ITA,Italy,2018,Acinetobacter spp.,Carbapenems,79.24801156,33.92610524012268,20.813797901252496,93.90949641967909,13.341560318636056,37.61924704673149,25.13174828972637,49133.145,203.83507,99.88528,99.91703
ITA,Italy,2018,Enterococcus faecium,Aminopenicillins,86.73514962,33.92610524012268,20.813797901252496,93.90949641967909,13.341560318636056,37.61924704673149,25.13174828972637,49133.145,203.83507,99.88528,99.91703
ITA,Italy,2018,Escherichia coli,Carbapenems,0.36888428,33.92610524012268,20.813797901252496,93.90949641967909,13.341560318636056,37.61924704673149,25.13174828972637,49133.145,203.83507,99.88528,99.91703
ITA,Italy,2018,Escherichia coli,Fluoroquinolones,41.6630306,33.92610524012268,20.813797901252496,93.90949641967909,13.341560318636056,37.61924704673149,25.13174828972637,49133.145,203.83507,99.88528,99.91703
ITA,Italy,2018,Escherichia coli,Third-generation cephalosporins,28.69624069,33.92610524012268,20.813797901252496,93.90949641967909,13.341560318636056,37.61924704673149,25.13174828972637,49133.145,203.83507,99.88528,99.91703
ITA,Italy,2018,Klebsiella pneumoniae,Carbapenems,26.78445229,33.92610524012268,20.813797901252496,93.90949641967909,13.341560318636056,37.61924704673149,25.13174828972637,49133.145,203.83507,99.88528,99.91703
ITA,Italy,2018,Klebsiella pneumoniae,Fluoroquinolones,52.67732962,33.92610524012268,20.813797901252496,93.90949641967909,13.341560318636056,37.61924704673149,25.13174828972637,49133.145,203.83507,99.88528,99.91703
ITA,Italy,2018,Klebsiella pneumoniae,Third-generation cephalosporins,53.58367626,33.92610524012268,20.813797901252496,93.90949641967909,13.341560318636056,37.61924704673149,25.13174828972637,49133.145,203.83507,99.88528,99.91703
ITA,Italy,2018,Pseudomonas aeruginosa,Carbapenems,15.79296615,33.92610524012268,20.813797901252496,93.90949641967909,13.341560318636056,37.61924704673149,25.13174828972637,49133.145,203.83507,99.88528,99.91703
ITA,Italy,2018,Staphylococcus aureus,Meticillin (MRSA),33.98281495,33.92610524012268,20.813797901252496,93.90949641967909,13.341560318636056,37.61924704673149,25.13174828972637,49133.145,203.83507,99.88528,99.91703
LTU,Lithuania,2006,Enterococcus faecium,Aminopenicillins,,31.84506428867635,19.311766277793215,31.95289011149815,0.6846791055274472,36.836025198732514,21.223980560140387,26129.34,52.22503,87.120026,92.39575
LTU,Lithuania,2006,Escherichia coli,Carbapenems,0.0,31.84506428867635,19.311766277793215,31.95289011149815,0.6846791055274472,36.836025198732514,21.223980560140387,26129.34,52.22503,87.120026,92.39575
LTU,Lithuania,2006,Escherichia coli,Fluoroquinolones,12.28070175,31.84506428867635,19.311766277793215,31.95289011149815,0.6846791055274472,36.836025198732514,21.223980560140387,26129.34,52.22503,87.120026,92.39575
LTU,Lithuania,2006,Escherichia coli,Third-generation cephalosporins,4.67836257,31.84506428867635,19.311766277793215,31.95289011149815,0.6846791055274472,36.836025198732514,21.223980560140387,26129.34,52.22503,87.120026,92.39575
LTU,Lithuania,2006,Klebsiella pneumoniae,Carbapenems,0.0,31.84506428867635,19.311766277793215,31.95289011149815,0.6846791055274472,36.836025198732514,21.223980560140387,26129.34,52.22503,87.120026,92.39575
LTU,Lithuania,2006,Klebsiella pneumoniae,Fluoroquinolones,2.85714285,31.84506428867635,19.311766277793215,31.95289011149815,0.6846791055274472,36.836025198732514,21.223980560140387,26129.34,52.22503,87.120026,92.39575
LTU,Lithuania,2006,Klebsiella pneumoniae,Third-generation cephalosporins,22.85714285,31.84506428867635,19.311766277793215,31.95289011149815,0.6846791055274472,36.836025198732514,21.223980560140387,26129.34,52.22503,87.120026,92.39575
LTU,Lithuania,2006,Pseudomonas aeruginosa,Carbapenems,,31.84506428867635,19.311766277793215,31.95289011149815,0.6846791055274472,36.836025198732514,21.223980560140387,26129.34,52.22503,87.120026,92.39575
LTU,Lithuania,2006,Staphylococcus aureus,Meticillin (MRSA),11.9760479,31.84506428867635,19.311766277793215,31.95289011149815,0.6846791055274472,36.836025198732514,21.223980560140387,26129.34,52.22503,87.120026,92.39575
LTU,Lithuania,2007,Enterococcus faecium,Aminopenicillins,,31.3467004865716,19.05041733952043,26.413808663098887,0.4675970513208636,31.91322999189575,20.275186506618912,29370.773,51.611214,87.62459,92.875046
LTU,Lithuania,2007,Escherichia coli,Carbapenems,0.0,31.3467004865716,19.05041733952043,26.413808663098887,0.4675970513208636,31.91322999189575,20.275186506618912,29370.773,51.611214,87.62459,92.875046
LTU,Lithuania,2007,Escherichia coli,Fluoroquinolones,9.48275862,31.3467004865716,19.05041733952043,26.413808663098887,0.4675970513208636,31.91322999189575,20.275186506618912,29370.773,51.611214,87.62459,92.875046
LTU,Lithuania,2007,Escherichia coli,Third-generation cephalosporins,6.80851063,31.3467004865716,19.05041733952043,26.413808663098887,0.4675970513208636,31.91322999189575,20.275186506618912,29370.773,51.611214,87.62459,92.875046
LTU,Lithuania,2007,Klebsiella pneumoniae,Carbapenems,0.0,31.3467004865716,19.05041733952043,26.413808663098887,0.4675970513208636,31.91322999189575,20.275186506618912,29370.773,51.611214,87.62459,92.875046
LTU,Lithuania,2007,Klebsiella pneumoniae,Fluoroquinolones,7.69230769,31.3467004865716,19.05041733952043,26.413808663098887,0.4675970513208636,31.91322999189575,20.275186506618912,29370.773,51.611214,87.62459,92.875046
LTU,Lithuania,2007,Klebsiella pneumoniae,Third-generation cephalosporins,26.82926829,31.3467004865716,19.05041733952043,26.413808663098887,0.4675970513208636,31.91322999189575,20.275186506618912,29370.773,51.611214,87.62459,92.875046
LTU,Lithuania,2007,Pseudomonas aeruginosa,Carbapenems,30.0,31.3467004865716,19.05041733952043,26.413808663098887,0.4675970513208636,31.91322999189575,20.275186506618912,29370.773,51.611214,87.62459,92.875046
LTU,Lithuania,2007,Staphylococcus aureus,Meticillin (MRSA),8.75,31.3467004865716,19.05041733952043,26.413808663098887,0.4675970513208636,31.91322999189575,20.275186506618912,29370.773,51.611214,87.62459,92.875046
LTU,Lithuania,2008,Enterococcus faecium,Aminopenicillins,87.5,29.38531163464376,17.790276354540442,20.365581557900924,0.1313473683664785,16.901906587253198,18.410202960592475,30445.781,51.0858,88.12779,93.35306
LTU,Lithuania,2008,Escherichia coli,Carbapenems,0.0,29.38531163464376,17.790276354540442,20.365581557900924,0.1313473683664785,16.901906587253198,18.410202960592475,30445.781,51.0858,88.12779,93.35306
LTU,Lithuania,2008,Escherichia coli,Fluoroquinolones,13.81578947,29.38531163464376,17.790276354540442,20.365581557900924,0.1313473683664785,16.901906587253198,18.410202960592475,30445.781,51.0858,88.12779,93.35306
LTU,Lithuania,2008,Escherichia coli,Third-generation cephalosporins,5.59210526,29.38531163464376,17.790276354540442,20.365581557900924,0.1313473683664785,16.901906587253198,18.410202960592475,30445.781,51.0858,88.12779,93.35306
LTU,Lithuania,2008,Klebsiella pneumoniae,Carbapenems,0.0,29.38531163464376,17.790276354540442,20.365581557900924,0.1313473683664785,16.901906587253198,18.410202960592475,30445.781,51.0858,88.12779,93.35306
LTU,Lithuania,2008,Klebsiella pneumoniae,Fluoroquinolones,23.07692307,29.38531163464376,17.790276354540442,20.365581557900924,0.1313473683664785,16.901906587253198,18.410202960592475,30445.781,51.0858,88.12779,93.35306
LTU,Lithuania,2008,Klebsiella pneumoniae,Third-generation cephalosporins,35.8490566,29.38531163464376,17.790276354540442,20.365581557900924,0.1313473683664785,16.901906587253198,18.410202960592475,30445.781,51.0858,88.12779,93.35306
LTU,Lithuania,2008,Pseudomonas aeruginosa,Carbapenems,23.8095238,29.38531163464376,17.790276354540442,20.365581557900924,0.1313473683664785,16.901906587253198,18.410202960592475,30445.781,51.0858,88.12779,93.35306
LTU,Lithuania,2008,Staphylococcus aureus,Meticillin (MRSA),10.7913669,29.38531163464376,17.790276354540442,20.365581557900924,0.1313473683664785,16.901906587253198,18.410202960592475,30445.781,51.0858,88.12779,93.35306
LTU,Lithuania,2009,Enterococcus faecium,Aminopenicillins,,29.31050197089659,17.867495074503825,19.921270517427143,0.1146423273359795,12.142055587145402,15.117710936999169,26217.545,50.52316,88.667656,93.81939
LTU,Lithuania,2009,Escherichia coli,Carbapenems,0.0,29.31050197089659,17.867495074503825,19.921270517427143,0.1146423273359795,12.142055587145402,15.117710936999169,26217.545,50.52316,88.667656,93.81939
LTU,Lithuania,2009,Escherichia coli,Fluoroquinolones,14.57627118,29.31050197089659,17.867495074503825,19.921270517427143,0.1146423273359795,12.142055587145402,15.117710936999169,26217.545,50.52316,88.667656,93.81939
LTU,Lithuania,2009,Escherichia coli,Third-generation cephalosporins,7.84982935,29.31050197089659,17.867495074503825,19.921270517427143,0.1146423273359795,12.142055587145402,15.117710936999169,26217.545,50.52316,88.667656,93.81939
LTU,Lithuania,2009,Klebsiella pneumoniae,Carbapenems,0.0,29.31050197089659,17.867495074503825,19.921270517427143,0.1146423273359795,12.142055587145402,15.117710936999169,26217.545,50.52316,88.667656,93.81939
LTU,Lithuania,2009,Klebsiella pneumoniae,Fluoroquinolones,37.31343283,29.31050197089659,17.867495074503825,19.921270517427143,0.1146423273359795,12.142055587145402,15.117710936999169,26217.545,50.52316,88.667656,93.81939
LTU,Lithuania,2009,Klebsiella pneumoniae,Third-generation cephalosporins,56.71641791,29.31050197089659,17.867495074503825,19.921270517427143,0.1146423273359795,12.142055587145402,15.117710936999169,26217.545,50.52316,88.667656,93.81939
LTU,Lithuania,2009,Pseudomonas aeruginosa,Carbapenems,19.04761904,29.31050197089659,17.867495074503825,19.921270517427143,0.1146423273359795,12.142055587145402,15.117710936999169,26217.545,50.52316,88.667656,93.81939
LTU,Lithuania,2009,Staphylococcus aureus,Meticillin (MRSA),11.02362204,29.31050197089659,17.867495074503825,19.921270517427143,0.1146423273359795,12.142055587145402,15.117710936999169,26217.545,50.52316,88.667656,93.81939
LTU,Lithuania,2010,Enterococcus faecium,Aminopenicillins,88.0,32.75274320884707,20.656742241761197,32.38116646804264,3.87312932002417,13.69388553576833,14.992094947853277,26887.492,49.476456,89.194145,94.275856
LTU,Lithuania,2010,Escherichia coli,Carbapenems,0.0,32.75274320884707,20.656742241761197,32.38116646804264,3.87312932002417,13.69388553576833,14.992094947853277,26887.492,49.476456,89.194145,94.275856
LTU,Lithuania,2010,Escherichia coli,Fluoroquinolones,13.51351351,32.75274320884707,20.656742241761197,32.38116646804264,3.87312932002417,13.69388553576833,14.992094947853277,26887.492,49.476456,89.194145,94.275856
LTU,Lithuania,2010,Escherichia coli,Third-generation cephalosporins,8.7087087,32.75274320884707,20.656742241761197,32.38116646804264,3.87312932002417,13.69388553576833,14.992094947853277,26887.492,49.476456,89.194145,94.275856
LTU,Lithuania,2010,Klebsiella pneumoniae,Carbapenems,0.0,32.75274320884707,20.656742241761197,32.38116646804264,3.87312932002417,13.69388553576833,14.992094947853277,26887.492,49.476456,89.194145,94.275856
LTU,Lithuania,2010,Klebsiella pneumoniae,Fluoroquinolones,36.25,32.75274320884707,20.656742241761197,32.38116646804264,3.87312932002417,13.69388553576833,14.992094947853277,26887.492,49.476456,89.194145,94.275856
LTU,Lithuania,2010,Klebsiella pneumoniae,Third-generation cephalosporins,50.61728395,32.75274320884707,20.656742241761197,32.38116646804264,3.87312932002417,13.69388553576833,14.992094947853277,26887.492,49.476456,89.194145,94.275856
LTU,Lithuania,2010,Pseudomonas aeruginosa,Carbapenems,26.66666666,32.75274320884707,20.656742241761197,32.38116646804264,3.87312932002417,13.69388553576833,14.992094947853277,26887.492,49.476456,89.194145,94.275856
LTU,Lithuania,2010,Staphylococcus aureus,Meticillin (MRSA),14.11764705,32.75274320884707,20.656742241761197,32.38116646804264,3.87312932002417,13.69388553576833,14.992094947853277,26887.492,49.476456,89.194145,94.275856
LTU,Lithuania,2011,Enterococcus faecium,Aminopenicillins,96.15384615,29.8356840204936,19.05517627433154,26.410184621238194,0.6313455618605055,14.492789010488668,18.38857083485265,29240.748,48.373135,89.73549,94.74194
LTU,Lithuania,2011,Escherichia coli,Carbapenems,,29.8356840204936,19.05517627433154,26.410184621238194,0.6313455618605055,14.492789010488668,18.38857083485265,29240.748,48.373135,89.73549,94.74194
LTU,Lithuania,2011,Escherichia coli,Fluoroquinolones,12.86089238,29.8356840204936,19.05517627433154,26.410184621238194,0.6313455618605055,14.492789010488668,18.38857083485265,29240.748,48.373135,89.73549,94.74194
LTU,Lithuania,2011,Escherichia coli,Third-generation cephalosporins,7.01298701,29.8356840204936,19.05517627433154,26.410184621238194,0.6313455618605055,14.492789010488668,18.38857083485265,29240.748,48.373135,89.73549,94.74194
LTU,Lithuania,2011,Klebsiella pneumoniae,Carbapenems,,29.8356840204936,19.05517627433154,26.410184621238194,0.6313455618605055,14.492789010488668,18.38857083485265,29240.748,48.373135,89.73549,94.74194
LTU,Lithuania,2011,Klebsiella pneumoniae,Fluoroquinolones,54.74452554,29.8356840204936,19.05517627433154,26.410184621238194,0.6313455618605055,14.492789010488668,18.38857083485265,29240.748,48.373135,89.73549,94.74194
LTU,Lithuania,2011,Klebsiella pneumoniae,Third-generation cephalosporins,60.5839416,29.8356840204936,19.05517627433154,26.410184621238194,0.6313455618605055,14.492789010488668,18.38857083485265,29240.748,48.373135,89.73549,94.74194
LTU,Lithuania,2011,Pseudomonas aeruginosa,Carbapenems,20.0,29.8356840204936,19.05517627433154,26.410184621238194,0.6313455618605055,14.492789010488668,18.38857083485265,29240.748,48.373135,89.73549,94.74194
LTU,Lithuania,2011,Staphylococcus aureus,Meticillin (MRSA),5.39568345,29.8356840204936,19.05517627433154,26.410184621238194,0.6313455618605055,14.492789010488668,18.38857083485265,29240.748,48.373135,89.73549,94.74194
LTU,Lithuania,2012,Enterococcus faecium,Aminopenicillins,86.48648648,30.545790275119533,18.963079750782544,21.548965075224256,0.7274790457590926,9.911774978820423,16.151534217858664,30920.33,47.72934,90.30097,95.22336
LTU,Lithuania,2012,Escherichia coli,Carbapenems,0.0,30.545790275119533,18.963079750782544,21.548965075224256,0.7274790457590926,9.911774978820423,16.151534217858664,30920.33,47.72934,90.30097,95.22336
LTU,Lithuania,2012,Escherichia coli,Fluoroquinolones,14.69298245,30.545790275119533,18.963079750782544,21.548965075224256,0.7274790457590926,9.911774978820423,16.151534217858664,30920.33,47.72934,90.30097,95.22336
LTU,Lithuania,2012,Escherichia coli,Third-generation cephalosporins,4.76190476,30.545790275119533,18.963079750782544,21.548965075224256,0.7274790457590926,9.911774978820423,16.151534217858664,30920.33,47.72934,90.30097,95.22336
LTU,Lithuania,2012,Klebsiella pneumoniae,Carbapenems,0.0,30.545790275119533,18.963079750782544,21.548965075224256,0.7274790457590926,9.911774978820423,16.151534217858664,30920.33,47.72934,90.30097,95.22336
LTU,Lithuania,2012,Klebsiella pneumoniae,Fluoroquinolones,55.4347826,30.545790275119533,18.963079750782544,21.548965075224256,0.7274790457590926,9.911774978820423,16.151534217858664,30920.33,47.72934,90.30097,95.22336
LTU,Lithuania,2012,Klebsiella pneumoniae,Third-generation cephalosporins,63.97849462,30.545790275119533,18.963079750782544,21.548965075224256,0.7274790457590926,9.911774978820423,16.151534217858664,30920.33,47.72934,90.30097,95.22336
LTU,Lithuania,2012,Pseudomonas aeruginosa,Carbapenems,17.85714285,30.545790275119533,18.963079750782544,21.548965075224256,0.7274790457590926,9.911774978820423,16.151534217858664,30920.33,47.72934,90.30097,95.22336
LTU,Lithuania,2012,Staphylococcus aureus,Meticillin (MRSA),8.66873065,30.545790275119533,18.963079750782544,21.548965075224256,0.7274790457590926,9.911774978820423,16.151534217858664,30920.33,47.72934,90.30097,95.22336
LTU,Lithuania,2013,Enterococcus faecium,Aminopenicillins,96.0,30.69887455706316,18.995263354470985,25.58696848527398,0.4607373109812546,12.700548803716746,17.461926371192945,32474.64,47.250584,90.864815,95.70245
LTU,Lithuania,2013,Escherichia coli,Carbapenems,0.0,30.69887455706316,18.995263354470985,25.58696848527398,0.4607373109812546,12.700548803716746,17.461926371192945,32474.64,47.250584,90.864815,95.70245
LTU,Lithuania,2013,Escherichia coli,Fluoroquinolones,15.93533487,30.69887455706316,18.995263354470985,25.58696848527398,0.4607373109812546,12.700548803716746,17.461926371192945,32474.64,47.250584,90.864815,95.70245
LTU,Lithuania,2013,Escherichia coli,Third-generation cephalosporins,7.60368663,30.69887455706316,18.995263354470985,25.58696848527398,0.4607373109812546,12.700548803716746,17.461926371192945,32474.64,47.250584,90.864815,95.70245
LTU,Lithuania,2013,Klebsiella pneumoniae,Carbapenems,0.0,30.69887455706316,18.995263354470985,25.58696848527398,0.4607373109812546,12.700548803716746,17.461926371192945,32474.64,47.250584,90.864815,95.70245
LTU,Lithuania,2013,Klebsiella pneumoniae,Fluoroquinolones,45.13888888,30.69887455706316,18.995263354470985,25.58696848527398,0.4607373109812546,12.700548803716746,17.461926371192945,32474.64,47.250584,90.864815,95.70245
LTU,Lithuania,2013,Klebsiella pneumoniae,Third-generation cephalosporins,44.13793103,30.69887455706316,18.995263354470985,25.58696848527398,0.4607373109812546,12.700548803716746,17.461926371192945,32474.64,47.250584,90.864815,95.70245
LTU,Lithuania,2013,Pseudomonas aeruginosa,Carbapenems,18.91891891,30.69887455706316,18.995263354470985,25.58696848527398,0.4607373109812546,12.700548803716746,17.461926371192945,32474.64,47.250584,90.864815,95.70245
LTU,Lithuania,2013,Staphylococcus aureus,Meticillin (MRSA),10.11235955,30.69887455706316,18.995263354470985,25.58696848527398,0.4607373109812546,12.700548803716746,17.461926371192945,32474.64,47.250584,90.864815,95.70245
LTU,Lithuania,2014,Acinetobacter spp.,Carbapenems,69.69696969,32.13377009164836,19.684000707273483,33.25157146194306,1.731216701662958,30.77311986170514,24.518688379738627,33975.086,46.84828,91.42719,96.17936
LTU,Lithuania,2014,Enterococcus faecium,Aminopenicillins,100.0,32.13377009164836,19.684000707273483,33.25157146194306,1.731216701662958,30.77311986170514,24.518688379738627,33975.086,46.84828,91.42719,96.17936
LTU,Lithuania,2014,Escherichia coli,Carbapenems,0.0,32.13377009164836,19.684000707273483,33.25157146194306,1.731216701662958,30.77311986170514,24.518688379738627,33975.086,46.84828,91.42719,96.17936
LTU,Lithuania,2014,Escherichia coli,Fluoroquinolones,12.83783783,32.13377009164836,19.684000707273483,33.25157146194306,1.731216701662958,30.77311986170514,24.518688379738627,33975.086,46.84828,91.42719,96.17936
LTU,Lithuania,2014,Escherichia coli,Third-generation cephalosporins,8.08080808,32.13377009164836,19.684000707273483,33.25157146194306,1.731216701662958,30.77311986170514,24.518688379738627,33975.086,46.84828,91.42719,96.17936
LTU,Lithuania,2014,Klebsiella pneumoniae,Carbapenems,1.29870129,32.13377009164836,19.684000707273483,33.25157146194306,1.731216701662958,30.77311986170514,24.518688379738627,33975.086,46.84828,91.42719,96.17936
LTU,Lithuania,2014,Klebsiella pneumoniae,Fluoroquinolones,45.45454545,32.13377009164836,19.684000707273483,33.25157146194306,1.731216701662958,30.77311986170514,24.518688379738627,33975.086,46.84828,91.42719,96.17936
LTU,Lithuania,2014,Klebsiella pneumoniae,Third-generation cephalosporins,52.59740259,32.13377009164836,19.684000707273483,33.25157146194306,1.731216701662958,30.77311986170514,24.518688379738627,33975.086,46.84828,91.42719,96.17936
LTU,Lithuania,2014,Pseudomonas aeruginosa,Carbapenems,29.03225806,32.13377009164836,19.684000707273483,33.25157146194306,1.731216701662958,30.77311986170514,24.518688379738627,33975.086,46.84828,91.42719,96.17936
LTU,Lithuania,2014,Staphylococcus aureus,Meticillin (MRSA),7.31070496,32.13377009164836,19.684000707273483,33.25157146194306,1.731216701662958,30.77311986170514,24.518688379738627,33975.086,46.84828,91.42719,96.17936
LTU,Lithuania,2015,Acinetobacter spp.,Carbapenems,80.8219178,31.30126984896089,18.59656935996118,23.650606645556067,0.7384244142571589,32.77833815606994,20.86996256674668,35251.297,46.410652,91.98808,96.654076
LTU,Lithuania,2015,Enterococcus faecium,Aminopenicillins,96.15384615,31.30126984896089,18.59656935996118,23.650606645556067,0.7384244142571589,32.77833815606994,20.86996256674668,35251.297,46.410652,91.98808,96.654076
LTU,Lithuania,2015,Escherichia coli,Carbapenems,0.0,31.30126984896089,18.59656935996118,23.650606645556067,0.7384244142571589,32.77833815606994,20.86996256674668,35251.297,46.410652,91.98808,96.654076
LTU,Lithuania,2015,Escherichia coli,Fluoroquinolones,20.58319039,31.30126984896089,18.59656935996118,23.650606645556067,0.7384244142571589,32.77833815606994,20.86996256674668,35251.297,46.410652,91.98808,96.654076
LTU,Lithuania,2015,Escherichia coli,Third-generation cephalosporins,16.00688468,31.30126984896089,18.59656935996118,23.650606645556067,0.7384244142571589,32.77833815606994,20.86996256674668,35251.297,46.410652,91.98808,96.654076
LTU,Lithuania,2015,Klebsiella pneumoniae,Carbapenems,0.0,31.30126984896089,18.59656935996118,23.650606645556067,0.7384244142571589,32.77833815606994,20.86996256674668,35251.297,46.410652,91.98808,96.654076
LTU,Lithuania,2015,Klebsiella pneumoniae,Fluoroquinolones,45.81005586,31.30126984896089,18.59656935996118,23.650606645556067,0.7384244142571589,32.77833815606994,20.86996256674668,35251.297,46.410652,91.98808,96.654076
LTU,Lithuania,2015,Klebsiella pneumoniae,Third-generation cephalosporins,51.68539325,31.30126984896089,18.59656935996118,23.650606645556067,0.7384244142571589,32.77833815606994,20.86996256674668,35251.297,46.410652,91.98808,96.654076
LTU,Lithuania,2015,Pseudomonas aeruginosa,Carbapenems,26.82926829,31.30126984896089,18.59656935996118,23.650606645556067,0.7384244142571589,32.77833815606994,20.86996256674668,35251.297,46.410652,91.98808,96.654076
LTU,Lithuania,2015,Staphylococcus aureus,Meticillin (MRSA),9.04255319,31.30126984896089,18.59656935996118,23.650606645556067,0.7384244142571589,32.77833815606994,20.86996256674668,35251.297,46.410652,91.98808,96.654076
LTU,Lithuania,2016,Acinetobacter spp.,Carbapenems,81.6091954,30.301216952616468,18.431845659121432,25.33711840863625,0.3335382741195347,17.157021363781666,19.206929364994178,36618.15,45.825092,92.54919,97.12761
LTU,Lithuania,2016,Enterococcus faecium,Aminopenicillins,100.0,30.301216952616468,18.431845659121432,25.33711840863625,0.3335382741195347,17.157021363781666,19.206929364994178,36618.15,45.825092,92.54919,97.12761
LTU,Lithuania,2016,Escherichia coli,Carbapenems,0.0,30.301216952616468,18.431845659121432,25.33711840863625,0.3335382741195347,17.157021363781666,19.206929364994178,36618.15,45.825092,92.54919,97.12761
LTU,Lithuania,2016,Escherichia coli,Fluoroquinolones,19.74683544,30.301216952616468,18.431845659121432,25.33711840863625,0.3335382741195347,17.157021363781666,19.206929364994178,36618.15,45.825092,92.54919,97.12761
LTU,Lithuania,2016,Escherichia coli,Third-generation cephalosporins,14.71698113,30.301216952616468,18.431845659121432,25.33711840863625,0.3335382741195347,17.157021363781666,19.206929364994178,36618.15,45.825092,92.54919,97.12761
LTU,Lithuania,2016,Klebsiella pneumoniae,Carbapenems,0.0,30.301216952616468,18.431845659121432,25.33711840863625,0.3335382741195347,17.157021363781666,19.206929364994178,36618.15,45.825092,92.54919,97.12761
LTU,Lithuania,2016,Klebsiella pneumoniae,Fluoroquinolones,54.62962962,30.301216952616468,18.431845659121432,25.33711840863625,0.3335382741195347,17.157021363781666,19.206929364994178,36618.15,45.825092,92.54919,97.12761
LTU,Lithuania,2016,Klebsiella pneumoniae,Third-generation cephalosporins,56.74846625,30.301216952616468,18.431845659121432,25.33711840863625,0.3335382741195347,17.157021363781666,19.206929364994178,36618.15,45.825092,92.54919,97.12761
LTU,Lithuania,2016,Pseudomonas aeruginosa,Carbapenems,16.21621621,30.301216952616468,18.431845659121432,25.33711840863625,0.3335382741195347,17.157021363781666,19.206929364994178,36618.15,45.825092,92.54919,97.12761
LTU,Lithuania,2016,Staphylococcus aureus,Meticillin (MRSA),11.5308151,30.301216952616468,18.431845659121432,25.33711840863625,0.3335382741195347,17.157021363781666,19.206929364994178,36618.15,45.825092,92.54919,97.12761
LTU,Lithuania,2017,Acinetobacter spp.,Carbapenems,88.50574712,28.751177687501023,17.707240416041795,16.86870932658356,0.3657244495625145,6.931628177883321,15.46318770383391,38774.49,45.189537,93.11004,97.59958
LTU,Lithuania,2017,Enterococcus faecium,Aminopenicillins,100.0,28.751177687501023,17.707240416041795,16.86870932658356,0.3657244495625145,6.931628177883321,15.46318770383391,38774.49,45.189537,93.11004,97.59958
LTU,Lithuania,2017,Escherichia coli,Carbapenems,0.0,28.751177687501023,17.707240416041795,16.86870932658356,0.3657244495625145,6.931628177883321,15.46318770383391,38774.49,45.189537,93.11004,97.59958
LTU,Lithuania,2017,Escherichia coli,Fluoroquinolones,25.20612485,28.751177687501023,17.707240416041795,16.86870932658356,0.3657244495625145,6.931628177883321,15.46318770383391,38774.49,45.189537,93.11004,97.59958
LTU,Lithuania,2017,Escherichia coli,Third-generation cephalosporins,16.78403755,28.751177687501023,17.707240416041795,16.86870932658356,0.3657244495625145,6.931628177883321,15.46318770383391,38774.49,45.189537,93.11004,97.59958
LTU,Lithuania,2017,Klebsiella pneumoniae,Carbapenems,0.61538461,28.751177687501023,17.707240416041795,16.86870932658356,0.3657244495625145,6.931628177883321,15.46318770383391,38774.49,45.189537,93.11004,97.59958
LTU,Lithuania,2017,Klebsiella pneumoniae,Fluoroquinolones,64.72392638,28.751177687501023,17.707240416041795,16.86870932658356,0.3657244495625145,6.931628177883321,15.46318770383391,38774.49,45.189537,93.11004,97.59958
LTU,Lithuania,2017,Klebsiella pneumoniae,Third-generation cephalosporins,63.19018404,28.751177687501023,17.707240416041795,16.86870932658356,0.3657244495625145,6.931628177883321,15.46318770383391,38774.49,45.189537,93.11004,97.59958
LTU,Lithuania,2017,Pseudomonas aeruginosa,Carbapenems,24.71910112,28.751177687501023,17.707240416041795,16.86870932658356,0.3657244495625145,6.931628177883321,15.46318770383391,38774.49,45.189537,93.11004,97.59958
LTU,Lithuania,2017,Staphylococcus aureus,Meticillin (MRSA),8.75486381,28.751177687501023,17.707240416041795,16.86870932658356,0.3657244495625145,6.931628177883321,15.46318770383391,38774.49,45.189537,93.11004,97.59958
LTU,Lithuania,2018,Acinetobacter spp.,Carbapenems,89.77272727,31.96667813942576,20.939871156958844,51.628768743091854,3.6393508508371295,34.48400471010939,22.79175837604041,41019.79,44.760983,93.670105,98.069565
LTU,Lithuania,2018,Enterococcus faecium,Aminopenicillins,89.89898989,31.96667813942576,20.939871156958844,51.628768743091854,3.6393508508371295,34.48400471010939,22.79175837604041,41019.79,44.760983,93.670105,98.069565
LTU,Lithuania,2018,Escherichia coli,Carbapenems,0.0,31.96667813942576,20.939871156958844,51.628768743091854,3.6393508508371295,34.48400471010939,22.79175837604041,41019.79,44.760983,93.670105,98.069565
LTU,Lithuania,2018,Escherichia coli,Fluoroquinolones,19.6557971,31.96667813942576,20.939871156958844,51.628768743091854,3.6393508508371295,34.48400471010939,22.79175837604041,41019.79,44.760983,93.670105,98.069565
LTU,Lithuania,2018,Escherichia coli,Third-generation cephalosporins,15.32912533,31.96667813942576,20.939871156958844,51.628768743091854,3.6393508508371295,34.48400471010939,22.79175837604041,41019.79,44.760983,93.670105,98.069565
LTU,Lithuania,2018,Klebsiella pneumoniae,Carbapenems,0.26954177,31.96667813942576,20.939871156958844,51.628768743091854,3.6393508508371295,34.48400471010939,22.79175837604041,41019.79,44.760983,93.670105,98.069565
LTU,Lithuania,2018,Klebsiella pneumoniae,Fluoroquinolones,56.75675675,31.96667813942576,20.939871156958844,51.628768743091854,3.6393508508371295,34.48400471010939,22.79175837604041,41019.79,44.760983,93.670105,98.069565
LTU,Lithuania,2018,Klebsiella pneumoniae,Third-generation cephalosporins,55.79514824,31.96667813942576,20.939871156958844,51.628768743091854,3.6393508508371295,34.48400471010939,22.79175837604041,41019.79,44.760983,93.670105,98.069565
LTU,Lithuania,2018,Pseudomonas aeruginosa,Carbapenems,21.78217821,31.96667813942576,20.939871156958844,51.628768743091854,3.6393508508371295,34.48400471010939,22.79175837604041,41019.79,44.760983,93.670105,98.069565
LTU,Lithuania,2018,Staphylococcus aureus,Meticillin (MRSA),8.39363241,31.96667813942576,20.939871156958844,51.628768743091854,3.6393508508371295,34.48400471010939,22.79175837604041,41019.79,44.760983,93.670105,98.069565
LVA,Latvia,2004,Staphylococcus aureus,Meticillin (MRSA),25.28735632,28.228435039520264,18.21016359329224,11.653390884399414,0.0693895798176527,7.318294644355774,14.026002407073976,20574.12,36.384045,89.61308,98.059715
LVA,Latvia,2005,Staphylococcus aureus,Meticillin (MRSA),19.84126984,29.675612926483154,17.990790843963623,16.324912309646606,0.1256857849657535,23.08253002166748,16.125137329101566,23213.354,35.992077,89.698006,98.09734
LVA,Latvia,2006,Enterococcus faecium,Aminopenicillins,,31.009913444519043,19.05408811569214,26.33447933197021,0.4887317493557929,41.06498527526856,21.669499397277832,26431.814,35.65867,89.75674,98.13207
LVA,Latvia,2006,Escherichia coli,Carbapenems,0.0,31.009913444519043,19.05408811569214,26.33447933197021,0.4887317493557929,41.06498527526856,21.669499397277832,26431.814,35.65867,89.75674,98.13207
LVA,Latvia,2006,Escherichia coli,Fluoroquinolones,10.0,31.009913444519043,19.05408811569214,26.33447933197021,0.4887317493557929,41.06498527526856,21.669499397277832,26431.814,35.65867,89.75674,98.13207
LVA,Latvia,2006,Escherichia coli,Third-generation cephalosporins,6.4516129,31.009913444519043,19.05408811569214,26.33447933197021,0.4887317493557929,41.06498527526856,21.669499397277832,26431.814,35.65867,89.75674,98.13207
LVA,Latvia,2006,Klebsiella pneumoniae,Carbapenems,0.0,31.009913444519043,19.05408811569214,26.33447933197021,0.4887317493557929,41.06498527526856,21.669499397277832,26431.814,35.65867,89.75674,98.13207
LVA,Latvia,2006,Klebsiella pneumoniae,Fluoroquinolones,25.92592592,31.009913444519043,19.05408811569214,26.33447933197021,0.4887317493557929,41.06498527526856,21.669499397277832,26431.814,35.65867,89.75674,98.13207
LVA,Latvia,2006,Klebsiella pneumoniae,Third-generation cephalosporins,35.71428571,31.009913444519043,19.05408811569214,26.33447933197021,0.4887317493557929,41.06498527526856,21.669499397277832,26431.814,35.65867,89.75674,98.13207
LVA,Latvia,2006,Pseudomonas aeruginosa,Carbapenems,,31.009913444519043,19.05408811569214,26.33447933197021,0.4887317493557929,41.06498527526856,21.669499397277832,26431.814,35.65867,89.75674,98.13207
LVA,Latvia,2006,Staphylococcus aureus,Meticillin (MRSA),18.60465116,31.009913444519043,19.05408811569214,26.33447933197021,0.4887317493557929,41.06498527526856,21.669499397277832,26431.814,35.65867,89.75674,98.13207
LVA,Latvia,2007,Enterococcus faecium,Aminopenicillins,76.66666666,29.76879930496216,18.705664634704583,19.14755249023438,0.2259607315063476,31.71045923233032,20.29434967041016,29423.736,35.36516,89.80893,98.1662
LVA,Latvia,2007,Escherichia coli,Carbapenems,0.0,29.76879930496216,18.705664634704583,19.14755249023438,0.2259607315063476,31.71045923233032,20.29434967041016,29423.736,35.36516,89.80893,98.1662
LVA,Latvia,2007,Escherichia coli,Fluoroquinolones,17.10526315,29.76879930496216,18.705664634704583,19.14755249023438,0.2259607315063476,31.71045923233032,20.29434967041016,29423.736,35.36516,89.80893,98.1662
LVA,Latvia,2007,Escherichia coli,Third-generation cephalosporins,14.47368421,29.76879930496216,18.705664634704583,19.14755249023438,0.2259607315063476,31.71045923233032,20.29434967041016,29423.736,35.36516,89.80893,98.1662
LVA,Latvia,2007,Klebsiella pneumoniae,Carbapenems,0.0,29.76879930496216,18.705664634704583,19.14755249023438,0.2259607315063476,31.71045923233032,20.29434967041016,29423.736,35.36516,89.80893,98.1662
LVA,Latvia,2007,Klebsiella pneumoniae,Fluoroquinolones,26.92307692,29.76879930496216,18.705664634704583,19.14755249023438,0.2259607315063476,31.71045923233032,20.29434967041016,29423.736,35.36516,89.80893,98.1662
LVA,Latvia,2007,Klebsiella pneumoniae,Third-generation cephalosporins,44.44444444,29.76879930496216,18.705664634704583,19.14755249023438,0.2259607315063476,31.71045923233032,20.29434967041016,29423.736,35.36516,89.80893,98.1662
LVA,Latvia,2007,Pseudomonas aeruginosa,Carbapenems,,29.76879930496216,18.705664634704583,19.14755249023438,0.2259607315063476,31.71045923233032,20.29434967041016,29423.736,35.36516,89.80893,98.1662
LVA,Latvia,2007,Staphylococcus aureus,Meticillin (MRSA),7.69230769,29.76879930496216,18.705664634704583,19.14755249023438,0.2259607315063476,31.71045923233032,20.29434967041016,29423.736,35.36516,89.80893,98.1662
LVA,Latvia,2008,Enterococcus faecium,Aminopenicillins,90.0,28.5527663230896,17.41832160949707,13.173397541046144,0.0550903379917144,17.59983205795288,18.733135700225827,28726.973,34.994537,89.86116,98.20048
LVA,Latvia,2008,Escherichia coli,Carbapenems,0.0,28.5527663230896,17.41832160949707,13.173397541046144,0.0550903379917144,17.59983205795288,18.733135700225827,28726.973,34.994537,89.86116,98.20048
LVA,Latvia,2008,Escherichia coli,Fluoroquinolones,14.44444444,28.5527663230896,17.41832160949707,13.173397541046144,0.0550903379917144,17.59983205795288,18.733135700225827,28726.973,34.994537,89.86116,98.20048
LVA,Latvia,2008,Escherichia coli,Third-generation cephalosporins,11.11111111,28.5527663230896,17.41832160949707,13.173397541046144,0.0550903379917144,17.59983205795288,18.733135700225827,28726.973,34.994537,89.86116,98.20048
LVA,Latvia,2008,Klebsiella pneumoniae,Carbapenems,2.5,28.5527663230896,17.41832160949707,13.173397541046144,0.0550903379917144,17.59983205795288,18.733135700225827,28726.973,34.994537,89.86116,98.20048
LVA,Latvia,2008,Klebsiella pneumoniae,Fluoroquinolones,45.0,28.5527663230896,17.41832160949707,13.173397541046144,0.0550903379917144,17.59983205795288,18.733135700225827,28726.973,34.994537,89.86116,98.20048
LVA,Latvia,2008,Klebsiella pneumoniae,Third-generation cephalosporins,57.5,28.5527663230896,17.41832160949707,13.173397541046144,0.0550903379917144,17.59983205795288,18.733135700225827,28726.973,34.994537,89.86116,98.20048
LVA,Latvia,2008,Pseudomonas aeruginosa,Carbapenems,,28.5527663230896,17.41832160949707,13.173397541046144,0.0550903379917144,17.59983205795288,18.733135700225827,28726.973,34.994537,89.86116,98.20048
LVA,Latvia,2008,Staphylococcus aureus,Meticillin (MRSA),12.19512195,28.5527663230896,17.41832160949707,13.173397541046144,0.0550903379917144,17.59983205795288,18.733135700225827,28726.973,34.994537,89.86116,98.20048
LVA,Latvia,2009,Enterococcus faecium,Aminopenicillins,81.81818181,28.460463047027588,17.50729751586914,13.334657669067385,0.0349366231821477,12.252498865127563,14.9045352935791,24520.68,34.421406,89.921005,98.23569
LVA,Latvia,2009,Escherichia coli,Carbapenems,2.35294117,28.460463047027588,17.50729751586914,13.334657669067385,0.0349366231821477,12.252498865127563,14.9045352935791,24520.68,34.421406,89.921005,98.23569
LVA,Latvia,2009,Escherichia coli,Fluoroquinolones,23.52941176,28.460463047027588,17.50729751586914,13.334657669067385,0.0349366231821477,12.252498865127563,14.9045352935791,24520.68,34.421406,89.921005,98.23569
LVA,Latvia,2009,Escherichia coli,Third-generation cephalosporins,11.62790697,28.460463047027588,17.50729751586914,13.334657669067385,0.0349366231821477,12.252498865127563,14.9045352935791,24520.68,34.421406,89.921005,98.23569
LVA,Latvia,2009,Klebsiella pneumoniae,Carbapenems,0.0,28.460463047027588,17.50729751586914,13.334657669067385,0.0349366231821477,12.252498865127563,14.9045352935791,24520.68,34.421406,89.921005,98.23569
LVA,Latvia,2009,Klebsiella pneumoniae,Fluoroquinolones,34.09090909,28.460463047027588,17.50729751586914,13.334657669067385,0.0349366231821477,12.252498865127563,14.9045352935791,24520.68,34.421406,89.921005,98.23569
LVA,Latvia,2009,Klebsiella pneumoniae,Third-generation cephalosporins,54.54545454,28.460463047027588,17.50729751586914,13.334657669067385,0.0349366231821477,12.252498865127563,14.9045352935791,24520.68,34.421406,89.921005,98.23569
LVA,Latvia,2009,Pseudomonas aeruginosa,Carbapenems,,28.460463047027588,17.50729751586914,13.334657669067385,0.0349366231821477,12.252498865127563,14.9045352935791,24520.68,34.421406,89.921005,98.23569
LVA,Latvia,2009,Staphylococcus aureus,Meticillin (MRSA),8.60215053,28.460463047027588,17.50729751586914,13.334657669067385,0.0349366231821477,12.252498865127563,14.9045352935791,24520.68,34.421406,89.921005,98.23569
LVA,Latvia,2010,Enterococcus faecium,Aminopenicillins,100.0,32.10956382751465,20.635474681854244,29.095296382904053,3.940185308456421,14.53478145599365,14.956626892089846,24119.73,33.710976,89.98794,98.27171
LVA,Latvia,2010,Escherichia coli,Carbapenems,0.0,32.10956382751465,20.635474681854244,29.095296382904053,3.940185308456421,14.53478145599365,14.956626892089846,24119.73,33.710976,89.98794,98.27171
LVA,Latvia,2010,Escherichia coli,Fluoroquinolones,14.43298969,32.10956382751465,20.635474681854244,29.095296382904053,3.940185308456421,14.53478145599365,14.956626892089846,24119.73,33.710976,89.98794,98.27171
LVA,Latvia,2010,Escherichia coli,Third-generation cephalosporins,12.24489795,32.10956382751465,20.635474681854244,29.095296382904053,3.940185308456421,14.53478145599365,14.956626892089846,24119.73,33.710976,89.98794,98.27171
LVA,Latvia,2010,Klebsiella pneumoniae,Carbapenems,0.0,32.10956382751465,20.635474681854244,29.095296382904053,3.940185308456421,14.53478145599365,14.956626892089846,24119.73,33.710976,89.98794,98.27171
LVA,Latvia,2010,Klebsiella pneumoniae,Fluoroquinolones,52.38095238,32.10956382751465,20.635474681854244,29.095296382904053,3.940185308456421,14.53478145599365,14.956626892089846,24119.73,33.710976,89.98794,98.27171
LVA,Latvia,2010,Klebsiella pneumoniae,Third-generation cephalosporins,54.6875,32.10956382751465,20.635474681854244,29.095296382904053,3.940185308456421,14.53478145599365,14.956626892089846,24119.73,33.710976,89.98794,98.27171
LVA,Latvia,2010,Pseudomonas aeruginosa,Carbapenems,14.28571428,32.10956382751465,20.635474681854244,29.095296382904053,3.940185308456421,14.53478145599365,14.956626892089846,24119.73,33.710976,89.98794,98.27171
LVA,Latvia,2010,Staphylococcus aureus,Meticillin (MRSA),13.72549019,32.10956382751465,20.635474681854244,29.095296382904053,3.940185308456421,14.53478145599365,14.956626892089846,24119.73,33.710976,89.98794,98.27171
LVA,Latvia,2011,Enterococcus faecium,Aminopenicillins,95.83333333,29.473487377166748,19.14757537841797,21.646870613098148,0.8286036252975465,15.59468340873718,19.12302541732788,25308.732,33.10204,90.053955,98.3077
LVA,Latvia,2011,Escherichia coli,Carbapenems,0.0,29.473487377166748,19.14757537841797,21.646870613098148,0.8286036252975465,15.59468340873718,19.12302541732788,25308.732,33.10204,90.053955,98.3077
LVA,Latvia,2011,Escherichia coli,Fluoroquinolones,16.79389312,29.473487377166748,19.14757537841797,21.646870613098148,0.8286036252975465,15.59468340873718,19.12302541732788,25308.732,33.10204,90.053955,98.3077
LVA,Latvia,2011,Escherichia coli,Third-generation cephalosporins,15.9090909,29.473487377166748,19.14757537841797,21.646870613098148,0.8286036252975465,15.59468340873718,19.12302541732788,25308.732,33.10204,90.053955,98.3077
LVA,Latvia,2011,Klebsiella pneumoniae,Carbapenems,0.0,29.473487377166748,19.14757537841797,21.646870613098148,0.8286036252975465,15.59468340873718,19.12302541732788,25308.732,33.10204,90.053955,98.3077
LVA,Latvia,2011,Klebsiella pneumoniae,Fluoroquinolones,38.09523809,29.473487377166748,19.14757537841797,21.646870613098148,0.8286036252975465,15.59468340873718,19.12302541732788,25308.732,33.10204,90.053955,98.3077
LVA,Latvia,2011,Klebsiella pneumoniae,Third-generation cephalosporins,38.46153846,29.473487377166748,19.14757537841797,21.646870613098148,0.8286036252975465,15.59468340873718,19.12302541732788,25308.732,33.10204,90.053955,98.3077
LVA,Latvia,2011,Pseudomonas aeruginosa,Carbapenems,,29.473487377166748,19.14757537841797,21.646870613098148,0.8286036252975465,15.59468340873718,19.12302541732788,25308.732,33.10204,90.053955,98.3077
LVA,Latvia,2011,Staphylococcus aureus,Meticillin (MRSA),9.89583333,29.473487377166748,19.14757537841797,21.646870613098148,0.8286036252975465,15.59468340873718,19.12302541732788,25308.732,33.10204,90.053955,98.3077
LVA,Latvia,2012,Enterococcus faecium,Aminopenicillins,,28.93661880493164,18.65555238723755,12.153969287872314,0.4151339456439019,7.590063571929932,15.5477933883667,27496.545,32.69547,90.1189,98.343636
LVA,Latvia,2012,Escherichia coli,Carbapenems,0.0,28.93661880493164,18.65555238723755,12.153969287872314,0.4151339456439019,7.590063571929932,15.5477933883667,27496.545,32.69547,90.1189,98.343636
LVA,Latvia,2012,Escherichia coli,Fluoroquinolones,14.47368421,28.93661880493164,18.65555238723755,12.153969287872314,0.4151339456439019,7.590063571929932,15.5477933883667,27496.545,32.69547,90.1189,98.343636
LVA,Latvia,2012,Escherichia coli,Third-generation cephalosporins,12.98701298,28.93661880493164,18.65555238723755,12.153969287872314,0.4151339456439019,7.590063571929932,15.5477933883667,27496.545,32.69547,90.1189,98.343636
LVA,Latvia,2012,Klebsiella pneumoniae,Carbapenems,0.0,28.93661880493164,18.65555238723755,12.153969287872314,0.4151339456439019,7.590063571929932,15.5477933883667,27496.545,32.69547,90.1189,98.343636
LVA,Latvia,2012,Klebsiella pneumoniae,Fluoroquinolones,46.15384615,28.93661880493164,18.65555238723755,12.153969287872314,0.4151339456439019,7.590063571929932,15.5477933883667,27496.545,32.69547,90.1189,98.343636
LVA,Latvia,2012,Klebsiella pneumoniae,Third-generation cephalosporins,62.82051282,28.93661880493164,18.65555238723755,12.153969287872314,0.4151339456439019,7.590063571929932,15.5477933883667,27496.545,32.69547,90.1189,98.343636
LVA,Latvia,2012,Pseudomonas aeruginosa,Carbapenems,,28.93661880493164,18.65555238723755,12.153969287872314,0.4151339456439019,7.590063571929932,15.5477933883667,27496.545,32.69547,90.1189,98.343636
LVA,Latvia,2012,Staphylococcus aureus,Meticillin (MRSA),9.00473933,28.93661880493164,18.65555238723755,12.153969287872314,0.4151339456439019,7.590063571929932,15.5477933883667,27496.545,32.69547,90.1189,98.343636
LVA,Latvia,2013,Enterococcus faecium,Aminopenicillins,96.0,29.4031310081482,18.619744300842285,19.370582580566406,0.1980159170925617,14.035700321197508,17.895998001098633,28375.184,32.347805,90.18277,98.37952
LVA,Latvia,2013,Escherichia coli,Carbapenems,0.0,29.4031310081482,18.619744300842285,19.370582580566406,0.1980159170925617,14.035700321197508,17.895998001098633,28375.184,32.347805,90.18277,98.37952
LVA,Latvia,2013,Escherichia coli,Fluoroquinolones,18.65671641,29.4031310081482,18.619744300842285,19.370582580566406,0.1980159170925617,14.035700321197508,17.895998001098633,28375.184,32.347805,90.18277,98.37952
LVA,Latvia,2013,Escherichia coli,Third-generation cephalosporins,13.97058823,29.4031310081482,18.619744300842285,19.370582580566406,0.1980159170925617,14.035700321197508,17.895998001098633,28375.184,32.347805,90.18277,98.37952
LVA,Latvia,2013,Klebsiella pneumoniae,Carbapenems,0.0,29.4031310081482,18.619744300842285,19.370582580566406,0.1980159170925617,14.035700321197508,17.895998001098633,28375.184,32.347805,90.18277,98.37952
LVA,Latvia,2013,Klebsiella pneumoniae,Fluoroquinolones,43.18181818,29.4031310081482,18.619744300842285,19.370582580566406,0.1980159170925617,14.035700321197508,17.895998001098633,28375.184,32.347805,90.18277,98.37952
LVA,Latvia,2013,Klebsiella pneumoniae,Third-generation cephalosporins,66.30434782,29.4031310081482,18.619744300842285,19.370582580566406,0.1980159170925617,14.035700321197508,17.895998001098633,28375.184,32.347805,90.18277,98.37952
LVA,Latvia,2013,Pseudomonas aeruginosa,Carbapenems,28.0,29.4031310081482,18.619744300842285,19.370582580566406,0.1980159170925617,14.035700321197508,17.895998001098633,28375.184,32.347805,90.18277,98.37952
LVA,Latvia,2013,Staphylococcus aureus,Meticillin (MRSA),6.97674418,29.4031310081482,18.619744300842285,19.370582580566406,0.1980159170925617,14.035700321197508,17.895998001098633,28375.184,32.347805,90.18277,98.37952
LVA,Latvia,2014,Acinetobacter spp.,Carbapenems,78.84615384,31.373037815093998,19.712382316589355,30.047749042510983,2.2097145915031438,33.50958728790283,24.843349933624264,29243.742,32.044884,90.245415,98.41534
LVA,Latvia,2014,Enterococcus faecium,Aminopenicillins,97.14285714,31.373037815093998,19.712382316589355,30.047749042510983,2.2097145915031438,33.50958728790283,24.843349933624264,29243.742,32.044884,90.245415,98.41534
LVA,Latvia,2014,Escherichia coli,Carbapenems,0.0,31.373037815093998,19.712382316589355,30.047749042510983,2.2097145915031438,33.50958728790283,24.843349933624264,29243.742,32.044884,90.245415,98.41534
LVA,Latvia,2014,Escherichia coli,Fluoroquinolones,17.67955801,31.373037815093998,19.712382316589355,30.047749042510983,2.2097145915031438,33.50958728790283,24.843349933624264,29243.742,32.044884,90.245415,98.41534
LVA,Latvia,2014,Escherichia coli,Third-generation cephalosporins,10.9090909,31.373037815093998,19.712382316589355,30.047749042510983,2.2097145915031438,33.50958728790283,24.843349933624264,29243.742,32.044884,90.245415,98.41534
LVA,Latvia,2014,Klebsiella pneumoniae,Carbapenems,1.69491525,31.373037815093998,19.712382316589355,30.047749042510983,2.2097145915031438,33.50958728790283,24.843349933624264,29243.742,32.044884,90.245415,98.41534
LVA,Latvia,2014,Klebsiella pneumoniae,Fluoroquinolones,44.8275862,31.373037815093998,19.712382316589355,30.047749042510983,2.2097145915031438,33.50958728790283,24.843349933624264,29243.742,32.044884,90.245415,98.41534
LVA,Latvia,2014,Klebsiella pneumoniae,Third-generation cephalosporins,52.88461538,31.373037815093998,19.712382316589355,30.047749042510983,2.2097145915031438,33.50958728790283,24.843349933624264,29243.742,32.044884,90.245415,98.41534
LVA,Latvia,2014,Pseudomonas aeruginosa,Carbapenems,,31.373037815093998,19.712382316589355,30.047749042510983,2.2097145915031438,33.50958728790283,24.843349933624264,29243.742,32.044884,90.245415,98.41534
LVA,Latvia,2014,Staphylococcus aureus,Meticillin (MRSA),8.18181818,31.373037815093998,19.712382316589355,30.047749042510983,2.2097145915031438,33.50958728790283,24.843349933624264,29243.742,32.044884,90.245415,98.41534
LVA,Latvia,2015,Acinetobacter spp.,Carbapenems,68.85245901,29.272236824035645,17.832934856414795,13.665317535400392,0.1840080805122852,33.47479343414307,21.041558742523197,30599.613,31.783287,90.49308,98.45111
LVA,Latvia,2015,Enterococcus faecium,Aminopenicillins,,29.272236824035645,17.832934856414795,13.665317535400392,0.1840080805122852,33.47479343414307,21.041558742523197,30599.613,31.783287,90.49308,98.45111
LVA,Latvia,2015,Escherichia coli,Carbapenems,0.0,29.272236824035645,17.832934856414795,13.665317535400392,0.1840080805122852,33.47479343414307,21.041558742523197,30599.613,31.783287,90.49308,98.45111
LVA,Latvia,2015,Escherichia coli,Fluoroquinolones,27.83505154,29.272236824035645,17.832934856414795,13.665317535400392,0.1840080805122852,33.47479343414307,21.041558742523197,30599.613,31.783287,90.49308,98.45111
LVA,Latvia,2015,Escherichia coli,Third-generation cephalosporins,17.91044776,29.272236824035645,17.832934856414795,13.665317535400392,0.1840080805122852,33.47479343414307,21.041558742523197,30599.613,31.783287,90.49308,98.45111
LVA,Latvia,2015,Klebsiella pneumoniae,Carbapenems,0.0,29.272236824035645,17.832934856414795,13.665317535400392,0.1840080805122852,33.47479343414307,21.041558742523197,30599.613,31.783287,90.49308,98.45111
LVA,Latvia,2015,Klebsiella pneumoniae,Fluoroquinolones,41.96428571,29.272236824035645,17.832934856414795,13.665317535400392,0.1840080805122852,33.47479343414307,21.041558742523197,30599.613,31.783287,90.49308,98.45111
LVA,Latvia,2015,Klebsiella pneumoniae,Third-generation cephalosporins,46.95652173,29.272236824035645,17.832934856414795,13.665317535400392,0.1840080805122852,33.47479343414307,21.041558742523197,30599.613,31.783287,90.49308,98.45111
LVA,Latvia,2015,Pseudomonas aeruginosa,Carbapenems,,29.272236824035645,17.832934856414795,13.665317535400392,0.1840080805122852,33.47479343414307,21.041558742523197,30599.613,31.783287,90.49308,98.45111
LVA,Latvia,2015,Staphylococcus aureus,Meticillin (MRSA),5.57768924,29.272236824035645,17.832934856414795,13.665317535400392,0.1840080805122852,33.47479343414307,21.041558742523197,30599.613,31.783287,90.49308,98.45111
LVA,Latvia,2016,Acinetobacter spp.,Carbapenems,73.1707317,28.918174743652344,17.99705171585083,16.960422039031982,0.1692118048667907,17.61571741104126,19.39919805526733,31668.516,31.493862,90.742325,98.48698
LVA,Latvia,2016,Enterococcus faecium,Aminopenicillins,,28.918174743652344,17.99705171585083,16.960422039031982,0.1692118048667907,17.61571741104126,19.39919805526733,31668.516,31.493862,90.742325,98.48698
LVA,Latvia,2016,Escherichia coli,Carbapenems,0.0,28.918174743652344,17.99705171585083,16.960422039031982,0.1692118048667907,17.61571741104126,19.39919805526733,31668.516,31.493862,90.742325,98.48698
LVA,Latvia,2016,Escherichia coli,Fluoroquinolones,27.75510204,28.918174743652344,17.99705171585083,16.960422039031982,0.1692118048667907,17.61571741104126,19.39919805526733,31668.516,31.493862,90.742325,98.48698
LVA,Latvia,2016,Escherichia coli,Third-generation cephalosporins,24.11067193,28.918174743652344,17.99705171585083,16.960422039031982,0.1692118048667907,17.61571741104126,19.39919805526733,31668.516,31.493862,90.742325,98.48698
LVA,Latvia,2016,Klebsiella pneumoniae,Carbapenems,2.22222222,28.918174743652344,17.99705171585083,16.960422039031982,0.1692118048667907,17.61571741104126,19.39919805526733,31668.516,31.493862,90.742325,98.48698
LVA,Latvia,2016,Klebsiella pneumoniae,Fluoroquinolones,41.75824175,28.918174743652344,17.99705171585083,16.960422039031982,0.1692118048667907,17.61571741104126,19.39919805526733,31668.516,31.493862,90.742325,98.48698
LVA,Latvia,2016,Klebsiella pneumoniae,Third-generation cephalosporins,47.36842105,28.918174743652344,17.99705171585083,16.960422039031982,0.1692118048667907,17.61571741104126,19.39919805526733,31668.516,31.493862,90.742325,98.48698
LVA,Latvia,2016,Pseudomonas aeruginosa,Carbapenems,,28.918174743652344,17.99705171585083,16.960422039031982,0.1692118048667907,17.61571741104126,19.39919805526733,31668.516,31.493862,90.742325,98.48698
LVA,Latvia,2016,Staphylococcus aureus,Meticillin (MRSA),4.22535211,28.918174743652344,17.99705171585083,16.960422039031982,0.1692118048667907,17.61571741104126,19.39919805526733,31668.516,31.493862,90.742325,98.48698
LVA,Latvia,2017,Acinetobacter spp.,Carbapenems,79.4117647,26.99409246444702,16.989734649658203,8.283963918685913,0.0899799428880214,5.601415395736693,15.079885482788086,33036.39,31.216438,90.99298,98.52289
LVA,Latvia,2017,Enterococcus faecium,Aminopenicillins,91.89189189,26.99409246444702,16.989734649658203,8.283963918685913,0.0899799428880214,5.601415395736693,15.079885482788086,33036.39,31.216438,90.99298,98.52289
LVA,Latvia,2017,Escherichia coli,Carbapenems,0.0,26.99409246444702,16.989734649658203,8.283963918685913,0.0899799428880214,5.601415395736693,15.079885482788086,33036.39,31.216438,90.99298,98.52289
LVA,Latvia,2017,Escherichia coli,Fluoroquinolones,30.3482587,26.99409246444702,16.989734649658203,8.283963918685913,0.0899799428880214,5.601415395736693,15.079885482788086,33036.39,31.216438,90.99298,98.52289
LVA,Latvia,2017,Escherichia coli,Third-generation cephalosporins,21.95121951,26.99409246444702,16.989734649658203,8.283963918685913,0.0899799428880214,5.601415395736693,15.079885482788086,33036.39,31.216438,90.99298,98.52289
LVA,Latvia,2017,Klebsiella pneumoniae,Carbapenems,1.72413793,26.99409246444702,16.989734649658203,8.283963918685913,0.0899799428880214,5.601415395736693,15.079885482788086,33036.39,31.216438,90.99298,98.52289
LVA,Latvia,2017,Klebsiella pneumoniae,Fluoroquinolones,32.75862068,26.99409246444702,16.989734649658203,8.283963918685913,0.0899799428880214,5.601415395736693,15.079885482788086,33036.39,31.216438,90.99298,98.52289
LVA,Latvia,2017,Klebsiella pneumoniae,Third-generation cephalosporins,33.62068965,26.99409246444702,16.989734649658203,8.283963918685913,0.0899799428880214,5.601415395736693,15.079885482788086,33036.39,31.216438,90.99298,98.52289
LVA,Latvia,2017,Pseudomonas aeruginosa,Carbapenems,,26.99409246444702,16.989734649658203,8.283963918685913,0.0899799428880214,5.601415395736693,15.079885482788086,33036.39,31.216438,90.99298,98.52289
LVA,Latvia,2017,Staphylococcus aureus,Meticillin (MRSA),5.71428571,26.99409246444702,16.989734649658203,8.283963918685913,0.0899799428880214,5.601415395736693,15.079885482788086,33036.39,31.216438,90.99298,98.52289
LVA,Latvia,2018,Acinetobacter spp.,Carbapenems,78.43137254,31.636607170104984,21.082453727722168,41.93425941467285,4.2665345668792725,34.48046684265137,22.369826316833496,34729.707,30.97519,91.24492,98.55882
LVA,Latvia,2018,Enterococcus faecium,Aminopenicillins,94.11764705,31.636607170104984,21.082453727722168,41.93425941467285,4.2665345668792725,34.48046684265137,22.369826316833496,34729.707,30.97519,91.24492,98.55882
LVA,Latvia,2018,Escherichia coli,Carbapenems,0.0,31.636607170104984,21.082453727722168,41.93425941467285,4.2665345668792725,34.48046684265137,22.369826316833496,34729.707,30.97519,91.24492,98.55882
LVA,Latvia,2018,Escherichia coli,Fluoroquinolones,24.12790697,31.636607170104984,21.082453727722168,41.93425941467285,4.2665345668792725,34.48046684265137,22.369826316833496,34729.707,30.97519,91.24492,98.55882
LVA,Latvia,2018,Escherichia coli,Third-generation cephalosporins,20.40229885,31.636607170104984,21.082453727722168,41.93425941467285,4.2665345668792725,34.48046684265137,22.369826316833496,34729.707,30.97519,91.24492,98.55882
LVA,Latvia,2018,Klebsiella pneumoniae,Carbapenems,0.49019607,31.636607170104984,21.082453727722168,41.93425941467285,4.2665345668792725,34.48046684265137,22.369826316833496,34729.707,30.97519,91.24492,98.55882
LVA,Latvia,2018,Klebsiella pneumoniae,Fluoroquinolones,38.5,31.636607170104984,21.082453727722168,41.93425941467285,4.2665345668792725,34.48046684265137,22.369826316833496,34729.707,30.97519,91.24492,98.55882
LVA,Latvia,2018,Klebsiella pneumoniae,Third-generation cephalosporins,37.74509803,31.636607170104984,21.082453727722168,41.93425941467285,4.2665345668792725,34.48046684265137,22.369826316833496,34729.707,30.97519,91.24492,98.55882
LVA,Latvia,2018,Pseudomonas aeruginosa,Carbapenems,28.2051282,31.636607170104984,21.082453727722168,41.93425941467285,4.2665345668792725,34.48046684265137,22.369826316833496,34729.707,30.97519,91.24492,98.55882
LVA,Latvia,2018,Staphylococcus aureus,Meticillin (MRSA),5.71428571,31.636607170104984,21.082453727722168,41.93425941467285,4.2665345668792725,34.48046684265137,22.369826316833496,34729.707,30.97519,91.24492,98.55882
NLD,Netherlands,2000,Enterococcus faecium,Aminopenicillins,,32.43621697221538,18.237360213511,24.94040282825843,0.3600866085598589,13.140688170752693,19.475446443901014,56016.87,476.94556,98.05648,100.0
NLD,Netherlands,2000,Escherichia coli,Carbapenems,0.28901734,32.43621697221538,18.237360213511,24.94040282825843,0.3600866085598589,13.140688170752693,19.475446443901014,56016.87,476.94556,98.05648,100.0
NLD,Netherlands,2000,Escherichia coli,Fluoroquinolones,3.36065573,32.43621697221538,18.237360213511,24.94040282825843,0.3600866085598589,13.140688170752693,19.475446443901014,56016.87,476.94556,98.05648,100.0
NLD,Netherlands,2000,Escherichia coli,Third-generation cephalosporins,0.10235414,32.43621697221538,18.237360213511,24.94040282825843,0.3600866085598589,13.140688170752693,19.475446443901014,56016.87,476.94556,98.05648,100.0
NLD,Netherlands,2000,Staphylococcus aureus,Meticillin (MRSA),0.26954177,32.43621697221538,18.237360213511,24.94040282825843,0.3600866085598589,13.140688170752693,19.475446443901014,56016.87,476.94556,98.05648,100.0
NLD,Netherlands,2001,Enterococcus faecium,Aminopenicillins,59.25925925,32.25793936516895,18.923738469637154,28.843662799178485,0.643699717317803,4.701348111158913,16.505027854027077,56887.434,480.62683,98.03166,100.0
NLD,Netherlands,2001,Escherichia coli,Carbapenems,0.10718113,32.25793936516895,18.923738469637154,28.843662799178485,0.643699717317803,4.701348111158913,16.505027854027077,56887.434,480.62683,98.03166,100.0
NLD,Netherlands,2001,Escherichia coli,Fluoroquinolones,5.41989279,32.25793936516895,18.923738469637154,28.843662799178485,0.643699717317803,4.701348111158913,16.505027854027077,56887.434,480.62683,98.03166,100.0
NLD,Netherlands,2001,Escherichia coli,Third-generation cephalosporins,0.55325034,32.25793936516895,18.923738469637154,28.843662799178485,0.643699717317803,4.701348111158913,16.505027854027077,56887.434,480.62683,98.03166,100.0
NLD,Netherlands,2001,Staphylococcus aureus,Meticillin (MRSA),0.5658852,32.25793936516895,18.923738469637154,28.843662799178485,0.643699717317803,4.701348111158913,16.505027854027077,56887.434,480.62683,98.03166,100.0
NLD,Netherlands,2002,Enterococcus faecium,Aminopenicillins,21.39037433,32.84371319575974,19.075945781644307,27.38214779083818,0.6349010492848108,20.28395084130392,19.83850802438773,56664.414,483.75586,98.000824,100.0
NLD,Netherlands,2002,Escherichia coli,Carbapenems,0.0,32.84371319575974,19.075945781644307,27.38214779083818,0.6349010492848108,20.28395084130392,19.83850802438773,56664.414,483.75586,98.000824,100.0
NLD,Netherlands,2002,Escherichia coli,Fluoroquinolones,5.42844324,32.84371319575974,19.075945781644307,27.38214779083818,0.6349010492848108,20.28395084130392,19.83850802438773,56664.414,483.75586,98.000824,100.0
NLD,Netherlands,2002,Escherichia coli,Third-generation cephalosporins,1.00300902,32.84371319575974,19.075945781644307,27.38214779083818,0.6349010492848108,20.28395084130392,19.83850802438773,56664.414,483.75586,98.000824,100.0
NLD,Netherlands,2002,Staphylococcus aureus,Meticillin (MRSA),0.94466936,32.84371319575974,19.075945781644307,27.38214779083818,0.6349010492848108,20.28395084130392,19.83850802438773,56664.414,483.75586,98.000824,100.0
NLD,Netherlands,2003,Enterococcus faecium,Aminopenicillins,28.43137254,34.96495863587365,19.86362081004913,48.7377367482965,2.10267506965403,21.26088747084621,17.9903586133789,56452.867,486.09784,97.97132,100.0
NLD,Netherlands,2003,Escherichia coli,Carbapenems,0.0,34.96495863587365,19.86362081004913,48.7377367482965,2.10267506965403,21.26088747084621,17.9903586133789,56452.867,486.09784,97.97132,100.0
NLD,Netherlands,2003,Escherichia coli,Fluoroquinolones,7.21951219,34.96495863587365,19.86362081004913,48.7377367482965,2.10267506965403,21.26088747084621,17.9903586133789,56452.867,486.09784,97.97132,100.0
NLD,Netherlands,2003,Escherichia coli,Third-generation cephalosporins,1.45945945,34.96495863587365,19.86362081004913,48.7377367482965,2.10267506965403,21.26088747084621,17.9903586133789,56452.867,486.09784,97.97132,100.0
NLD,Netherlands,2003,Staphylococcus aureus,Meticillin (MRSA),1.027146,34.96495863587365,19.86362081004913,48.7377367482965,2.10267506965403,21.26088747084621,17.9903586133789,56452.867,486.09784,97.97132,100.0
NLD,Netherlands,2004,Enterococcus faecium,Aminopenicillins,40.64171122,30.85348762706443,18.813641522942827,26.787500096595146,0.6125163690364288,10.630142950069896,14.632528679312868,57391.363,487.8397,97.94314,100.0
NLD,Netherlands,2004,Escherichia coli,Carbapenems,0.25531914,30.85348762706443,18.813641522942827,26.787500096595146,0.6125163690364288,10.630142950069896,14.632528679312868,57391.363,487.8397,97.94314,100.0
NLD,Netherlands,2004,Escherichia coli,Fluoroquinolones,6.59871244,30.85348762706443,18.813641522942827,26.787500096595146,0.6125163690364288,10.630142950069896,14.632528679312868,57391.363,487.8397,97.94314,100.0
NLD,Netherlands,2004,Escherichia coli,Third-generation cephalosporins,1.42857142,30.85348762706443,18.813641522942827,26.787500096595146,0.6125163690364288,10.630142950069896,14.632528679312868,57391.363,487.8397,97.94314,100.0
NLD,Netherlands,2004,Staphylococcus aureus,Meticillin (MRSA),1.12275449,30.85348762706443,18.813641522942827,26.787500096595146,0.6125163690364288,10.630142950069896,14.632528679312868,57391.363,487.8397,97.94314,100.0
NLD,Netherlands,2005,Enterococcus faecium,Aminopenicillins,55.78947368,32.20728058206523,18.559983125811545,33.059923434702,0.5926791858136765,20.1434219032743,17.158614091955254,58422.01,489.03198,97.91633,100.0
NLD,Netherlands,2005,Escherichia coli,Carbapenems,0.07168458,32.20728058206523,18.559983125811545,33.059923434702,0.5926791858136765,20.1434219032743,17.158614091955254,58422.01,489.03198,97.91633,100.0
NLD,Netherlands,2005,Escherichia coli,Fluoroquinolones,9.93470149,32.20728058206523,18.559983125811545,33.059923434702,0.5926791858136765,20.1434219032743,17.158614091955254,58422.01,489.03198,97.91633,100.0
NLD,Netherlands,2005,Escherichia coli,Third-generation cephalosporins,2.48021108,32.20728058206523,18.559983125811545,33.059923434702,0.5926791858136765,20.1434219032743,17.158614091955254,58422.01,489.03198,97.91633,100.0
NLD,Netherlands,2005,Klebsiella pneumoniae,Carbapenems,0.0,32.20728058206523,18.559983125811545,33.059923434702,0.5926791858136765,20.1434219032743,17.158614091955254,58422.01,489.03198,97.91633,100.0
NLD,Netherlands,2005,Klebsiella pneumoniae,Fluoroquinolones,5.86206896,32.20728058206523,18.559983125811545,33.059923434702,0.5926791858136765,20.1434219032743,17.158614091955254,58422.01,489.03198,97.91633,100.0
NLD,Netherlands,2005,Klebsiella pneumoniae,Third-generation cephalosporins,3.90625,32.20728058206523,18.559983125811545,33.059923434702,0.5926791858136765,20.1434219032743,17.158614091955254,58422.01,489.03198,97.91633,100.0
NLD,Netherlands,2005,Pseudomonas aeruginosa,Carbapenems,4.81283422,32.20728058206523,18.559983125811545,33.059923434702,0.5926791858136765,20.1434219032743,17.158614091955254,58422.01,489.03198,97.91633,100.0
NLD,Netherlands,2005,Staphylococcus aureus,Meticillin (MRSA),0.92395167,32.20728058206523,18.559983125811545,33.059923434702,0.5926791858136765,20.1434219032743,17.158614091955254,58422.01,489.03198,97.91633,100.0
NLD,Netherlands,2006,Enterococcus faecium,Aminopenicillins,71.61290322,34.36669701760935,19.685328626282008,44.18935361260557,1.568487750721241,29.03072335681537,22.23521968134485,60391.543,489.86786,97.892166,100.0
NLD,Netherlands,2006,Escherichia coli,Carbapenems,0.04730368,34.36669701760935,19.685328626282008,44.18935361260557,1.568487750721241,29.03072335681537,22.23521968134485,60391.543,489.86786,97.892166,100.0
NLD,Netherlands,2006,Escherichia coli,Fluoroquinolones,11.20507399,34.36669701760935,19.685328626282008,44.18935361260557,1.568487750721241,29.03072335681537,22.23521968134485,60391.543,489.86786,97.892166,100.0
NLD,Netherlands,2006,Escherichia coli,Third-generation cephalosporins,3.28425821,34.36669701760935,19.685328626282008,44.18935361260557,1.568487750721241,29.03072335681537,22.23521968134485,60391.543,489.86786,97.892166,100.0
NLD,Netherlands,2006,Klebsiella pneumoniae,Carbapenems,0.30395136,34.36669701760935,19.685328626282008,44.18935361260557,1.568487750721241,29.03072335681537,22.23521968134485,60391.543,489.86786,97.892166,100.0
NLD,Netherlands,2006,Klebsiella pneumoniae,Fluoroquinolones,4.30839002,34.36669701760935,19.685328626282008,44.18935361260557,1.568487750721241,29.03072335681537,22.23521968134485,60391.543,489.86786,97.892166,100.0
NLD,Netherlands,2006,Klebsiella pneumoniae,Third-generation cephalosporins,3.52644836,34.36669701760935,19.685328626282008,44.18935361260557,1.568487750721241,29.03072335681537,22.23521968134485,60391.543,489.86786,97.892166,100.0
NLD,Netherlands,2006,Pseudomonas aeruginosa,Carbapenems,2.06185567,34.36669701760935,19.685328626282008,44.18935361260557,1.568487750721241,29.03072335681537,22.23521968134485,60391.543,489.86786,97.892166,100.0
NLD,Netherlands,2006,Staphylococcus aureus,Meticillin (MRSA),1.10091743,34.36669701760935,19.685328626282008,44.18935361260557,1.568487750721241,29.03072335681537,22.23521968134485,60391.543,489.86786,97.892166,100.0
NLD,Netherlands,2007,Enterococcus faecium,Aminopenicillins,82.9015544,32.01971950123918,18.266113873479345,25.986314622715778,0.3571684571283229,25.345593931328168,19.127934583409697,62601.62,490.98187,97.870476,100.0
NLD,Netherlands,2007,Escherichia coli,Carbapenems,0.05359056,32.01971950123918,18.266113873479345,25.986314622715778,0.3571684571283229,25.345593931328168,19.127934583409697,62601.62,490.98187,97.870476,100.0
NLD,Netherlands,2007,Escherichia coli,Fluoroquinolones,12.58715596,32.01971950123918,18.266113873479345,25.986314622715778,0.3571684571283229,25.345593931328168,19.127934583409697,62601.62,490.98187,97.870476,100.0
NLD,Netherlands,2007,Escherichia coli,Third-generation cephalosporins,4.28122545,32.01971950123918,18.266113873479345,25.986314622715778,0.3571684571283229,25.345593931328168,19.127934583409697,62601.62,490.98187,97.870476,100.0
NLD,Netherlands,2007,Klebsiella pneumoniae,Carbapenems,0.0,32.01971950123918,18.266113873479345,25.986314622715778,0.3571684571283229,25.345593931328168,19.127934583409697,62601.62,490.98187,97.870476,100.0
NLD,Netherlands,2007,Klebsiella pneumoniae,Fluoroquinolones,4.39330543,32.01971950123918,18.266113873479345,25.986314622715778,0.3571684571283229,25.345593931328168,19.127934583409697,62601.62,490.98187,97.870476,100.0
NLD,Netherlands,2007,Klebsiella pneumoniae,Third-generation cephalosporins,6.87203791,32.01971950123918,18.266113873479345,25.986314622715778,0.3571684571283229,25.345593931328168,19.127934583409697,62601.62,490.98187,97.870476,100.0
NLD,Netherlands,2007,Pseudomonas aeruginosa,Carbapenems,2.34899328,32.01971950123918,18.266113873479345,25.986314622715778,0.3571684571283229,25.345593931328168,19.127934583409697,62601.62,490.98187,97.870476,100.0
NLD,Netherlands,2007,Staphylococcus aureus,Meticillin (MRSA),1.4295439,32.01971950123918,18.266113873479345,25.986314622715778,0.3571684571283229,25.345593931328168,19.127934583409697,62601.62,490.98187,97.870476,100.0
NLD,Netherlands,2008,Enterococcus faecium,Aminopenicillins,84.09090909,31.501440751446022,18.067681819873453,28.03456504652518,0.367791261197721,11.131994532020112,15.672261858696816,63678.402,492.9391,97.84975,100.0
NLD,Netherlands,2008,Escherichia coli,Carbapenems,0.04508566,31.501440751446022,18.067681819873453,28.03456504652518,0.367791261197721,11.131994532020112,15.672261858696816,63678.402,492.9391,97.84975,100.0
NLD,Netherlands,2008,Escherichia coli,Fluoroquinolones,14.39427805,31.501440751446022,18.067681819873453,28.03456504652518,0.367791261197721,11.131994532020112,15.672261858696816,63678.402,492.9391,97.84975,100.0
NLD,Netherlands,2008,Escherichia coli,Third-generation cephalosporins,4.62147887,31.501440751446022,18.067681819873453,28.03456504652518,0.367791261197721,11.131994532020112,15.672261858696816,63678.402,492.9391,97.84975,100.0
NLD,Netherlands,2008,Klebsiella pneumoniae,Carbapenems,0.0,31.501440751446022,18.067681819873453,28.03456504652518,0.367791261197721,11.131994532020112,15.672261858696816,63678.402,492.9391,97.84975,100.0
NLD,Netherlands,2008,Klebsiella pneumoniae,Fluoroquinolones,6.53594771,31.501440751446022,18.067681819873453,28.03456504652518,0.367791261197721,11.131994532020112,15.672261858696816,63678.402,492.9391,97.84975,100.0
NLD,Netherlands,2008,Klebsiella pneumoniae,Third-generation cephalosporins,7.57575757,31.501440751446022,18.067681819873453,28.03456504652518,0.367791261197721,11.131994532020112,15.672261858696816,63678.402,492.9391,97.84975,100.0
NLD,Netherlands,2008,Pseudomonas aeruginosa,Carbapenems,6.37681159,31.501440751446022,18.067681819873453,28.03456504652518,0.367791261197721,11.131994532020112,15.672261858696816,63678.402,492.9391,97.84975,100.0
NLD,Netherlands,2008,Staphylococcus aureus,Meticillin (MRSA),1.67286245,31.501440751446022,18.067681819873453,28.03456504652518,0.367791261197721,11.131994532020112,15.672261858696816,63678.402,492.9391,97.84975,100.0
NLD,Netherlands,2009,Enterococcus faecium,Aminopenicillins,89.16256157,33.15181606728253,17.933430710344492,31.43856343447356,0.4556951074944425,11.935506126151564,14.87422071591966,61029.73,495.51968,97.828476,100.0
NLD,Netherlands,2009,Escherichia coli,Carbapenems,0.0,33.15181606728253,17.933430710344492,31.43856343447356,0.4556951074944425,11.935506126151564,14.87422071591966,61029.73,495.51968,97.828476,100.0
NLD,Netherlands,2009,Escherichia coli,Fluoroquinolones,11.02229701,33.15181606728253,17.933430710344492,31.43856343447356,0.4556951074944425,11.935506126151564,14.87422071591966,61029.73,495.51968,97.828476,100.0
NLD,Netherlands,2009,Escherichia coli,Third-generation cephalosporins,4.2652027,33.15181606728253,17.933430710344492,31.43856343447356,0.4556951074944425,11.935506126151564,14.87422071591966,61029.73,495.51968,97.828476,100.0
NLD,Netherlands,2009,Klebsiella pneumoniae,Carbapenems,0.0,33.15181606728253,17.933430710344492,31.43856343447356,0.4556951074944425,11.935506126151564,14.87422071591966,61029.73,495.51968,97.828476,100.0
NLD,Netherlands,2009,Klebsiella pneumoniae,Fluoroquinolones,4.07124681,33.15181606728253,17.933430710344492,31.43856343447356,0.4556951074944425,11.935506126151564,14.87422071591966,61029.73,495.51968,97.828476,100.0
NLD,Netherlands,2009,Klebsiella pneumoniae,Third-generation cephalosporins,5.5,33.15181606728253,17.933430710344492,31.43856343447356,0.4556951074944425,11.935506126151564,14.87422071591966,61029.73,495.51968,97.828476,100.0
NLD,Netherlands,2009,Pseudomonas aeruginosa,Carbapenems,2.99145299,33.15181606728253,17.933430710344492,31.43856343447356,0.4556951074944425,11.935506126151564,14.87422071591966,61029.73,495.51968,97.828476,100.0
NLD,Netherlands,2009,Staphylococcus aureus,Meticillin (MRSA),1.25603864,33.15181606728253,17.933430710344492,31.43856343447356,0.4556951074944425,11.935506126151564,14.87422071591966,61029.73,495.51968,97.828476,100.0
NLD,Netherlands,2010,Enterococcus faecium,Aminopenicillins,86.86868686,33.86683617532319,19.5453316133576,29.452624641305917,0.9694060699991144,4.06715936637896,11.350348648161082,61518.555,498.10608,97.80817,100.0
NLD,Netherlands,2010,Escherichia coli,Carbapenems,0.08216926,33.86683617532319,19.5453316133576,29.452624641305917,0.9694060699991144,4.06715936637896,11.350348648161082,61518.555,498.10608,97.80817,100.0
NLD,Netherlands,2010,Escherichia coli,Fluoroquinolones,13.88032078,33.86683617532319,19.5453316133576,29.452624641305917,0.9694060699991144,4.06715936637896,11.350348648161082,61518.555,498.10608,97.80817,100.0
NLD,Netherlands,2010,Escherichia coli,Third-generation cephalosporins,4.92711968,33.86683617532319,19.5453316133576,29.452624641305917,0.9694060699991144,4.06715936637896,11.350348648161082,61518.555,498.10608,97.80817,100.0
NLD,Netherlands,2010,Klebsiella pneumoniae,Carbapenems,0.22421524,33.86683617532319,19.5453316133576,29.452624641305917,0.9694060699991144,4.06715936637896,11.350348648161082,61518.555,498.10608,97.80817,100.0
NLD,Netherlands,2010,Klebsiella pneumoniae,Fluoroquinolones,6.52418447,33.86683617532319,19.5453316133576,29.452624641305917,0.9694060699991144,4.06715936637896,11.350348648161082,61518.555,498.10608,97.80817,100.0
NLD,Netherlands,2010,Klebsiella pneumoniae,Third-generation cephalosporins,7.17488789,33.86683617532319,19.5453316133576,29.452624641305917,0.9694060699991144,4.06715936637896,11.350348648161082,61518.555,498.10608,97.80817,100.0
NLD,Netherlands,2010,Pseudomonas aeruginosa,Carbapenems,3.85356454,33.86683617532319,19.5453316133576,29.452624641305917,0.9694060699991144,4.06715936637896,11.350348648161082,61518.555,498.10608,97.80817,100.0
NLD,Netherlands,2010,Staphylococcus aureus,Meticillin (MRSA),1.43949617,33.86683617532319,19.5453316133576,29.452624641305917,0.9694060699991144,4.06715936637896,11.350348648161082,61518.555,498.10608,97.80817,100.0
NLD,Netherlands,2011,Enterococcus faecium,Aminopenicillins,90.08,31.61016215785547,18.307299317697936,30.639086272091166,0.3668027980378076,19.564724611581365,16.578226949786284,62318.14,500.47702,97.79029,100.0
NLD,Netherlands,2011,Escherichia coli,Carbapenems,0.12903225,31.61016215785547,18.307299317697936,30.639086272091166,0.3668027980378076,19.564724611581365,16.578226949786284,62318.14,500.47702,97.79029,100.0
NLD,Netherlands,2011,Escherichia coli,Fluoroquinolones,14.44362564,31.61016215785547,18.307299317697936,30.639086272091166,0.3668027980378076,19.564724611581365,16.578226949786284,62318.14,500.47702,97.79029,100.0
NLD,Netherlands,2011,Escherichia coli,Third-generation cephalosporins,5.83793738,31.61016215785547,18.307299317697936,30.639086272091166,0.3668027980378076,19.564724611581365,16.578226949786284,62318.14,500.47702,97.79029,100.0
NLD,Netherlands,2011,Klebsiella pneumoniae,Carbapenems,0.23014959,31.61016215785547,18.307299317697936,30.639086272091166,0.3668027980378076,19.564724611581365,16.578226949786284,62318.14,500.47702,97.79029,100.0
NLD,Netherlands,2011,Klebsiella pneumoniae,Fluoroquinolones,7.37327188,31.61016215785547,18.307299317697936,30.639086272091166,0.3668027980378076,19.564724611581365,16.578226949786284,62318.14,500.47702,97.79029,100.0
NLD,Netherlands,2011,Klebsiella pneumoniae,Third-generation cephalosporins,6.80507497,31.61016215785547,18.307299317697936,30.639086272091166,0.3668027980378076,19.564724611581365,16.578226949786284,62318.14,500.47702,97.79029,100.0
NLD,Netherlands,2011,Pseudomonas aeruginosa,Carbapenems,4.10447761,31.61016215785547,18.307299317697936,30.639086272091166,0.3668027980378076,19.564724611581365,16.578226949786284,62318.14,500.47702,97.79029,100.0
NLD,Netherlands,2011,Staphylococcus aureus,Meticillin (MRSA),1.625239,31.61016215785547,18.307299317697936,30.639086272091166,0.3668027980378076,19.564724611581365,16.578226949786284,62318.14,500.47702,97.79029,100.0
NLD,Netherlands,2012,Acinetobacter spp.,Carbapenems,5.81395348,33.689851234293336,18.77271367890492,29.75794764404775,0.6564871230310954,12.674583595759392,15.738326516876304,61480.812,502.38168,97.77327,100.0
NLD,Netherlands,2012,Enterococcus faecium,Aminopenicillins,90.44222539,33.689851234293336,18.77271367890492,29.75794764404775,0.6564871230310954,12.674583595759392,15.738326516876304,61480.812,502.38168,97.77327,100.0
NLD,Netherlands,2012,Escherichia coli,Carbapenems,0.13538669,33.689851234293336,18.77271367890492,29.75794764404775,0.6564871230310954,12.674583595759392,15.738326516876304,61480.812,502.38168,97.77327,100.0
NLD,Netherlands,2012,Escherichia coli,Fluoroquinolones,15.63556457,33.689851234293336,18.77271367890492,29.75794764404775,0.6564871230310954,12.674583595759392,15.738326516876304,61480.812,502.38168,97.77327,100.0
NLD,Netherlands,2012,Escherichia coli,Third-generation cephalosporins,6.07753512,33.689851234293336,18.77271367890492,29.75794764404775,0.6564871230310954,12.674583595759392,15.738326516876304,61480.812,502.38168,97.77327,100.0
NLD,Netherlands,2012,Klebsiella pneumoniae,Carbapenems,0.10570824,33.689851234293336,18.77271367890492,29.75794764404775,0.6564871230310954,12.674583595759392,15.738326516876304,61480.812,502.38168,97.77327,100.0
NLD,Netherlands,2012,Klebsiella pneumoniae,Fluoroquinolones,6.65961945,33.689851234293336,18.77271367890492,29.75794764404775,0.6564871230310954,12.674583595759392,15.738326516876304,61480.812,502.38168,97.77327,100.0
NLD,Netherlands,2012,Klebsiella pneumoniae,Third-generation cephalosporins,7.50528541,33.689851234293336,18.77271367890492,29.75794764404775,0.6564871230310954,12.674583595759392,15.738326516876304,61480.812,502.38168,97.77327,100.0
NLD,Netherlands,2012,Pseudomonas aeruginosa,Carbapenems,2.54083484,33.689851234293336,18.77271367890492,29.75794764404775,0.6564871230310954,12.674583595759392,15.738326516876304,61480.812,502.38168,97.77327,100.0
NLD,Netherlands,2012,Staphylococcus aureus,Meticillin (MRSA),1.27360562,33.689851234293336,18.77271367890492,29.75794764404775,0.6564871230310954,12.674583595759392,15.738326516876304,61480.812,502.38168,97.77327,100.0
NLD,Netherlands,2013,Acinetobacter spp.,Carbapenems,1.05263157,33.823190383516994,19.077944239946817,30.85502548174572,0.7204490018750792,6.011048513302614,14.299760698691529,61281.29,503.92236,97.758896,100.0
NLD,Netherlands,2013,Enterococcus faecium,Aminopenicillins,90.09247027,33.823190383516994,19.077944239946817,30.85502548174572,0.7204490018750792,6.011048513302614,14.299760698691529,61281.29,503.92236,97.758896,100.0
NLD,Netherlands,2013,Escherichia coli,Carbapenems,0.0,33.823190383516994,19.077944239946817,30.85502548174572,0.7204490018750792,6.011048513302614,14.299760698691529,61281.29,503.92236,97.758896,100.0
NLD,Netherlands,2013,Escherichia coli,Fluoroquinolones,14.75926203,33.823190383516994,19.077944239946817,30.85502548174572,0.7204490018750792,6.011048513302614,14.299760698691529,61281.29,503.92236,97.758896,100.0
NLD,Netherlands,2013,Escherichia coli,Third-generation cephalosporins,6.07651912,33.823190383516994,19.077944239946817,30.85502548174572,0.7204490018750792,6.011048513302614,14.299760698691529,61281.29,503.92236,97.758896,100.0
NLD,Netherlands,2013,Klebsiella pneumoniae,Carbapenems,0.18957345,33.823190383516994,19.077944239946817,30.85502548174572,0.7204490018750792,6.011048513302614,14.299760698691529,61281.29,503.92236,97.758896,100.0
NLD,Netherlands,2013,Klebsiella pneumoniae,Fluoroquinolones,7.37937559,33.823190383516994,19.077944239946817,30.85502548174572,0.7204490018750792,6.011048513302614,14.299760698691529,61281.29,503.92236,97.758896,100.0
NLD,Netherlands,2013,Klebsiella pneumoniae,Third-generation cephalosporins,7.56859035,33.823190383516994,19.077944239946817,30.85502548174572,0.7204490018750792,6.011048513302614,14.299760698691529,61281.29,503.92236,97.758896,100.0
NLD,Netherlands,2013,Pseudomonas aeruginosa,Carbapenems,3.91156462,33.823190383516994,19.077944239946817,30.85502548174572,0.7204490018750792,6.011048513302614,14.299760698691529,61281.29,503.92236,97.758896,100.0
NLD,Netherlands,2013,Staphylococcus aureus,Meticillin (MRSA),1.50324564,33.823190383516994,19.077944239946817,30.85502548174572,0.7204490018750792,6.011048513302614,14.299760698691529,61281.29,503.92236,97.758896,100.0
NLD,Netherlands,2014,Acinetobacter spp.,Carbapenems,0.0,32.59944747670436,19.024412795402533,28.59816129424866,0.4693883977375903,18.740586453233192,22.125009730705404,62045.855,505.79404,97.74682,100.0
NLD,Netherlands,2014,Enterococcus faecium,Aminopenicillins,86.92810457,32.59944747670436,19.024412795402533,28.59816129424866,0.4693883977375903,18.740586453233192,22.125009730705404,62045.855,505.79404,97.74682,100.0
NLD,Netherlands,2014,Escherichia coli,Carbapenems,0.0,32.59944747670436,19.024412795402533,28.59816129424866,0.4693883977375903,18.740586453233192,22.125009730705404,62045.855,505.79404,97.74682,100.0
NLD,Netherlands,2014,Escherichia coli,Fluoroquinolones,13.96295256,32.59944747670436,19.024412795402533,28.59816129424866,0.4693883977375903,18.740586453233192,22.125009730705404,62045.855,505.79404,97.74682,100.0
NLD,Netherlands,2014,Escherichia coli,Third-generation cephalosporins,6.12015721,32.59944747670436,19.024412795402533,28.59816129424866,0.4693883977375903,18.740586453233192,22.125009730705404,62045.855,505.79404,97.74682,100.0
NLD,Netherlands,2014,Klebsiella pneumoniae,Carbapenems,0.26714158,32.59944747670436,19.024412795402533,28.59816129424866,0.4693883977375903,18.740586453233192,22.125009730705404,62045.855,505.79404,97.74682,100.0
NLD,Netherlands,2014,Klebsiella pneumoniae,Fluoroquinolones,4.98664292,32.59944747670436,19.024412795402533,28.59816129424866,0.4693883977375903,18.740586453233192,22.125009730705404,62045.855,505.79404,97.74682,100.0
NLD,Netherlands,2014,Klebsiella pneumoniae,Third-generation cephalosporins,5.87711487,32.59944747670436,19.024412795402533,28.59816129424866,0.4693883977375903,18.740586453233192,22.125009730705404,62045.855,505.79404,97.74682,100.0
NLD,Netherlands,2014,Pseudomonas aeruginosa,Carbapenems,4.41826215,32.59944747670436,19.024412795402533,28.59816129424866,0.4693883977375903,18.740586453233192,22.125009730705404,62045.855,505.79404,97.74682,100.0
NLD,Netherlands,2014,Staphylococcus aureus,Meticillin (MRSA),0.93328724,32.59944747670436,19.024412795402533,28.59816129424866,0.4693883977375903,18.740586453233192,22.125009730705404,62045.855,505.79404,97.74682,100.0
NLD,Netherlands,2015,Acinetobacter spp.,Carbapenems,4.25531914,35.00539043949407,19.596526544016744,33.54782069227955,1.4865065689562031,28.67420759418829,18.26442292558248,63081.395,508.09116,97.73522,100.0
NLD,Netherlands,2015,Enterococcus faecium,Aminopenicillins,88.34437086,35.00539043949407,19.596526544016744,33.54782069227955,1.4865065689562031,28.67420759418829,18.26442292558248,63081.395,508.09116,97.73522,100.0
NLD,Netherlands,2015,Escherichia coli,Carbapenems,0.01414427,35.00539043949407,19.596526544016744,33.54782069227955,1.4865065689562031,28.67420759418829,18.26442292558248,63081.395,508.09116,97.73522,100.0
NLD,Netherlands,2015,Escherichia coli,Fluoroquinolones,13.16087079,35.00539043949407,19.596526544016744,33.54782069227955,1.4865065689562031,28.67420759418829,18.26442292558248,63081.395,508.09116,97.73522,100.0
NLD,Netherlands,2015,Escherichia coli,Third-generation cephalosporins,6.07859768,35.00539043949407,19.596526544016744,33.54782069227955,1.4865065689562031,28.67420759418829,18.26442292558248,63081.395,508.09116,97.73522,100.0
NLD,Netherlands,2015,Klebsiella pneumoniae,Carbapenems,0.16708437,35.00539043949407,19.596526544016744,33.54782069227955,1.4865065689562031,28.67420759418829,18.26442292558248,63081.395,508.09116,97.73522,100.0
NLD,Netherlands,2015,Klebsiella pneumoniae,Fluoroquinolones,7.34557595,35.00539043949407,19.596526544016744,33.54782069227955,1.4865065689562031,28.67420759418829,18.26442292558248,63081.395,508.09116,97.73522,100.0
NLD,Netherlands,2015,Klebsiella pneumoniae,Third-generation cephalosporins,9.43238731,35.00539043949407,19.596526544016744,33.54782069227955,1.4865065689562031,28.67420759418829,18.26442292558248,63081.395,508.09116,97.73522,100.0
NLD,Netherlands,2015,Pseudomonas aeruginosa,Carbapenems,3.69774919,35.00539043949407,19.596526544016744,33.54782069227955,1.4865065689562031,28.67420759418829,18.26442292558248,63081.395,508.09116,97.73522,100.0
NLD,Netherlands,2015,Staphylococcus aureus,Meticillin (MRSA),1.55234657,35.00539043949407,19.596526544016744,33.54782069227955,1.4865065689562031,28.67420759418829,18.26442292558248,63081.395,508.09116,97.73522,100.0
NLD,Netherlands,2016,Acinetobacter spp.,Carbapenems,0.0,32.997957716105894,18.749628900137665,35.48121140545079,0.5146143567399107,15.09775627737022,17.407965265603867,64267.74,510.9799,97.72413,100.0
NLD,Netherlands,2016,Enterococcus faecium,Aminopenicillins,87.15277777,32.997957716105894,18.749628900137665,35.48121140545079,0.5146143567399107,15.09775627737022,17.407965265603867,64267.74,510.9799,97.72413,100.0
NLD,Netherlands,2016,Escherichia coli,Carbapenems,0.01380262,32.997957716105894,18.749628900137665,35.48121140545079,0.5146143567399107,15.09775627737022,17.407965265603867,64267.74,510.9799,97.72413,100.0
NLD,Netherlands,2016,Escherichia coli,Fluoroquinolones,12.8983308,32.997957716105894,18.749628900137665,35.48121140545079,0.5146143567399107,15.09775627737022,17.407965265603867,64267.74,510.9799,97.72413,100.0
NLD,Netherlands,2016,Escherichia coli,Third-generation cephalosporins,6.59310344,32.997957716105894,18.749628900137665,35.48121140545079,0.5146143567399107,15.09775627737022,17.407965265603867,64267.74,510.9799,97.72413,100.0
NLD,Netherlands,2016,Klebsiella pneumoniae,Carbapenems,0.07593014,32.997957716105894,18.749628900137665,35.48121140545079,0.5146143567399107,15.09775627737022,17.407965265603867,64267.74,510.9799,97.72413,100.0
NLD,Netherlands,2016,Klebsiella pneumoniae,Fluoroquinolones,7.12121212,32.997957716105894,18.749628900137665,35.48121140545079,0.5146143567399107,15.09775627737022,17.407965265603867,64267.74,510.9799,97.72413,100.0
NLD,Netherlands,2016,Klebsiella pneumoniae,Third-generation cephalosporins,10.53030303,32.997957716105894,18.749628900137665,35.48121140545079,0.5146143567399107,15.09775627737022,17.407965265603867,64267.74,510.9799,97.72413,100.0
NLD,Netherlands,2016,Pseudomonas aeruginosa,Carbapenems,4.39393939,32.997957716105894,18.749628900137665,35.48121140545079,0.5146143567399107,15.09775627737022,17.407965265603867,64267.74,510.9799,97.72413,100.0
NLD,Netherlands,2016,Staphylococcus aureus,Meticillin (MRSA),1.18382111,32.997957716105894,18.749628900137665,35.48121140545079,0.5146143567399107,15.09775627737022,17.407965265603867,64267.74,510.9799,97.72413,100.0
NLD,Netherlands,2017,Acinetobacter spp.,Carbapenems,0.76923076,31.95839970287049,17.961910554178434,31.20564433166569,0.4395665035623357,9.281279244923406,16.259195051274656,65666.0,514.2672,97.713524,100.0
NLD,Netherlands,2017,Enterococcus faecium,Aminopenicillins,86.28117913,31.95839970287049,17.961910554178434,31.20564433166569,0.4395665035623357,9.281279244923406,16.259195051274656,65666.0,514.2672,97.713524,100.0
NLD,Netherlands,2017,Escherichia coli,Carbapenems,0.01332267,31.95839970287049,17.961910554178434,31.20564433166569,0.4395665035623357,9.281279244923406,16.259195051274656,65666.0,514.2672,97.713524,100.0
NLD,Netherlands,2017,Escherichia coli,Fluoroquinolones,14.41885234,31.95839970287049,17.961910554178434,31.20564433166569,0.4395665035623357,9.281279244923406,16.259195051274656,65666.0,514.2672,97.713524,100.0
NLD,Netherlands,2017,Escherichia coli,Third-generation cephalosporins,6.36569449,31.95839970287049,17.961910554178434,31.20564433166569,0.4395665035623357,9.281279244923406,16.259195051274656,65666.0,514.2672,97.713524,100.0
NLD,Netherlands,2017,Klebsiella pneumoniae,Carbapenems,0.45112781,31.95839970287049,17.961910554178434,31.20564433166569,0.4395665035623357,9.281279244923406,16.259195051274656,65666.0,514.2672,97.713524,100.0
NLD,Netherlands,2017,Klebsiella pneumoniae,Fluoroquinolones,11.7293233,31.95839970287049,17.961910554178434,31.20564433166569,0.4395665035623357,9.281279244923406,16.259195051274656,65666.0,514.2672,97.713524,100.0
NLD,Netherlands,2017,Klebsiella pneumoniae,Third-generation cephalosporins,10.91045899,31.95839970287049,17.961910554178434,31.20564433166569,0.4395665035623357,9.281279244923406,16.259195051274656,65666.0,514.2672,97.713524,100.0
NLD,Netherlands,2017,Pseudomonas aeruginosa,Carbapenems,4.48369565,31.95839970287049,17.961910554178434,31.20564433166569,0.4395665035623357,9.281279244923406,16.259195051274656,65666.0,514.2672,97.713524,100.0
NLD,Netherlands,2017,Staphylococcus aureus,Meticillin (MRSA),1.57635467,31.95839970287049,17.961910554178434,31.20564433166569,0.4395665035623357,9.281279244923406,16.259195051274656,65666.0,514.2672,97.713524,100.0
NLD,Netherlands,2018,Acinetobacter spp.,Carbapenems,4.72972972,35.30636325411414,20.33221278748463,63.0474671154848,1.626708832064899,33.25384543564894,22.70050303461248,66758.266,517.41266,97.70364,100.0
NLD,Netherlands,2018,Enterococcus faecium,Aminopenicillins,88.93320039,35.30636325411414,20.33221278748463,63.0474671154848,1.626708832064899,33.25384543564894,22.70050303461248,66758.266,517.41266,97.70364,100.0
NLD,Netherlands,2018,Escherichia coli,Carbapenems,0.01208897,35.30636325411414,20.33221278748463,63.0474671154848,1.626708832064899,33.25384543564894,22.70050303461248,66758.266,517.41266,97.70364,100.0
NLD,Netherlands,2018,Escherichia coli,Fluoroquinolones,14.70872613,35.30636325411414,20.33221278748463,63.0474671154848,1.626708832064899,33.25384543564894,22.70050303461248,66758.266,517.41266,97.70364,100.0
NLD,Netherlands,2018,Escherichia coli,Third-generation cephalosporins,7.31559854,35.30636325411414,20.33221278748463,63.0474671154848,1.626708832064899,33.25384543564894,22.70050303461248,66758.266,517.41266,97.70364,100.0
NLD,Netherlands,2018,Klebsiella pneumoniae,Carbapenems,0.46052631,35.30636325411414,20.33221278748463,63.0474671154848,1.626708832064899,33.25384543564894,22.70050303461248,66758.266,517.41266,97.70364,100.0
NLD,Netherlands,2018,Klebsiella pneumoniae,Fluoroquinolones,11.63708086,35.30636325411414,20.33221278748463,63.0474671154848,1.626708832064899,33.25384543564894,22.70050303461248,66758.266,517.41266,97.70364,100.0
NLD,Netherlands,2018,Klebsiella pneumoniae,Third-generation cephalosporins,10.72368421,35.30636325411414,20.33221278748463,63.0474671154848,1.626708832064899,33.25384543564894,22.70050303461248,66758.266,517.41266,97.70364,100.0
NLD,Netherlands,2018,Pseudomonas aeruginosa,Carbapenems,5.0931677,35.30636325411414,20.33221278748463,63.0474671154848,1.626708832064899,33.25384543564894,22.70050303461248,66758.266,517.41266,97.70364,100.0
NLD,Netherlands,2018,Staphylococcus aureus,Meticillin (MRSA),1.20583286,35.30636325411414,20.33221278748463,63.0474671154848,1.626708832064899,33.25384543564894,22.70050303461248,66758.266,517.41266,97.70364,100.0
NOR,Norway,2000,Enterococcus faecium,Aminopenicillins,,23.427730029868076,14.275738518715588,2.1917012150343327,0.0101922016624235,14.825289376513483,20.124666020739276,77587.21,12.328394,98.071945,100.0
NOR,Norway,2000,Escherichia coli,Carbapenems,0.16181229,23.427730029868076,14.275738518715588,2.1917012150343327,0.0101922016624235,14.825289376513483,20.124666020739276,77587.21,12.328394,98.071945,100.0
NOR,Norway,2000,Escherichia coli,Fluoroquinolones,1.65605095,23.427730029868076,14.275738518715588,2.1917012150343327,0.0101922016624235,14.825289376513483,20.124666020739276,77587.21,12.328394,98.071945,100.0
NOR,Norway,2000,Escherichia coli,Third-generation cephalosporins,0.32679738,23.427730029868076,14.275738518715588,2.1917012150343327,0.0101922016624235,14.825289376513483,20.124666020739276,77587.21,12.328394,98.071945,100.0
NOR,Norway,2000,Staphylococcus aureus,Meticillin (MRSA),0.0,23.427730029868076,14.275738518715588,2.1917012150343327,0.0101922016624235,14.825289376513483,20.124666020739276,77587.21,12.328394,98.071945,100.0
NOR,Norway,2001,Enterococcus faecium,Aminopenicillins,20.0,24.573670820971003,15.140334089593354,4.061702855768433,0.0199571942418182,11.765512947427965,15.893434835639516,78791.305,12.390946,98.07086,100.0
NOR,Norway,2001,Escherichia coli,Carbapenems,0.0,24.573670820971003,15.140334089593354,4.061702855768433,0.0199571942418182,11.765512947427965,15.893434835639516,78791.305,12.390946,98.07086,100.0
NOR,Norway,2001,Escherichia coli,Fluoroquinolones,1.3064133,24.573670820971003,15.140334089593354,4.061702855768433,0.0199571942418182,11.765512947427965,15.893434835639516,78791.305,12.390946,98.07086,100.0
NOR,Norway,2001,Escherichia coli,Third-generation cephalosporins,0.31120331,24.573670820971003,15.140334089593354,4.061702855768433,0.0199571942418182,11.765512947427965,15.893434835639516,78791.305,12.390946,98.07086,100.0
NOR,Norway,2001,Staphylococcus aureus,Meticillin (MRSA),0.486618,24.573670820971003,15.140334089593354,4.061702855768433,0.0199571942418182,11.765512947427965,15.893434835639516,78791.305,12.390946,98.07086,100.0
NOR,Norway,2002,Enterococcus faecium,Aminopenicillins,24.32432432,24.873930071015277,15.659806504068424,10.071984086022304,0.0539850363664043,26.000296449489856,19.77775576243955,79447.09,12.457836,98.0698,100.0
NOR,Norway,2002,Escherichia coli,Carbapenems,0.13280212,24.873930071015277,15.659806504068424,10.071984086022304,0.0539850363664043,26.000296449489856,19.77775576243955,79447.09,12.457836,98.0698,100.0
NOR,Norway,2002,Escherichia coli,Fluoroquinolones,1.71026156,24.873930071015277,15.659806504068424,10.071984086022304,0.0539850363664043,26.000296449489856,19.77775576243955,79447.09,12.457836,98.0698,100.0
NOR,Norway,2002,Escherichia coli,Third-generation cephalosporins,0.17889087,24.873930071015277,15.659806504068424,10.071984086022304,0.0539850363664043,26.000296449489856,19.77775576243955,79447.09,12.457836,98.0698,100.0
NOR,Norway,2002,Staphylococcus aureus,Meticillin (MRSA),0.19920318,24.873930071015277,15.659806504068424,10.071984086022304,0.0539850363664043,26.000296449489856,19.77775576243955,79447.09,12.457836,98.0698,100.0
NOR,Norway,2003,Enterococcus faecium,Aminopenicillins,35.13513513,25.98324522709343,15.97854895448143,8.102457449526465,0.0795690786384537,16.328431246485284,17.057258541638753,79728.78,12.530996,98.06875,100.0
NOR,Norway,2003,Escherichia coli,Carbapenems,0.0,25.98324522709343,15.97854895448143,8.102457449526465,0.0795690786384537,16.328431246485284,17.057258541638753,79728.78,12.530996,98.06875,100.0
NOR,Norway,2003,Escherichia coli,Fluoroquinolones,1.87265917,25.98324522709343,15.97854895448143,8.102457449526465,0.0795690786384537,16.328431246485284,17.057258541638753,79728.78,12.530996,98.06875,100.0
NOR,Norway,2003,Escherichia coli,Third-generation cephalosporins,0.2548853,25.98324522709343,15.97854895448143,8.102457449526465,0.0795690786384537,16.328431246485284,17.057258541638753,79728.78,12.530996,98.06875,100.0
NOR,Norway,2003,Staphylococcus aureus,Meticillin (MRSA),0.39682539,25.98324522709343,15.97854895448143,8.102457449526465,0.0795690786384537,16.328431246485284,17.057258541638753,79728.78,12.530996,98.06875,100.0
NOR,Norway,2004,Enterococcus faecium,Aminopenicillins,74.28571428,25.40491127891897,15.644329978931816,4.695896758315153,0.0223828668326857,11.168959193675724,15.41785568769752,82440.95,12.605317,98.0678,100.0
NOR,Norway,2004,Escherichia coli,Carbapenems,0.0,25.40491127891897,15.644329978931816,4.695896758315153,0.0223828668326857,11.168959193675724,15.41785568769752,82440.95,12.605317,98.0678,100.0
NOR,Norway,2004,Escherichia coli,Fluoroquinolones,4.36760691,25.40491127891897,15.644329978931816,4.695896758315153,0.0223828668326857,11.168959193675724,15.41785568769752,82440.95,12.605317,98.0678,100.0
NOR,Norway,2004,Escherichia coli,Third-generation cephalosporins,0.66061106,25.40491127891897,15.644329978931816,4.695896758315153,0.0223828668326857,11.168959193675724,15.41785568769752,82440.95,12.605317,98.0678,100.0
NOR,Norway,2004,Staphylococcus aureus,Meticillin (MRSA),0.77669902,25.40491127891897,15.644329978931816,4.695896758315153,0.0223828668326857,11.168959193675724,15.41785568769752,82440.95,12.605317,98.0678,100.0
NOR,Norway,2005,Enterococcus faecium,Aminopenicillins,63.07692307,25.575240291972257,14.837370740466866,5.290049932191376,0.0228335346511347,20.646915793167263,17.572194171956195,84080.0,12.691465,98.06698,100.0
NOR,Norway,2005,Escherichia coli,Carbapenems,0.0,25.575240291972257,14.837370740466866,5.290049932191376,0.0228335346511347,20.646915793167263,17.572194171956195,84080.0,12.691465,98.06698,100.0
NOR,Norway,2005,Escherichia coli,Fluoroquinolones,4.68364831,25.575240291972257,14.837370740466866,5.290049932191376,0.0228335346511347,20.646915793167263,17.572194171956195,84080.0,12.691465,98.06698,100.0
NOR,Norway,2005,Escherichia coli,Third-generation cephalosporins,0.82831325,25.575240291972257,14.837370740466866,5.290049932191376,0.0228335346511347,20.646915793167263,17.572194171956195,84080.0,12.691465,98.06698,100.0
NOR,Norway,2005,Klebsiella pneumoniae,Carbapenems,0.62111801,25.575240291972257,14.837370740466866,5.290049932191376,0.0228335346511347,20.646915793167263,17.572194171956195,84080.0,12.691465,98.06698,100.0
NOR,Norway,2005,Klebsiella pneumoniae,Fluoroquinolones,1.16279069,25.575240291972257,14.837370740466866,5.290049932191376,0.0228335346511347,20.646915793167263,17.572194171956195,84080.0,12.691465,98.06698,100.0
NOR,Norway,2005,Klebsiella pneumoniae,Third-generation cephalosporins,2.07253886,25.575240291972257,14.837370740466866,5.290049932191376,0.0228335346511347,20.646915793167263,17.572194171956195,84080.0,12.691465,98.06698,100.0
NOR,Norway,2005,Pseudomonas aeruginosa,Carbapenems,3.44827586,25.575240291972257,14.837370740466866,5.290049932191376,0.0228335346511347,20.646915793167263,17.572194171956195,84080.0,12.691465,98.06698,100.0
NOR,Norway,2005,Staphylococcus aureus,Meticillin (MRSA),0.5444646,25.575240291972257,14.837370740466866,5.290049932191376,0.0228335346511347,20.646915793167263,17.572194171956195,84080.0,12.691465,98.06698,100.0
NOR,Norway,2006,Enterococcus faecium,Aminopenicillins,74.64788732,24.95235576203273,14.847736958776451,9.832145724558403,0.0312665429900942,37.6009293542448,22.747507118856188,85458.55,12.794045,98.066154,100.0
NOR,Norway,2006,Escherichia coli,Carbapenems,0.07230657,24.95235576203273,14.847736958776451,9.832145724558403,0.0312665429900942,37.6009293542448,22.747507118856188,85458.55,12.794045,98.066154,100.0
NOR,Norway,2006,Escherichia coli,Fluoroquinolones,4.86815415,24.95235576203273,14.847736958776451,9.832145724558403,0.0312665429900942,37.6009293542448,22.747507118856188,85458.55,12.794045,98.066154,100.0
NOR,Norway,2006,Escherichia coli,Third-generation cephalosporins,1.39860139,24.95235576203273,14.847736958776451,9.832145724558403,0.0312665429900942,37.6009293542448,22.747507118856188,85458.55,12.794045,98.066154,100.0
NOR,Norway,2006,Klebsiella pneumoniae,Carbapenems,0.45248868,24.95235576203273,14.847736958776451,9.832145724558403,0.0312665429900942,37.6009293542448,22.747507118856188,85458.55,12.794045,98.066154,100.0
NOR,Norway,2006,Klebsiella pneumoniae,Fluoroquinolones,6.8548387,24.95235576203273,14.847736958776451,9.832145724558403,0.0312665429900942,37.6009293542448,22.747507118856188,85458.55,12.794045,98.066154,100.0
NOR,Norway,2006,Klebsiella pneumoniae,Third-generation cephalosporins,1.52091254,24.95235576203273,14.847736958776451,9.832145724558403,0.0312665429900942,37.6009293542448,22.747507118856188,85458.55,12.794045,98.066154,100.0
NOR,Norway,2006,Pseudomonas aeruginosa,Carbapenems,9.4117647,24.95235576203273,14.847736958776451,9.832145724558403,0.0312665429900942,37.6009293542448,22.747507118856188,85458.55,12.794045,98.066154,100.0
NOR,Norway,2006,Staphylococcus aureus,Meticillin (MRSA),0.13623978,24.95235576203273,14.847736958776451,9.832145724558403,0.0312665429900942,37.6009293542448,22.747507118856188,85458.55,12.794045,98.066154,100.0
NOR,Norway,2007,Enterococcus faecium,Aminopenicillins,79.79797979,25.10548410009047,15.0416533547668,4.943773767070162,0.0330572267252094,19.968617814840304,18.135490539632038,87043.5,12.927271,98.0653,100.0
NOR,Norway,2007,Escherichia coli,Carbapenems,0.0,25.10548410009047,15.0416533547668,4.943773767070162,0.0330572267252094,19.968617814840304,18.135490539632038,87043.5,12.927271,98.0653,100.0
NOR,Norway,2007,Escherichia coli,Fluoroquinolones,7.08661417,25.10548410009047,15.0416533547668,4.943773767070162,0.0330572267252094,19.968617814840304,18.135490539632038,87043.5,12.927271,98.0653,100.0
NOR,Norway,2007,Escherichia coli,Third-generation cephalosporins,2.15995329,25.10548410009047,15.0416533547668,4.943773767070162,0.0330572267252094,19.968617814840304,18.135490539632038,87043.5,12.927271,98.0653,100.0
NOR,Norway,2007,Klebsiella pneumoniae,Carbapenems,0.0,25.10548410009047,15.0416533547668,4.943773767070162,0.0330572267252094,19.968617814840304,18.135490539632038,87043.5,12.927271,98.0653,100.0
NOR,Norway,2007,Klebsiella pneumoniae,Fluoroquinolones,4.54545454,25.10548410009047,15.0416533547668,4.943773767070162,0.0330572267252094,19.968617814840304,18.135490539632038,87043.5,12.927271,98.0653,100.0
NOR,Norway,2007,Klebsiella pneumoniae,Third-generation cephalosporins,1.5625,25.10548410009047,15.0416533547668,4.943773767070162,0.0330572267252094,19.968617814840304,18.135490539632038,87043.5,12.927271,98.0653,100.0
NOR,Norway,2007,Pseudomonas aeruginosa,Carbapenems,9.27835051,25.10548410009047,15.0416533547668,4.943773767070162,0.0330572267252094,19.968617814840304,18.135490539632038,87043.5,12.927271,98.0653,100.0
NOR,Norway,2007,Staphylococcus aureus,Meticillin (MRSA),0.12658227,25.10548410009047,15.0416533547668,4.943773767070162,0.0330572267252094,19.968617814840304,18.135490539632038,87043.5,12.927271,98.0653,100.0
NOR,Norway,2008,Enterococcus faecium,Aminopenicillins,75.89285714,24.722053349838102,13.83534215855229,7.00118712589159,0.0169150207478398,12.95565827078016,15.545055959477336,86379.664,13.089458,98.06442,100.0
NOR,Norway,2008,Escherichia coli,Carbapenems,0.06476683,24.722053349838102,13.83534215855229,7.00118712589159,0.0169150207478398,12.95565827078016,15.545055959477336,86379.664,13.089458,98.06442,100.0
NOR,Norway,2008,Escherichia coli,Fluoroquinolones,7.39081746,24.722053349838102,13.83534215855229,7.00118712589159,0.0169150207478398,12.95565827078016,15.545055959477336,86379.664,13.089458,98.06442,100.0
NOR,Norway,2008,Escherichia coli,Third-generation cephalosporins,2.55697609,24.722053349838102,13.83534215855229,7.00118712589159,0.0169150207478398,12.95565827078016,15.545055959477336,86379.664,13.089458,98.06442,100.0
NOR,Norway,2008,Klebsiella pneumoniae,Carbapenems,0.67340067,24.722053349838102,13.83534215855229,7.00118712589159,0.0169150207478398,12.95565827078016,15.545055959477336,86379.664,13.089458,98.06442,100.0
NOR,Norway,2008,Klebsiella pneumoniae,Fluoroquinolones,3.74639769,24.722053349838102,13.83534215855229,7.00118712589159,0.0169150207478398,12.95565827078016,15.545055959477336,86379.664,13.089458,98.06442,100.0
NOR,Norway,2008,Klebsiella pneumoniae,Third-generation cephalosporins,1.7191977,24.722053349838102,13.83534215855229,7.00118712589159,0.0169150207478398,12.95565827078016,15.545055959477336,86379.664,13.089458,98.06442,100.0
NOR,Norway,2008,Pseudomonas aeruginosa,Carbapenems,6.84931506,24.722053349838102,13.83534215855229,7.00118712589159,0.0169150207478398,12.95565827078016,15.545055959477336,86379.664,13.089458,98.06442,100.0
NOR,Norway,2008,Staphylococcus aureus,Meticillin (MRSA),0.59808612,24.722053349838102,13.83534215855229,7.00118712589159,0.0169150207478398,12.95565827078016,15.545055959477336,86379.664,13.089458,98.06442,100.0
NOR,Norway,2009,Enterococcus faecium,Aminopenicillins,75.96153846,25.2604217365363,14.69157170186587,5.854004040099959,0.0111118393661717,10.68380469735245,15.659622530745937,83642.07,13.255621,98.06355,100.0
NOR,Norway,2009,Escherichia coli,Carbapenems,0.0,25.2604217365363,14.69157170186587,5.854004040099959,0.0111118393661717,10.68380469735245,15.659622530745937,83642.07,13.255621,98.06355,100.0
NOR,Norway,2009,Escherichia coli,Fluoroquinolones,8.68852459,25.2604217365363,14.69157170186587,5.854004040099959,0.0111118393661717,10.68380469735245,15.659622530745937,83642.07,13.255621,98.06355,100.0
NOR,Norway,2009,Escherichia coli,Third-generation cephalosporins,2.27518959,25.2604217365363,14.69157170186587,5.854004040099959,0.0111118393661717,10.68380469735245,15.659622530745937,83642.07,13.255621,98.06355,100.0
NOR,Norway,2009,Klebsiella pneumoniae,Carbapenems,0.0,25.2604217365363,14.69157170186587,5.854004040099959,0.0111118393661717,10.68380469735245,15.659622530745937,83642.07,13.255621,98.06355,100.0
NOR,Norway,2009,Klebsiella pneumoniae,Fluoroquinolones,5.61224489,25.2604217365363,14.69157170186587,5.854004040099959,0.0111118393661717,10.68380469735245,15.659622530745937,83642.07,13.255621,98.06355,100.0
NOR,Norway,2009,Klebsiella pneumoniae,Third-generation cephalosporins,2.77777777,25.2604217365363,14.69157170186587,5.854004040099959,0.0111118393661717,10.68380469735245,15.659622530745937,83642.07,13.255621,98.06355,100.0
NOR,Norway,2009,Pseudomonas aeruginosa,Carbapenems,5.42168674,25.2604217365363,14.69157170186587,5.854004040099959,0.0111118393661717,10.68380469735245,15.659622530745937,83642.07,13.255621,98.06355,100.0
NOR,Norway,2009,Staphylococcus aureus,Meticillin (MRSA),0.33076074,25.2604217365363,14.69157170186587,5.854004040099959,0.0111118393661717,10.68380469735245,15.659622530745937,83642.07,13.255621,98.06355,100.0
NOR,Norway,2010,Enterococcus faecium,Aminopenicillins,84.55882352,23.27555303294725,14.80364595774637,3.4214875706523458,0.0356643752852729,5.668034501298296,11.982718694374071,83256.79,13.4218025,98.06269,100.0
NOR,Norway,2010,Escherichia coli,Carbapenems,0.0,23.27555303294725,14.80364595774637,3.4214875706523458,0.0356643752852729,5.668034501298296,11.982718694374071,83256.79,13.4218025,98.06269,100.0
NOR,Norway,2010,Escherichia coli,Fluoroquinolones,8.7340097,23.27555303294725,14.80364595774637,3.4214875706523458,0.0356643752852729,5.668034501298296,11.982718694374071,83256.79,13.4218025,98.06269,100.0
NOR,Norway,2010,Escherichia coli,Third-generation cephalosporins,3.69230769,23.27555303294725,14.80364595774637,3.4214875706523458,0.0356643752852729,5.668034501298296,11.982718694374071,83256.79,13.4218025,98.06269,100.0
NOR,Norway,2010,Klebsiella pneumoniae,Carbapenems,0.0,23.27555303294725,14.80364595774637,3.4214875706523458,0.0356643752852729,5.668034501298296,11.982718694374071,83256.79,13.4218025,98.06269,100.0
NOR,Norway,2010,Klebsiella pneumoniae,Fluoroquinolones,7.35294117,23.27555303294725,14.80364595774637,3.4214875706523458,0.0356643752852729,5.668034501298296,11.982718694374071,83256.79,13.4218025,98.06269,100.0
NOR,Norway,2010,Klebsiella pneumoniae,Third-generation cephalosporins,2.08768267,23.27555303294725,14.80364595774637,3.4214875706523458,0.0356643752852729,5.668034501298296,11.982718694374071,83256.79,13.4218025,98.06269,100.0
NOR,Norway,2010,Pseudomonas aeruginosa,Carbapenems,1.19047619,23.27555303294725,14.80364595774637,3.4214875706523458,0.0356643752852729,5.668034501298296,11.982718694374071,83256.79,13.4218025,98.06269,100.0
NOR,Norway,2010,Staphylococcus aureus,Meticillin (MRSA),0.66857688,23.27555303294725,14.80364595774637,3.4214875706523458,0.0356643752852729,5.668034501298296,11.982718694374071,83256.79,13.4218025,98.06269,100.0
NOR,Norway,2011,Enterococcus faecium,Aminopenicillins,75.0,25.16722137561992,15.15500197698297,4.998378315384019,0.0087527632765071,16.60373864923813,20.96858924788426,83092.44,13.596972,98.06163,100.0
NOR,Norway,2011,Escherichia coli,Carbapenems,0.03863987,25.16722137561992,15.15500197698297,4.998378315384019,0.0087527632765071,16.60373864923813,20.96858924788426,83092.44,13.596972,98.06163,100.0
NOR,Norway,2011,Escherichia coli,Fluoroquinolones,8.98203592,25.16722137561992,15.15500197698297,4.998378315384019,0.0087527632765071,16.60373864923813,20.96858924788426,83092.44,13.596972,98.06163,100.0
NOR,Norway,2011,Escherichia coli,Third-generation cephalosporins,3.64645263,25.16722137561992,15.15500197698297,4.998378315384019,0.0087527632765071,16.60373864923813,20.96858924788426,83092.44,13.596972,98.06163,100.0
NOR,Norway,2011,Klebsiella pneumoniae,Carbapenems,0.0,25.16722137561992,15.15500197698297,4.998378315384019,0.0087527632765071,16.60373864923813,20.96858924788426,83092.44,13.596972,98.06163,100.0
NOR,Norway,2011,Klebsiella pneumoniae,Fluoroquinolones,3.51288056,25.16722137561992,15.15500197698297,4.998378315384019,0.0087527632765071,16.60373864923813,20.96858924788426,83092.44,13.596972,98.06163,100.0
NOR,Norway,2011,Klebsiella pneumoniae,Third-generation cephalosporins,2.85035629,25.16722137561992,15.15500197698297,4.998378315384019,0.0087527632765071,16.60373864923813,20.96858924788426,83092.44,13.596972,98.06163,100.0
NOR,Norway,2011,Pseudomonas aeruginosa,Carbapenems,4.05405405,25.16722137561992,15.15500197698297,4.998378315384019,0.0087527632765071,16.60373864923813,20.96858924788426,83092.44,13.596972,98.06163,100.0
NOR,Norway,2011,Staphylococcus aureus,Meticillin (MRSA),0.32706459,25.16722137561992,15.15500197698297,4.998378315384019,0.0087527632765071,16.60373864923813,20.96858924788426,83092.44,13.596972,98.06163,100.0
NOR,Norway,2012,Acinetobacter spp.,Carbapenems,0.0,22.608712446464928,13.72071141885682,1.738300260278565,0.0001651458397643,9.746036532669343,13.138144068618846,84237.15,13.77674,98.06038,100.0
NOR,Norway,2012,Enterococcus faecium,Aminopenicillins,82.84023668,22.608712446464928,13.72071141885682,1.738300260278565,0.0001651458397643,9.746036532669343,13.138144068618846,84237.15,13.77674,98.06038,100.0
NOR,Norway,2012,Escherichia coli,Carbapenems,0.0,22.608712446464928,13.72071141885682,1.738300260278565,0.0001651458397643,9.746036532669343,13.138144068618846,84237.15,13.77674,98.06038,100.0
NOR,Norway,2012,Escherichia coli,Fluoroquinolones,11.2908899,22.608712446464928,13.72071141885682,1.738300260278565,0.0001651458397643,9.746036532669343,13.138144068618846,84237.15,13.77674,98.06038,100.0
NOR,Norway,2012,Escherichia coli,Third-generation cephalosporins,4.90228552,22.608712446464928,13.72071141885682,1.738300260278565,0.0001651458397643,9.746036532669343,13.138144068618846,84237.15,13.77674,98.06038,100.0
NOR,Norway,2012,Klebsiella pneumoniae,Carbapenems,0.48154093,22.608712446464928,13.72071141885682,1.738300260278565,0.0001651458397643,9.746036532669343,13.138144068618846,84237.15,13.77674,98.06038,100.0
NOR,Norway,2012,Klebsiella pneumoniae,Fluoroquinolones,4.02684563,22.608712446464928,13.72071141885682,1.738300260278565,0.0001651458397643,9.746036532669343,13.138144068618846,84237.15,13.77674,98.06038,100.0
NOR,Norway,2012,Klebsiella pneumoniae,Third-generation cephalosporins,3.22061191,22.608712446464928,13.72071141885682,1.738300260278565,0.0001651458397643,9.746036532669343,13.138144068618846,84237.15,13.77674,98.06038,100.0
NOR,Norway,2012,Pseudomonas aeruginosa,Carbapenems,6.73076923,22.608712446464928,13.72071141885682,1.738300260278565,0.0001651458397643,9.746036532669343,13.138144068618846,84237.15,13.77674,98.06038,100.0
NOR,Norway,2012,Staphylococcus aureus,Meticillin (MRSA),1.25874125,22.608712446464928,13.72071141885682,1.738300260278565,0.0001651458397643,9.746036532669343,13.138144068618846,84237.15,13.77674,98.06038,100.0
NOR,Norway,2013,Acinetobacter spp.,Carbapenems,0.0,25.014405901683485,14.933813122948472,5.574462563086946,0.0017550091812844,13.443806095613406,17.445115900290826,84070.46,13.946046,98.05914,100.0
NOR,Norway,2013,Enterococcus faecium,Aminopenicillins,87.32394366,25.014405901683485,14.933813122948472,5.574462563086946,0.0017550091812844,13.443806095613406,17.445115900290826,84070.46,13.946046,98.05914,100.0
NOR,Norway,2013,Escherichia coli,Carbapenems,0.06495615,25.014405901683485,14.933813122948472,5.574462563086946,0.0017550091812844,13.443806095613406,17.445115900290826,84070.46,13.946046,98.05914,100.0
NOR,Norway,2013,Escherichia coli,Fluoroquinolones,10.8907563,25.014405901683485,14.933813122948472,5.574462563086946,0.0017550091812844,13.443806095613406,17.445115900290826,84070.46,13.946046,98.05914,100.0
NOR,Norway,2013,Escherichia coli,Third-generation cephalosporins,5.52486187,25.014405901683485,14.933813122948472,5.574462563086946,0.0017550091812844,13.443806095613406,17.445115900290826,84070.46,13.946046,98.05914,100.0
NOR,Norway,2013,Klebsiella pneumoniae,Carbapenems,0.15503875,25.014405901683485,14.933813122948472,5.574462563086946,0.0017550091812844,13.443806095613406,17.445115900290826,84070.46,13.946046,98.05914,100.0
NOR,Norway,2013,Klebsiella pneumoniae,Fluoroquinolones,4.87012987,25.014405901683485,14.933813122948472,5.574462563086946,0.0017550091812844,13.443806095613406,17.445115900290826,84070.46,13.946046,98.05914,100.0
NOR,Norway,2013,Klebsiella pneumoniae,Third-generation cephalosporins,4.03100775,25.014405901683485,14.933813122948472,5.574462563086946,0.0017550091812844,13.443806095613406,17.445115900290826,84070.46,13.946046,98.05914,100.0
NOR,Norway,2013,Pseudomonas aeruginosa,Carbapenems,5.82524271,25.014405901683485,14.933813122948472,5.574462563086946,0.0017550091812844,13.443806095613406,17.445115900290826,84070.46,13.946046,98.05914,100.0
NOR,Norway,2013,Staphylococcus aureus,Meticillin (MRSA),0.67888662,25.014405901683485,14.933813122948472,5.574462563086946,0.0017550091812844,13.443806095613406,17.445115900290826,84070.46,13.946046,98.05914,100.0
NOR,Norway,2014,Acinetobacter spp.,Carbapenems,2.94117647,26.797627249377424,16.064486161493704,12.57488973420516,0.1670184861881123,25.428484675984368,24.34388854682026,84830.26,14.103267,98.05792,100.0
NOR,Norway,2014,Enterococcus faecium,Aminopenicillins,84.6491228,26.797627249377424,16.064486161493704,12.57488973420516,0.1670184861881123,25.428484675984368,24.34388854682026,84830.26,14.103267,98.05792,100.0
NOR,Norway,2014,Escherichia coli,Carbapenems,0.0,26.797627249377424,16.064486161493704,12.57488973420516,0.1670184861881123,25.428484675984368,24.34388854682026,84830.26,14.103267,98.05792,100.0
NOR,Norway,2014,Escherichia coli,Fluoroquinolones,11.0102489,26.797627249377424,16.064486161493704,12.57488973420516,0.1670184861881123,25.428484675984368,24.34388854682026,84830.26,14.103267,98.05792,100.0
NOR,Norway,2014,Escherichia coli,Third-generation cephalosporins,5.78778135,26.797627249377424,16.064486161493704,12.57488973420516,0.1670184861881123,25.428484675984368,24.34388854682026,84830.26,14.103267,98.05792,100.0
NOR,Norway,2014,Klebsiella pneumoniae,Carbapenems,0.0,26.797627249377424,16.064486161493704,12.57488973420516,0.1670184861881123,25.428484675984368,24.34388854682026,84830.26,14.103267,98.05792,100.0
NOR,Norway,2014,Klebsiella pneumoniae,Fluoroquinolones,6.16621983,26.797627249377424,16.064486161493704,12.57488973420516,0.1670184861881123,25.428484675984368,24.34388854682026,84830.26,14.103267,98.05792,100.0
NOR,Norway,2014,Klebsiella pneumoniae,Third-generation cephalosporins,5.89812332,26.797627249377424,16.064486161493704,12.57488973420516,0.1670184861881123,25.428484675984368,24.34388854682026,84830.26,14.103267,98.05792,100.0
NOR,Norway,2014,Pseudomonas aeruginosa,Carbapenems,5.859375,26.797627249377424,16.064486161493704,12.57488973420516,0.1670184861881123,25.428484675984368,24.34388854682026,84830.26,14.103267,98.05792,100.0
NOR,Norway,2014,Staphylococcus aureus,Meticillin (MRSA),1.03626943,26.797627249377424,16.064486161493704,12.57488973420516,0.1670184861881123,25.428484675984368,24.34388854682026,84830.26,14.103267,98.05792,100.0
NOR,Norway,2015,Acinetobacter spp.,Carbapenems,9.375,24.416781156837917,14.467400995226592,2.69566017392204,0.0063910907738313,21.66243507820979,20.119363842023414,85550.3,14.247061,98.056725,100.0
NOR,Norway,2015,Enterococcus faecium,Aminopenicillins,86.48648648,24.416781156837917,14.467400995226592,2.69566017392204,0.0063910907738313,21.66243507820979,20.119363842023414,85550.3,14.247061,98.056725,100.0
NOR,Norway,2015,Escherichia coli,Carbapenems,0.0303306,24.416781156837917,14.467400995226592,2.69566017392204,0.0063910907738313,21.66243507820979,20.119363842023414,85550.3,14.247061,98.056725,100.0
NOR,Norway,2015,Escherichia coli,Fluoroquinolones,10.21831412,24.416781156837917,14.467400995226592,2.69566017392204,0.0063910907738313,21.66243507820979,20.119363842023414,85550.3,14.247061,98.056725,100.0
NOR,Norway,2015,Escherichia coli,Third-generation cephalosporins,6.02847621,24.416781156837917,14.467400995226592,2.69566017392204,0.0063910907738313,21.66243507820979,20.119363842023414,85550.3,14.247061,98.056725,100.0
NOR,Norway,2015,Klebsiella pneumoniae,Carbapenems,0.14285714,24.416781156837917,14.467400995226592,2.69566017392204,0.0063910907738313,21.66243507820979,20.119363842023414,85550.3,14.247061,98.056725,100.0
NOR,Norway,2015,Klebsiella pneumoniae,Fluoroquinolones,5.0,24.416781156837917,14.467400995226592,2.69566017392204,0.0063910907738313,21.66243507820979,20.119363842023414,85550.3,14.247061,98.056725,100.0
NOR,Norway,2015,Klebsiella pneumoniae,Third-generation cephalosporins,4.99286733,24.416781156837917,14.467400995226592,2.69566017392204,0.0063910907738313,21.66243507820979,20.119363842023414,85550.3,14.247061,98.056725,100.0
NOR,Norway,2015,Pseudomonas aeruginosa,Carbapenems,5.70175438,24.416781156837917,14.467400995226592,2.69566017392204,0.0063910907738313,21.66243507820979,20.119363842023414,85550.3,14.247061,98.056725,100.0
NOR,Norway,2015,Staphylococcus aureus,Meticillin (MRSA),1.10116999,24.416781156837917,14.467400995226592,2.69566017392204,0.0063910907738313,21.66243507820979,20.119363842023414,85550.3,14.247061,98.056725,100.0
NOR,Norway,2016,Acinetobacter spp.,Carbapenems,0.0,24.799044221683268,14.669784486886025,4.376210117322585,0.0012721596601882,23.66046967858466,20.67910197236764,85787.62,14.373882,98.05554,100.0
NOR,Norway,2016,Enterococcus faecium,Aminopenicillins,82.71028037,24.799044221683268,14.669784486886025,4.376210117322585,0.0012721596601882,23.66046967858466,20.67910197236764,85787.62,14.373882,98.05554,100.0
NOR,Norway,2016,Escherichia coli,Carbapenems,0.05530973,24.799044221683268,14.669784486886025,4.376210117322585,0.0012721596601882,23.66046967858466,20.67910197236764,85787.62,14.373882,98.05554,100.0
NOR,Norway,2016,Escherichia coli,Fluoroquinolones,10.93879811,24.799044221683268,14.669784486886025,4.376210117322585,0.0012721596601882,23.66046967858466,20.67910197236764,85787.62,14.373882,98.05554,100.0
NOR,Norway,2016,Escherichia coli,Third-generation cephalosporins,5.55709151,24.799044221683268,14.669784486886025,4.376210117322585,0.0012721596601882,23.66046967858466,20.67910197236764,85787.62,14.373882,98.05554,100.0
NOR,Norway,2016,Klebsiella pneumoniae,Carbapenems,0.0,24.799044221683268,14.669784486886025,4.376210117322585,0.0012721596601882,23.66046967858466,20.67910197236764,85787.62,14.373882,98.05554,100.0
NOR,Norway,2016,Klebsiella pneumoniae,Fluoroquinolones,4.33168316,24.799044221683268,14.669784486886025,4.376210117322585,0.0012721596601882,23.66046967858466,20.67910197236764,85787.62,14.373882,98.05554,100.0
NOR,Norway,2016,Klebsiella pneumoniae,Third-generation cephalosporins,5.79531442,24.799044221683268,14.669784486886025,4.376210117322585,0.0012721596601882,23.66046967858466,20.67910197236764,85787.62,14.373882,98.05554,100.0
NOR,Norway,2016,Pseudomonas aeruginosa,Carbapenems,6.66666666,24.799044221683268,14.669784486886025,4.376210117322585,0.0012721596601882,23.66046967858466,20.67910197236764,85787.62,14.373882,98.05554,100.0
NOR,Norway,2016,Staphylococcus aureus,Meticillin (MRSA),1.17403314,24.799044221683268,14.669784486886025,4.376210117322585,0.0012721596601882,23.66046967858466,20.67910197236764,85787.62,14.373882,98.05554,100.0
NOR,Norway,2017,Acinetobacter spp.,Carbapenems,0.0,22.89242478677844,13.43232099857717,1.4896071897249314,0.0,8.899742249334917,14.45003956118073,87194.11,14.485977,98.05439,100.0
NOR,Norway,2017,Enterococcus faecium,Aminopenicillins,75.11961722,22.89242478677844,13.43232099857717,1.4896071897249314,0.0,8.899742249334917,14.45003956118073,87194.11,14.485977,98.05439,100.0
NOR,Norway,2017,Escherichia coli,Carbapenems,0.08036431,22.89242478677844,13.43232099857717,1.4896071897249314,0.0,8.899742249334917,14.45003956118073,87194.11,14.485977,98.05439,100.0
NOR,Norway,2017,Escherichia coli,Fluoroquinolones,13.5620477,22.89242478677844,13.43232099857717,1.4896071897249314,0.0,8.899742249334917,14.45003956118073,87194.11,14.485977,98.05439,100.0
NOR,Norway,2017,Escherichia coli,Third-generation cephalosporins,5.8650241,22.89242478677844,13.43232099857717,1.4896071897249314,0.0,8.899742249334917,14.45003956118073,87194.11,14.485977,98.05439,100.0
NOR,Norway,2017,Klebsiella pneumoniae,Carbapenems,0.0,22.89242478677844,13.43232099857717,1.4896071897249314,0.0,8.899742249334917,14.45003956118073,87194.11,14.485977,98.05439,100.0
NOR,Norway,2017,Klebsiella pneumoniae,Fluoroquinolones,10.24327784,22.89242478677844,13.43232099857717,1.4896071897249314,0.0,8.899742249334917,14.45003956118073,87194.11,14.485977,98.05439,100.0
NOR,Norway,2017,Klebsiella pneumoniae,Third-generation cephalosporins,5.76184379,22.89242478677844,13.43232099857717,1.4896071897249314,0.0,8.899742249334917,14.45003956118073,87194.11,14.485977,98.05439,100.0
NOR,Norway,2017,Pseudomonas aeruginosa,Carbapenems,3.41463414,22.89242478677844,13.43232099857717,1.4896071897249314,0.0,8.899742249334917,14.45003956118073,87194.11,14.485977,98.05439,100.0
NOR,Norway,2017,Staphylococcus aureus,Meticillin (MRSA),0.95759233,22.89242478677844,13.43232099857717,1.4896071897249314,0.0,8.899742249334917,14.45003956118073,87194.11,14.485977,98.05439,100.0
NOR,Norway,2018,Acinetobacter spp.,Carbapenems,0.0,28.074376377209727,17.619568502255657,18.547536349913432,0.4870333727422994,26.81860367938762,20.538374979577817,87338.47,14.581906,98.05326,100.0
NOR,Norway,2018,Enterococcus faecium,Aminopenicillins,75.28735632,28.074376377209727,17.619568502255657,18.547536349913432,0.4870333727422994,26.81860367938762,20.538374979577817,87338.47,14.581906,98.05326,100.0
NOR,Norway,2018,Escherichia coli,Carbapenems,0.02577984,28.074376377209727,17.619568502255657,18.547536349913432,0.4870333727422994,26.81860367938762,20.538374979577817,87338.47,14.581906,98.05326,100.0
NOR,Norway,2018,Escherichia coli,Fluoroquinolones,12.87077637,28.074376377209727,17.619568502255657,18.547536349913432,0.4870333727422994,26.81860367938762,20.538374979577817,87338.47,14.581906,98.05326,100.0
NOR,Norway,2018,Escherichia coli,Third-generation cephalosporins,6.75431812,28.074376377209727,17.619568502255657,18.547536349913432,0.4870333727422994,26.81860367938762,20.538374979577817,87338.47,14.581906,98.05326,100.0
NOR,Norway,2018,Klebsiella pneumoniae,Carbapenems,0.13586956,28.074376377209727,17.619568502255657,18.547536349913432,0.4870333727422994,26.81860367938762,20.538374979577817,87338.47,14.581906,98.05326,100.0
NOR,Norway,2018,Klebsiella pneumoniae,Fluoroquinolones,13.06122448,28.074376377209727,17.619568502255657,18.547536349913432,0.4870333727422994,26.81860367938762,20.538374979577817,87338.47,14.581906,98.05326,100.0
NOR,Norway,2018,Klebsiella pneumoniae,Third-generation cephalosporins,7.46268656,28.074376377209727,17.619568502255657,18.547536349913432,0.4870333727422994,26.81860367938762,20.538374979577817,87338.47,14.581906,98.05326,100.0
NOR,Norway,2018,Pseudomonas aeruginosa,Carbapenems,4.8,28.074376377209727,17.619568502255657,18.547536349913432,0.4870333727422994,26.81860367938762,20.538374979577817,87338.47,14.581906,98.05326,100.0
NOR,Norway,2018,Staphylococcus aureus,Meticillin (MRSA),0.90497737,28.074376377209727,17.619568502255657,18.547536349913432,0.4870333727422994,26.81860367938762,20.538374979577817,87338.47,14.581906,98.05326,100.0
POL,Poland,2001,Enterococcus faecium,Aminopenicillins,,32.28096087175014,19.227279597278148,33.353564491315645,0.9470871260639144,6.480180634569957,16.186343679029854,18800.602,124.95054,88.25683,
POL,Poland,2001,Escherichia coli,Carbapenems,,32.28096087175014,19.227279597278148,33.353564491315645,0.9470871260639144,6.480180634569957,16.186343679029854,18800.602,124.95054,88.25683,
POL,Poland,2001,Escherichia coli,Fluoroquinolones,8.60215053,32.28096087175014,19.227279597278148,33.353564491315645,0.9470871260639144,6.480180634569957,16.186343679029854,18800.602,124.95054,88.25683,
POL,Poland,2001,Escherichia coli,Third-generation cephalosporins,7.07070707,32.28096087175014,19.227279597278148,33.353564491315645,0.9470871260639144,6.480180634569957,16.186343679029854,18800.602,124.95054,88.25683,
POL,Poland,2001,Staphylococcus aureus,Meticillin (MRSA),15.23178807,32.28096087175014,19.227279597278148,33.353564491315645,0.9470871260639144,6.480180634569957,16.186343679029854,18800.602,124.95054,88.25683,
POL,Poland,2002,Enterococcus faecium,Aminopenicillins,,32.41578910409402,19.443739647696848,45.103731856374296,1.3581898681544868,28.15165642022057,20.26453974213616,19166.914,124.89189,88.935356,
POL,Poland,2002,Escherichia coli,Carbapenems,,32.41578910409402,19.443739647696848,45.103731856374296,1.3581898681544868,28.15165642022057,20.26453974213616,19166.914,124.89189,88.935356,
POL,Poland,2002,Escherichia coli,Fluoroquinolones,10.52631578,32.41578910409402,19.443739647696848,45.103731856374296,1.3581898681544868,28.15165642022057,20.26453974213616,19166.914,124.89189,88.935356,
POL,Poland,2002,Escherichia coli,Third-generation cephalosporins,6.15384615,32.41578910409402,19.443739647696848,45.103731856374296,1.3581898681544868,28.15165642022057,20.26453974213616,19166.914,124.89189,88.935356,
POL,Poland,2002,Staphylococcus aureus,Meticillin (MRSA),23.11827956,32.41578910409402,19.443739647696848,45.103731856374296,1.3581898681544868,28.15165642022057,20.26453974213616,19166.914,124.89189,88.935356,
POL,Poland,2003,Enterococcus faecium,Aminopenicillins,90.9090909,33.21449904114622,19.539672136006047,52.17850650084385,1.7120771735852869,18.379852614097725,16.34651344659139,19855.63,124.80734,89.59468,
POL,Poland,2003,Escherichia coli,Fluoroquinolones,6.61157024,33.21449904114622,19.539672136006047,52.17850650084385,1.7120771735852869,18.379852614097725,16.34651344659139,19855.63,124.80734,89.59468,
POL,Poland,2003,Escherichia coli,Third-generation cephalosporins,4.06504065,33.21449904114622,19.539672136006047,52.17850650084385,1.7120771735852869,18.379852614097725,16.34651344659139,19855.63,124.80734,89.59468,
POL,Poland,2003,Staphylococcus aureus,Meticillin (MRSA),19.27710843,33.21449904114622,19.539672136006047,52.17850650084385,1.7120771735852869,18.379852614097725,16.34651344659139,19855.63,124.80734,89.59468,
POL,Poland,2004,Enterococcus faecium,Aminopenicillins,,30.71836459246419,18.22146727824281,27.965754542491503,0.457215307547396,8.02116803145739,13.796616903180366,20878.654,124.689865,90.25626,
POL,Poland,2004,Escherichia coli,Carbapenems,,30.71836459246419,18.22146727824281,27.965754542491503,0.457215307547396,8.02116803145739,13.796616903180366,20878.654,124.689865,90.25626,
POL,Poland,2004,Escherichia coli,Fluoroquinolones,8.55614973,30.71836459246419,18.22146727824281,27.965754542491503,0.457215307547396,8.02116803145739,13.796616903180366,20878.654,124.689865,90.25626,
POL,Poland,2004,Escherichia coli,Third-generation cephalosporins,5.23560209,30.71836459246419,18.22146727824281,27.965754542491503,0.457215307547396,8.02116803145739,13.796616903180366,20878.654,124.689865,90.25626,
POL,Poland,2004,Staphylococcus aureus,Meticillin (MRSA),19.46564885,30.71836459246419,18.22146727824281,27.965754542491503,0.457215307547396,8.02116803145739,13.796616903180366,20878.654,124.689865,90.25626,
POL,Poland,2005,Enterococcus faecium,Aminopenicillins,95.23809523,32.50374705816195,18.90967630705463,36.012667166675655,0.7237561499678706,16.917240809421063,15.36417588197934,21568.947,124.54877,90.92025,98.23908
POL,Poland,2005,Escherichia coli,Carbapenems,,32.50374705816195,18.90967630705463,36.012667166675655,0.7237561499678706,16.917240809421063,15.36417588197934,21568.947,124.54877,90.92025,98.23908
POL,Poland,2005,Escherichia coli,Fluoroquinolones,19.88636363,32.50374705816195,18.90967630705463,36.012667166675655,0.7237561499678706,16.917240809421063,15.36417588197934,21568.947,124.54877,90.92025,98.23908
POL,Poland,2005,Escherichia coli,Third-generation cephalosporins,4.54545454,32.50374705816195,18.90967630705463,36.012667166675655,0.7237561499678706,16.917240809421063,15.36417588197934,21568.947,124.54877,90.92025,98.23908
POL,Poland,2005,Klebsiella pneumoniae,Carbapenems,0.0,32.50374705816195,18.90967630705463,36.012667166675655,0.7237561499678706,16.917240809421063,15.36417588197934,21568.947,124.54877,90.92025,98.23908
POL,Poland,2005,Klebsiella pneumoniae,Fluoroquinolones,33.96226415,32.50374705816195,18.90967630705463,36.012667166675655,0.7237561499678706,16.917240809421063,15.36417588197934,21568.947,124.54877,90.92025,98.23908
POL,Poland,2005,Klebsiella pneumoniae,Third-generation cephalosporins,66.03773584,32.50374705816195,18.90967630705463,36.012667166675655,0.7237561499678706,16.917240809421063,15.36417588197934,21568.947,124.54877,90.92025,98.23908
POL,Poland,2005,Pseudomonas aeruginosa,Carbapenems,26.92307692,32.50374705816195,18.90967630705463,36.012667166675655,0.7237561499678706,16.917240809421063,15.36417588197934,21568.947,124.54877,90.92025,98.23908
POL,Poland,2005,Staphylococcus aureus,Meticillin (MRSA),24.24242424,32.50374705816195,18.90967630705463,36.012667166675655,0.7237561499678706,16.917240809421063,15.36417588197934,21568.947,124.54877,90.92025,98.23908
POL,Poland,2006,Enterococcus faecium,Aminopenicillins,95.0,33.462848776459744,19.57030202379425,44.70898093881495,1.3739072115824102,30.468336966234197,20.65960235786617,22921.197,124.37494,91.58675,98.235825
POL,Poland,2006,Escherichia coli,Carbapenems,,33.462848776459744,19.57030202379425,44.70898093881495,1.3739072115824102,30.468336966234197,20.65960235786617,22921.197,124.37494,91.58675,98.235825
POL,Poland,2006,Escherichia coli,Fluoroquinolones,20.38834951,33.462848776459744,19.57030202379425,44.70898093881495,1.3739072115824102,30.468336966234197,20.65960235786617,22921.197,124.37494,91.58675,98.235825
POL,Poland,2006,Escherichia coli,Third-generation cephalosporins,4.36893203,33.462848776459744,19.57030202379425,44.70898093881495,1.3739072115824102,30.468336966234197,20.65960235786617,22921.197,124.37494,91.58675,98.235825
POL,Poland,2006,Klebsiella pneumoniae,Carbapenems,,33.462848776459744,19.57030202379425,44.70898093881495,1.3739072115824102,30.468336966234197,20.65960235786617,22921.197,124.37494,91.58675,98.235825
POL,Poland,2006,Klebsiella pneumoniae,Fluoroquinolones,28.57142857,33.462848776459744,19.57030202379425,44.70898093881495,1.3739072115824102,30.468336966234197,20.65960235786617,22921.197,124.37494,91.58675,98.235825
POL,Poland,2006,Klebsiella pneumoniae,Third-generation cephalosporins,38.09523809,33.462848776459744,19.57030202379425,44.70898093881495,1.3739072115824102,30.468336966234197,20.65960235786617,22921.197,124.37494,91.58675,98.235825
POL,Poland,2006,Pseudomonas aeruginosa,Carbapenems,29.72972972,33.462848776459744,19.57030202379425,44.70898093881495,1.3739072115824102,30.468336966234197,20.65960235786617,22921.197,124.37494,91.58675,98.235825
POL,Poland,2006,Staphylococcus aureus,Meticillin (MRSA),19.54022988,33.462848776459744,19.57030202379425,44.70898093881495,1.3739072115824102,30.468336966234197,20.65960235786617,22921.197,124.37494,91.58675,98.235825
POL,Poland,2007,Enterococcus faecium,Aminopenicillins,88.0,34.22712712992805,19.314538971407146,39.272123798778026,1.097988552801779,30.5795746901568,19.891344915852745,24484.066,124.209145,92.25554,98.23253
POL,Poland,2007,Escherichia coli,Carbapenems,,34.22712712992805,19.314538971407146,39.272123798778026,1.097988552801779,30.5795746901568,19.891344915852745,24484.066,124.209145,92.25554,98.23253
POL,Poland,2007,Escherichia coli,Fluoroquinolones,12.890625,34.22712712992805,19.314538971407146,39.272123798778026,1.097988552801779,30.5795746901568,19.891344915852745,24484.066,124.209145,92.25554,98.23253
POL,Poland,2007,Escherichia coli,Third-generation cephalosporins,2.34375,34.22712712992805,19.314538971407146,39.272123798778026,1.097988552801779,30.5795746901568,19.891344915852745,24484.066,124.209145,92.25554,98.23253
POL,Poland,2007,Klebsiella pneumoniae,Carbapenems,,34.22712712992805,19.314538971407146,39.272123798778026,1.097988552801779,30.5795746901568,19.891344915852745,24484.066,124.209145,92.25554,98.23253
POL,Poland,2007,Klebsiella pneumoniae,Fluoroquinolones,3.125,34.22712712992805,19.314538971407146,39.272123798778026,1.097988552801779,30.5795746901568,19.891344915852745,24484.066,124.209145,92.25554,98.23253
POL,Poland,2007,Klebsiella pneumoniae,Third-generation cephalosporins,34.375,34.22712712992805,19.314538971407146,39.272123798778026,1.097988552801779,30.5795746901568,19.891344915852745,24484.066,124.209145,92.25554,98.23253
POL,Poland,2007,Pseudomonas aeruginosa,Carbapenems,17.91044776,34.22712712992805,19.314538971407146,39.272123798778026,1.097988552801779,30.5795746901568,19.891344915852745,24484.066,124.209145,92.25554,98.23253
POL,Poland,2007,Staphylococcus aureus,Meticillin (MRSA),15.13513513,34.22712712992805,19.314538971407146,39.272123798778026,1.097988552801779,30.5795746901568,19.891344915852745,24484.066,124.209145,92.25554,98.23253
POL,Poland,2008,Enterococcus faecium,Aminopenicillins,,31.26587734756333,18.20229758469918,36.256392525625685,0.5750202144391815,14.654260708679448,17.47088394195681,25553.906,124.12905,92.92665,98.22921
POL,Poland,2008,Escherichia coli,Carbapenems,,31.26587734756333,18.20229758469918,36.256392525625685,0.5750202144391815,14.654260708679448,17.47088394195681,25553.906,124.12905,92.92665,98.22921
POL,Poland,2008,Escherichia coli,Fluoroquinolones,20.23809523,31.26587734756333,18.20229758469918,36.256392525625685,0.5750202144391815,14.654260708679448,17.47088394195681,25553.906,124.12905,92.92665,98.22921
POL,Poland,2008,Escherichia coli,Third-generation cephalosporins,2.38095238,31.26587734756333,18.20229758469918,36.256392525625685,0.5750202144391815,14.654260708679448,17.47088394195681,25553.906,124.12905,92.92665,98.22921
POL,Poland,2008,Klebsiella pneumoniae,Carbapenems,,31.26587734756333,18.20229758469918,36.256392525625685,0.5750202144391815,14.654260708679448,17.47088394195681,25553.906,124.12905,92.92665,98.22921
POL,Poland,2008,Klebsiella pneumoniae,Fluoroquinolones,,31.26587734756333,18.20229758469918,36.256392525625685,0.5750202144391815,14.654260708679448,17.47088394195681,25553.906,124.12905,92.92665,98.22921
POL,Poland,2008,Klebsiella pneumoniae,Third-generation cephalosporins,,31.26587734756333,18.20229758469918,36.256392525625685,0.5750202144391815,14.654260708679448,17.47088394195681,25553.906,124.12905,92.92665,98.22921
POL,Poland,2008,Pseudomonas aeruginosa,Carbapenems,13.63636363,31.26587734756333,18.20229758469918,36.256392525625685,0.5750202144391815,14.654260708679448,17.47088394195681,25553.906,124.12905,92.92665,98.22921
POL,Poland,2008,Staphylococcus aureus,Meticillin (MRSA),12.12121212,31.26587734756333,18.20229758469918,36.256392525625685,0.5750202144391815,14.654260708679448,17.47088394195681,25553.906,124.12905,92.92665,98.22921
POL,Poland,2009,Enterococcus faecium,Aminopenicillins,97.5,31.470907288230705,18.145771081569617,36.581527950301655,0.5750529178310025,13.296278559670627,15.41698131827193,26204.41,124.14947,93.600266,98.22592
POL,Poland,2009,Escherichia coli,Carbapenems,0.0,31.470907288230705,18.145771081569617,36.581527950301655,0.5750529178310025,13.296278559670627,15.41698131827193,26204.41,124.14947,93.600266,98.22592
POL,Poland,2009,Escherichia coli,Fluoroquinolones,23.10405643,31.470907288230705,18.145771081569617,36.581527950301655,0.5750529178310025,13.296278559670627,15.41698131827193,26204.41,124.14947,93.600266,98.22592
POL,Poland,2009,Escherichia coli,Third-generation cephalosporins,9.07534246,31.470907288230705,18.145771081569617,36.581527950301655,0.5750529178310025,13.296278559670627,15.41698131827193,26204.41,124.14947,93.600266,98.22592
POL,Poland,2009,Klebsiella pneumoniae,Carbapenems,0.71942446,31.470907288230705,18.145771081569617,36.581527950301655,0.5750529178310025,13.296278559670627,15.41698131827193,26204.41,124.14947,93.600266,98.22592
POL,Poland,2009,Klebsiella pneumoniae,Fluoroquinolones,32.37410071,31.470907288230705,18.145771081569617,36.581527950301655,0.5750529178310025,13.296278559670627,15.41698131827193,26204.41,124.14947,93.600266,98.22592
POL,Poland,2009,Klebsiella pneumoniae,Third-generation cephalosporins,48.95104895,31.470907288230705,18.145771081569617,36.581527950301655,0.5750529178310025,13.296278559670627,15.41698131827193,26204.41,124.14947,93.600266,98.22592
POL,Poland,2009,Pseudomonas aeruginosa,Carbapenems,25.35211267,31.470907288230705,18.145771081569617,36.581527950301655,0.5750529178310025,13.296278559670627,15.41698131827193,26204.41,124.14947,93.600266,98.22592
POL,Poland,2009,Staphylococcus aureus,Meticillin (MRSA),20.15810276,31.470907288230705,18.145771081569617,36.581527950301655,0.5750529178310025,13.296278559670627,15.41698131827193,26204.41,124.14947,93.600266,98.22592
POL,Poland,2010,Enterococcus faecium,Aminopenicillins,95.29411764,33.80721377576247,20.224845466147062,36.88628205135041,2.567882974434001,9.762358598327303,13.971777161012009,27112.133,124.45396,94.27628,97.68796
POL,Poland,2010,Escherichia coli,Carbapenems,0.14224751,33.80721377576247,20.224845466147062,36.88628205135041,2.567882974434001,9.762358598327303,13.971777161012009,27112.133,124.45396,94.27628,97.68796
POL,Poland,2010,Escherichia coli,Fluoroquinolones,25.75976845,33.80721377576247,20.224845466147062,36.88628205135041,2.567882974434001,9.762358598327303,13.971777161012009,27112.133,124.45396,94.27628,97.68796
POL,Poland,2010,Escherichia coli,Third-generation cephalosporins,7.52688172,33.80721377576247,20.224845466147062,36.88628205135041,2.567882974434001,9.762358598327303,13.971777161012009,27112.133,124.45396,94.27628,97.68796
POL,Poland,2010,Klebsiella pneumoniae,Carbapenems,0.0,33.80721377576247,20.224845466147062,36.88628205135041,2.567882974434001,9.762358598327303,13.971777161012009,27112.133,124.45396,94.27628,97.68796
POL,Poland,2010,Klebsiella pneumoniae,Fluoroquinolones,33.0316742,33.80721377576247,20.224845466147062,36.88628205135041,2.567882974434001,9.762358598327303,13.971777161012009,27112.133,124.45396,94.27628,97.68796
POL,Poland,2010,Klebsiella pneumoniae,Third-generation cephalosporins,39.65517241,33.80721377576247,20.224845466147062,36.88628205135041,2.567882974434001,9.762358598327303,13.971777161012009,27112.133,124.45396,94.27628,97.68796
POL,Poland,2010,Pseudomonas aeruginosa,Carbapenems,24.5508982,33.80721377576247,20.224845466147062,36.88628205135041,2.567882974434001,9.762358598327303,13.971777161012009,27112.133,124.45396,94.27628,97.68796
POL,Poland,2010,Staphylococcus aureus,Meticillin (MRSA),13.11787072,33.80721377576247,20.224845466147062,36.88628205135041,2.567882974434001,9.762358598327303,13.971777161012009,27112.133,124.45396,94.27628,97.68796
POL,Poland,2011,Enterococcus faecium,Aminopenicillins,92.85714285,31.321387153788155,18.80882561018857,38.70146894592797,0.6792566262876353,15.434815644499103,17.056269402590566,28521.662,124.82406,94.95471,97.14836
POL,Poland,2011,Escherichia coli,Carbapenems,0.09398496,31.321387153788155,18.80882561018857,38.70146894592797,0.6792566262876353,15.434815644499103,17.056269402590566,28521.662,124.82406,94.95471,97.14836
POL,Poland,2011,Escherichia coli,Fluoroquinolones,27.3444347,31.321387153788155,18.80882561018857,38.70146894592797,0.6792566262876353,15.434815644499103,17.056269402590566,28521.662,124.82406,94.95471,97.14836
POL,Poland,2011,Escherichia coli,Third-generation cephalosporins,11.72707889,31.321387153788155,18.80882561018857,38.70146894592797,0.6792566262876353,15.434815644499103,17.056269402590566,28521.662,124.82406,94.95471,97.14836
POL,Poland,2011,Klebsiella pneumoniae,Carbapenems,0.53191489,31.321387153788155,18.80882561018857,38.70146894592797,0.6792566262876353,15.434815644499103,17.056269402590566,28521.662,124.82406,94.95471,97.14836
POL,Poland,2011,Klebsiella pneumoniae,Fluoroquinolones,57.72357723,31.321387153788155,18.80882561018857,38.70146894592797,0.6792566262876353,15.434815644499103,17.056269402590566,28521.662,124.82406,94.95471,97.14836
POL,Poland,2011,Klebsiella pneumoniae,Third-generation cephalosporins,59.71223021,31.321387153788155,18.80882561018857,38.70146894592797,0.6792566262876353,15.434815644499103,17.056269402590566,28521.662,124.82406,94.95471,97.14836
POL,Poland,2011,Pseudomonas aeruginosa,Carbapenems,24.45652173,31.321387153788155,18.80882561018857,38.70146894592797,0.6792566262876353,15.434815644499103,17.056269402590566,28521.662,124.82406,94.95471,97.14836
POL,Poland,2011,Staphylococcus aureus,Meticillin (MRSA),19.41860465,31.321387153788155,18.80882561018857,38.70146894592797,0.6792566262876353,15.434815644499103,17.056269402590566,28521.662,124.82406,94.95471,97.14836
POL,Poland,2012,Acinetobacter spp.,Carbapenems,38.20754716,33.773560622103325,19.258218138427434,40.63342962607892,1.446185713908876,15.196774573483417,16.920830205393884,28952.916,124.952194,95.634995,96.606415
POL,Poland,2012,Enterococcus faecium,Aminopenicillins,98.27586206,33.773560622103325,19.258218138427434,40.63342962607892,1.446185713908876,15.196774573483417,16.920830205393884,28952.916,124.952194,95.634995,96.606415
POL,Poland,2012,Escherichia coli,Carbapenems,0.0,33.773560622103325,19.258218138427434,40.63342962607892,1.446185713908876,15.196774573483417,16.920830205393884,28952.916,124.952194,95.634995,96.606415
POL,Poland,2012,Escherichia coli,Fluoroquinolones,29.33204259,33.773560622103325,19.258218138427434,40.63342962607892,1.446185713908876,15.196774573483417,16.920830205393884,28952.916,124.952194,95.634995,96.606415
POL,Poland,2012,Escherichia coli,Third-generation cephalosporins,12.92189006,33.773560622103325,19.258218138427434,40.63342962607892,1.446185713908876,15.196774573483417,16.920830205393884,28952.916,124.952194,95.634995,96.606415
POL,Poland,2012,Klebsiella pneumoniae,Carbapenems,0.83565459,33.773560622103325,19.258218138427434,40.63342962607892,1.446185713908876,15.196774573483417,16.920830205393884,28952.916,124.952194,95.634995,96.606415
POL,Poland,2012,Klebsiella pneumoniae,Fluoroquinolones,60.16713091,33.773560622103325,19.258218138427434,40.63342962607892,1.446185713908876,15.196774573483417,16.920830205393884,28952.916,124.952194,95.634995,96.606415
POL,Poland,2012,Klebsiella pneumoniae,Third-generation cephalosporins,60.49723756,33.773560622103325,19.258218138427434,40.63342962607892,1.446185713908876,15.196774573483417,16.920830205393884,28952.916,124.952194,95.634995,96.606415
POL,Poland,2012,Pseudomonas aeruginosa,Carbapenems,22.6744186,33.773560622103325,19.258218138427434,40.63342962607892,1.446185713908876,15.196774573483417,16.920830205393884,28952.916,124.952194,95.634995,96.606415
POL,Poland,2012,Staphylococcus aureus,Meticillin (MRSA),14.43167305,33.773560622103325,19.258218138427434,40.63342962607892,1.446185713908876,15.196774573483417,16.920830205393884,28952.916,124.952194,95.634995,96.606415
POL,Poland,2013,Acinetobacter spp.,Carbapenems,49.73544973,34.00298190667823,19.61578138544964,37.76528659027724,1.3395225936683617,11.012693247776186,16.411227519118498,29168.625,124.98944,96.318016,96.062675
POL,Poland,2013,Enterococcus faecium,Aminopenicillins,96.66666666,34.00298190667823,19.61578138544964,37.76528659027724,1.3395225936683617,11.012693247776186,16.411227519118498,29168.625,124.98944,96.318016,96.062675
POL,Poland,2013,Escherichia coli,Carbapenems,0.0,34.00298190667823,19.61578138544964,37.76528659027724,1.3395225936683617,11.012693247776186,16.411227519118498,29168.625,124.98944,96.318016,96.062675
POL,Poland,2013,Escherichia coli,Fluoroquinolones,27.34299516,34.00298190667823,19.61578138544964,37.76528659027724,1.3395225936683617,11.012693247776186,16.411227519118498,29168.625,124.98944,96.318016,96.062675
POL,Poland,2013,Escherichia coli,Third-generation cephalosporins,10.9073359,34.00298190667823,19.61578138544964,37.76528659027724,1.3395225936683617,11.012693247776186,16.411227519118498,29168.625,124.98944,96.318016,96.062675
POL,Poland,2013,Klebsiella pneumoniae,Carbapenems,0.81081081,34.00298190667823,19.61578138544964,37.76528659027724,1.3395225936683617,11.012693247776186,16.411227519118498,29168.625,124.98944,96.318016,96.062675
POL,Poland,2013,Klebsiella pneumoniae,Fluoroquinolones,70.05347593,34.00298190667823,19.61578138544964,37.76528659027724,1.3395225936683617,11.012693247776186,16.411227519118498,29168.625,124.98944,96.318016,96.062675
POL,Poland,2013,Klebsiella pneumoniae,Third-generation cephalosporins,65.15957446,34.00298190667823,19.61578138544964,37.76528659027724,1.3395225936683617,11.012693247776186,16.411227519118498,29168.625,124.98944,96.318016,96.062675
POL,Poland,2013,Pseudomonas aeruginosa,Carbapenems,32.27513227,34.00298190667823,19.61578138544964,37.76528659027724,1.3395225936683617,11.012693247776186,16.411227519118498,29168.625,124.98944,96.318016,96.062675
POL,Poland,2013,Staphylococcus aureus,Meticillin (MRSA),16.01615074,34.00298190667823,19.61578138544964,37.76528659027724,1.3395225936683617,11.012693247776186,16.411227519118498,29168.625,124.98944,96.318016,96.062675
POL,Poland,2014,Acinetobacter spp.,Carbapenems,53.43915343,32.65951203599555,19.31996926629065,38.052262097471896,0.9861959951053842,23.85029671176246,23.84311270849669,30334.879,125.00854,97.0037,95.517044
POL,Poland,2014,Enterococcus faecium,Aminopenicillins,96.5317919,32.65951203599555,19.31996926629065,38.052262097471896,0.9861959951053842,23.85029671176246,23.84311270849669,30334.879,125.00854,97.0037,95.517044
POL,Poland,2014,Escherichia coli,Carbapenems,0.20429009,32.65951203599555,19.31996926629065,38.052262097471896,0.9861959951053842,23.85029671176246,23.84311270849669,30334.879,125.00854,97.0037,95.517044
POL,Poland,2014,Escherichia coli,Fluoroquinolones,29.23368022,32.65951203599555,19.31996926629065,38.052262097471896,0.9861959951053842,23.85029671176246,23.84311270849669,30334.879,125.00854,97.0037,95.517044
POL,Poland,2014,Escherichia coli,Third-generation cephalosporins,10.50691244,32.65951203599555,19.31996926629065,38.052262097471896,0.9861959951053842,23.85029671176246,23.84311270849669,30334.879,125.00854,97.0037,95.517044
POL,Poland,2014,Klebsiella pneumoniae,Carbapenems,1.33037694,32.65951203599555,19.31996926629065,38.052262097471896,0.9861959951053842,23.85029671176246,23.84311270849669,30334.879,125.00854,97.0037,95.517044
POL,Poland,2014,Klebsiella pneumoniae,Fluoroquinolones,67.91208791,32.65951203599555,19.31996926629065,38.052262097471896,0.9861959951053842,23.85029671176246,23.84311270849669,30334.879,125.00854,97.0037,95.517044
POL,Poland,2014,Klebsiella pneumoniae,Third-generation cephalosporins,68.17204301,32.65951203599555,19.31996926629065,38.052262097471896,0.9861959951053842,23.85029671176246,23.84311270849669,30334.879,125.00854,97.0037,95.517044
POL,Poland,2014,Pseudomonas aeruginosa,Carbapenems,27.56756756,32.65951203599555,19.31996926629065,38.052262097471896,0.9861959951053842,23.85029671176246,23.84311270849669,30334.879,125.00854,97.0037,95.517044
POL,Poland,2014,Staphylococcus aureus,Meticillin (MRSA),22.24489795,32.65951203599555,19.31996926629065,38.052262097471896,0.9861959951053842,23.85029671176246,23.84311270849669,30334.879,125.00854,97.0037,95.517044
POL,Poland,2015,Acinetobacter spp.,Carbapenems,65.57377049,34.869551287467225,19.784028506777545,42.39938273575776,2.328768620877808,32.680255083335204,20.41641990400317,31700.37,125.01246,97.6921,94.96964
POL,Poland,2015,Enterococcus faecium,Aminopenicillins,98.78787878,34.869551287467225,19.784028506777545,42.39938273575776,2.328768620877808,32.680255083335204,20.41641990400317,31700.37,125.01246,97.6921,94.96964
POL,Poland,2015,Escherichia coli,Carbapenems,0.13342228,34.869551287467225,19.784028506777545,42.39938273575776,2.328768620877808,32.680255083335204,20.41641990400317,31700.37,125.01246,97.6921,94.96964
POL,Poland,2015,Escherichia coli,Fluoroquinolones,27.88033099,34.869551287467225,19.784028506777545,42.39938273575776,2.328768620877808,32.680255083335204,20.41641990400317,31700.37,125.01246,97.6921,94.96964
POL,Poland,2015,Escherichia coli,Third-generation cephalosporins,11.92546583,34.869551287467225,19.784028506777545,42.39938273575776,2.328768620877808,32.680255083335204,20.41641990400317,31700.37,125.01246,97.6921,94.96964
POL,Poland,2015,Klebsiella pneumoniae,Carbapenems,0.45454545,34.869551287467225,19.784028506777545,42.39938273575776,2.328768620877808,32.680255083335204,20.41641990400317,31700.37,125.01246,97.6921,94.96964
POL,Poland,2015,Klebsiella pneumoniae,Fluoroquinolones,63.88467374,34.869551287467225,19.784028506777545,42.39938273575776,2.328768620877808,32.680255083335204,20.41641990400317,31700.37,125.01246,97.6921,94.96964
POL,Poland,2015,Klebsiella pneumoniae,Third-generation cephalosporins,64.20118343,34.869551287467225,19.784028506777545,42.39938273575776,2.328768620877808,32.680255083335204,20.41641990400317,31700.37,125.01246,97.6921,94.96964
POL,Poland,2015,Pseudomonas aeruginosa,Carbapenems,37.00787401,34.869551287467225,19.784028506777545,42.39938273575776,2.328768620877808,32.680255083335204,20.41641990400317,31700.37,125.01246,97.6921,94.96964
POL,Poland,2015,Staphylococcus aureus,Meticillin (MRSA),15.76200417,34.869551287467225,19.784028506777545,42.39938273575776,2.328768620877808,32.680255083335204,20.41641990400317,31700.37,125.01246,97.6921,94.96964
POL,Poland,2016,Acinetobacter spp.,Carbapenems,65.98465473,32.54029806228536,18.932508025647056,42.64552502997986,0.8698679325880768,16.86251622024546,18.52306216510461,32675.305,125.00248,98.3831,94.42243
POL,Poland,2016,Enterococcus faecium,Aminopenicillins,96.50537634,32.54029806228536,18.932508025647056,42.64552502997986,0.8698679325880768,16.86251622024546,18.52306216510461,32675.305,125.00248,98.3831,94.42243
POL,Poland,2016,Escherichia coli,Carbapenems,0.0391696,32.54029806228536,18.932508025647056,42.64552502997986,0.8698679325880768,16.86251622024546,18.52306216510461,32675.305,125.00248,98.3831,94.42243
POL,Poland,2016,Escherichia coli,Fluoroquinolones,33.06788016,32.54029806228536,18.932508025647056,42.64552502997986,0.8698679325880768,16.86251622024546,18.52306216510461,32675.305,125.00248,98.3831,94.42243
POL,Poland,2016,Escherichia coli,Third-generation cephalosporins,13.71827877,32.54029806228536,18.932508025647056,42.64552502997986,0.8698679325880768,16.86251622024546,18.52306216510461,32675.305,125.00248,98.3831,94.42243
POL,Poland,2016,Klebsiella pneumoniae,Carbapenems,2.13713268,32.54029806228536,18.932508025647056,42.64552502997986,0.8698679325880768,16.86251622024546,18.52306216510461,32675.305,125.00248,98.3831,94.42243
POL,Poland,2016,Klebsiella pneumoniae,Fluoroquinolones,66.84539767,32.54029806228536,18.932508025647056,42.64552502997986,0.8698679325880768,16.86251622024546,18.52306216510461,32675.305,125.00248,98.3831,94.42243
POL,Poland,2016,Klebsiella pneumoniae,Third-generation cephalosporins,64.44833625,32.54029806228536,18.932508025647056,42.64552502997986,0.8698679325880768,16.86251622024546,18.52306216510461,32675.305,125.00248,98.3831,94.42243
POL,Poland,2016,Pseudomonas aeruginosa,Carbapenems,26.19647355,32.54029806228536,18.932508025647056,42.64552502997986,0.8698679325880768,16.86251622024546,18.52306216510461,32675.305,125.00248,98.3831,94.42243
POL,Poland,2016,Staphylococcus aureus,Meticillin (MRSA),16.36568848,32.54029806228536,18.932508025647056,42.64552502997986,0.8698679325880768,16.86251622024546,18.52306216510461,32675.305,125.00248,98.3831,94.42243
POL,Poland,2017,Acinetobacter spp.,Carbapenems,67.44186046,32.17571511278243,18.728056581989268,36.74867403783054,1.1771921411427415,9.632612234445071,15.913870056296387,34354.598,124.97538,98.796616,93.87613
POL,Poland,2017,Enterococcus faecium,Aminopenicillins,98.4,32.17571511278243,18.728056581989268,36.74867403783054,1.1771921411427415,9.632612234445071,15.913870056296387,34354.598,124.97538,98.796616,93.87613
POL,Poland,2017,Escherichia coli,Carbapenems,0.03648303,32.17571511278243,18.728056581989268,36.74867403783054,1.1771921411427415,9.632612234445071,15.913870056296387,34354.598,124.97538,98.796616,93.87613
POL,Poland,2017,Escherichia coli,Fluoroquinolones,35.86244541,32.17571511278243,18.728056581989268,36.74867403783054,1.1771921411427415,9.632612234445071,15.913870056296387,34354.598,124.97538,98.796616,93.87613
POL,Poland,2017,Escherichia coli,Third-generation cephalosporins,16.67829727,32.17571511278243,18.728056581989268,36.74867403783054,1.1771921411427415,9.632612234445071,15.913870056296387,34354.598,124.97538,98.796616,93.87613
POL,Poland,2017,Klebsiella pneumoniae,Carbapenems,6.37381567,32.17571511278243,18.728056581989268,36.74867403783054,1.1771921411427415,9.632612234445071,15.913870056296387,34354.598,124.97538,98.796616,93.87613
POL,Poland,2017,Klebsiella pneumoniae,Fluoroquinolones,66.30581867,32.17571511278243,18.728056581989268,36.74867403783054,1.1771921411427415,9.632612234445071,15.913870056296387,34354.598,124.97538,98.796616,93.87613
POL,Poland,2017,Klebsiella pneumoniae,Third-generation cephalosporins,63.0091438,32.17571511278243,18.728056581989268,36.74867403783054,1.1771921411427415,9.632612234445071,15.913870056296387,34354.598,124.97538,98.796616,93.87613
POL,Poland,2017,Pseudomonas aeruginosa,Carbapenems,24.17302798,32.17571511278243,18.728056581989268,36.74867403783054,1.1771921411427415,9.632612234445071,15.913870056296387,34354.598,124.97538,98.796616,93.87613
POL,Poland,2017,Staphylococcus aureus,Meticillin (MRSA),15.1800554,32.17571511278243,18.728056581989268,36.74867403783054,1.1771921411427415,9.632612234445071,15.913870056296387,34354.598,124.97538,98.796616,93.87613
POL,Poland,2018,Acinetobacter spp.,Carbapenems,67.26618705,33.75068218130483,20.48753113231964,69.33572544331433,2.698056268160676,36.11068856444319,23.771295731299418,36500.41,124.92999,98.95542,93.33123
POL,Poland,2018,Enterococcus faecium,Aminopenicillins,96.12188365,33.75068218130483,20.48753113231964,69.33572544331433,2.698056268160676,36.11068856444319,23.771295731299418,36500.41,124.92999,98.95542,93.33123
POL,Poland,2018,Escherichia coli,Carbapenems,0.12,33.75068218130483,20.48753113231964,69.33572544331433,2.698056268160676,36.11068856444319,23.771295731299418,36500.41,124.92999,98.95542,93.33123
POL,Poland,2018,Escherichia coli,Fluoroquinolones,34.67082197,33.75068218130483,20.48753113231964,69.33572544331433,2.698056268160676,36.11068856444319,23.771295731299418,36500.41,124.92999,98.95542,93.33123
POL,Poland,2018,Escherichia coli,Third-generation cephalosporins,17.59541984,33.75068218130483,20.48753113231964,69.33572544331433,2.698056268160676,36.11068856444319,23.771295731299418,36500.41,124.92999,98.95542,93.33123
POL,Poland,2018,Klebsiella pneumoniae,Carbapenems,8.11496196,33.75068218130483,20.48753113231964,69.33572544331433,2.698056268160676,36.11068856444319,23.771295731299418,36500.41,124.92999,98.95542,93.33123
POL,Poland,2018,Klebsiella pneumoniae,Fluoroquinolones,68.18558409,33.75068218130483,20.48753113231964,69.33572544331433,2.698056268160676,36.11068856444319,23.771295731299418,36500.41,124.92999,98.95542,93.33123
POL,Poland,2018,Klebsiella pneumoniae,Third-generation cephalosporins,64.64315012,33.75068218130483,20.48753113231964,69.33572544331433,2.698056268160676,36.11068856444319,23.771295731299418,36500.41,124.92999,98.95542,93.33123
POL,Poland,2018,Pseudomonas aeruginosa,Carbapenems,33.15508021,33.75068218130483,20.48753113231964,69.33572544331433,2.698056268160676,36.11068856444319,23.771295731299418,36500.41,124.92999,98.95542,93.33123
POL,Poland,2018,Staphylococcus aureus,Meticillin (MRSA),15.87544665,33.75068218130483,20.48753113231964,69.33572544331433,2.698056268160676,36.11068856444319,23.771295731299418,36500.41,124.92999,98.95542,93.33123
PRT,Portugal,2000,Staphylococcus aureus,Meticillin (MRSA),25.16556291,37.49152769902912,21.253122131857268,101.07810581244584,11.823591291632264,8.664418722881377,15.14555059011542,35069.83,112.255104,97.650925,99.22967
PRT,Portugal,2001,Enterococcus faecium,Aminopenicillins,73.52941176,36.99669905533023,21.72494473104081,101.82041017202042,13.554289835430067,12.005287258710457,18.12018194957833,35500.227,113.03162,97.76815,99.216385
PRT,Portugal,2001,Escherichia coli,Fluoroquinolones,17.52577319,36.99669905533023,21.72494473104081,101.82041017202042,13.554289835430067,12.005287258710457,18.12018194957833,35500.227,113.03162,97.76815,99.216385
PRT,Portugal,2001,Escherichia coli,Third-generation cephalosporins,2.87081339,36.99669905533023,21.72494473104081,101.82041017202042,13.554289835430067,12.005287258710457,18.12018194957833,35500.227,113.03162,97.76815,99.216385
PRT,Portugal,2001,Staphylococcus aureus,Meticillin (MRSA),31.86180422,36.99669905533023,21.72494473104081,101.82041017202042,13.554289835430067,12.005287258710457,18.12018194957833,35500.227,113.03162,97.76815,99.216385
PRT,Portugal,2002,Enterococcus faecium,Aminopenicillins,,36.49068036350179,20.49587461842327,95.71054635045796,9.821009138867916,14.107636502536156,15.811374032262805,35578.52,113.672585,97.88347,99.20467
PRT,Portugal,2002,Escherichia coli,Fluoroquinolones,23.48484848,36.49068036350179,20.49587461842327,95.71054635045796,9.821009138867916,14.107636502536156,15.811374032262805,35578.52,113.672585,97.88347,99.20467
PRT,Portugal,2002,Escherichia coli,Third-generation cephalosporins,5.65610859,36.49068036350179,20.49587461842327,95.71054635045796,9.821009138867916,14.107636502536156,15.811374032262805,35578.52,113.672585,97.88347,99.20467
PRT,Portugal,2002,Staphylococcus aureus,Meticillin (MRSA),38.12154696,36.49068036350179,20.49587461842327,95.71054635045796,9.821009138867916,14.107636502536156,15.811374032262805,35578.52,113.672585,97.88347,99.20467
PRT,Portugal,2003,Enterococcus faecium,Aminopenicillins,88.23529411,40.01196176334592,23.579357742039768,110.21763412210208,22.912074329191785,21.350401020621675,20.86863782142848,35115.38,114.122345,97.99731,99.19442
PRT,Portugal,2003,Escherichia coli,Fluoroquinolones,25.84118438,40.01196176334592,23.579357742039768,110.21763412210208,22.912074329191785,21.350401020621675,20.86863782142848,35115.38,114.122345,97.99731,99.19442
PRT,Portugal,2003,Escherichia coli,Third-generation cephalosporins,7.12468193,40.01196176334592,23.579357742039768,110.21763412210208,22.912074329191785,21.350401020621675,20.86863782142848,35115.38,114.122345,97.99731,99.19442
PRT,Portugal,2003,Staphylococcus aureus,Meticillin (MRSA),45.49854791,40.01196176334592,23.579357742039768,110.21763412210208,22.912074329191785,21.350401020621675,20.86863782142848,35115.38,114.122345,97.99731,99.19442
PRT,Portugal,2004,Enterococcus faecium,Aminopenicillins,83.49514563,38.01062543497258,22.475100796172494,107.03440657433585,16.297717409456467,12.89121302894914,15.922789848225063,35658.13,114.41862,98.10967,99.18561
PRT,Portugal,2004,Escherichia coli,Fluoroquinolones,26.70375521,38.01062543497258,22.475100796172494,107.03440657433585,16.297717409456467,12.89121302894914,15.922789848225063,35658.13,114.41862,98.10967,99.18561
PRT,Portugal,2004,Escherichia coli,Third-generation cephalosporins,8.07799442,38.01062543497258,22.475100796172494,107.03440657433585,16.297717409456467,12.89121302894914,15.922789848225063,35658.13,114.41862,98.10967,99.18561
PRT,Portugal,2004,Staphylococcus aureus,Meticillin (MRSA),46.09595484,38.01062543497258,22.475100796172494,107.03440657433585,16.297717409456467,12.89121302894914,15.922789848225063,35658.13,114.41862,98.10967,99.18561
PRT,Portugal,2005,Enterococcus faecium,Aminopenicillins,92.47311827,38.35207598316159,21.958568691412108,113.44244908376194,16.1590994864786,14.27603882524341,18.450217843155325,35870.31,114.65449,98.22052,99.178246
PRT,Portugal,2005,Escherichia coli,Fluoroquinolones,29.28176795,38.35207598316159,21.958568691412108,113.44244908376194,16.1590994864786,14.27603882524341,18.450217843155325,35870.31,114.65449,98.22052,99.178246
PRT,Portugal,2005,Escherichia coli,Third-generation cephalosporins,11.71003717,38.35207598316159,21.958568691412108,113.44244908376194,16.1590994864786,14.27603882524341,18.450217843155325,35870.31,114.65449,98.22052,99.178246
PRT,Portugal,2005,Klebsiella pneumoniae,Fluoroquinolones,,38.35207598316159,21.958568691412108,113.44244908376194,16.1590994864786,14.27603882524341,18.450217843155325,35870.31,114.65449,98.22052,99.178246
PRT,Portugal,2005,Staphylococcus aureus,Meticillin (MRSA),46.57415437,38.35207598316159,21.958568691412108,113.44244908376194,16.1590994864786,14.27603882524341,18.450217843155325,35870.31,114.65449,98.22052,99.178246
PRT,Portugal,2006,Enterococcus faecium,Aminopenicillins,75.93984962,38.79200066438744,22.608263405745497,115.13800387063554,18.381939220587483,12.238449368699593,23.712812728814978,36387.535,114.88515,98.32992,99.17232
PRT,Portugal,2006,Escherichia coli,Fluoroquinolones,27.6744186,38.79200066438744,22.608263405745497,115.13800387063554,18.381939220587483,12.238449368699593,23.712812728814978,36387.535,114.88515,98.32992,99.17232
PRT,Portugal,2006,Escherichia coli,Third-generation cephalosporins,9.84908657,38.79200066438744,22.608263405745497,115.13800387063554,18.381939220587483,12.238449368699593,23.712812728814978,36387.535,114.88515,98.32992,99.17232
PRT,Portugal,2006,Klebsiella pneumoniae,Fluoroquinolones,19.67741935,38.79200066438744,22.608263405745497,115.13800387063554,18.381939220587483,12.238449368699593,23.712812728814978,36387.535,114.88515,98.32992,99.17232
PRT,Portugal,2006,Klebsiella pneumoniae,Third-generation cephalosporins,20.7920792,38.79200066438744,22.608263405745497,115.13800387063554,18.381939220587483,12.238449368699593,23.712812728814978,36387.535,114.88515,98.32992,99.17232
PRT,Portugal,2006,Pseudomonas aeruginosa,Carbapenems,20.71713147,38.79200066438744,22.608263405745497,115.13800387063554,18.381939220587483,12.238449368699593,23.712812728814978,36387.535,114.88515,98.32992,99.17232
PRT,Portugal,2006,Staphylococcus aureus,Meticillin (MRSA),48.08575803,38.79200066438744,22.608263405745497,115.13800387063554,18.381939220587483,12.238449368699593,23.712812728814978,36387.535,114.88515,98.32992,99.17232
PRT,Portugal,2007,Enterococcus faecium,Aminopenicillins,92.25806451,37.68302606721713,20.631185883975306,96.88348988746644,10.936071084353294,8.854640508266927,15.30769613189816,37226.47,115.13294,98.437836,99.167816
PRT,Portugal,2007,Escherichia coli,Carbapenems,0.41152263,37.68302606721713,20.631185883975306,96.88348988746644,10.936071084353294,8.854640508266927,15.30769613189816,37226.47,115.13294,98.437836,99.167816
PRT,Portugal,2007,Escherichia coli,Fluoroquinolones,29.84859408,37.68302606721713,20.631185883975306,96.88348988746644,10.936071084353294,8.854640508266927,15.30769613189816,37226.47,115.13294,98.437836,99.167816
PRT,Portugal,2007,Escherichia coli,Third-generation cephalosporins,9.7037037,37.68302606721713,20.631185883975306,96.88348988746644,10.936071084353294,8.854640508266927,15.30769613189816,37226.47,115.13294,98.437836,99.167816
PRT,Portugal,2007,Klebsiella pneumoniae,Carbapenems,0.0,37.68302606721713,20.631185883975306,96.88348988746644,10.936071084353294,8.854640508266927,15.30769613189816,37226.47,115.13294,98.437836,99.167816
PRT,Portugal,2007,Klebsiella pneumoniae,Fluoroquinolones,18.30601092,37.68302606721713,20.631185883975306,96.88348988746644,10.936071084353294,8.854640508266927,15.30769613189816,37226.47,115.13294,98.437836,99.167816
PRT,Portugal,2007,Klebsiella pneumoniae,Third-generation cephalosporins,16.52173913,37.68302606721713,20.631185883975306,96.88348988746644,10.936071084353294,8.854640508266927,15.30769613189816,37226.47,115.13294,98.437836,99.167816
PRT,Portugal,2007,Pseudomonas aeruginosa,Carbapenems,14.86068111,37.68302606721713,20.631185883975306,96.88348988746644,10.936071084353294,8.854640508266927,15.30769613189816,37226.47,115.13294,98.437836,99.167816
PRT,Portugal,2007,Staphylococcus aureus,Meticillin (MRSA),48.37310195,37.68302606721713,20.631185883975306,96.88348988746644,10.936071084353294,8.854640508266927,15.30769613189816,37226.47,115.13294,98.437836,99.167816
PRT,Portugal,2008,Enterococcus faecium,Aminopenicillins,85.54216867,36.625124187186806,20.95555017673021,92.54571373264208,13.414314679529786,6.588640753127159,14.194779408255606,37291.504,115.321396,98.5443,99.16474
PRT,Portugal,2008,Escherichia coli,Carbapenems,0.0,36.625124187186806,20.95555017673021,92.54571373264208,13.414314679529786,6.588640753127159,14.194779408255606,37291.504,115.321396,98.5443,99.16474
PRT,Portugal,2008,Escherichia coli,Fluoroquinolones,28.59860494,36.625124187186806,20.95555017673021,92.54571373264208,13.414314679529786,6.588640753127159,14.194779408255606,37291.504,115.321396,98.5443,99.16474
PRT,Portugal,2008,Escherichia coli,Third-generation cephalosporins,10.1010101,36.625124187186806,20.95555017673021,92.54571373264208,13.414314679529786,6.588640753127159,14.194779408255606,37291.504,115.321396,98.5443,99.16474
PRT,Portugal,2008,Klebsiella pneumoniae,Carbapenems,0.72463768,36.625124187186806,20.95555017673021,92.54571373264208,13.414314679529786,6.588640753127159,14.194779408255606,37291.504,115.321396,98.5443,99.16474
PRT,Portugal,2008,Klebsiella pneumoniae,Fluoroquinolones,21.78030303,36.625124187186806,20.95555017673021,92.54571373264208,13.414314679529786,6.588640753127159,14.194779408255606,37291.504,115.321396,98.5443,99.16474
PRT,Portugal,2008,Klebsiella pneumoniae,Third-generation cephalosporins,25.70356472,36.625124187186806,20.95555017673021,92.54571373264208,13.414314679529786,6.588640753127159,14.194779408255606,37291.504,115.321396,98.5443,99.16474
PRT,Portugal,2008,Pseudomonas aeruginosa,Carbapenems,17.6744186,36.625124187186806,20.95555017673021,92.54571373264208,13.414314679529786,6.588640753127159,14.194779408255606,37291.504,115.321396,98.5443,99.16474
PRT,Portugal,2008,Staphylococcus aureus,Meticillin (MRSA),52.89203084,36.625124187186806,20.95555017673021,92.54571373264208,13.414314679529786,6.588640753127159,14.194779408255606,37291.504,115.321396,98.5443,99.16474
PRT,Portugal,2009,Enterococcus faecium,Aminopenicillins,90.61032863,37.51195713955301,21.528874322879577,116.542953280944,17.93743544438469,18.67930956102297,17.747215659621645,36092.812,115.45435,98.64928,99.16305
PRT,Portugal,2009,Escherichia coli,Carbapenems,0.18007202,37.51195713955301,21.528874322879577,116.542953280944,17.93743544438469,18.67930956102297,17.747215659621645,36092.812,115.45435,98.64928,99.16305
PRT,Portugal,2009,Escherichia coli,Fluoroquinolones,27.72427774,37.51195713955301,21.528874322879577,116.542953280944,17.93743544438469,18.67930956102297,17.747215659621645,36092.812,115.45435,98.64928,99.16305
PRT,Portugal,2009,Escherichia coli,Third-generation cephalosporins,9.20502092,37.51195713955301,21.528874322879577,116.542953280944,17.93743544438469,18.67930956102297,17.747215659621645,36092.812,115.45435,98.64928,99.16305
PRT,Portugal,2009,Klebsiella pneumoniae,Carbapenems,0.82474226,37.51195713955301,21.528874322879577,116.542953280944,17.93743544438469,18.67930956102297,17.747215659621645,36092.812,115.45435,98.64928,99.16305
PRT,Portugal,2009,Klebsiella pneumoniae,Fluoroquinolones,27.56052141,37.51195713955301,21.528874322879577,116.542953280944,17.93743544438469,18.67930956102297,17.747215659621645,36092.812,115.45435,98.64928,99.16305
PRT,Portugal,2009,Klebsiella pneumoniae,Third-generation cephalosporins,27.51798561,37.51195713955301,21.528874322879577,116.542953280944,17.93743544438469,18.67930956102297,17.747215659621645,36092.812,115.45435,98.64928,99.16305
PRT,Portugal,2009,Pseudomonas aeruginosa,Carbapenems,16.34615384,37.51195713955301,21.528874322879577,116.542953280944,17.93743544438469,18.67930956102297,17.747215659621645,36092.812,115.45435,98.64928,99.16305
PRT,Portugal,2009,Staphylococcus aureus,Meticillin (MRSA),48.84868421,37.51195713955301,21.528874322879577,116.542953280944,17.93743544438469,18.67930956102297,17.747215659621645,36092.812,115.45435,98.64928,99.16305
PRT,Portugal,2010,Enterococcus faecium,Aminopenicillins,90.96045197,37.65721689587509,22.3268072679319,101.6590414537866,17.399616654438173,4.965136960781671,16.0739185778757,36703.113,115.480484,98.75283,99.16277
PRT,Portugal,2010,Escherichia coli,Carbapenems,0.27720027,37.65721689587509,22.3268072679319,101.6590414537866,17.399616654438173,4.965136960781671,16.0739185778757,36703.113,115.480484,98.75283,99.16277
PRT,Portugal,2010,Escherichia coli,Fluoroquinolones,27.27745965,37.65721689587509,22.3268072679319,101.6590414537866,17.399616654438173,4.965136960781671,16.0739185778757,36703.113,115.480484,98.75283,99.16277
PRT,Portugal,2010,Escherichia coli,Third-generation cephalosporins,10.4253112,37.65721689587509,22.3268072679319,101.6590414537866,17.399616654438173,4.965136960781671,16.0739185778757,36703.113,115.480484,98.75283,99.16277
PRT,Portugal,2010,Klebsiella pneumoniae,Carbapenems,1.3544018,37.65721689587509,22.3268072679319,101.6590414537866,17.399616654438173,4.965136960781671,16.0739185778757,36703.113,115.480484,98.75283,99.16277
PRT,Portugal,2010,Klebsiella pneumoniae,Fluoroquinolones,31.35888501,37.65721689587509,22.3268072679319,101.6590414537866,17.399616654438173,4.965136960781671,16.0739185778757,36703.113,115.480484,98.75283,99.16277
PRT,Portugal,2010,Klebsiella pneumoniae,Third-generation cephalosporins,28.27586206,37.65721689587509,22.3268072679319,101.6590414537866,17.399616654438173,4.965136960781671,16.0739185778757,36703.113,115.480484,98.75283,99.16277
PRT,Portugal,2010,Pseudomonas aeruginosa,Carbapenems,16.10486891,37.65721689587509,22.3268072679319,101.6590414537866,17.399616654438173,4.965136960781671,16.0739185778757,36703.113,115.480484,98.75283,99.16277
PRT,Portugal,2010,Staphylococcus aureus,Meticillin (MRSA),53.33741579,37.65721689587509,22.3268072679319,101.6590414537866,17.399616654438173,4.965136960781671,16.0739185778757,36703.113,115.480484,98.75283,99.16277
PRT,Portugal,2011,Enterococcus faecium,Aminopenicillins,81.0,37.70033474497286,22.31783751624814,120.85902854658204,15.49093435886645,19.892743131985707,19.7681089349988,36127.297,115.24459,98.85494,99.163864
PRT,Portugal,2011,Escherichia coli,Carbapenems,0.0,37.70033474497286,22.31783751624814,120.85902854658204,15.49093435886645,19.892743131985707,19.7681089349988,36127.297,115.24459,98.85494,99.163864
PRT,Portugal,2011,Escherichia coli,Fluoroquinolones,27.23004694,37.70033474497286,22.31783751624814,120.85902854658204,15.49093435886645,19.892743131985707,19.7681089349988,36127.297,115.24459,98.85494,99.163864
PRT,Portugal,2011,Escherichia coli,Third-generation cephalosporins,11.25723303,37.70033474497286,22.31783751624814,120.85902854658204,15.49093435886645,19.892743131985707,19.7681089349988,36127.297,115.24459,98.85494,99.163864
PRT,Portugal,2011,Klebsiella pneumoniae,Carbapenems,0.34482758,37.70033474497286,22.31783751624814,120.85902854658204,15.49093435886645,19.892743131985707,19.7681089349988,36127.297,115.24459,98.85494,99.163864
PRT,Portugal,2011,Klebsiella pneumoniae,Fluoroquinolones,36.30470016,37.70033474497286,22.31783751624814,120.85902854658204,15.49093435886645,19.892743131985707,19.7681089349988,36127.297,115.24459,98.85494,99.163864
PRT,Portugal,2011,Klebsiella pneumoniae,Third-generation cephalosporins,35.38961038,37.70033474497286,22.31783751624814,120.85902854658204,15.49093435886645,19.892743131985707,19.7681089349988,36127.297,115.24459,98.85494,99.163864
PRT,Portugal,2011,Pseudomonas aeruginosa,Carbapenems,19.80198019,37.70033474497286,22.31783751624814,120.85902854658204,15.49093435886645,19.892743131985707,19.7681089349988,36127.297,115.24459,98.85494,99.163864
PRT,Portugal,2011,Staphylococcus aureus,Meticillin (MRSA),54.55241009,37.70033474497286,22.31783751624814,120.85902854658204,15.49093435886645,19.892743131985707,19.7681089349988,36127.297,115.24459,98.85494,99.163864
PRT,Portugal,2012,Acinetobacter spp.,Carbapenems,79.16666666,38.76655144928061,22.48900918807292,107.25108018860456,17.406726403164487,15.300715400155962,17.185387661165812,34804.633,114.76542,98.95562,99.16633
PRT,Portugal,2012,Enterococcus faecium,Aminopenicillins,94.4,38.76655144928061,22.48900918807292,107.25108018860456,17.406726403164487,15.300715400155962,17.185387661165812,34804.633,114.76542,98.95562,99.16633
PRT,Portugal,2012,Escherichia coli,Carbapenems,0.14698677,38.76655144928061,22.48900918807292,107.25108018860456,17.406726403164487,15.300715400155962,17.185387661165812,34804.633,114.76542,98.95562,99.16633
PRT,Portugal,2012,Escherichia coli,Fluoroquinolones,30.30583873,38.76655144928061,22.48900918807292,107.25108018860456,17.406726403164487,15.300715400155962,17.185387661165812,34804.633,114.76542,98.95562,99.16633
PRT,Portugal,2012,Escherichia coli,Third-generation cephalosporins,13.5097493,38.76655144928061,22.48900918807292,107.25108018860456,17.406726403164487,15.300715400155962,17.185387661165812,34804.633,114.76542,98.95562,99.16633
PRT,Portugal,2012,Klebsiella pneumoniae,Carbapenems,0.66755674,38.76655144928061,22.48900918807292,107.25108018860456,17.406726403164487,15.300715400155962,17.185387661165812,34804.633,114.76542,98.95562,99.16633
PRT,Portugal,2012,Klebsiella pneumoniae,Fluoroquinolones,35.77863577,38.76655144928061,22.48900918807292,107.25108018860456,17.406726403164487,15.300715400155962,17.185387661165812,34804.633,114.76542,98.95562,99.16633
PRT,Portugal,2012,Klebsiella pneumoniae,Third-generation cephalosporins,38.66837387,38.76655144928061,22.48900918807292,107.25108018860456,17.406726403164487,15.300715400155962,17.185387661165812,34804.633,114.76542,98.95562,99.16633
PRT,Portugal,2012,Pseudomonas aeruginosa,Carbapenems,20.42253521,38.76655144928061,22.48900918807292,107.25108018860456,17.406726403164487,15.300715400155962,17.185387661165812,34804.633,114.76542,98.95562,99.16633
PRT,Portugal,2012,Staphylococcus aureus,Meticillin (MRSA),53.81443298,38.76655144928061,22.48900918807292,107.25108018860456,17.406726403164487,15.300715400155962,17.185387661165812,34804.633,114.76542,98.95562,99.16633
PRT,Portugal,2013,Acinetobacter spp.,Carbapenems,68.99563318,37.68792265149472,21.70118436213516,104.33188912875464,14.703283168970165,7.545389195705417,15.503609971594496,34651.773,114.16646,99.05487,99.17011
PRT,Portugal,2013,Enterococcus faecium,Aminopenicillins,90.39145907,37.68792265149472,21.70118436213516,104.33188912875464,14.703283168970165,7.545389195705417,15.503609971594496,34651.773,114.16646,99.05487,99.17011
PRT,Portugal,2013,Escherichia coli,Carbapenems,0.11244377,37.68792265149472,21.70118436213516,104.33188912875464,14.703283168970165,7.545389195705417,15.503609971594496,34651.773,114.16646,99.05487,99.17011
PRT,Portugal,2013,Escherichia coli,Fluoroquinolones,31.62011173,37.68792265149472,21.70118436213516,104.33188912875464,14.703283168970165,7.545389195705417,15.503609971594496,34651.773,114.16646,99.05487,99.17011
PRT,Portugal,2013,Escherichia coli,Third-generation cephalosporins,14.93651979,37.68792265149472,21.70118436213516,104.33188912875464,14.703283168970165,7.545389195705417,15.503609971594496,34651.773,114.16646,99.05487,99.17011
PRT,Portugal,2013,Klebsiella pneumoniae,Carbapenems,1.7699115,37.68792265149472,21.70118436213516,104.33188912875464,14.703283168970165,7.545389195705417,15.503609971594496,34651.773,114.16646,99.05487,99.17011
PRT,Portugal,2013,Klebsiella pneumoniae,Fluoroquinolones,35.67508232,37.68792265149472,21.70118436213516,104.33188912875464,14.703283168970165,7.545389195705417,15.503609971594496,34651.773,114.16646,99.05487,99.17011
PRT,Portugal,2013,Klebsiella pneumoniae,Third-generation cephalosporins,36.99231613,37.68792265149472,21.70118436213516,104.33188912875464,14.703283168970165,7.545389195705417,15.503609971594496,34651.773,114.16646,99.05487,99.17011
PRT,Portugal,2013,Pseudomonas aeruginosa,Carbapenems,20.60027285,37.68792265149472,21.70118436213516,104.33188912875464,14.703283168970165,7.545389195705417,15.503609971594496,34651.773,114.16646,99.05487,99.17011
PRT,Portugal,2013,Staphylococcus aureus,Meticillin (MRSA),46.77824267,37.68792265149472,21.70118436213516,104.33188912875464,14.703283168970165,7.545389195705417,15.503609971594496,34651.773,114.16646,99.05487,99.17011
PRT,Portugal,2014,Acinetobacter spp.,Carbapenems,53.05343511,36.60627512414905,21.068664670271392,112.7673142879943,13.23086489167197,20.088305893784582,20.331625889540145,35097.41,113.59789,99.152725,99.17522
PRT,Portugal,2014,Enterococcus faecium,Aminopenicillins,88.42443729,36.60627512414905,21.068664670271392,112.7673142879943,13.23086489167197,20.088305893784582,20.331625889540145,35097.41,113.59789,99.152725,99.17522
PRT,Portugal,2014,Escherichia coli,Carbapenems,0.020008,36.60627512414905,21.068664670271392,112.7673142879943,13.23086489167197,20.088305893784582,20.331625889540145,35097.41,113.59789,99.152725,99.17522
PRT,Portugal,2014,Escherichia coli,Fluoroquinolones,32.36522777,36.60627512414905,21.068664670271392,112.7673142879943,13.23086489167197,20.088305893784582,20.331625889540145,35097.41,113.59789,99.152725,99.17522
PRT,Portugal,2014,Escherichia coli,Third-generation cephalosporins,16.42117834,36.60627512414905,21.068664670271392,112.7673142879943,13.23086489167197,20.088305893784582,20.331625889540145,35097.41,113.59789,99.152725,99.17522
PRT,Portugal,2014,Klebsiella pneumoniae,Carbapenems,1.76366843,36.60627512414905,21.068664670271392,112.7673142879943,13.23086489167197,20.088305893784582,20.331625889540145,35097.41,113.59789,99.152725,99.17522
PRT,Portugal,2014,Klebsiella pneumoniae,Fluoroquinolones,36.50700934,36.60627512414905,21.068664670271392,112.7673142879943,13.23086489167197,20.088305893784582,20.331625889540145,35097.41,113.59789,99.152725,99.17522
PRT,Portugal,2014,Klebsiella pneumoniae,Third-generation cephalosporins,40.88785046,36.60627512414905,21.068664670271392,112.7673142879943,13.23086489167197,20.088305893784582,20.331625889540145,35097.41,113.59789,99.152725,99.17522
PRT,Portugal,2014,Pseudomonas aeruginosa,Carbapenems,22.46240601,36.60627512414905,21.068664670271392,112.7673142879943,13.23086489167197,20.088305893784582,20.331625889540145,35097.41,113.59789,99.152725,99.17522
PRT,Portugal,2014,Staphylococcus aureus,Meticillin (MRSA),47.44754149,36.60627512414905,21.068664670271392,112.7673142879943,13.23086489167197,20.088305893784582,20.331625889540145,35097.41,113.59789,99.152725,99.17522
PRT,Portugal,2015,Acinetobacter spp.,Carbapenems,57.65472312,37.880176737817216,22.612678163718336,110.55015347512315,19.909874155632004,31.18586867829124,20.327222695009286,35803.36,113.20557,99.24919,99.18161
PRT,Portugal,2015,Enterococcus faecium,Aminopenicillins,88.37209302,37.880176737817216,22.612678163718336,110.55015347512315,19.909874155632004,31.18586867829124,20.327222695009286,35803.36,113.20557,99.24919,99.18161
PRT,Portugal,2015,Escherichia coli,Carbapenems,0.09338812,37.880176737817216,22.612678163718336,110.55015347512315,19.909874155632004,31.18586867829124,20.327222695009286,35803.36,113.20557,99.24919,99.18161
PRT,Portugal,2015,Escherichia coli,Fluoroquinolones,29.65928132,37.880176737817216,22.612678163718336,110.55015347512315,19.909874155632004,31.18586867829124,20.327222695009286,35803.36,113.20557,99.24919,99.18161
PRT,Portugal,2015,Escherichia coli,Third-generation cephalosporins,16.09002976,37.880176737817216,22.612678163718336,110.55015347512315,19.909874155632004,31.18586867829124,20.327222695009286,35803.36,113.20557,99.24919,99.18161
PRT,Portugal,2015,Klebsiella pneumoniae,Carbapenems,3.35731414,37.880176737817216,22.612678163718336,110.55015347512315,19.909874155632004,31.18586867829124,20.327222695009286,35803.36,113.20557,99.24919,99.18161
PRT,Portugal,2015,Klebsiella pneumoniae,Fluoroquinolones,38.58643744,37.880176737817216,22.612678163718336,110.55015347512315,19.909874155632004,31.18586867829124,20.327222695009286,35803.36,113.20557,99.24919,99.18161
PRT,Portugal,2015,Klebsiella pneumoniae,Third-generation cephalosporins,40.40114613,37.880176737817216,22.612678163718336,110.55015347512315,19.909874155632004,31.18586867829124,20.327222695009286,35803.36,113.20557,99.24919,99.18161
PRT,Portugal,2015,Pseudomonas aeruginosa,Carbapenems,19.81528127,37.880176737817216,22.612678163718336,110.55015347512315,19.909874155632004,31.18586867829124,20.327222695009286,35803.36,113.20557,99.24919,99.18161
PRT,Portugal,2015,Staphylococcus aureus,Meticillin (MRSA),46.83614258,37.880176737817216,22.612678163718336,110.55015347512315,19.909874155632004,31.18586867829124,20.327222695009286,35803.36,113.20557,99.24919,99.18161
PRT,Portugal,2016,Acinetobacter spp.,Carbapenems,51.94174757,38.7814199715894,21.965236666914887,105.81425325513952,19.883119099915916,12.465502781595491,18.822037373130748,36636.297,112.94481,99.3443,99.18926
PRT,Portugal,2016,Enterococcus faecium,Aminopenicillins,89.42598187,38.7814199715894,21.965236666914887,105.81425325513952,19.883119099915916,12.465502781595491,18.822037373130748,36636.297,112.94481,99.3443,99.18926
PRT,Portugal,2016,Escherichia coli,Carbapenems,0.01736111,38.7814199715894,21.965236666914887,105.81425325513952,19.883119099915916,12.465502781595491,18.822037373130748,36636.297,112.94481,99.3443,99.18926
PRT,Portugal,2016,Escherichia coli,Fluoroquinolones,28.94691336,38.7814199715894,21.965236666914887,105.81425325513952,19.883119099915916,12.465502781595491,18.822037373130748,36636.297,112.94481,99.3443,99.18926
PRT,Portugal,2016,Escherichia coli,Third-generation cephalosporins,16.0615491,38.7814199715894,21.965236666914887,105.81425325513952,19.883119099915916,12.465502781595491,18.822037373130748,36636.297,112.94481,99.3443,99.18926
PRT,Portugal,2016,Klebsiella pneumoniae,Carbapenems,5.17094017,38.7814199715894,21.965236666914887,105.81425325513952,19.883119099915916,12.465502781595491,18.822037373130748,36636.297,112.94481,99.3443,99.18926
PRT,Portugal,2016,Klebsiella pneumoniae,Fluoroquinolones,41.70212765,38.7814199715894,21.965236666914887,105.81425325513952,19.883119099915916,12.465502781595491,18.822037373130748,36636.297,112.94481,99.3443,99.18926
PRT,Portugal,2016,Klebsiella pneumoniae,Third-generation cephalosporins,46.70072371,38.7814199715894,21.965236666914887,105.81425325513952,19.883119099915916,12.465502781595491,18.822037373130748,36636.297,112.94481,99.3443,99.18926
PRT,Portugal,2016,Pseudomonas aeruginosa,Carbapenems,19.15240423,38.7814199715894,21.965236666914887,105.81425325513952,19.883119099915916,12.465502781595491,18.822037373130748,36636.297,112.94481,99.3443,99.18926
PRT,Portugal,2016,Staphylococcus aureus,Meticillin (MRSA),43.57266936,38.7814199715894,21.965236666914887,105.81425325513952,19.883119099915916,12.465502781595491,18.822037373130748,36636.297,112.94481,99.3443,99.18926
PRT,Portugal,2017,Acinetobacter spp.,Carbapenems,40.69767441,39.11294619726116,22.558720843383703,128.5531910510586,21.08204664254866,36.73055212130776,21.15179560077646,37943.113,112.77518,99.438065,99.19817
PRT,Portugal,2017,Enterococcus faecium,Aminopenicillins,88.43683083,39.11294619726116,22.558720843383703,128.5531910510586,21.08204664254866,36.73055212130776,21.15179560077646,37943.113,112.77518,99.438065,99.19817
PRT,Portugal,2017,Escherichia coli,Carbapenems,0.32894736,39.11294619726116,22.558720843383703,128.5531910510586,21.08204664254866,36.73055212130776,21.15179560077646,37943.113,112.77518,99.438065,99.19817
PRT,Portugal,2017,Escherichia coli,Fluoroquinolones,27.27272727,39.11294619726116,22.558720843383703,128.5531910510586,21.08204664254866,36.73055212130776,21.15179560077646,37943.113,112.77518,99.438065,99.19817
PRT,Portugal,2017,Escherichia coli,Third-generation cephalosporins,15.58764167,39.11294619726116,22.558720843383703,128.5531910510586,21.08204664254866,36.73055212130776,21.15179560077646,37943.113,112.77518,99.438065,99.19817
PRT,Portugal,2017,Klebsiella pneumoniae,Carbapenems,8.63970588,39.11294619726116,22.558720843383703,128.5531910510586,21.08204664254866,36.73055212130776,21.15179560077646,37943.113,112.77518,99.438065,99.19817
PRT,Portugal,2017,Klebsiella pneumoniae,Fluoroquinolones,45.6871345,39.11294619726116,22.558720843383703,128.5531910510586,21.08204664254866,36.73055212130776,21.15179560077646,37943.113,112.77518,99.438065,99.19817
PRT,Portugal,2017,Klebsiella pneumoniae,Third-generation cephalosporins,44.91432737,39.11294619726116,22.558720843383703,128.5531910510586,21.08204664254866,36.73055212130776,21.15179560077646,37943.113,112.77518,99.438065,99.19817
PRT,Portugal,2017,Pseudomonas aeruginosa,Carbapenems,18.27160493,39.11294619726116,22.558720843383703,128.5531910510586,21.08204664254866,36.73055212130776,21.15179560077646,37943.113,112.77518,99.438065,99.19817
PRT,Portugal,2017,Staphylococcus aureus,Meticillin (MRSA),39.16309012,39.11294619726116,22.558720843383703,128.5531910510586,21.08204664254866,36.73055212130776,21.15179560077646,37943.113,112.77518,99.438065,99.19817
PRT,Portugal,2018,Acinetobacter spp.,Carbapenems,30.70866141,38.37243039861775,22.45891549259187,108.03806716993864,19.756271481721303,12.34863922652224,19.60016854494993,39123.613,112.715324,99.53051,99.208275
PRT,Portugal,2018,Enterococcus faecium,Aminopenicillins,83.60655737,38.37243039861775,22.45891549259187,108.03806716993864,19.756271481721303,12.34863922652224,19.60016854494993,39123.613,112.715324,99.53051,99.208275
PRT,Portugal,2018,Escherichia coli,Carbapenems,0.53475935,38.37243039861775,22.45891549259187,108.03806716993864,19.756271481721303,12.34863922652224,19.60016854494993,39123.613,112.715324,99.53051,99.208275
PRT,Portugal,2018,Escherichia coli,Fluoroquinolones,25.46012269,38.37243039861775,22.45891549259187,108.03806716993864,19.756271481721303,12.34863922652224,19.60016854494993,39123.613,112.715324,99.53051,99.208275
PRT,Portugal,2018,Escherichia coli,Third-generation cephalosporins,14.70838292,38.37243039861775,22.45891549259187,108.03806716993864,19.756271481721303,12.34863922652224,19.60016854494993,39123.613,112.715324,99.53051,99.208275
PRT,Portugal,2018,Klebsiella pneumoniae,Carbapenems,11.70503316,38.37243039861775,22.45891549259187,108.03806716993864,19.756271481721303,12.34863922652224,19.60016854494993,39123.613,112.715324,99.53051,99.208275
PRT,Portugal,2018,Klebsiella pneumoniae,Fluoroquinolones,43.78858024,38.37243039861775,22.45891549259187,108.03806716993864,19.756271481721303,12.34863922652224,19.60016854494993,39123.613,112.715324,99.53051,99.208275
PRT,Portugal,2018,Klebsiella pneumoniae,Third-generation cephalosporins,49.98061264,38.37243039861775,22.45891549259187,108.03806716993864,19.756271481721303,12.34863922652224,19.60016854494993,39123.613,112.715324,99.53051,99.208275
PRT,Portugal,2018,Pseudomonas aeruginosa,Carbapenems,15.70397111,38.37243039861775,22.45891549259187,108.03806716993864,19.756271481721303,12.34863922652224,19.60016854494993,39123.613,112.715324,99.53051,99.208275
PRT,Portugal,2018,Staphylococcus aureus,Meticillin (MRSA),38.0839895,38.37243039861775,22.45891549259187,108.03806716993864,19.756271481721303,12.34863922652224,19.60016854494993,39123.613,112.715324,99.53051,99.208275
ROU,Romania,2002,Enterococcus faecium,Aminopenicillins,,34.88866254050027,21.005464981880724,77.41603029468328,8.455155942756296,26.614116159465667,20.085552878310576,17061.7,94.61935,74.09455,100.0
ROU,Romania,2002,Escherichia coli,Carbapenems,0.0,34.88866254050027,21.005464981880724,77.41603029468328,8.455155942756296,26.614116159465667,20.085552878310576,17061.7,94.61935,74.09455,100.0
ROU,Romania,2002,Escherichia coli,Fluoroquinolones,20.0,34.88866254050027,21.005464981880724,77.41603029468328,8.455155942756296,26.614116159465667,20.085552878310576,17061.7,94.61935,74.09455,100.0
ROU,Romania,2002,Escherichia coli,Third-generation cephalosporins,17.85714285,34.88866254050027,21.005464981880724,77.41603029468328,8.455155942756296,26.614116159465667,20.085552878310576,17061.7,94.61935,74.09455,100.0
ROU,Romania,2002,Staphylococcus aureus,Meticillin (MRSA),36.25,34.88866254050027,21.005464981880724,77.41603029468328,8.455155942756296,26.614116159465667,20.085552878310576,17061.7,94.61935,74.09455,100.0
ROU,Romania,2003,Enterococcus faecium,Aminopenicillins,,35.33626389000138,21.01403753328432,94.0921505378914,8.289977089942765,22.709056267722957,16.43782256927535,17587.535,93.85191,74.14522,100.0
ROU,Romania,2003,Escherichia coli,Carbapenems,0.0,35.33626389000138,21.01403753328432,94.0921505378914,8.289977089942765,22.709056267722957,16.43782256927535,17587.535,93.85191,74.14522,100.0
ROU,Romania,2003,Escherichia coli,Fluoroquinolones,14.0,35.33626389000138,21.01403753328432,94.0921505378914,8.289977089942765,22.709056267722957,16.43782256927535,17587.535,93.85191,74.14522,100.0
ROU,Romania,2003,Escherichia coli,Third-generation cephalosporins,18.75,35.33626389000138,21.01403753328432,94.0921505378914,8.289977089942765,22.709056267722957,16.43782256927535,17587.535,93.85191,74.14522,100.0
ROU,Romania,2003,Staphylococcus aureus,Meticillin (MRSA),45.88235294,35.33626389000138,21.01403753328432,94.0921505378914,8.289977089942765,22.709056267722957,16.43782256927535,17587.535,93.85191,74.14522,100.0
ROU,Romania,2004,Enterococcus faecium,Aminopenicillins,,33.94216703181095,19.62569503473389,63.39627817771206,4.08268451492735,9.027546948272136,14.267087187880852,19532.56,93.0251,74.1955,100.0
ROU,Romania,2004,Escherichia coli,Carbapenems,2.7027027,33.94216703181095,19.62569503473389,63.39627817771206,4.08268451492735,9.027546948272136,14.267087187880852,19532.56,93.0251,74.1955,100.0
ROU,Romania,2004,Escherichia coli,Fluoroquinolones,20.93023255,33.94216703181095,19.62569503473389,63.39627817771206,4.08268451492735,9.027546948272136,14.267087187880852,19532.56,93.0251,74.1955,100.0
ROU,Romania,2004,Escherichia coli,Third-generation cephalosporins,22.91666666,33.94216703181095,19.62569503473389,63.39627817771206,4.08268451492735,9.027546948272136,14.267087187880852,19532.56,93.0251,74.1955,100.0
ROU,Romania,2004,Staphylococcus aureus,Meticillin (MRSA),70.52631578,33.94216703181095,19.62569503473389,63.39627817771206,4.08268451492735,9.027546948272136,14.267087187880852,19532.56,93.0251,74.1955,100.0
ROU,Romania,2005,Enterococcus faecium,Aminopenicillins,,33.85006289026891,20.717352203312768,67.4099915120032,5.838392480325545,11.01277266117806,14.48902081040004,20571.012,92.20008,74.24579,100.0
ROU,Romania,2005,Escherichia coli,Carbapenems,0.0,33.85006289026891,20.717352203312768,67.4099915120032,5.838392480325545,11.01277266117806,14.48902081040004,20571.012,92.20008,74.24579,100.0
ROU,Romania,2005,Escherichia coli,Fluoroquinolones,8.86075949,33.85006289026891,20.717352203312768,67.4099915120032,5.838392480325545,11.01277266117806,14.48902081040004,20571.012,92.20008,74.24579,100.0
ROU,Romania,2005,Escherichia coli,Third-generation cephalosporins,16.66666666,33.85006289026891,20.717352203312768,67.4099915120032,5.838392480325545,11.01277266117806,14.48902081040004,20571.012,92.20008,74.24579,100.0
ROU,Romania,2005,Klebsiella pneumoniae,Carbapenems,,33.85006289026891,20.717352203312768,67.4099915120032,5.838392480325545,11.01277266117806,14.48902081040004,20571.012,92.20008,74.24579,100.0
ROU,Romania,2005,Klebsiella pneumoniae,Fluoroquinolones,,33.85006289026891,20.717352203312768,67.4099915120032,5.838392480325545,11.01277266117806,14.48902081040004,20571.012,92.20008,74.24579,100.0
ROU,Romania,2005,Klebsiella pneumoniae,Third-generation cephalosporins,,33.85006289026891,20.717352203312768,67.4099915120032,5.838392480325545,11.01277266117806,14.48902081040004,20571.012,92.20008,74.24579,100.0
ROU,Romania,2005,Pseudomonas aeruginosa,Carbapenems,60.86956521,33.85006289026891,20.717352203312768,67.4099915120032,5.838392480325545,11.01277266117806,14.48902081040004,20571.012,92.20008,74.24579,100.0
ROU,Romania,2005,Staphylococcus aureus,Meticillin (MRSA),58.69565217,33.85006289026891,20.717352203312768,67.4099915120032,5.838392480325545,11.01277266117806,14.48902081040004,20571.012,92.20008,74.24579,100.0
ROU,Romania,2006,Enterococcus faecium,Aminopenicillins,,34.339790206479684,20.636665822992494,72.80433474494554,6.983035031298271,16.816736763121018,18.365207090033888,22354.656,91.4279,75.18352,100.0
ROU,Romania,2006,Escherichia coli,Carbapenems,3.03030303,34.339790206479684,20.636665822992494,72.80433474494554,6.983035031298271,16.816736763121018,18.365207090033888,22354.656,91.4279,75.18352,100.0
ROU,Romania,2006,Escherichia coli,Fluoroquinolones,41.02564102,34.339790206479684,20.636665822992494,72.80433474494554,6.983035031298271,16.816736763121018,18.365207090033888,22354.656,91.4279,75.18352,100.0
ROU,Romania,2006,Escherichia coli,Third-generation cephalosporins,41.02564102,34.339790206479684,20.636665822992494,72.80433474494554,6.983035031298271,16.816736763121018,18.365207090033888,22354.656,91.4279,75.18352,100.0
ROU,Romania,2006,Klebsiella pneumoniae,Carbapenems,0.0,34.339790206479684,20.636665822992494,72.80433474494554,6.983035031298271,16.816736763121018,18.365207090033888,22354.656,91.4279,75.18352,100.0
ROU,Romania,2006,Klebsiella pneumoniae,Fluoroquinolones,34.48275862,34.339790206479684,20.636665822992494,72.80433474494554,6.983035031298271,16.816736763121018,18.365207090033888,22354.656,91.4279,75.18352,100.0
ROU,Romania,2006,Klebsiella pneumoniae,Third-generation cephalosporins,93.75,34.339790206479684,20.636665822992494,72.80433474494554,6.983035031298271,16.816736763121018,18.365207090033888,22354.656,91.4279,75.18352,100.0
ROU,Romania,2006,Pseudomonas aeruginosa,Carbapenems,,34.339790206479684,20.636665822992494,72.80433474494554,6.983035031298271,16.816736763121018,18.365207090033888,22354.656,91.4279,75.18352,100.0
ROU,Romania,2006,Staphylococcus aureus,Meticillin (MRSA),53.01204819,34.339790206479684,20.636665822992494,72.80433474494554,6.983035031298271,16.816736763121018,18.365207090033888,22354.656,91.4279,75.18352,100.0
ROU,Romania,2007,Enterococcus faecium,Aminopenicillins,,38.57859531270797,21.925739095853324,85.15680518014287,10.05343501875295,39.43338770579095,20.68825858934218,24328.494,90.710686,76.118164,100.0
ROU,Romania,2007,Escherichia coli,Carbapenems,0.0,38.57859531270797,21.925739095853324,85.15680518014287,10.05343501875295,39.43338770579095,20.68825858934218,24328.494,90.710686,76.118164,100.0
ROU,Romania,2007,Escherichia coli,Fluoroquinolones,26.66666666,38.57859531270797,21.925739095853324,85.15680518014287,10.05343501875295,39.43338770579095,20.68825858934218,24328.494,90.710686,76.118164,100.0
ROU,Romania,2007,Escherichia coli,Third-generation cephalosporins,27.41935483,38.57859531270797,21.925739095853324,85.15680518014287,10.05343501875295,39.43338770579095,20.68825858934218,24328.494,90.710686,76.118164,100.0
ROU,Romania,2007,Klebsiella pneumoniae,Carbapenems,0.0,38.57859531270797,21.925739095853324,85.15680518014287,10.05343501875295,39.43338770579095,20.68825858934218,24328.494,90.710686,76.118164,100.0
ROU,Romania,2007,Klebsiella pneumoniae,Fluoroquinolones,23.33333333,38.57859531270797,21.925739095853324,85.15680518014287,10.05343501875295,39.43338770579095,20.68825858934218,24328.494,90.710686,76.118164,100.0
ROU,Romania,2007,Klebsiella pneumoniae,Third-generation cephalosporins,80.0,38.57859531270797,21.925739095853324,85.15680518014287,10.05343501875295,39.43338770579095,20.68825858934218,24328.494,90.710686,76.118164,100.0
ROU,Romania,2007,Pseudomonas aeruginosa,Carbapenems,,38.57859531270797,21.925739095853324,85.15680518014287,10.05343501875295,39.43338770579095,20.68825858934218,24328.494,90.710686,76.118164,100.0
ROU,Romania,2007,Staphylococcus aureus,Meticillin (MRSA),26.19047619,38.57859531270797,21.925739095853324,85.15680518014287,10.05343501875295,39.43338770579095,20.68825858934218,24328.494,90.710686,76.118164,100.0
ROU,Romania,2008,Enterococcus faecium,Aminopenicillins,,34.7831875925526,20.405688689406865,78.46940397786985,6.766538557519305,19.876028511835663,17.849940193839853,27039.713,90.05018,77.049736,100.0
ROU,Romania,2008,Escherichia coli,Carbapenems,0.0,34.7831875925526,20.405688689406865,78.46940397786985,6.766538557519305,19.876028511835663,17.849940193839853,27039.713,90.05018,77.049736,100.0
ROU,Romania,2008,Escherichia coli,Fluoroquinolones,26.92307692,34.7831875925526,20.405688689406865,78.46940397786985,6.766538557519305,19.876028511835663,17.849940193839853,27039.713,90.05018,77.049736,100.0
ROU,Romania,2008,Escherichia coli,Third-generation cephalosporins,23.63636363,34.7831875925526,20.405688689406865,78.46940397786985,6.766538557519305,19.876028511835663,17.849940193839853,27039.713,90.05018,77.049736,100.0
ROU,Romania,2008,Klebsiella pneumoniae,Carbapenems,,34.7831875925526,20.405688689406865,78.46940397786985,6.766538557519305,19.876028511835663,17.849940193839853,27039.713,90.05018,77.049736,100.0
ROU,Romania,2008,Klebsiella pneumoniae,Fluoroquinolones,,34.7831875925526,20.405688689406865,78.46940397786985,6.766538557519305,19.876028511835663,17.849940193839853,27039.713,90.05018,77.049736,100.0
ROU,Romania,2008,Klebsiella pneumoniae,Third-generation cephalosporins,,34.7831875925526,20.405688689406865,78.46940397786985,6.766538557519305,19.876028511835663,17.849940193839853,27039.713,90.05018,77.049736,100.0
ROU,Romania,2008,Pseudomonas aeruginosa,Carbapenems,,34.7831875925526,20.405688689406865,78.46940397786985,6.766538557519305,19.876028511835663,17.849940193839853,27039.713,90.05018,77.049736,100.0
ROU,Romania,2008,Staphylococcus aureus,Meticillin (MRSA),33.33333333,34.7831875925526,20.405688689406865,78.46940397786985,6.766538557519305,19.876028511835663,17.849940193839853,27039.713,90.05018,77.049736,100.0
ROU,Romania,2009,Enterococcus faecium,Aminopenicillins,,34.364982556430704,20.243135298764827,86.08224570862691,6.243012354149566,11.424599843767862,17.12116846806032,25761.738,89.43377,77.978226,100.0
ROU,Romania,2009,Escherichia coli,Carbapenems,,34.364982556430704,20.243135298764827,86.08224570862691,6.243012354149566,11.424599843767862,17.12116846806032,25761.738,89.43377,77.978226,100.0
ROU,Romania,2009,Escherichia coli,Fluoroquinolones,18.18181818,34.364982556430704,20.243135298764827,86.08224570862691,6.243012354149566,11.424599843767862,17.12116846806032,25761.738,89.43377,77.978226,100.0
ROU,Romania,2009,Escherichia coli,Third-generation cephalosporins,13.55932203,34.364982556430704,20.243135298764827,86.08224570862691,6.243012354149566,11.424599843767862,17.12116846806032,25761.738,89.43377,77.978226,100.0
ROU,Romania,2009,Klebsiella pneumoniae,Carbapenems,,34.364982556430704,20.243135298764827,86.08224570862691,6.243012354149566,11.424599843767862,17.12116846806032,25761.738,89.43377,77.978226,100.0
ROU,Romania,2009,Klebsiella pneumoniae,Fluoroquinolones,,34.364982556430704,20.243135298764827,86.08224570862691,6.243012354149566,11.424599843767862,17.12116846806032,25761.738,89.43377,77.978226,100.0
ROU,Romania,2009,Klebsiella pneumoniae,Third-generation cephalosporins,,34.364982556430704,20.243135298764827,86.08224570862691,6.243012354149566,11.424599843767862,17.12116846806032,25761.738,89.43377,77.978226,100.0
ROU,Romania,2009,Pseudomonas aeruginosa,Carbapenems,,34.364982556430704,20.243135298764827,86.08224570862691,6.243012354149566,11.424599843767862,17.12116846806032,25761.738,89.43377,77.978226,100.0
ROU,Romania,2009,Staphylococcus aureus,Meticillin (MRSA),34.04255319,34.364982556430704,20.243135298764827,86.08224570862691,6.243012354149566,11.424599843767862,17.12116846806032,25761.738,89.43377,77.978226,100.0
ROU,Romania,2010,Enterococcus faecium,Aminopenicillins,,34.888445259746405,21.450441269477764,72.75725617271407,11.90032818111607,19.978492920876885,17.674982541289875,24903.008,88.8064,78.90363,100.0
ROU,Romania,2010,Escherichia coli,Carbapenems,0.0,34.888445259746405,21.450441269477764,72.75725617271407,11.90032818111607,19.978492920876885,17.674982541289875,24903.008,88.8064,78.90363,100.0
ROU,Romania,2010,Escherichia coli,Fluoroquinolones,24.24242424,34.888445259746405,21.450441269477764,72.75725617271407,11.90032818111607,19.978492920876885,17.674982541289875,24903.008,88.8064,78.90363,100.0
ROU,Romania,2010,Escherichia coli,Third-generation cephalosporins,20.58823529,34.888445259746405,21.450441269477764,72.75725617271407,11.90032818111607,19.978492920876885,17.674982541289875,24903.008,88.8064,78.90363,100.0
ROU,Romania,2010,Klebsiella pneumoniae,Carbapenems,,34.888445259746405,21.450441269477764,72.75725617271407,11.90032818111607,19.978492920876885,17.674982541289875,24903.008,88.8064,78.90363,100.0
ROU,Romania,2010,Klebsiella pneumoniae,Fluoroquinolones,,34.888445259746405,21.450441269477764,72.75725617271407,11.90032818111607,19.978492920876885,17.674982541289875,24903.008,88.8064,78.90363,100.0
ROU,Romania,2010,Klebsiella pneumoniae,Third-generation cephalosporins,,34.888445259746405,21.450441269477764,72.75725617271407,11.90032818111607,19.978492920876885,17.674982541289875,24903.008,88.8064,78.90363,100.0
ROU,Romania,2010,Pseudomonas aeruginosa,Carbapenems,,34.888445259746405,21.450441269477764,72.75725617271407,11.90032818111607,19.978492920876885,17.674982541289875,24903.008,88.8064,78.90363,100.0
ROU,Romania,2010,Staphylococcus aureus,Meticillin (MRSA),39.13043478,34.888445259746405,21.450441269477764,72.75725617271407,11.90032818111607,19.978492920876885,17.674982541289875,24903.008,88.8064,78.90363,100.0
ROU,Romania,2011,Enterococcus faecium,Aminopenicillins,,34.478958891009086,20.59583515500657,87.46744359165609,7.1176874466017495,17.59068533544828,15.968375575546949,26150.855,88.151985,79.825966,100.0
ROU,Romania,2011,Escherichia coli,Carbapenems,0.0,34.478958891009086,20.59583515500657,87.46744359165609,7.1176874466017495,17.59068533544828,15.968375575546949,26150.855,88.151985,79.825966,100.0
ROU,Romania,2011,Escherichia coli,Fluoroquinolones,28.0,34.478958891009086,20.59583515500657,87.46744359165609,7.1176874466017495,17.59068533544828,15.968375575546949,26150.855,88.151985,79.825966,100.0
ROU,Romania,2011,Escherichia coli,Third-generation cephalosporins,21.05263157,34.478958891009086,20.59583515500657,87.46744359165609,7.1176874466017495,17.59068533544828,15.968375575546949,26150.855,88.151985,79.825966,100.0
ROU,Romania,2011,Klebsiella pneumoniae,Carbapenems,,34.478958891009086,20.59583515500657,87.46744359165609,7.1176874466017495,17.59068533544828,15.968375575546949,26150.855,88.151985,79.825966,100.0
ROU,Romania,2011,Klebsiella pneumoniae,Fluoroquinolones,,34.478958891009086,20.59583515500657,87.46744359165609,7.1176874466017495,17.59068533544828,15.968375575546949,26150.855,88.151985,79.825966,100.0
ROU,Romania,2011,Klebsiella pneumoniae,Third-generation cephalosporins,44.0,34.478958891009086,20.59583515500657,87.46744359165609,7.1176874466017495,17.59068533544828,15.968375575546949,26150.855,88.151985,79.825966,100.0
ROU,Romania,2011,Pseudomonas aeruginosa,Carbapenems,,34.478958891009086,20.59583515500657,87.46744359165609,7.1176874466017495,17.59068533544828,15.968375575546949,26150.855,88.151985,79.825966,100.0
ROU,Romania,2011,Staphylococcus aureus,Meticillin (MRSA),49.5412844,34.478958891009086,20.59583515500657,87.46744359165609,7.1176874466017495,17.59068533544828,15.968375575546949,26150.855,88.151985,79.825966,100.0
ROU,Romania,2012,Acinetobacter spp.,Carbapenems,81.48148148,37.39237062023085,21.635923567529023,97.63897978930552,13.470379742398729,37.98534350809288,19.89877334331716,26767.566,87.61497,80.70993,100.0
ROU,Romania,2012,Enterococcus faecium,Aminopenicillins,94.11764705,37.39237062023085,21.635923567529023,97.63897978930552,13.470379742398729,37.98534350809288,19.89877334331716,26767.566,87.61497,80.70993,100.0
ROU,Romania,2012,Escherichia coli,Carbapenems,0.0,37.39237062023085,21.635923567529023,97.63897978930552,13.470379742398729,37.98534350809288,19.89877334331716,26767.566,87.61497,80.70993,100.0
ROU,Romania,2012,Escherichia coli,Fluoroquinolones,29.03225806,37.39237062023085,21.635923567529023,97.63897978930552,13.470379742398729,37.98534350809288,19.89877334331716,26767.566,87.61497,80.70993,100.0
ROU,Romania,2012,Escherichia coli,Third-generation cephalosporins,25.13089005,37.39237062023085,21.635923567529023,97.63897978930552,13.470379742398729,37.98534350809288,19.89877334331716,26767.566,87.61497,80.70993,100.0
ROU,Romania,2012,Klebsiella pneumoniae,Carbapenems,13.72549019,37.39237062023085,21.635923567529023,97.63897978930552,13.470379742398729,37.98534350809288,19.89877334331716,26767.566,87.61497,80.70993,100.0
ROU,Romania,2012,Klebsiella pneumoniae,Fluoroquinolones,50.0,37.39237062023085,21.635923567529023,97.63897978930552,13.470379742398729,37.98534350809288,19.89877334331716,26767.566,87.61497,80.70993,100.0
ROU,Romania,2012,Klebsiella pneumoniae,Third-generation cephalosporins,60.78431372,37.39237062023085,21.635923567529023,97.63897978930552,13.470379742398729,37.98534350809288,19.89877334331716,26767.566,87.61497,80.70993,100.0
ROU,Romania,2012,Pseudomonas aeruginosa,Carbapenems,57.77777777,37.39237062023085,21.635923567529023,97.63897978930552,13.470379742398729,37.98534350809288,19.89877334331716,26767.566,87.61497,80.70993,100.0
ROU,Romania,2012,Staphylococcus aureus,Meticillin (MRSA),53.27510917,37.39237062023085,21.635923567529023,97.63897978930552,13.470379742398729,37.98534350809288,19.89877334331716,26767.566,87.61497,80.70993,100.0
ROU,Romania,2013,Acinetobacter spp.,Carbapenems,85.40145985,35.455594122231965,20.764987362432617,82.03279746746085,7.76556279311304,20.524144664336465,17.629606524391427,26942.043,87.19973,81.57879,100.0
ROU,Romania,2013,Enterococcus faecium,Aminopenicillins,90.74074074,35.455594122231965,20.764987362432617,82.03279746746085,7.76556279311304,20.524144664336465,17.629606524391427,26942.043,87.19973,81.57879,100.0
ROU,Romania,2013,Escherichia coli,Carbapenems,0.0,35.455594122231965,20.764987362432617,82.03279746746085,7.76556279311304,20.524144664336465,17.629606524391427,26942.043,87.19973,81.57879,100.0
ROU,Romania,2013,Escherichia coli,Fluoroquinolones,31.0,35.455594122231965,20.764987362432617,82.03279746746085,7.76556279311304,20.524144664336465,17.629606524391427,26942.043,87.19973,81.57879,100.0
ROU,Romania,2013,Escherichia coli,Third-generation cephalosporins,22.81879194,35.455594122231965,20.764987362432617,82.03279746746085,7.76556279311304,20.524144664336465,17.629606524391427,26942.043,87.19973,81.57879,100.0
ROU,Romania,2013,Klebsiella pneumoniae,Carbapenems,20.46511627,35.455594122231965,20.764987362432617,82.03279746746085,7.76556279311304,20.524144664336465,17.629606524391427,26942.043,87.19973,81.57879,100.0
ROU,Romania,2013,Klebsiella pneumoniae,Fluoroquinolones,51.64319248,35.455594122231965,20.764987362432617,82.03279746746085,7.76556279311304,20.524144664336465,17.629606524391427,26942.043,87.19973,81.57879,100.0
ROU,Romania,2013,Klebsiella pneumoniae,Third-generation cephalosporins,67.28971962,35.455594122231965,20.764987362432617,82.03279746746085,7.76556279311304,20.524144664336465,17.629606524391427,26942.043,87.19973,81.57879,100.0
ROU,Romania,2013,Pseudomonas aeruginosa,Carbapenems,60.46511627,35.455594122231965,20.764987362432617,82.03279746746085,7.76556279311304,20.524144664336465,17.629606524391427,26942.043,87.19973,81.57879,100.0
ROU,Romania,2013,Staphylococcus aureus,Meticillin (MRSA),64.49086161,35.455594122231965,20.764987362432617,82.03279746746085,7.76556279311304,20.524144664336465,17.629606524391427,26942.043,87.19973,81.57879,100.0
ROU,Romania,2014,Acinetobacter spp.,Carbapenems,81.300813,33.50420298731027,20.28794888428275,71.48309812061993,6.359203226718634,19.08101162787266,22.829178844429567,28156.248,86.78798,82.44852,100.0
ROU,Romania,2014,Enterococcus faecium,Aminopenicillins,94.54545454,33.50420298731027,20.28794888428275,71.48309812061993,6.359203226718634,19.08101162787266,22.829178844429567,28156.248,86.78798,82.44852,100.0
ROU,Romania,2014,Escherichia coli,Carbapenems,0.6557377,33.50420298731027,20.28794888428275,71.48309812061993,6.359203226718634,19.08101162787266,22.829178844429567,28156.248,86.78798,82.44852,100.0
ROU,Romania,2014,Escherichia coli,Fluoroquinolones,31.2703583,33.50420298731027,20.28794888428275,71.48309812061993,6.359203226718634,19.08101162787266,22.829178844429567,28156.248,86.78798,82.44852,100.0
ROU,Romania,2014,Escherichia coli,Third-generation cephalosporins,29.4117647,33.50420298731027,20.28794888428275,71.48309812061993,6.359203226718634,19.08101162787266,22.829178844429567,28156.248,86.78798,82.44852,100.0
ROU,Romania,2014,Klebsiella pneumoniae,Carbapenems,31.51750972,33.50420298731027,20.28794888428275,71.48309812061993,6.359203226718634,19.08101162787266,22.829178844429567,28156.248,86.78798,82.44852,100.0
ROU,Romania,2014,Klebsiella pneumoniae,Fluoroquinolones,66.53696498,33.50420298731027,20.28794888428275,71.48309812061993,6.359203226718634,19.08101162787266,22.829178844429567,28156.248,86.78798,82.44852,100.0
ROU,Romania,2014,Klebsiella pneumoniae,Third-generation cephalosporins,73.828125,33.50420298731027,20.28794888428275,71.48309812061993,6.359203226718634,19.08101162787266,22.829178844429567,28156.248,86.78798,82.44852,100.0
ROU,Romania,2014,Pseudomonas aeruginosa,Carbapenems,58.51063829,33.50420298731027,20.28794888428275,71.48309812061993,6.359203226718634,19.08101162787266,22.829178844429567,28156.248,86.78798,82.44852,100.0
ROU,Romania,2014,Staphylococcus aureus,Meticillin (MRSA),56.01265822,33.50420298731027,20.28794888428275,71.48309812061993,6.359203226718634,19.08101162787266,22.829178844429567,28156.248,86.78798,82.44852,100.0
ROU,Romania,2015,Acinetobacter spp.,Carbapenems,81.48148148,35.97798227096761,21.670459343042165,85.72483373741511,11.473594821736166,36.56298636869644,21.182492470572537,29182.0,86.36569,83.3255,100.0
ROU,Romania,2015,Enterococcus faecium,Aminopenicillins,63.38028169,35.97798227096761,21.670459343042165,85.72483373741511,11.473594821736166,36.56298636869644,21.182492470572537,29182.0,86.36569,83.3255,100.0
ROU,Romania,2015,Escherichia coli,Carbapenems,1.90217391,35.97798227096761,21.670459343042165,85.72483373741511,11.473594821736166,36.56298636869644,21.182492470572537,29182.0,86.36569,83.3255,100.0
ROU,Romania,2015,Escherichia coli,Fluoroquinolones,30.7277628,35.97798227096761,21.670459343042165,85.72483373741511,11.473594821736166,36.56298636869644,21.182492470572537,29182.0,86.36569,83.3255,100.0
ROU,Romania,2015,Escherichia coli,Third-generation cephalosporins,26.82926829,35.97798227096761,21.670459343042165,85.72483373741511,11.473594821736166,36.56298636869644,21.182492470572537,29182.0,86.36569,83.3255,100.0
ROU,Romania,2015,Klebsiella pneumoniae,Carbapenems,24.72324723,35.97798227096761,21.670459343042165,85.72483373741511,11.473594821736166,36.56298636869644,21.182492470572537,29182.0,86.36569,83.3255,100.0
ROU,Romania,2015,Klebsiella pneumoniae,Fluoroquinolones,61.42322097,35.97798227096761,21.670459343042165,85.72483373741511,11.473594821736166,36.56298636869644,21.182492470572537,29182.0,86.36569,83.3255,100.0
ROU,Romania,2015,Klebsiella pneumoniae,Third-generation cephalosporins,70.74074074,35.97798227096761,21.670459343042165,85.72483373741511,11.473594821736166,36.56298636869644,21.182492470572537,29182.0,86.36569,83.3255,100.0
ROU,Romania,2015,Pseudomonas aeruginosa,Carbapenems,66.30434782,35.97798227096761,21.670459343042165,85.72483373741511,11.473594821736166,36.56298636869644,21.182492470572537,29182.0,86.36569,83.3255,100.0
ROU,Romania,2015,Staphylococcus aureus,Meticillin (MRSA),57.23905723,35.97798227096761,21.670459343042165,85.72483373741511,11.473594821736166,36.56298636869644,21.182492470572537,29182.0,86.36569,83.3255,100.0
ROU,Romania,2016,Acinetobacter spp.,Carbapenems,85.0,34.18508530866023,21.269812457041777,84.82435692490519,8.989050934668596,16.66885944922091,19.86552817526508,30189.273,85.95727,84.20941,100.0
ROU,Romania,2016,Enterococcus faecium,Aminopenicillins,97.22222222,34.18508530866023,21.269812457041777,84.82435692490519,8.989050934668596,16.66885944922091,19.86552817526508,30189.273,85.95727,84.20941,100.0
ROU,Romania,2016,Escherichia coli,Carbapenems,0.973236,34.18508530866023,21.269812457041777,84.82435692490519,8.989050934668596,16.66885944922091,19.86552817526508,30189.273,85.95727,84.20941,100.0
ROU,Romania,2016,Escherichia coli,Fluoroquinolones,30.62200956,34.18508530866023,21.269812457041777,84.82435692490519,8.989050934668596,16.66885944922091,19.86552817526508,30189.273,85.95727,84.20941,100.0
ROU,Romania,2016,Escherichia coli,Third-generation cephalosporins,23.44497607,34.18508530866023,21.269812457041777,84.82435692490519,8.989050934668596,16.66885944922091,19.86552817526508,30189.273,85.95727,84.20941,100.0
ROU,Romania,2016,Klebsiella pneumoniae,Carbapenems,31.43712574,34.18508530866023,21.269812457041777,84.82435692490519,8.989050934668596,16.66885944922091,19.86552817526508,30189.273,85.95727,84.20941,100.0
ROU,Romania,2016,Klebsiella pneumoniae,Fluoroquinolones,60.81871345,34.18508530866023,21.269812457041777,84.82435692490519,8.989050934668596,16.66885944922091,19.86552817526508,30189.273,85.95727,84.20941,100.0
ROU,Romania,2016,Klebsiella pneumoniae,Third-generation cephalosporins,68.02325581,34.18508530866023,21.269812457041777,84.82435692490519,8.989050934668596,16.66885944922091,19.86552817526508,30189.273,85.95727,84.20941,100.0
ROU,Romania,2016,Pseudomonas aeruginosa,Carbapenems,51.61290322,34.18508530866023,21.269812457041777,84.82435692490519,8.989050934668596,16.66885944922091,19.86552817526508,30189.273,85.95727,84.20941,100.0
ROU,Romania,2016,Staphylococcus aureus,Meticillin (MRSA),50.73375262,34.18508530866023,21.269812457041777,84.82435692490519,8.989050934668596,16.66885944922091,19.86552817526508,30189.273,85.95727,84.20941,100.0
ROU,Romania,2017,Acinetobacter spp.,Carbapenems,87.36263736,36.86449896945288,22.006580685034248,82.92501917649102,10.004606033627804,20.39717721027024,16.9450975521716,32852.773,85.57634,85.0986,100.0
ROU,Romania,2017,Enterococcus faecium,Aminopenicillins,87.5,36.86449896945288,22.006580685034248,82.92501917649102,10.004606033627804,20.39717721027024,16.9450975521716,32852.773,85.57634,85.0986,100.0
ROU,Romania,2017,Escherichia coli,Carbapenems,0.39215686,36.86449896945288,22.006580685034248,82.92501917649102,10.004606033627804,20.39717721027024,16.9450975521716,32852.773,85.57634,85.0986,100.0
ROU,Romania,2017,Escherichia coli,Fluoroquinolones,26.44787644,36.86449896945288,22.006580685034248,82.92501917649102,10.004606033627804,20.39717721027024,16.9450975521716,32852.773,85.57634,85.0986,100.0
ROU,Romania,2017,Escherichia coli,Third-generation cephalosporins,18.72586872,36.86449896945288,22.006580685034248,82.92501917649102,10.004606033627804,20.39717721027024,16.9450975521716,32852.773,85.57634,85.0986,100.0
ROU,Romania,2017,Klebsiella pneumoniae,Carbapenems,22.45508982,36.86449896945288,22.006580685034248,82.92501917649102,10.004606033627804,20.39717721027024,16.9450975521716,32852.773,85.57634,85.0986,100.0
ROU,Romania,2017,Klebsiella pneumoniae,Fluoroquinolones,64.09495548,36.86449896945288,22.006580685034248,82.92501917649102,10.004606033627804,20.39717721027024,16.9450975521716,32852.773,85.57634,85.0986,100.0
ROU,Romania,2017,Klebsiella pneumoniae,Third-generation cephalosporins,62.53687315,36.86449896945288,22.006580685034248,82.92501917649102,10.004606033627804,20.39717721027024,16.9450975521716,32852.773,85.57634,85.0986,100.0
ROU,Romania,2017,Pseudomonas aeruginosa,Carbapenems,63.35877862,36.86449896945288,22.006580685034248,82.92501917649102,10.004606033627804,20.39717721027024,16.9450975521716,32852.773,85.57634,85.0986,100.0
ROU,Romania,2017,Staphylococcus aureus,Meticillin (MRSA),45.36489151,36.86449896945288,22.006580685034248,82.92501917649102,10.004606033627804,20.39717721027024,16.9450975521716,32852.773,85.57634,85.0986,100.0
ROU,Romania,2018,Acinetobacter spp.,Carbapenems,85.32110091,32.54703142486349,20.825062159729548,104.76914156688925,9.194523599725269,34.37455204094237,24.867052843833125,34829.04,85.17852,85.99295,100.0
ROU,Romania,2018,Enterococcus faecium,Aminopenicillins,94.20289855,32.54703142486349,20.825062159729548,104.76914156688925,9.194523599725269,34.37455204094237,24.867052843833125,34829.04,85.17852,85.99295,100.0
ROU,Romania,2018,Escherichia coli,Carbapenems,0.0,32.54703142486349,20.825062159729548,104.76914156688925,9.194523599725269,34.37455204094237,24.867052843833125,34829.04,85.17852,85.99295,100.0
ROU,Romania,2018,Escherichia coli,Fluoroquinolones,29.10216718,32.54703142486349,20.825062159729548,104.76914156688925,9.194523599725269,34.37455204094237,24.867052843833125,34829.04,85.17852,85.99295,100.0
ROU,Romania,2018,Escherichia coli,Third-generation cephalosporins,20.18348623,32.54703142486349,20.825062159729548,104.76914156688925,9.194523599725269,34.37455204094237,24.867052843833125,34829.04,85.17852,85.99295,100.0
ROU,Romania,2018,Klebsiella pneumoniae,Carbapenems,29.47845804,32.54703142486349,20.825062159729548,104.76914156688925,9.194523599725269,34.37455204094237,24.867052843833125,34829.04,85.17852,85.99295,100.0
ROU,Romania,2018,Klebsiella pneumoniae,Fluoroquinolones,57.36961451,32.54703142486349,20.825062159729548,104.76914156688925,9.194523599725269,34.37455204094237,24.867052843833125,34829.04,85.17852,85.99295,100.0
ROU,Romania,2018,Klebsiella pneumoniae,Third-generation cephalosporins,61.39954853,32.54703142486349,20.825062159729548,104.76914156688925,9.194523599725269,34.37455204094237,24.867052843833125,34829.04,85.17852,85.99295,100.0
ROU,Romania,2018,Pseudomonas aeruginosa,Carbapenems,55.12820512,32.54703142486349,20.825062159729548,104.76914156688925,9.194523599725269,34.37455204094237,24.867052843833125,34829.04,85.17852,85.99295,100.0
ROU,Romania,2018,Staphylococcus aureus,Meticillin (MRSA),43.0,32.54703142486349,20.825062159729548,104.76914156688925,9.194523599725269,34.37455204094237,24.867052843833125,34829.04,85.17852,85.99295,100.0
SVK,Slovakia,2001,Enterococcus faecium,Aminopenicillins,,33.06463856950319,19.47523137652973,49.478643064645134,2.843340021650945,7.975650734792864,16.427220946371495,18914.39,111.88517,99.8324,97.97942
SVK,Slovakia,2001,Escherichia coli,Fluoroquinolones,15.55555555,33.06463856950319,19.47523137652973,49.478643064645134,2.843340021650945,7.975650734792864,16.427220946371495,18914.39,111.88517,99.8324,97.97942
SVK,Slovakia,2001,Escherichia coli,Third-generation cephalosporins,6.66666666,33.06463856950319,19.47523137652973,49.478643064645134,2.843340021650945,7.975650734792864,16.427220946371495,18914.39,111.88517,99.8324,97.97942
SVK,Slovakia,2001,Staphylococcus aureus,Meticillin (MRSA),5.4054054,33.06463856950319,19.47523137652973,49.478643064645134,2.843340021650945,7.975650734792864,16.427220946371495,18914.39,111.88517,99.8324,97.97942
SVK,Slovakia,2002,Enterococcus faecium,Aminopenicillins,,33.33133386545546,19.70361758674432,57.41578917226651,3.1788288516227303,24.48656809003881,20.29276718083377,19757.068,111.84869,99.834854,97.97627
SVK,Slovakia,2002,Escherichia coli,Carbapenems,0.67567567,33.33133386545546,19.70361758674432,57.41578917226651,3.1788288516227303,24.48656809003881,20.29276718083377,19757.068,111.84869,99.834854,97.97627
SVK,Slovakia,2002,Escherichia coli,Fluoroquinolones,14.4859813,33.33133386545546,19.70361758674432,57.41578917226651,3.1788288516227303,24.48656809003881,20.29276718083377,19757.068,111.84869,99.834854,97.97627
SVK,Slovakia,2002,Escherichia coli,Third-generation cephalosporins,1.86915887,33.33133386545546,19.70361758674432,57.41578917226651,3.1788288516227303,24.48656809003881,20.29276718083377,19757.068,111.84869,99.834854,97.97627
SVK,Slovakia,2002,Staphylococcus aureus,Meticillin (MRSA),8.49420849,33.33133386545546,19.70361758674432,57.41578917226651,3.1788288516227303,24.48656809003881,20.29276718083377,19757.068,111.84869,99.834854,97.97627
SVK,Slovakia,2003,Enterococcus faecium,Aminopenicillins,,35.09159252488505,20.10135079425285,76.49690294409598,5.498732222917371,24.29239288319412,17.29477017853722,20730.25,111.81774,99.66091,97.97312
SVK,Slovakia,2003,Escherichia coli,Carbapenems,0.0,35.09159252488505,20.10135079425285,76.49690294409598,5.498732222917371,24.29239288319412,17.29477017853722,20730.25,111.81774,99.66091,97.97312
SVK,Slovakia,2003,Escherichia coli,Fluoroquinolones,20.16806722,35.09159252488505,20.10135079425285,76.49690294409598,5.498732222917371,24.29239288319412,17.29477017853722,20730.25,111.81774,99.66091,97.97312
SVK,Slovakia,2003,Escherichia coli,Third-generation cephalosporins,0.41841004,35.09159252488505,20.10135079425285,76.49690294409598,5.498732222917371,24.29239288319412,17.29477017853722,20730.25,111.81774,99.66091,97.97312
SVK,Slovakia,2003,Staphylococcus aureus,Meticillin (MRSA),12.6394052,35.09159252488505,20.10135079425285,76.49690294409598,5.498732222917371,24.29239288319412,17.29477017853722,20730.25,111.81774,99.66091,97.97312
SVK,Slovakia,2004,Enterococcus faecium,Aminopenicillins,,32.2667857081413,18.70417421797906,44.497548449317634,2.1759361258233736,9.075218921297049,13.93536851732555,21851.955,111.81444,99.46972,97.96997
SVK,Slovakia,2004,Escherichia coli,Carbapenems,0.0,32.2667857081413,18.70417421797906,44.497548449317634,2.1759361258233736,9.075218921297049,13.93536851732555,21851.955,111.81444,99.46972,97.96997
SVK,Slovakia,2004,Escherichia coli,Fluoroquinolones,24.02597402,32.2667857081413,18.70417421797906,44.497548449317634,2.1759361258233736,9.075218921297049,13.93536851732555,21851.955,111.81444,99.46972,97.96997
SVK,Slovakia,2004,Escherichia coli,Third-generation cephalosporins,7.14285714,32.2667857081413,18.70417421797906,44.497548449317634,2.1759361258233736,9.075218921297049,13.93536851732555,21851.955,111.81444,99.46972,97.96997
SVK,Slovakia,2004,Staphylococcus aureus,Meticillin (MRSA),19.03114186,32.2667857081413,18.70417421797906,44.497548449317634,2.1759361258233736,9.075218921297049,13.93536851732555,21851.955,111.81444,99.46972,97.96997
SVK,Slovakia,2005,Enterococcus faecium,Aminopenicillins,,33.55812779839525,19.78788439596132,50.43437971799868,2.7262854830986405,13.426241702396362,14.877009173677797,23266.758,111.82814,99.27787,97.96682
SVK,Slovakia,2005,Escherichia coli,Carbapenems,0.0,33.55812779839525,19.78788439596132,50.43437971799868,2.7262854830986405,13.426241702396362,14.877009173677797,23266.758,111.82814,99.27787,97.96682
SVK,Slovakia,2005,Escherichia coli,Fluoroquinolones,14.39393939,33.55812779839525,19.78788439596132,50.43437971799868,2.7262854830986405,13.426241702396362,14.877009173677797,23266.758,111.82814,99.27787,97.96682
SVK,Slovakia,2005,Escherichia coli,Third-generation cephalosporins,8.24742268,33.55812779839525,19.78788439596132,50.43437971799868,2.7262854830986405,13.426241702396362,14.877009173677797,23266.758,111.82814,99.27787,97.96682
SVK,Slovakia,2005,Staphylococcus aureus,Meticillin (MRSA),19.04761904,33.55812779839525,19.78788439596132,50.43437971799868,2.7262854830986405,13.426241702396362,14.877009173677797,23266.758,111.82814,99.27787,97.96682
SVK,Slovakia,2011,Enterococcus faecium,Aminopenicillins,96.07843137,33.3360787736144,19.43518930054537,60.19080103634878,2.7903976924712994,19.157823811337614,16.450088287217845,30481.377,112.2734,98.10826,98.99754
SVK,Slovakia,2011,Escherichia coli,Carbapenems,0.0,33.3360787736144,19.43518930054537,60.19080103634878,2.7903976924712994,19.157823811337614,16.450088287217845,30481.377,112.2734,98.10826,98.99754
SVK,Slovakia,2011,Escherichia coli,Fluoroquinolones,41.81326116,33.3360787736144,19.43518930054537,60.19080103634878,2.7903976924712994,19.157823811337614,16.450088287217845,30481.377,112.2734,98.10826,98.99754
SVK,Slovakia,2011,Escherichia coli,Third-generation cephalosporins,30.94594594,33.3360787736144,19.43518930054537,60.19080103634878,2.7903976924712994,19.157823811337614,16.450088287217845,30481.377,112.2734,98.10826,98.99754
SVK,Slovakia,2011,Klebsiella pneumoniae,Carbapenems,0.69124423,33.3360787736144,19.43518930054537,60.19080103634878,2.7903976924712994,19.157823811337614,16.450088287217845,30481.377,112.2734,98.10826,98.99754
SVK,Slovakia,2011,Klebsiella pneumoniae,Fluoroquinolones,70.75268817,33.3360787736144,19.43518930054537,60.19080103634878,2.7903976924712994,19.157823811337614,16.450088287217845,30481.377,112.2734,98.10826,98.99754
SVK,Slovakia,2011,Klebsiella pneumoniae,Third-generation cephalosporins,68.24034334,33.3360787736144,19.43518930054537,60.19080103634878,2.7903976924712994,19.157823811337614,16.450088287217845,30481.377,112.2734,98.10826,98.99754
SVK,Slovakia,2011,Pseudomonas aeruginosa,Carbapenems,30.52208835,33.3360787736144,19.43518930054537,60.19080103634878,2.7903976924712994,19.157823811337614,16.450088287217845,30481.377,112.2734,98.10826,98.99754
SVK,Slovakia,2011,Staphylococcus aureus,Meticillin (MRSA),26.14840989,33.3360787736144,19.43518930054537,60.19080103634878,2.7903976924712994,19.157823811337614,16.450088287217845,30481.377,112.2734,98.10826,98.99754
SVK,Slovakia,2012,Enterococcus faecium,Aminopenicillins,95.12195121,35.38078230167204,20.06499248417008,64.49879472126047,4.770417041520814,23.901256669366475,18.210551362948987,30907.04,112.414246,97.9115,99.37583
SVK,Slovakia,2012,Escherichia coli,Carbapenems,1.06221547,35.38078230167204,20.06499248417008,64.49879472126047,4.770417041520814,23.901256669366475,18.210551362948987,30907.04,112.414246,97.9115,99.37583
SVK,Slovakia,2012,Escherichia coli,Fluoroquinolones,41.29496402,35.38078230167204,20.06499248417008,64.49879472126047,4.770417041520814,23.901256669366475,18.210551362948987,30907.04,112.414246,97.9115,99.37583
SVK,Slovakia,2012,Escherichia coli,Third-generation cephalosporins,30.73593073,35.38078230167204,20.06499248417008,64.49879472126047,4.770417041520814,23.901256669366475,18.210551362948987,30907.04,112.414246,97.9115,99.37583
SVK,Slovakia,2012,Klebsiella pneumoniae,Carbapenems,6.34441087,35.38078230167204,20.06499248417008,64.49879472126047,4.770417041520814,23.901256669366475,18.210551362948987,30907.04,112.414246,97.9115,99.37583
SVK,Slovakia,2012,Klebsiella pneumoniae,Fluoroquinolones,66.75531914,35.38078230167204,20.06499248417008,64.49879472126047,4.770417041520814,23.901256669366475,18.210551362948987,30907.04,112.414246,97.9115,99.37583
SVK,Slovakia,2012,Klebsiella pneumoniae,Third-generation cephalosporins,62.69841269,35.38078230167204,20.06499248417008,64.49879472126047,4.770417041520814,23.901256669366475,18.210551362948987,30907.04,112.414246,97.9115,99.37583
SVK,Slovakia,2012,Pseudomonas aeruginosa,Carbapenems,40.7821229,35.38078230167204,20.06499248417008,64.49879472126047,4.770417041520814,23.901256669366475,18.210551362948987,30907.04,112.414246,97.9115,99.37583
SVK,Slovakia,2012,Staphylococcus aureus,Meticillin (MRSA),24.05063291,35.38078230167204,20.06499248417008,64.49879472126047,4.770417041520814,23.901256669366475,18.210551362948987,30907.04,112.414246,97.9115,99.37583
SVK,Slovakia,2013,Acinetobacter spp.,Carbapenems,45.77464788,35.9517520708749,20.29320122486716,55.4716445545466,3.6011754890228262,14.915353646835207,16.531757483577344,31090.988,112.52958,97.71413,99.52017
SVK,Slovakia,2013,Enterococcus faecium,Aminopenicillins,96.92307692,35.9517520708749,20.29320122486716,55.4716445545466,3.6011754890228262,14.915353646835207,16.531757483577344,31090.988,112.52958,97.71413,99.52017
SVK,Slovakia,2013,Escherichia coli,Carbapenems,0.0,35.9517520708749,20.29320122486716,55.4716445545466,3.6011754890228262,14.915353646835207,16.531757483577344,31090.988,112.52958,97.71413,99.52017
SVK,Slovakia,2013,Escherichia coli,Fluoroquinolones,40.34653465,35.9517520708749,20.29320122486716,55.4716445545466,3.6011754890228262,14.915353646835207,16.531757483577344,31090.988,112.52958,97.71413,99.52017
SVK,Slovakia,2013,Escherichia coli,Third-generation cephalosporins,29.73977695,35.9517520708749,20.29320122486716,55.4716445545466,3.6011754890228262,14.915353646835207,16.531757483577344,31090.988,112.52958,97.71413,99.52017
SVK,Slovakia,2013,Klebsiella pneumoniae,Carbapenems,0.58479532,35.9517520708749,20.29320122486716,55.4716445545466,3.6011754890228262,14.915353646835207,16.531757483577344,31090.988,112.52958,97.71413,99.52017
SVK,Slovakia,2013,Klebsiella pneumoniae,Fluoroquinolones,66.87116564,35.9517520708749,20.29320122486716,55.4716445545466,3.6011754890228262,14.915353646835207,16.531757483577344,31090.988,112.52958,97.71413,99.52017
SVK,Slovakia,2013,Klebsiella pneumoniae,Third-generation cephalosporins,66.39344262,35.9517520708749,20.29320122486716,55.4716445545466,3.6011754890228262,14.915353646835207,16.531757483577344,31090.988,112.52958,97.71413,99.52017
SVK,Slovakia,2013,Pseudomonas aeruginosa,Carbapenems,58.87850467,35.9517520708749,20.29320122486716,55.4716445545466,3.6011754890228262,14.915353646835207,16.531757483577344,31090.988,112.52958,97.71413,99.52017
SVK,Slovakia,2013,Staphylococcus aureus,Meticillin (MRSA),48.36956521,35.9517520708749,20.29320122486716,55.4716445545466,3.6011754890228262,14.915353646835207,16.531757483577344,31090.988,112.52958,97.71413,99.52017
SVK,Slovakia,2014,Acinetobacter spp.,Carbapenems,32.91925465,32.99339807125397,19.29789745640767,49.31299961092888,1.8985403880228235,21.296276563569773,23.33383770120529,31901.943,112.629745,97.51613,99.78675
SVK,Slovakia,2014,Enterococcus faecium,Aminopenicillins,94.53125,32.99339807125397,19.29789745640767,49.31299961092888,1.8985403880228235,21.296276563569773,23.33383770120529,31901.943,112.629745,97.51613,99.78675
SVK,Slovakia,2014,Escherichia coli,Carbapenems,0.0,32.99339807125397,19.29789745640767,49.31299961092888,1.8985403880228235,21.296276563569773,23.33383770120529,31901.943,112.629745,97.51613,99.78675
SVK,Slovakia,2014,Escherichia coli,Fluoroquinolones,42.95377677,32.99339807125397,19.29789745640767,49.31299961092888,1.8985403880228235,21.296276563569773,23.33383770120529,31901.943,112.629745,97.51613,99.78675
SVK,Slovakia,2014,Escherichia coli,Third-generation cephalosporins,31.8335208,32.99339807125397,19.29789745640767,49.31299961092888,1.8985403880228235,21.296276563569773,23.33383770120529,31901.943,112.629745,97.51613,99.78675
SVK,Slovakia,2014,Klebsiella pneumoniae,Carbapenems,2.63157894,32.99339807125397,19.29789745640767,49.31299961092888,1.8985403880228235,21.296276563569773,23.33383770120529,31901.943,112.629745,97.51613,99.78675
SVK,Slovakia,2014,Klebsiella pneumoniae,Fluoroquinolones,70.79107505,32.99339807125397,19.29789745640767,49.31299961092888,1.8985403880228235,21.296276563569773,23.33383770120529,31901.943,112.629745,97.51613,99.78675
SVK,Slovakia,2014,Klebsiella pneumoniae,Third-generation cephalosporins,69.37119675,32.99339807125397,19.29789745640767,49.31299961092888,1.8985403880228235,21.296276563569773,23.33383770120529,31901.943,112.629745,97.51613,99.78675
SVK,Slovakia,2014,Pseudomonas aeruginosa,Carbapenems,38.4,32.99339807125397,19.29789745640767,49.31299961092888,1.8985403880228235,21.296276563569773,23.33383770120529,31901.943,112.629745,97.51613,99.78675
SVK,Slovakia,2014,Staphylococcus aureus,Meticillin (MRSA),27.96875,32.99339807125397,19.29789745640767,49.31299961092888,1.8985403880228235,21.296276563569773,23.33383770120529,31901.943,112.629745,97.51613,99.78675
SVK,Slovakia,2015,Acinetobacter spp.,Carbapenems,28.16901408,35.96478932619951,20.76120070598391,62.53162961604842,5.933070472488149,36.04748151668928,20.79789854311647,33521.594,112.734566,97.52083,99.78719
SVK,Slovakia,2015,Enterococcus faecium,Aminopenicillins,95.8041958,35.96478932619951,20.76120070598391,62.53162961604842,5.933070472488149,36.04748151668928,20.79789854311647,33521.594,112.734566,97.52083,99.78719
SVK,Slovakia,2015,Escherichia coli,Carbapenems,0.0,35.96478932619951,20.76120070598391,62.53162961604842,5.933070472488149,36.04748151668928,20.79789854311647,33521.594,112.734566,97.52083,99.78719
SVK,Slovakia,2015,Escherichia coli,Fluoroquinolones,44.18344519,35.96478932619951,20.76120070598391,62.53162961604842,5.933070472488149,36.04748151668928,20.79789854311647,33521.594,112.734566,97.52083,99.78719
SVK,Slovakia,2015,Escherichia coli,Third-generation cephalosporins,30.0111982,35.96478932619951,20.76120070598391,62.53162961604842,5.933070472488149,36.04748151668928,20.79789854311647,33521.594,112.734566,97.52083,99.78719
SVK,Slovakia,2015,Klebsiella pneumoniae,Carbapenems,0.91743119,35.96478932619951,20.76120070598391,62.53162961604842,5.933070472488149,36.04748151668928,20.79789854311647,33521.594,112.734566,97.52083,99.78719
SVK,Slovakia,2015,Klebsiella pneumoniae,Fluoroquinolones,70.04219409,35.96478932619951,20.76120070598391,62.53162961604842,5.933070472488149,36.04748151668928,20.79789854311647,33521.594,112.734566,97.52083,99.78719
SVK,Slovakia,2015,Klebsiella pneumoniae,Third-generation cephalosporins,67.1641791,35.96478932619951,20.76120070598391,62.53162961604842,5.933070472488149,36.04748151668928,20.79789854311647,33521.594,112.734566,97.52083,99.78719
SVK,Slovakia,2015,Pseudomonas aeruginosa,Carbapenems,51.90839694,35.96478932619951,20.76120070598391,62.53162961604842,5.933070472488149,36.04748151668928,20.79789854311647,33521.594,112.734566,97.52083,99.78719
SVK,Slovakia,2015,Staphylococcus aureus,Meticillin (MRSA),28.1303602,35.96478932619951,20.76120070598391,62.53162961604842,5.933070472488149,36.04748151668928,20.79789854311647,33521.594,112.734566,97.52083,99.78719
SVK,Slovakia,2016,Acinetobacter spp.,Carbapenems,28.44036697,33.18834170167057,19.613640754973492,61.20174718788545,3.050448922121255,16.26726365649447,18.559200390272427,34130.504,112.87982,97.52625,99.78751
SVK,Slovakia,2016,Enterococcus faecium,Aminopenicillins,96.49122807,33.18834170167057,19.613640754973492,61.20174718788545,3.050448922121255,16.26726365649447,18.559200390272427,34130.504,112.87982,97.52625,99.78751
SVK,Slovakia,2016,Escherichia coli,Carbapenems,0.0,33.18834170167057,19.613640754973492,61.20174718788545,3.050448922121255,16.26726365649447,18.559200390272427,34130.504,112.87982,97.52625,99.78751
SVK,Slovakia,2016,Escherichia coli,Fluoroquinolones,40.43583535,33.18834170167057,19.613640754973492,61.20174718788545,3.050448922121255,16.26726365649447,18.559200390272427,34130.504,112.87982,97.52625,99.78751
SVK,Slovakia,2016,Escherichia coli,Third-generation cephalosporins,29.7330097,33.18834170167057,19.613640754973492,61.20174718788545,3.050448922121255,16.26726365649447,18.559200390272427,34130.504,112.87982,97.52625,99.78751
SVK,Slovakia,2016,Klebsiella pneumoniae,Carbapenems,2.52873563,33.18834170167057,19.613640754973492,61.20174718788545,3.050448922121255,16.26726365649447,18.559200390272427,34130.504,112.87982,97.52625,99.78751
SVK,Slovakia,2016,Klebsiella pneumoniae,Fluoroquinolones,66.30901287,33.18834170167057,19.613640754973492,61.20174718788545,3.050448922121255,16.26726365649447,18.559200390272427,34130.504,112.87982,97.52625,99.78751
SVK,Slovakia,2016,Klebsiella pneumoniae,Third-generation cephalosporins,61.29032258,33.18834170167057,19.613640754973492,61.20174718788545,3.050448922121255,16.26726365649447,18.559200390272427,34130.504,112.87982,97.52625,99.78751
SVK,Slovakia,2016,Pseudomonas aeruginosa,Carbapenems,42.3076923,33.18834170167057,19.613640754973492,61.20174718788545,3.050448922121255,16.26726365649447,18.559200390272427,34130.504,112.87982,97.52625,99.78751
SVK,Slovakia,2016,Staphylococcus aureus,Meticillin (MRSA),27.14535901,33.18834170167057,19.613640754973492,61.20174718788545,3.050448922121255,16.26726365649447,18.559200390272427,34130.504,112.87982,97.52625,99.78751
SVK,Slovakia,2017,Acinetobacter spp.,Carbapenems,31.66666666,34.741350624241186,20.070422740226107,58.628812500355934,3.981640993880985,15.438402605252657,16.364252327009666,35057.223,113.05537,97.5324,99.787735
SVK,Slovakia,2017,Enterococcus faecium,Aminopenicillins,100.0,34.741350624241186,20.070422740226107,58.628812500355934,3.981640993880985,15.438402605252657,16.364252327009666,35057.223,113.05537,97.5324,99.787735
SVK,Slovakia,2017,Escherichia coli,Carbapenems,0.0,34.741350624241186,20.070422740226107,58.628812500355934,3.981640993880985,15.438402605252657,16.364252327009666,35057.223,113.05537,97.5324,99.787735
SVK,Slovakia,2017,Escherichia coli,Fluoroquinolones,43.19727891,34.741350624241186,20.070422740226107,58.628812500355934,3.981640993880985,15.438402605252657,16.364252327009666,35057.223,113.05537,97.5324,99.787735
SVK,Slovakia,2017,Escherichia coli,Third-generation cephalosporins,30.91954022,34.741350624241186,20.070422740226107,58.628812500355934,3.981640993880985,15.438402605252657,16.364252327009666,35057.223,113.05537,97.5324,99.787735
SVK,Slovakia,2017,Klebsiella pneumoniae,Carbapenems,4.44444444,34.741350624241186,20.070422740226107,58.628812500355934,3.981640993880985,15.438402605252657,16.364252327009666,35057.223,113.05537,97.5324,99.787735
SVK,Slovakia,2017,Klebsiella pneumoniae,Fluoroquinolones,66.73819742,34.741350624241186,20.070422740226107,58.628812500355934,3.981640993880985,15.438402605252657,16.364252327009666,35057.223,113.05537,97.5324,99.787735
SVK,Slovakia,2017,Klebsiella pneumoniae,Third-generation cephalosporins,63.18082788,34.741350624241186,20.070422740226107,58.628812500355934,3.981640993880985,15.438402605252657,16.364252327009666,35057.223,113.05537,97.5324,99.787735
SVK,Slovakia,2017,Pseudomonas aeruginosa,Carbapenems,47.02970297,34.741350624241186,20.070422740226107,58.628812500355934,3.981640993880985,15.438402605252657,16.364252327009666,35057.223,113.05537,97.5324,99.787735
SVK,Slovakia,2017,Staphylococcus aureus,Meticillin (MRSA),29.20065252,34.741350624241186,20.070422740226107,58.628812500355934,3.981640993880985,15.438402605252657,16.364252327009666,35057.223,113.05537,97.5324,99.787735
SVK,Slovakia,2018,Acinetobacter spp.,Carbapenems,43.9716312,33.6470839583246,20.26426163893363,84.80932974296672,4.172723369966359,37.89329357281346,24.754014466923685,36430.793,113.211914,97.53178,99.787834
SVK,Slovakia,2018,Enterococcus faecium,Aminopenicillins,98.64864864,33.6470839583246,20.26426163893363,84.80932974296672,4.172723369966359,37.89329357281346,24.754014466923685,36430.793,113.211914,97.53178,99.787834
SVK,Slovakia,2018,Escherichia coli,Carbapenems,0.0,33.6470839583246,20.26426163893363,84.80932974296672,4.172723369966359,37.89329357281346,24.754014466923685,36430.793,113.211914,97.53178,99.787834
SVK,Slovakia,2018,Escherichia coli,Fluoroquinolones,42.10526315,33.6470839583246,20.26426163893363,84.80932974296672,4.172723369966359,37.89329357281346,24.754014466923685,36430.793,113.211914,97.53178,99.787834
SVK,Slovakia,2018,Escherichia coli,Third-generation cephalosporins,30.11305241,33.6470839583246,20.26426163893363,84.80932974296672,4.172723369966359,37.89329357281346,24.754014466923685,36430.793,113.211914,97.53178,99.787834
SVK,Slovakia,2018,Klebsiella pneumoniae,Carbapenems,3.48360655,33.6470839583246,20.26426163893363,84.80932974296672,4.172723369966359,37.89329357281346,24.754014466923685,36430.793,113.211914,97.53178,99.787834
SVK,Slovakia,2018,Klebsiella pneumoniae,Fluoroquinolones,60.96579476,33.6470839583246,20.26426163893363,84.80932974296672,4.172723369966359,37.89329357281346,24.754014466923685,36430.793,113.211914,97.53178,99.787834
SVK,Slovakia,2018,Klebsiella pneumoniae,Third-generation cephalosporins,55.93561368,33.6470839583246,20.26426163893363,84.80932974296672,4.172723369966359,37.89329357281346,24.754014466923685,36430.793,113.211914,97.53178,99.787834
SVK,Slovakia,2018,Pseudomonas aeruginosa,Carbapenems,43.9516129,33.6470839583246,20.26426163893363,84.80932974296672,4.172723369966359,37.89329357281346,24.754014466923685,36430.793,113.211914,97.53178,99.787834
SVK,Slovakia,2018,Staphylococcus aureus,Meticillin (MRSA),26.55737704,33.6470839583246,20.26426163893363,84.80932974296672,4.172723369966359,37.89329357281346,24.754014466923685,36430.793,113.211914,97.53178,99.787834
SVN,Slovenia,2000,Staphylococcus aureus,Meticillin (MRSA),21.05263157,34.363990783691406,19.78636932373047,70.41372680664062,7.201940059661864,19.79343605041504,19.93185043334961,30055.572,98.66794,99.11167,99.68923
SVN,Slovenia,2001,Enterococcus faecium,Aminopenicillins,,33.539894104003906,19.922588348388672,64.53263854980469,8.117182731628418,13.663591384887695,17.55619239807129,30857.111,98.81031,99.11167,99.68424
SVN,Slovenia,2001,Escherichia coli,Fluoroquinolones,8.040201,33.539894104003906,19.922588348388672,64.53263854980469,8.117182731628418,13.663591384887695,17.55619239807129,30857.111,98.81031,99.11167,99.68424
SVN,Slovenia,2001,Escherichia coli,Third-generation cephalosporins,0.25125628,33.539894104003906,19.922588348388672,64.53263854980469,8.117182731628418,13.663591384887695,17.55619239807129,30857.111,98.81031,99.11167,99.68424
SVN,Slovenia,2001,Staphylococcus aureus,Meticillin (MRSA),19.62962962,33.539894104003906,19.922588348388672,64.53263854980469,8.117182731628418,13.663591384887695,17.55619239807129,30857.111,98.81031,99.11167,99.68424
SVN,Slovenia,2002,Enterococcus faecium,Aminopenicillins,,33.72578048706055,20.221059799194336,62.47322845458984,7.401028633117676,21.96279525756836,20.260234832763672,31830.555,98.90402,99.11167,99.67926
SVN,Slovenia,2002,Escherichia coli,Carbapenems,0.0,33.72578048706055,20.221059799194336,62.47322845458984,7.401028633117676,21.96279525756836,20.260234832763672,31830.555,98.90402,99.11167,99.67926
SVN,Slovenia,2002,Escherichia coli,Fluoroquinolones,11.98044009,33.72578048706055,20.221059799194336,62.47322845458984,7.401028633117676,21.96279525756836,20.260234832763672,31830.555,98.90402,99.11167,99.67926
SVN,Slovenia,2002,Escherichia coli,Third-generation cephalosporins,1.22249388,33.72578048706055,20.221059799194336,62.47322845458984,7.401028633117676,21.96279525756836,20.260234832763672,31830.555,98.90402,99.11167,99.67926
SVN,Slovenia,2002,Staphylococcus aureus,Meticillin (MRSA),13.76811594,33.72578048706055,20.221059799194336,62.47322845458984,7.401028633117676,21.96279525756836,20.260234832763672,31830.555,98.90402,99.11167,99.67926
SVN,Slovenia,2003,Enterococcus faecium,Aminopenicillins,82.60869565,36.51554870605469,21.365272521972656,93.17447662353514,17.302837371826172,39.34733581542969,20.378705978393555,32827.75,98.95011,99.11167,99.67428
SVN,Slovenia,2003,Escherichia coli,Carbapenems,0.0,36.51554870605469,21.365272521972656,93.17447662353514,17.302837371826172,39.34733581542969,20.378705978393555,32827.75,98.95011,99.11167,99.67428
SVN,Slovenia,2003,Escherichia coli,Fluoroquinolones,11.22194513,36.51554870605469,21.365272521972656,93.17447662353514,17.302837371826172,39.34733581542969,20.378705978393555,32827.75,98.95011,99.11167,99.67428
SVN,Slovenia,2003,Escherichia coli,Third-generation cephalosporins,0.74812967,36.51554870605469,21.365272521972656,93.17447662353514,17.302837371826172,39.34733581542969,20.378705978393555,32827.75,98.95011,99.11167,99.67428
SVN,Slovenia,2003,Staphylococcus aureus,Meticillin (MRSA),12.7090301,36.51554870605469,21.365272521972656,93.17447662353514,17.302837371826172,39.34733581542969,20.378705978393555,32827.75,98.95011,99.11167,99.67428
SVN,Slovenia,2004,Enterococcus faecium,Aminopenicillins,76.47058823,32.931488037109375,19.59982109069824,62.66514587402344,7.671226024627685,12.453006744384764,14.721385002136229,34298.13,99.002205,99.11167,99.6693
SVN,Slovenia,2004,Escherichia coli,Carbapenems,0.0,32.931488037109375,19.59982109069824,62.66514587402344,7.671226024627685,12.453006744384764,14.721385002136229,34298.13,99.002205,99.11167,99.6693
SVN,Slovenia,2004,Escherichia coli,Fluoroquinolones,12.39092495,32.931488037109375,19.59982109069824,62.66514587402344,7.671226024627685,12.453006744384764,14.721385002136229,34298.13,99.002205,99.11167,99.6693
SVN,Slovenia,2004,Escherichia coli,Third-generation cephalosporins,1.39616055,32.931488037109375,19.59982109069824,62.66514587402344,7.671226024627685,12.453006744384764,14.721385002136229,34298.13,99.002205,99.11167,99.6693
SVN,Slovenia,2004,Staphylococcus aureus,Meticillin (MRSA),11.81556195,32.931488037109375,19.59982109069824,62.66514587402344,7.671226024627685,12.453006744384764,14.721385002136229,34298.13,99.002205,99.11167,99.6693
SVN,Slovenia,2005,Enterococcus faecium,Aminopenicillins,93.33333333,34.02019500732422,20.29957771301269,64.18446350097656,8.001285552978516,16.25156593322754,15.415756225585938,35558.38,99.16942,99.11167,99.66431
SVN,Slovenia,2005,Escherichia coli,Carbapenems,0.0,34.02019500732422,20.29957771301269,64.18446350097656,8.001285552978516,16.25156593322754,15.415756225585938,35558.38,99.16942,99.11167,99.66431
SVN,Slovenia,2005,Escherichia coli,Fluoroquinolones,12.02435312,34.02019500732422,20.29957771301269,64.18446350097656,8.001285552978516,16.25156593322754,15.415756225585938,35558.38,99.16942,99.11167,99.66431
SVN,Slovenia,2005,Escherichia coli,Third-generation cephalosporins,1.67427701,34.02019500732422,20.29957771301269,64.18446350097656,8.001285552978516,16.25156593322754,15.415756225585938,35558.38,99.16942,99.11167,99.66431
SVN,Slovenia,2005,Klebsiella pneumoniae,Carbapenems,0.0,34.02019500732422,20.29957771301269,64.18446350097656,8.001285552978516,16.25156593322754,15.415756225585938,35558.38,99.16942,99.11167,99.66431
SVN,Slovenia,2005,Klebsiella pneumoniae,Fluoroquinolones,14.1025641,34.02019500732422,20.29957771301269,64.18446350097656,8.001285552978516,16.25156593322754,15.415756225585938,35558.38,99.16942,99.11167,99.66431
SVN,Slovenia,2005,Klebsiella pneumoniae,Third-generation cephalosporins,19.23076923,34.02019500732422,20.29957771301269,64.18446350097656,8.001285552978516,16.25156593322754,15.415756225585938,35558.38,99.16942,99.11167,99.66431
SVN,Slovenia,2005,Pseudomonas aeruginosa,Carbapenems,13.15789473,34.02019500732422,20.29957771301269,64.18446350097656,8.001285552978516,16.25156593322754,15.415756225585938,35558.38,99.16942,99.11167,99.66431
SVN,Slovenia,2005,Staphylococcus aureus,Meticillin (MRSA),10.31518624,34.02019500732422,20.29957771301269,64.18446350097656,8.001285552978516,16.25156593322754,15.415756225585938,35558.38,99.16942,99.11167,99.66431
SVN,Slovenia,2006,Enterococcus faecium,Aminopenicillins,86.0,34.48372268676758,20.42854118347168,71.09260559082031,9.398187637329102,26.832677841186523,20.11845970153809,37539.46,99.47736,99.11167,99.659325
SVN,Slovenia,2006,Escherichia coli,Carbapenems,0.0,34.48372268676758,20.42854118347168,71.09260559082031,9.398187637329102,26.832677841186523,20.11845970153809,37539.46,99.47736,99.11167,99.659325
SVN,Slovenia,2006,Escherichia coli,Fluoroquinolones,15.20223152,34.48372268676758,20.42854118347168,71.09260559082031,9.398187637329102,26.832677841186523,20.11845970153809,37539.46,99.47736,99.11167,99.659325
SVN,Slovenia,2006,Escherichia coli,Third-generation cephalosporins,1.67364016,34.48372268676758,20.42854118347168,71.09260559082031,9.398187637329102,26.832677841186523,20.11845970153809,37539.46,99.47736,99.11167,99.659325
SVN,Slovenia,2006,Klebsiella pneumoniae,Carbapenems,0.0,34.48372268676758,20.42854118347168,71.09260559082031,9.398187637329102,26.832677841186523,20.11845970153809,37539.46,99.47736,99.11167,99.659325
SVN,Slovenia,2006,Klebsiella pneumoniae,Fluoroquinolones,21.37931034,34.48372268676758,20.42854118347168,71.09260559082031,9.398187637329102,26.832677841186523,20.11845970153809,37539.46,99.47736,99.11167,99.659325
SVN,Slovenia,2006,Klebsiella pneumoniae,Third-generation cephalosporins,24.13793103,34.48372268676758,20.42854118347168,71.09260559082031,9.398187637329102,26.832677841186523,20.11845970153809,37539.46,99.47736,99.11167,99.659325
SVN,Slovenia,2006,Pseudomonas aeruginosa,Carbapenems,5.55555555,34.48372268676758,20.42854118347168,71.09260559082031,9.398187637329102,26.832677841186523,20.11845970153809,37539.46,99.47736,99.11167,99.659325
SVN,Slovenia,2006,Staphylococcus aureus,Meticillin (MRSA),7.12328767,34.48372268676758,20.42854118347168,71.09260559082031,9.398187637329102,26.832677841186523,20.11845970153809,37539.46,99.47736,99.11167,99.659325
SVN,Slovenia,2007,Enterococcus faecium,Aminopenicillins,92.3076923,35.398006439208984,20.16450881958008,70.42424011230469,7.395238876342773,38.374549865722656,19.628040313720703,39995.207,100.02577,99.058304,99.65434
SVN,Slovenia,2007,Escherichia coli,Carbapenems,0.0,35.398006439208984,20.16450881958008,70.42424011230469,7.395238876342773,38.374549865722656,19.628040313720703,39995.207,100.02577,99.058304,99.65434
SVN,Slovenia,2007,Escherichia coli,Fluoroquinolones,17.15628672,35.398006439208984,20.16450881958008,70.42424011230469,7.395238876342773,38.374549865722656,19.628040313720703,39995.207,100.02577,99.058304,99.65434
SVN,Slovenia,2007,Escherichia coli,Third-generation cephalosporins,4.23031727,35.398006439208984,20.16450881958008,70.42424011230469,7.395238876342773,38.374549865722656,19.628040313720703,39995.207,100.02577,99.058304,99.65434
SVN,Slovenia,2007,Klebsiella pneumoniae,Carbapenems,0.0,35.398006439208984,20.16450881958008,70.42424011230469,7.395238876342773,38.374549865722656,19.628040313720703,39995.207,100.02577,99.058304,99.65434
SVN,Slovenia,2007,Klebsiella pneumoniae,Fluoroquinolones,26.47058823,35.398006439208984,20.16450881958008,70.42424011230469,7.395238876342773,38.374549865722656,19.628040313720703,39995.207,100.02577,99.058304,99.65434
SVN,Slovenia,2007,Klebsiella pneumoniae,Third-generation cephalosporins,27.64705882,35.398006439208984,20.16450881958008,70.42424011230469,7.395238876342773,38.374549865722656,19.628040313720703,39995.207,100.02577,99.058304,99.65434
SVN,Slovenia,2007,Pseudomonas aeruginosa,Carbapenems,19.31818181,35.398006439208984,20.16450881958008,70.42424011230469,7.395238876342773,38.374549865722656,19.628040313720703,39995.207,100.02577,99.058304,99.65434
SVN,Slovenia,2007,Staphylococcus aureus,Meticillin (MRSA),8.29383886,35.398006439208984,20.16450881958008,70.42424011230469,7.395238876342773,38.374549865722656,19.628040313720703,39995.207,100.02577,99.058304,99.65434
SVN,Slovenia,2008,Enterococcus faecium,Aminopenicillins,96.05263157,32.6303825378418,19.661794662475582,65.54077911376953,8.583749771118164,16.779457092285156,17.141847610473633,41278.61,100.56862,99.00494,99.64935
SVN,Slovenia,2008,Escherichia coli,Carbapenems,0.0,32.6303825378418,19.661794662475582,65.54077911376953,8.583749771118164,16.779457092285156,17.141847610473633,41278.61,100.56862,99.00494,99.64935
SVN,Slovenia,2008,Escherichia coli,Fluoroquinolones,16.93363844,32.6303825378418,19.661794662475582,65.54077911376953,8.583749771118164,16.779457092285156,17.141847610473633,41278.61,100.56862,99.00494,99.64935
SVN,Slovenia,2008,Escherichia coli,Third-generation cephalosporins,4.23340961,32.6303825378418,19.661794662475582,65.54077911376953,8.583749771118164,16.779457092285156,17.141847610473633,41278.61,100.56862,99.00494,99.64935
SVN,Slovenia,2008,Klebsiella pneumoniae,Carbapenems,0.0,32.6303825378418,19.661794662475582,65.54077911376953,8.583749771118164,16.779457092285156,17.141847610473633,41278.61,100.56862,99.00494,99.64935
SVN,Slovenia,2008,Klebsiella pneumoniae,Fluoroquinolones,25.477707,32.6303825378418,19.661794662475582,65.54077911376953,8.583749771118164,16.779457092285156,17.141847610473633,41278.61,100.56862,99.00494,99.64935
SVN,Slovenia,2008,Klebsiella pneumoniae,Third-generation cephalosporins,26.11464968,32.6303825378418,19.661794662475582,65.54077911376953,8.583749771118164,16.779457092285156,17.141847610473633,41278.61,100.56862,99.00494,99.64935
SVN,Slovenia,2008,Pseudomonas aeruginosa,Carbapenems,15.78947368,32.6303825378418,19.661794662475582,65.54077911376953,8.583749771118164,16.779457092285156,17.141847610473633,41278.61,100.56862,99.00494,99.64935
SVN,Slovenia,2008,Staphylococcus aureus,Meticillin (MRSA),7.17703349,32.6303825378418,19.661794662475582,65.54077911376953,8.583749771118164,16.779457092285156,17.141847610473633,41278.61,100.56862,99.00494,99.64935
SVN,Slovenia,2009,Enterococcus faecium,Aminopenicillins,94.36619718,33.68815994262695,19.622486114501957,74.07904815673828,9.048338890075684,19.099931716918945,17.113462448120117,37802.09,101.09106,98.95157,99.64437
SVN,Slovenia,2009,Escherichia coli,Carbapenems,0.0,33.68815994262695,19.622486114501957,74.07904815673828,9.048338890075684,19.099931716918945,17.113462448120117,37802.09,101.09106,98.95157,99.64437
SVN,Slovenia,2009,Escherichia coli,Fluoroquinolones,18.2530795,33.68815994262695,19.622486114501957,74.07904815673828,9.048338890075684,19.099931716918945,17.113462448120117,37802.09,101.09106,98.95157,99.64437
SVN,Slovenia,2009,Escherichia coli,Third-generation cephalosporins,4.59126539,33.68815994262695,19.622486114501957,74.07904815673828,9.048338890075684,19.099931716918945,17.113462448120117,37802.09,101.09106,98.95157,99.64437
SVN,Slovenia,2009,Klebsiella pneumoniae,Carbapenems,0.52910052,33.68815994262695,19.622486114501957,74.07904815673828,9.048338890075684,19.099931716918945,17.113462448120117,37802.09,101.09106,98.95157,99.64437
SVN,Slovenia,2009,Klebsiella pneumoniae,Fluoroquinolones,26.98412698,33.68815994262695,19.622486114501957,74.07904815673828,9.048338890075684,19.099931716918945,17.113462448120117,37802.09,101.09106,98.95157,99.64437
SVN,Slovenia,2009,Klebsiella pneumoniae,Third-generation cephalosporins,31.21693121,33.68815994262695,19.622486114501957,74.07904815673828,9.048338890075684,19.099931716918945,17.113462448120117,37802.09,101.09106,98.95157,99.64437
SVN,Slovenia,2009,Pseudomonas aeruginosa,Carbapenems,14.95327102,33.68815994262695,19.622486114501957,74.07904815673828,9.048338890075684,19.099931716918945,17.113462448120117,37802.09,101.09106,98.95157,99.64437
SVN,Slovenia,2009,Staphylococcus aureus,Meticillin (MRSA),9.55414012,33.68815994262695,19.622486114501957,74.07904815673828,9.048338890075684,19.099931716918945,17.113462448120117,37802.09,101.09106,98.95157,99.64437
SVN,Slovenia,2010,Enterococcus faecium,Aminopenicillins,94.91525423,33.97034454345703,20.603879928588867,60.619586944580085,8.68591022491455,10.902613639831545,14.024038314819336,38056.18,101.53806,98.8982,99.63939
SVN,Slovenia,2010,Escherichia coli,Carbapenems,0.0,33.97034454345703,20.603879928588867,60.619586944580085,8.68591022491455,10.902613639831545,14.024038314819336,38056.18,101.53806,98.8982,99.63939
SVN,Slovenia,2010,Escherichia coli,Fluoroquinolones,19.32773109,33.97034454345703,20.603879928588867,60.619586944580085,8.68591022491455,10.902613639831545,14.024038314819336,38056.18,101.53806,98.8982,99.63939
SVN,Slovenia,2010,Escherichia coli,Third-generation cephalosporins,6.61764705,33.97034454345703,20.603879928588867,60.619586944580085,8.68591022491455,10.902613639831545,14.024038314819336,38056.18,101.53806,98.8982,99.63939
SVN,Slovenia,2010,Klebsiella pneumoniae,Carbapenems,0.51282051,33.97034454345703,20.603879928588867,60.619586944580085,8.68591022491455,10.902613639831545,14.024038314819336,38056.18,101.53806,98.8982,99.63939
SVN,Slovenia,2010,Klebsiella pneumoniae,Fluoroquinolones,25.0,33.97034454345703,20.603879928588867,60.619586944580085,8.68591022491455,10.902613639831545,14.024038314819336,38056.18,101.53806,98.8982,99.63939
SVN,Slovenia,2010,Klebsiella pneumoniae,Third-generation cephalosporins,22.44897959,33.97034454345703,20.603879928588867,60.619586944580085,8.68591022491455,10.902613639831545,14.024038314819336,38056.18,101.53806,98.8982,99.63939
SVN,Slovenia,2010,Pseudomonas aeruginosa,Carbapenems,19.10112359,33.97034454345703,20.603879928588867,60.619586944580085,8.68591022491455,10.902613639831545,14.024038314819336,38056.18,101.53806,98.8982,99.63939
SVN,Slovenia,2010,Staphylococcus aureus,Meticillin (MRSA),11.97478991,33.97034454345703,20.603879928588867,60.619586944580085,8.68591022491455,10.902613639831545,14.024038314819336,38056.18,101.53806,98.8982,99.63939
SVN,Slovenia,2011,Enterococcus faecium,Aminopenicillins,90.36144578,34.5333366394043,20.117074966430664,77.84041595458984,8.133172988891602,30.96549415588379,16.760652542114258,38226.125,101.74634,98.84483,99.63441
SVN,Slovenia,2011,Escherichia coli,Carbapenems,0.0,34.5333366394043,20.117074966430664,77.84041595458984,8.133172988891602,30.96549415588379,16.760652542114258,38226.125,101.74634,98.84483,99.63441
SVN,Slovenia,2011,Escherichia coli,Fluoroquinolones,20.65868263,34.5333366394043,20.117074966430664,77.84041595458984,8.133172988891602,30.96549415588379,16.760652542114258,38226.125,101.74634,98.84483,99.63441
SVN,Slovenia,2011,Escherichia coli,Third-generation cephalosporins,8.78243512,34.5333366394043,20.117074966430664,77.84041595458984,8.133172988891602,30.96549415588379,16.760652542114258,38226.125,101.74634,98.84483,99.63441
SVN,Slovenia,2011,Klebsiella pneumoniae,Carbapenems,0.0,34.5333366394043,20.117074966430664,77.84041595458984,8.133172988891602,30.96549415588379,16.760652542114258,38226.125,101.74634,98.84483,99.63441
SVN,Slovenia,2011,Klebsiella pneumoniae,Fluoroquinolones,35.34482758,34.5333366394043,20.117074966430664,77.84041595458984,8.133172988891602,30.96549415588379,16.760652542114258,38226.125,101.74634,98.84483,99.63441
SVN,Slovenia,2011,Klebsiella pneumoniae,Third-generation cephalosporins,30.17241379,34.5333366394043,20.117074966430664,77.84041595458984,8.133172988891602,30.96549415588379,16.760652542114258,38226.125,101.74634,98.84483,99.63441
SVN,Slovenia,2011,Pseudomonas aeruginosa,Carbapenems,23.72881355,34.5333366394043,20.117074966430664,77.84041595458984,8.133172988891602,30.96549415588379,16.760652542114258,38226.125,101.74634,98.84483,99.63441
SVN,Slovenia,2011,Staphylococcus aureus,Meticillin (MRSA),7.11206896,34.5333366394043,20.117074966430664,77.84041595458984,8.133172988891602,30.96549415588379,16.760652542114258,38226.125,101.74634,98.84483,99.63441
SVN,Slovenia,2012,Acinetobacter spp.,Carbapenems,24.0,35.46853256225586,20.59872817993164,75.28797149658203,11.989131927490233,30.865009307861328,18.64830780029297,37033.766,101.97066,98.791466,99.62942
SVN,Slovenia,2012,Enterococcus faecium,Aminopenicillins,92.63157894,35.46853256225586,20.59872817993164,75.28797149658203,11.989131927490233,30.865009307861328,18.64830780029297,37033.766,101.97066,98.791466,99.62942
SVN,Slovenia,2012,Escherichia coli,Carbapenems,0.0,35.46853256225586,20.59872817993164,75.28797149658203,11.989131927490233,30.865009307861328,18.64830780029297,37033.766,101.97066,98.791466,99.62942
SVN,Slovenia,2012,Escherichia coli,Fluoroquinolones,21.40410958,35.46853256225586,20.59872817993164,75.28797149658203,11.989131927490233,30.865009307861328,18.64830780029297,37033.766,101.97066,98.791466,99.62942
SVN,Slovenia,2012,Escherichia coli,Third-generation cephalosporins,9.50342465,35.46853256225586,20.59872817993164,75.28797149658203,11.989131927490233,30.865009307861328,18.64830780029297,37033.766,101.97066,98.791466,99.62942
SVN,Slovenia,2012,Klebsiella pneumoniae,Carbapenems,0.39370078,35.46853256225586,20.59872817993164,75.28797149658203,11.989131927490233,30.865009307861328,18.64830780029297,37033.766,101.97066,98.791466,99.62942
SVN,Slovenia,2012,Klebsiella pneumoniae,Fluoroquinolones,33.07086614,35.46853256225586,20.59872817993164,75.28797149658203,11.989131927490233,30.865009307861328,18.64830780029297,37033.766,101.97066,98.791466,99.62942
SVN,Slovenia,2012,Klebsiella pneumoniae,Third-generation cephalosporins,28.34645669,35.46853256225586,20.59872817993164,75.28797149658203,11.989131927490233,30.865009307861328,18.64830780029297,37033.766,101.97066,98.791466,99.62942
SVN,Slovenia,2012,Pseudomonas aeruginosa,Carbapenems,21.64179104,35.46853256225586,20.59872817993164,75.28797149658203,11.989131927490233,30.865009307861328,18.64830780029297,37033.766,101.97066,98.791466,99.62942
SVN,Slovenia,2012,Staphylococcus aureus,Meticillin (MRSA),10.33707865,35.46853256225586,20.59872817993164,75.28797149658203,11.989131927490233,30.865009307861328,18.64830780029297,37033.766,101.97066,98.791466,99.62942
SVN,Slovenia,2013,Acinetobacter spp.,Carbapenems,24.0,36.01913833618164,20.55659484863281,66.24561309814453,8.2744722366333,16.741958618164062,16.348081588745117,36678.875,102.1261,98.7381,99.624435
SVN,Slovenia,2013,Enterococcus faecium,Aminopenicillins,90.19607843,36.01913833618164,20.55659484863281,66.24561309814453,8.2744722366333,16.741958618164062,16.348081588745117,36678.875,102.1261,98.7381,99.624435
SVN,Slovenia,2013,Escherichia coli,Carbapenems,0.08169934,36.01913833618164,20.55659484863281,66.24561309814453,8.2744722366333,16.741958618164062,16.348081588745117,36678.875,102.1261,98.7381,99.624435
SVN,Slovenia,2013,Escherichia coli,Fluoroquinolones,19.85294117,36.01913833618164,20.55659484863281,66.24561309814453,8.2744722366333,16.741958618164062,16.348081588745117,36678.875,102.1261,98.7381,99.624435
SVN,Slovenia,2013,Escherichia coli,Third-generation cephalosporins,8.74183006,36.01913833618164,20.55659484863281,66.24561309814453,8.2744722366333,16.741958618164062,16.348081588745117,36678.875,102.1261,98.7381,99.624435
SVN,Slovenia,2013,Klebsiella pneumoniae,Carbapenems,0.40816326,36.01913833618164,20.55659484863281,66.24561309814453,8.2744722366333,16.741958618164062,16.348081588745117,36678.875,102.1261,98.7381,99.624435
SVN,Slovenia,2013,Klebsiella pneumoniae,Fluoroquinolones,32.65306122,36.01913833618164,20.55659484863281,66.24561309814453,8.2744722366333,16.741958618164062,16.348081588745117,36678.875,102.1261,98.7381,99.624435
SVN,Slovenia,2013,Klebsiella pneumoniae,Third-generation cephalosporins,28.97959183,36.01913833618164,20.55659484863281,66.24561309814453,8.2744722366333,16.741958618164062,16.348081588745117,36678.875,102.1261,98.7381,99.624435
SVN,Slovenia,2013,Pseudomonas aeruginosa,Carbapenems,25.56390977,36.01913833618164,20.55659484863281,66.24561309814453,8.2744722366333,16.741958618164062,16.348081588745117,36678.875,102.1261,98.7381,99.624435
SVN,Slovenia,2013,Staphylococcus aureus,Meticillin (MRSA),9.03225806,36.01913833618164,20.55659484863281,66.24561309814453,8.2744722366333,16.741958618164062,16.348081588745117,36678.875,102.1261,98.7381,99.624435
SVN,Slovenia,2014,Acinetobacter spp.,Carbapenems,26.47058823,32.88021469116211,19.364181518554688,57.40724182128907,4.597670078277588,21.97025489807129,22.7586612701416,37655.2,102.222595,98.68473,99.61945
SVN,Slovenia,2014,Enterococcus faecium,Aminopenicillins,96.52173913,32.88021469116211,19.364181518554688,57.40724182128907,4.597670078277588,21.97025489807129,22.7586612701416,37655.2,102.222595,98.68473,99.61945
SVN,Slovenia,2014,Escherichia coli,Carbapenems,0.0,32.88021469116211,19.364181518554688,57.40724182128907,4.597670078277588,21.97025489807129,22.7586612701416,37655.2,102.222595,98.68473,99.61945
SVN,Slovenia,2014,Escherichia coli,Fluoroquinolones,23.27302631,32.88021469116211,19.364181518554688,57.40724182128907,4.597670078277588,21.97025489807129,22.7586612701416,37655.2,102.222595,98.68473,99.61945
SVN,Slovenia,2014,Escherichia coli,Third-generation cephalosporins,12.74671052,32.88021469116211,19.364181518554688,57.40724182128907,4.597670078277588,21.97025489807129,22.7586612701416,37655.2,102.222595,98.68473,99.61945
SVN,Slovenia,2014,Klebsiella pneumoniae,Carbapenems,0.85836909,32.88021469116211,19.364181518554688,57.40724182128907,4.597670078277588,21.97025489807129,22.7586612701416,37655.2,102.222595,98.68473,99.61945
SVN,Slovenia,2014,Klebsiella pneumoniae,Fluoroquinolones,32.61802575,32.88021469116211,19.364181518554688,57.40724182128907,4.597670078277588,21.97025489807129,22.7586612701416,37655.2,102.222595,98.68473,99.61945
SVN,Slovenia,2014,Klebsiella pneumoniae,Third-generation cephalosporins,26.60944206,32.88021469116211,19.364181518554688,57.40724182128907,4.597670078277588,21.97025489807129,22.7586612701416,37655.2,102.222595,98.68473,99.61945
SVN,Slovenia,2014,Pseudomonas aeruginosa,Carbapenems,31.25,32.88021469116211,19.364181518554688,57.40724182128907,4.597670078277588,21.97025489807129,22.7586612701416,37655.2,102.222595,98.68473,99.61945
SVN,Slovenia,2014,Staphylococcus aureus,Meticillin (MRSA),13.13131313,32.88021469116211,19.364181518554688,57.40724182128907,4.597670078277588,21.97025489807129,22.7586612701416,37655.2,102.222595,98.68473,99.61945
SVN,Slovenia,2015,Acinetobacter spp.,Carbapenems,38.70967741,35.71889114379883,21.30415725708008,74.5688705444336,12.8046236038208,42.50185394287109,20.84761428833008,38527.42,102.299614,98.63136,99.61446
SVN,Slovenia,2015,Enterococcus faecium,Aminopenicillins,93.54838709,35.71889114379883,21.30415725708008,74.5688705444336,12.8046236038208,42.50185394287109,20.84761428833008,38527.42,102.299614,98.63136,99.61446
SVN,Slovenia,2015,Escherichia coli,Carbapenems,0.0,35.71889114379883,21.30415725708008,74.5688705444336,12.8046236038208,42.50185394287109,20.84761428833008,38527.42,102.299614,98.63136,99.61446
SVN,Slovenia,2015,Escherichia coli,Fluoroquinolones,24.60377358,35.71889114379883,21.30415725708008,74.5688705444336,12.8046236038208,42.50185394287109,20.84761428833008,38527.42,102.299614,98.63136,99.61446
SVN,Slovenia,2015,Escherichia coli,Third-generation cephalosporins,13.65007541,35.71889114379883,21.30415725708008,74.5688705444336,12.8046236038208,42.50185394287109,20.84761428833008,38527.42,102.299614,98.63136,99.61446
SVN,Slovenia,2015,Klebsiella pneumoniae,Carbapenems,1.26582278,35.71889114379883,21.30415725708008,74.5688705444336,12.8046236038208,42.50185394287109,20.84761428833008,38527.42,102.299614,98.63136,99.61446
SVN,Slovenia,2015,Klebsiella pneumoniae,Fluoroquinolones,24.47257383,35.71889114379883,21.30415725708008,74.5688705444336,12.8046236038208,42.50185394287109,20.84761428833008,38527.42,102.299614,98.63136,99.61446
SVN,Slovenia,2015,Klebsiella pneumoniae,Third-generation cephalosporins,22.78481012,35.71889114379883,21.30415725708008,74.5688705444336,12.8046236038208,42.50185394287109,20.84761428833008,38527.42,102.299614,98.63136,99.61446
SVN,Slovenia,2015,Pseudomonas aeruginosa,Carbapenems,15.60283687,35.71889114379883,21.30415725708008,74.5688705444336,12.8046236038208,42.50185394287109,20.84761428833008,38527.42,102.299614,98.63136,99.61446
SVN,Slovenia,2015,Staphylococcus aureus,Meticillin (MRSA),9.16179337,35.71889114379883,21.30415725708008,74.5688705444336,12.8046236038208,42.50185394287109,20.84761428833008,38527.42,102.299614,98.63136,99.61446
SVN,Slovenia,2016,Acinetobacter spp.,Carbapenems,43.33333333,32.822532653808594,19.815406799316406,69.90742492675781,7.22788429260254,19.262357711791992,18.17234992980957,39667.457,102.37078,98.577995,99.60948
SVN,Slovenia,2016,Enterococcus faecium,Aminopenicillins,91.89189189,32.822532653808594,19.815406799316406,69.90742492675781,7.22788429260254,19.262357711791992,18.17234992980957,39667.457,102.37078,98.577995,99.60948
SVN,Slovenia,2016,Escherichia coli,Carbapenems,0.0,32.822532653808594,19.815406799316406,69.90742492675781,7.22788429260254,19.262357711791992,18.17234992980957,39667.457,102.37078,98.577995,99.60948
SVN,Slovenia,2016,Escherichia coli,Fluoroquinolones,25.56338028,32.822532653808594,19.815406799316406,69.90742492675781,7.22788429260254,19.262357711791992,18.17234992980957,39667.457,102.37078,98.577995,99.60948
SVN,Slovenia,2016,Escherichia coli,Third-generation cephalosporins,12.53521126,32.822532653808594,19.815406799316406,69.90742492675781,7.22788429260254,19.262357711791992,18.17234992980957,39667.457,102.37078,98.577995,99.60948
SVN,Slovenia,2016,Klebsiella pneumoniae,Carbapenems,0.0,32.822532653808594,19.815406799316406,69.90742492675781,7.22788429260254,19.262357711791992,18.17234992980957,39667.457,102.37078,98.577995,99.60948
SVN,Slovenia,2016,Klebsiella pneumoniae,Fluoroquinolones,29.58801498,32.822532653808594,19.815406799316406,69.90742492675781,7.22788429260254,19.262357711791992,18.17234992980957,39667.457,102.37078,98.577995,99.60948
SVN,Slovenia,2016,Klebsiella pneumoniae,Third-generation cephalosporins,22.84644194,32.822532653808594,19.815406799316406,69.90742492675781,7.22788429260254,19.262357711791992,18.17234992980957,39667.457,102.37078,98.577995,99.60948
SVN,Slovenia,2016,Pseudomonas aeruginosa,Carbapenems,19.58041958,32.822532653808594,19.815406799316406,69.90742492675781,7.22788429260254,19.262357711791992,18.17234992980957,39667.457,102.37078,98.577995,99.60948
SVN,Slovenia,2016,Staphylococcus aureus,Meticillin (MRSA),11.04868913,32.822532653808594,19.815406799316406,69.90742492675781,7.22788429260254,19.262357711791992,18.17234992980957,39667.457,102.37078,98.577995,99.60948
SVN,Slovenia,2017,Acinetobacter spp.,Carbapenems,41.66666666,35.351810455322266,20.6028995513916,70.87728118896484,9.543434143066406,26.38393211364746,16.99662208557129,41692.836,102.42198,98.52463,99.6045
SVN,Slovenia,2017,Enterococcus faecium,Aminopenicillins,91.27516778,35.351810455322266,20.6028995513916,70.87728118896484,9.543434143066406,26.38393211364746,16.99662208557129,41692.836,102.42198,98.52463,99.6045
SVN,Slovenia,2017,Escherichia coli,Carbapenems,0.0,35.351810455322266,20.6028995513916,70.87728118896484,9.543434143066406,26.38393211364746,16.99662208557129,41692.836,102.42198,98.52463,99.6045
SVN,Slovenia,2017,Escherichia coli,Fluoroquinolones,24.87346348,35.351810455322266,20.6028995513916,70.87728118896484,9.543434143066406,26.38393211364746,16.99662208557129,41692.836,102.42198,98.52463,99.6045
SVN,Slovenia,2017,Escherichia coli,Third-generation cephalosporins,12.47386759,35.351810455322266,20.6028995513916,70.87728118896484,9.543434143066406,26.38393211364746,16.99662208557129,41692.836,102.42198,98.52463,99.6045
SVN,Slovenia,2017,Klebsiella pneumoniae,Carbapenems,0.0,35.351810455322266,20.6028995513916,70.87728118896484,9.543434143066406,26.38393211364746,16.99662208557129,41692.836,102.42198,98.52463,99.6045
SVN,Slovenia,2017,Klebsiella pneumoniae,Fluoroquinolones,30.39215686,35.351810455322266,20.6028995513916,70.87728118896484,9.543434143066406,26.38393211364746,16.99662208557129,41692.836,102.42198,98.52463,99.6045
SVN,Slovenia,2017,Klebsiella pneumoniae,Third-generation cephalosporins,23.71794871,35.351810455322266,20.6028995513916,70.87728118896484,9.543434143066406,26.38393211364746,16.99662208557129,41692.836,102.42198,98.52463,99.6045
SVN,Slovenia,2017,Pseudomonas aeruginosa,Carbapenems,17.39130434,35.351810455322266,20.6028995513916,70.87728118896484,9.543434143066406,26.38393211364746,16.99662208557129,41692.836,102.42198,98.52463,99.6045
SVN,Slovenia,2017,Staphylococcus aureus,Meticillin (MRSA),9.02777777,35.351810455322266,20.6028995513916,70.87728118896484,9.543434143066406,26.38393211364746,16.99662208557129,41692.836,102.42198,98.52463,99.6045
SVN,Slovenia,2018,Acinetobacter spp.,Carbapenems,17.94871794,33.486324310302734,20.33722305297852,88.38121795654297,9.296072006225586,39.05939865112305,25.211389541625977,43361.094,102.773285,98.47126,99.59952
SVN,Slovenia,2018,Enterococcus faecium,Aminopenicillins,94.7761194,33.486324310302734,20.33722305297852,88.38121795654297,9.296072006225586,39.05939865112305,25.211389541625977,43361.094,102.773285,98.47126,99.59952
SVN,Slovenia,2018,Escherichia coli,Carbapenems,0.0,33.486324310302734,20.33722305297852,88.38121795654297,9.296072006225586,39.05939865112305,25.211389541625977,43361.094,102.773285,98.47126,99.59952
SVN,Slovenia,2018,Escherichia coli,Fluoroquinolones,22.78177458,33.486324310302734,20.33722305297852,88.38121795654297,9.296072006225586,39.05939865112305,25.211389541625977,43361.094,102.773285,98.47126,99.59952
SVN,Slovenia,2018,Escherichia coli,Third-generation cephalosporins,11.33093525,33.486324310302734,20.33722305297852,88.38121795654297,9.296072006225586,39.05939865112305,25.211389541625977,43361.094,102.773285,98.47126,99.59952
SVN,Slovenia,2018,Klebsiella pneumoniae,Carbapenems,0.69204152,33.486324310302734,20.33722305297852,88.38121795654297,9.296072006225586,39.05939865112305,25.211389541625977,43361.094,102.773285,98.47126,99.59952
SVN,Slovenia,2018,Klebsiella pneumoniae,Fluoroquinolones,27.33564013,33.486324310302734,20.33722305297852,88.38121795654297,9.296072006225586,39.05939865112305,25.211389541625977,43361.094,102.773285,98.47126,99.59952
SVN,Slovenia,2018,Klebsiella pneumoniae,Third-generation cephalosporins,14.87889273,33.486324310302734,20.33722305297852,88.38121795654297,9.296072006225586,39.05939865112305,25.211389541625977,43361.094,102.773285,98.47126,99.59952
SVN,Slovenia,2018,Pseudomonas aeruginosa,Carbapenems,14.94252873,33.486324310302734,20.33722305297852,88.38121795654297,9.296072006225586,39.05939865112305,25.211389541625977,43361.094,102.773285,98.47126,99.59952
SVN,Slovenia,2018,Staphylococcus aureus,Meticillin (MRSA),11.71617161,33.486324310302734,20.33722305297852,88.38121795654297,9.296072006225586,39.05939865112305,25.211389541625977,43361.094,102.773285,98.47126,99.59952
SWE,Sweden,2000,Escherichia coli,Fluoroquinolones,,26.240184408812976,16.070176762964827,3.6686233160735857,0.017278536889104,17.057585019111865,20.989361785168143,48284.8,21.783594,99.234764,99.48437
SWE,Sweden,2000,Escherichia coli,Third-generation cephalosporins,,26.240184408812976,16.070176762964827,3.6686233160735857,0.017278536889104,17.057585019111865,20.989361785168143,48284.8,21.783594,99.234764,99.48437
SWE,Sweden,2000,Staphylococcus aureus,Meticillin (MRSA),0.60893098,26.240184408812976,16.070176762964827,3.6686233160735857,0.017278536889104,17.057585019111865,20.989361785168143,48284.8,21.783594,99.234764,99.48437
SWE,Sweden,2001,Enterococcus faecium,Aminopenicillins,71.35416666,27.645017382690945,17.16979228918825,7.849875934377604,0.0476798367602788,8.379011532722721,16.08379147903871,48810.645,21.842323,99.23324,99.496376
SWE,Sweden,2001,Escherichia coli,Fluoroquinolones,3.73955125,27.645017382690945,17.16979228918825,7.849875934377604,0.0476798367602788,8.379011532722721,16.08379147903871,48810.645,21.842323,99.23324,99.496376
SWE,Sweden,2001,Escherichia coli,Third-generation cephalosporins,0.34259611,27.645017382690945,17.16979228918825,7.849875934377604,0.0476798367602788,8.379011532722721,16.08379147903871,48810.645,21.842323,99.23324,99.496376
SWE,Sweden,2001,Staphylococcus aureus,Meticillin (MRSA),0.85731781,27.645017382690945,17.16979228918825,7.849875934377604,0.0476798367602788,8.379011532722721,16.08379147903871,48810.645,21.842323,99.23324,99.496376
SWE,Sweden,2002,Enterococcus faecium,Aminopenicillins,73.13432835,27.74909650603197,17.58486574898316,17.132776894884003,0.1630988853106071,30.86415888061395,19.99914745438041,49760.215,21.913591,99.22771,99.50854
SWE,Sweden,2002,Escherichia coli,Fluoroquinolones,5.09527754,27.74909650603197,17.58486574898316,17.132776894884003,0.1630988853106071,30.86415888061395,19.99914745438041,49760.215,21.913591,99.22771,99.50854
SWE,Sweden,2002,Escherichia coli,Third-generation cephalosporins,0.32658393,27.74909650603197,17.58486574898316,17.132776894884003,0.1630988853106071,30.86415888061395,19.99914745438041,49760.215,21.913591,99.22771,99.50854
SWE,Sweden,2002,Staphylococcus aureus,Meticillin (MRSA),0.65359477,27.74909650603197,17.58486574898316,17.132776894884003,0.1630988853106071,30.86415888061395,19.99914745438041,49760.215,21.913591,99.22771,99.50854
SWE,Sweden,2003,Enterococcus faecium,Aminopenicillins,76.15062761,29.15933268599128,17.93771225823309,13.132629652257751,0.3042628876409404,18.500902507455766,16.664761971272153,50507.934,21.995571,99.20518,99.52065
SWE,Sweden,2003,Escherichia coli,Fluoroquinolones,6.56840756,29.15933268599128,17.93771225823309,13.132629652257751,0.3042628876409404,18.500902507455766,16.664761971272153,50507.934,21.995571,99.20518,99.52065
SWE,Sweden,2003,Escherichia coli,Third-generation cephalosporins,0.4241139,29.15933268599128,17.93771225823309,13.132629652257751,0.3042628876409404,18.500902507455766,16.664761971272153,50507.934,21.995571,99.20518,99.52065
SWE,Sweden,2003,Staphylococcus aureus,Meticillin (MRSA),0.86253369,29.15933268599128,17.93771225823309,13.132629652257751,0.3042628876409404,18.500902507455766,16.664761971272153,50507.934,21.995571,99.20518,99.52065
SWE,Sweden,2004,Enterococcus faecium,Aminopenicillins,77.69230769,27.44398742011497,17.1728839280788,6.170363103106223,0.0345629894663911,10.91859202617056,14.696509672942842,52412.41,22.082418,99.182625,99.53271
SWE,Sweden,2004,Escherichia coli,Fluoroquinolones,7.58166017,27.44398742011497,17.1728839280788,6.170363103106223,0.0345629894663911,10.91859202617056,14.696509672942842,52412.41,22.082418,99.182625,99.53271
SWE,Sweden,2004,Escherichia coli,Third-generation cephalosporins,0.72926162,27.44398742011497,17.1728839280788,6.170363103106223,0.0345629894663911,10.91859202617056,14.696509672942842,52412.41,22.082418,99.182625,99.53271
SWE,Sweden,2004,Staphylococcus aureus,Meticillin (MRSA),0.73452256,27.44398742011497,17.1728839280788,6.170363103106223,0.0345629894663911,10.91859202617056,14.696509672942842,52412.41,22.082418,99.182625,99.53271
SWE,Sweden,2005,Enterococcus faecium,Aminopenicillins,72.8,28.478942332268485,16.61285744272167,9.01609437513678,0.0411373397318732,23.72094893586852,17.01096598197266,53661.316,22.170725,99.16005,99.54471
SWE,Sweden,2005,Escherichia coli,Carbapenems,0.0,28.478942332268485,16.61285744272167,9.01609437513678,0.0411373397318732,23.72094893586852,17.01096598197266,53661.316,22.170725,99.16005,99.54471
SWE,Sweden,2005,Escherichia coli,Fluoroquinolones,6.32202831,28.478942332268485,16.61285744272167,9.01609437513678,0.0411373397318732,23.72094893586852,17.01096598197266,53661.316,22.170725,99.16005,99.54471
SWE,Sweden,2005,Escherichia coli,Third-generation cephalosporins,1.28125,28.478942332268485,16.61285744272167,9.01609437513678,0.0411373397318732,23.72094893586852,17.01096598197266,53661.316,22.170725,99.16005,99.54471
SWE,Sweden,2005,Klebsiella pneumoniae,Carbapenems,,28.478942332268485,16.61285744272167,9.01609437513678,0.0411373397318732,23.72094893586852,17.01096598197266,53661.316,22.170725,99.16005,99.54471
SWE,Sweden,2005,Klebsiella pneumoniae,Fluoroquinolones,4.90566037,28.478942332268485,16.61285744272167,9.01609437513678,0.0411373397318732,23.72094893586852,17.01096598197266,53661.316,22.170725,99.16005,99.54471
SWE,Sweden,2005,Klebsiella pneumoniae,Third-generation cephalosporins,1.41843971,28.478942332268485,16.61285744272167,9.01609437513678,0.0411373397318732,23.72094893586852,17.01096598197266,53661.316,22.170725,99.16005,99.54471
SWE,Sweden,2005,Pseudomonas aeruginosa,Carbapenems,17.54385964,28.478942332268485,16.61285744272167,9.01609437513678,0.0411373397318732,23.72094893586852,17.01096598197266,53661.316,22.170725,99.16005,99.54471
SWE,Sweden,2005,Staphylococcus aureus,Meticillin (MRSA),1.01465614,28.478942332268485,16.61285744272167,9.01609437513678,0.0411373397318732,23.72094893586852,17.01096598197266,53661.316,22.170725,99.16005,99.54471
SWE,Sweden,2006,Enterococcus faecium,Aminopenicillins,74.63235294,28.89833299303645,16.959573515933762,16.97627777372805,0.0931266101781078,40.44642244807357,22.58685277199725,55855.496,22.295593,99.13748,99.55711
SWE,Sweden,2006,Escherichia coli,Carbapenems,,28.89833299303645,16.959573515933762,16.97627777372805,0.0931266101781078,40.44642244807357,22.58685277199725,55855.496,22.295593,99.13748,99.55711
SWE,Sweden,2006,Escherichia coli,Fluoroquinolones,7.95314426,28.89833299303645,16.959573515933762,16.97627777372805,0.0931266101781078,40.44642244807357,22.58685277199725,55855.496,22.295593,99.13748,99.55711
SWE,Sweden,2006,Escherichia coli,Third-generation cephalosporins,1.52585476,28.89833299303645,16.959573515933762,16.97627777372805,0.0931266101781078,40.44642244807357,22.58685277199725,55855.496,22.295593,99.13748,99.55711
SWE,Sweden,2006,Klebsiella pneumoniae,Carbapenems,,28.89833299303645,16.959573515933762,16.97627777372805,0.0931266101781078,40.44642244807357,22.58685277199725,55855.496,22.295593,99.13748,99.55711
SWE,Sweden,2006,Klebsiella pneumoniae,Fluoroquinolones,5.19713261,28.89833299303645,16.959573515933762,16.97627777372805,0.0931266101781078,40.44642244807357,22.58685277199725,55855.496,22.295593,99.13748,99.55711
SWE,Sweden,2006,Klebsiella pneumoniae,Third-generation cephalosporins,1.44927536,28.89833299303645,16.959573515933762,16.97627777372805,0.0931266101781078,40.44642244807357,22.58685277199725,55855.496,22.295593,99.13748,99.55711
SWE,Sweden,2006,Pseudomonas aeruginosa,Carbapenems,4.68085106,28.89833299303645,16.959573515933762,16.97627777372805,0.0931266101781078,40.44642244807357,22.58685277199725,55855.496,22.295593,99.13748,99.55711
SWE,Sweden,2006,Staphylococcus aureus,Meticillin (MRSA),0.86426029,28.89833299303645,16.959573515933762,16.97627777372805,0.0931266101781078,40.44642244807357,22.58685277199725,55855.496,22.295593,99.13748,99.55711
SWE,Sweden,2007,Enterococcus faecium,Aminopenicillins,78.16091954,28.214569347673404,16.899859717889015,8.300580281325646,0.0256101370985526,23.331259669656014,18.397026761169435,57230.79,22.461699,99.11491,99.56984
SWE,Sweden,2007,Escherichia coli,Carbapenems,0.0,28.214569347673404,16.899859717889015,8.300580281325646,0.0256101370985526,23.331259669656014,18.397026761169435,57230.79,22.461699,99.11491,99.56984
SWE,Sweden,2007,Escherichia coli,Fluoroquinolones,10.32258064,28.214569347673404,16.899859717889015,8.300580281325646,0.0256101370985526,23.331259669656014,18.397026761169435,57230.79,22.461699,99.11491,99.56984
SWE,Sweden,2007,Escherichia coli,Third-generation cephalosporins,2.26848145,28.214569347673404,16.899859717889015,8.300580281325646,0.0256101370985526,23.331259669656014,18.397026761169435,57230.79,22.461699,99.11491,99.56984
SWE,Sweden,2007,Klebsiella pneumoniae,Carbapenems,0.0,28.214569347673404,16.899859717889015,8.300580281325646,0.0256101370985526,23.331259669656014,18.397026761169435,57230.79,22.461699,99.11491,99.56984
SWE,Sweden,2007,Klebsiella pneumoniae,Fluoroquinolones,6.5116279,28.214569347673404,16.899859717889015,8.300580281325646,0.0256101370985526,23.331259669656014,18.397026761169435,57230.79,22.461699,99.11491,99.56984
SWE,Sweden,2007,Klebsiella pneumoniae,Third-generation cephalosporins,1.38674884,28.214569347673404,16.899859717889015,8.300580281325646,0.0256101370985526,23.331259669656014,18.397026761169435,57230.79,22.461699,99.11491,99.56984
SWE,Sweden,2007,Pseudomonas aeruginosa,Carbapenems,7.09876543,28.214569347673404,16.899859717889015,8.300580281325646,0.0256101370985526,23.331259669656014,18.397026761169435,57230.79,22.461699,99.11491,99.56984
SWE,Sweden,2007,Staphylococcus aureus,Meticillin (MRSA),0.50855293,28.214569347673404,16.899859717889015,8.300580281325646,0.0256101370985526,23.331259669656014,18.397026761169435,57230.79,22.461699,99.11491,99.56984
SWE,Sweden,2008,Enterococcus faecium,Aminopenicillins,81.49466192,28.15648476231474,15.414731256351589,9.877800628888556,0.0238174491771125,13.318385151992825,16.6699632842109,56262.47,22.637554,99.09227,99.582436
SWE,Sweden,2008,Escherichia coli,Carbapenems,0.0,28.15648476231474,15.414731256351589,9.877800628888556,0.0238174491771125,13.318385151992825,16.6699632842109,56262.47,22.637554,99.09227,99.582436
SWE,Sweden,2008,Escherichia coli,Fluoroquinolones,10.2793296,28.15648476231474,15.414731256351589,9.877800628888556,0.0238174491771125,13.318385151992825,16.6699632842109,56262.47,22.637554,99.09227,99.582436
SWE,Sweden,2008,Escherichia coli,Third-generation cephalosporins,2.25806451,28.15648476231474,15.414731256351589,9.877800628888556,0.0238174491771125,13.318385151992825,16.6699632842109,56262.47,22.637554,99.09227,99.582436
SWE,Sweden,2008,Klebsiella pneumoniae,Carbapenems,0.0,28.15648476231474,15.414731256351589,9.877800628888556,0.0238174491771125,13.318385151992825,16.6699632842109,56262.47,22.637554,99.09227,99.582436
SWE,Sweden,2008,Klebsiella pneumoniae,Fluoroquinolones,7.02479338,28.15648476231474,15.414731256351589,9.877800628888556,0.0238174491771125,13.318385151992825,16.6699632842109,56262.47,22.637554,99.09227,99.582436
SWE,Sweden,2008,Klebsiella pneumoniae,Third-generation cephalosporins,2.3030303,28.15648476231474,15.414731256351589,9.877800628888556,0.0238174491771125,13.318385151992825,16.6699632842109,56262.47,22.637554,99.09227,99.582436
SWE,Sweden,2008,Pseudomonas aeruginosa,Carbapenems,3.94265232,28.15648476231474,15.414731256351589,9.877800628888556,0.0238174491771125,13.318385151992825,16.6699632842109,56262.47,22.637554,99.09227,99.582436
SWE,Sweden,2008,Staphylococcus aureus,Meticillin (MRSA),0.664176,28.15648476231474,15.414731256351589,9.877800628888556,0.0238174491771125,13.318385151992825,16.6699632842109,56262.47,22.637554,99.09227,99.582436
SWE,Sweden,2009,Escherichia coli,Carbapenems,,28.031795089847645,16.249625550946718,9.18040247749694,0.0158362369187565,12.307759924073489,15.252682917343602,53411.2,22.831118,99.069595,99.5949
SWE,Sweden,2009,Escherichia coli,Fluoroquinolones,,28.031795089847645,16.249625550946718,9.18040247749694,0.0158362369187565,12.307759924073489,15.252682917343602,53411.2,22.831118,99.069595,99.5949
SWE,Sweden,2009,Escherichia coli,Third-generation cephalosporins,,28.031795089847645,16.249625550946718,9.18040247749694,0.0158362369187565,12.307759924073489,15.252682917343602,53411.2,22.831118,99.069595,99.5949
SWE,Sweden,2009,Klebsiella pneumoniae,Carbapenems,,28.031795089847645,16.249625550946718,9.18040247749694,0.0158362369187565,12.307759924073489,15.252682917343602,53411.2,22.831118,99.069595,99.5949
SWE,Sweden,2009,Klebsiella pneumoniae,Fluoroquinolones,,28.031795089847645,16.249625550946718,9.18040247749694,0.0158362369187565,12.307759924073489,15.252682917343602,53411.2,22.831118,99.069595,99.5949
SWE,Sweden,2009,Klebsiella pneumoniae,Third-generation cephalosporins,,28.031795089847645,16.249625550946718,9.18040247749694,0.0158362369187565,12.307759924073489,15.252682917343602,53411.2,22.831118,99.069595,99.5949
SWE,Sweden,2010,Enterococcus faecium,Aminopenicillins,79.67213114,27.551409079816843,17.505937635478027,9.13339875646706,0.3522164129714682,6.424405123552766,12.347968649138052,56003.27,23.026304,99.04687,99.607216
SWE,Sweden,2010,Escherichia coli,Carbapenems,0.02586652,27.551409079816843,17.505937635478027,9.13339875646706,0.3522164129714682,6.424405123552766,12.347968649138052,56003.27,23.026304,99.04687,99.607216
SWE,Sweden,2010,Escherichia coli,Fluoroquinolones,10.50525262,27.551409079816843,17.505937635478027,9.13339875646706,0.3522164129714682,6.424405123552766,12.347968649138052,56003.27,23.026304,99.04687,99.607216
SWE,Sweden,2010,Escherichia coli,Third-generation cephalosporins,2.9082774,27.551409079816843,17.505937635478027,9.13339875646706,0.3522164129714682,6.424405123552766,12.347968649138052,56003.27,23.026304,99.04687,99.607216
SWE,Sweden,2010,Klebsiella pneumoniae,Carbapenems,0.28248587,27.551409079816843,17.505937635478027,9.13339875646706,0.3522164129714682,6.424405123552766,12.347968649138052,56003.27,23.026304,99.04687,99.607216
SWE,Sweden,2010,Klebsiella pneumoniae,Fluoroquinolones,5.79514824,27.551409079816843,17.505937635478027,9.13339875646706,0.3522164129714682,6.424405123552766,12.347968649138052,56003.27,23.026304,99.04687,99.607216
SWE,Sweden,2010,Klebsiella pneumoniae,Third-generation cephalosporins,2.37529691,27.551409079816843,17.505937635478027,9.13339875646706,0.3522164129714682,6.424405123552766,12.347968649138052,56003.27,23.026304,99.04687,99.607216
SWE,Sweden,2010,Pseudomonas aeruginosa,Carbapenems,5.52486187,27.551409079816843,17.505937635478027,9.13339875646706,0.3522164129714682,6.424405123552766,12.347968649138052,56003.27,23.026304,99.04687,99.607216
SWE,Sweden,2010,Staphylococcus aureus,Meticillin (MRSA),0.52592036,27.551409079816843,17.505937635478027,9.13339875646706,0.3522164129714682,6.424405123552766,12.347968649138052,56003.27,23.026304,99.04687,99.607216
SWE,Sweden,2011,Enterococcus faecium,Aminopenicillins,86.86567164,28.078906849662967,17.27796520455015,10.042149388250252,0.0689727057064804,16.240102005324804,20.528151164952316,57340.504,23.2007,99.02407,99.62003
SWE,Sweden,2011,Escherichia coli,Carbapenems,0.0,28.078906849662967,17.27796520455015,10.042149388250252,0.0689727057064804,16.240102005324804,20.528151164952316,57340.504,23.2007,99.02407,99.62003
SWE,Sweden,2011,Escherichia coli,Fluoroquinolones,10.05685159,28.078906849662967,17.27796520455015,10.042149388250252,0.0689727057064804,16.240102005324804,20.528151164952316,57340.504,23.2007,99.02407,99.62003
SWE,Sweden,2011,Escherichia coli,Third-generation cephalosporins,3.64562916,28.078906849662967,17.27796520455015,10.042149388250252,0.0689727057064804,16.240102005324804,20.528151164952316,57340.504,23.2007,99.02407,99.62003
SWE,Sweden,2011,Klebsiella pneumoniae,Carbapenems,0.0,28.078906849662967,17.27796520455015,10.042149388250252,0.0689727057064804,16.240102005324804,20.528151164952316,57340.504,23.2007,99.02407,99.62003
SWE,Sweden,2011,Klebsiella pneumoniae,Fluoroquinolones,3.81760339,28.078906849662967,17.27796520455015,10.042149388250252,0.0689727057064804,16.240102005324804,20.528151164952316,57340.504,23.2007,99.02407,99.62003
SWE,Sweden,2011,Klebsiella pneumoniae,Third-generation cephalosporins,2.33297985,28.078906849662967,17.27796520455015,10.042149388250252,0.0689727057064804,16.240102005324804,20.528151164952316,57340.504,23.2007,99.02407,99.62003
SWE,Sweden,2011,Pseudomonas aeruginosa,Carbapenems,6.9879518,28.078906849662967,17.27796520455015,10.042149388250252,0.0689727057064804,16.240102005324804,20.528151164952316,57340.504,23.2007,99.02407,99.62003
SWE,Sweden,2011,Staphylococcus aureus,Meticillin (MRSA),0.8080808,28.078906849662967,17.27796520455015,10.042149388250252,0.0689727057064804,16.240102005324804,20.528151164952316,57340.504,23.2007,99.02407,99.62003
SWE,Sweden,2012,Enterococcus faecium,Aminopenicillins,83.00835654,25.69839051429585,15.843192756362273,3.4312998826646792,0.0096170105618195,7.147859471910377,13.270544171376637,56682.02,23.373096,99.00117,99.63321
SWE,Sweden,2012,Escherichia coli,Carbapenems,0.01808645,25.69839051429585,15.843192756362273,3.4312998826646792,0.0096170105618195,7.147859471910377,13.270544171376637,56682.02,23.373096,99.00117,99.63321
SWE,Sweden,2012,Escherichia coli,Fluoroquinolones,11.08903738,25.69839051429585,15.843192756362273,3.4312998826646792,0.0096170105618195,7.147859471910377,13.270544171376637,56682.02,23.373096,99.00117,99.63321
SWE,Sweden,2012,Escherichia coli,Third-generation cephalosporins,4.4608994,25.69839051429585,15.843192756362273,3.4312998826646792,0.0096170105618195,7.147859471910377,13.270544171376637,56682.02,23.373096,99.00117,99.63321
SWE,Sweden,2012,Klebsiella pneumoniae,Carbapenems,0.10235414,25.69839051429585,15.843192756362273,3.4312998826646792,0.0096170105618195,7.147859471910377,13.270544171376637,56682.02,23.373096,99.00117,99.63321
SWE,Sweden,2012,Klebsiella pneumoniae,Fluoroquinolones,3.68474923,25.69839051429585,15.843192756362273,3.4312998826646792,0.0096170105618195,7.147859471910377,13.270544171376637,56682.02,23.373096,99.00117,99.63321
SWE,Sweden,2012,Klebsiella pneumoniae,Third-generation cephalosporins,2.86591606,25.69839051429585,15.843192756362273,3.4312998826646792,0.0096170105618195,7.147859471910377,13.270544171376637,56682.02,23.373096,99.00117,99.63321
SWE,Sweden,2012,Pseudomonas aeruginosa,Carbapenems,5.88235294,25.69839051429585,15.843192756362273,3.4312998826646792,0.0096170105618195,7.147859471910377,13.270544171376637,56682.02,23.373096,99.00117,99.63321
SWE,Sweden,2012,Staphylococcus aureus,Meticillin (MRSA),0.73551946,25.69839051429585,15.843192756362273,3.4312998826646792,0.0096170105618195,7.147859471910377,13.270544171376637,56682.02,23.373096,99.00117,99.63321
SWE,Sweden,2013,Acinetobacter spp.,Carbapenems,5.55555555,27.58387204442912,16.578203085039174,8.693632514075814,0.0185996104305531,13.179626189285855,17.295675160345557,56843.164,23.572327,98.97817,99.64609
SWE,Sweden,2013,Enterococcus faecium,Aminopenicillins,79.74452554,27.58387204442912,16.578203085039174,8.693632514075814,0.0185996104305531,13.179626189285855,17.295675160345557,56843.164,23.572327,98.97817,99.64609
SWE,Sweden,2013,Escherichia coli,Carbapenems,0.02722199,27.58387204442912,16.578203085039174,8.693632514075814,0.0185996104305531,13.179626189285855,17.295675160345557,56843.164,23.572327,98.97817,99.64609
SWE,Sweden,2013,Escherichia coli,Fluoroquinolones,11.58238172,27.58387204442912,16.578203085039174,8.693632514075814,0.0185996104305531,13.179626189285855,17.295675160345557,56843.164,23.572327,98.97817,99.64609
SWE,Sweden,2013,Escherichia coli,Third-generation cephalosporins,5.20446096,27.58387204442912,16.578203085039174,8.693632514075814,0.0185996104305531,13.179626189285855,17.295675160345557,56843.164,23.572327,98.97817,99.64609
SWE,Sweden,2013,Klebsiella pneumoniae,Carbapenems,0.0,27.58387204442912,16.578203085039174,8.693632514075814,0.0185996104305531,13.179626189285855,17.295675160345557,56843.164,23.572327,98.97817,99.64609
SWE,Sweden,2013,Klebsiella pneumoniae,Fluoroquinolones,3.93700787,27.58387204442912,16.578203085039174,8.693632514075814,0.0185996104305531,13.179626189285855,17.295675160345557,56843.164,23.572327,98.97817,99.64609
SWE,Sweden,2013,Klebsiella pneumoniae,Third-generation cephalosporins,3.61538461,27.58387204442912,16.578203085039174,8.693632514075814,0.0185996104305531,13.179626189285855,17.295675160345557,56843.164,23.572327,98.97817,99.64609
SWE,Sweden,2013,Pseudomonas aeruginosa,Carbapenems,7.15667311,27.58387204442912,16.578203085039174,8.693632514075814,0.0185996104305531,13.179626189285855,17.295675160345557,56843.164,23.572327,98.97817,99.64609
SWE,Sweden,2013,Staphylococcus aureus,Meticillin (MRSA),1.07343254,27.58387204442912,16.578203085039174,8.693632514075814,0.0185996104305531,13.179626189285855,17.295675160345557,56843.164,23.572327,98.97817,99.64609
SWE,Sweden,2014,Acinetobacter spp.,Carbapenems,3.84615384,30.35502127175748,18.37758405141151,19.8122768411315,0.6731802570022796,29.23806325933499,25.16249992948218,57574.05,23.807587,98.95508,99.658676
SWE,Sweden,2014,Enterococcus faecium,Aminopenicillins,81.56028368,30.35502127175748,18.37758405141151,19.8122768411315,0.6731802570022796,29.23806325933499,25.16249992948218,57574.05,23.807587,98.95508,99.658676
SWE,Sweden,2014,Escherichia coli,Carbapenems,0.0,30.35502127175748,18.37758405141151,19.8122768411315,0.6731802570022796,29.23806325933499,25.16249992948218,57574.05,23.807587,98.95508,99.658676
SWE,Sweden,2014,Escherichia coli,Fluoroquinolones,11.2991054,30.35502127175748,18.37758405141151,19.8122768411315,0.6731802570022796,29.23806325933499,25.16249992948218,57574.05,23.807587,98.95508,99.658676
SWE,Sweden,2014,Escherichia coli,Third-generation cephalosporins,5.56064772,30.35502127175748,18.37758405141151,19.8122768411315,0.6731802570022796,29.23806325933499,25.16249992948218,57574.05,23.807587,98.95508,99.658676
SWE,Sweden,2014,Klebsiella pneumoniae,Carbapenems,0.0,30.35502127175748,18.37758405141151,19.8122768411315,0.6731802570022796,29.23806325933499,25.16249992948218,57574.05,23.807587,98.95508,99.658676
SWE,Sweden,2014,Klebsiella pneumoniae,Fluoroquinolones,4.06290956,30.35502127175748,18.37758405141151,19.8122768411315,0.6731802570022796,29.23806325933499,25.16249992948218,57574.05,23.807587,98.95508,99.658676
SWE,Sweden,2014,Klebsiella pneumoniae,Third-generation cephalosporins,4.5,30.35502127175748,18.37758405141151,19.8122768411315,0.6731802570022796,29.23806325933499,25.16249992948218,57574.05,23.807587,98.95508,99.658676
SWE,Sweden,2014,Pseudomonas aeruginosa,Carbapenems,7.10784313,30.35502127175748,18.37758405141151,19.8122768411315,0.6731802570022796,29.23806325933499,25.16249992948218,57574.05,23.807587,98.95508,99.658676
SWE,Sweden,2014,Staphylococcus aureus,Meticillin (MRSA),0.94717668,30.35502127175748,18.37758405141151,19.8122768411315,0.6731802570022796,29.23806325933499,25.16249992948218,57574.05,23.807587,98.95508,99.658676
SWE,Sweden,2015,Acinetobacter spp.,Carbapenems,2.94117647,27.28195124110608,15.907729496752106,4.862312345652947,0.0294342518800456,26.48744096282032,20.09509658236702,59468.355,24.060593,98.93191,99.671005
SWE,Sweden,2015,Enterococcus faecium,Aminopenicillins,80.95238095,27.28195124110608,15.907729496752106,4.862312345652947,0.0294342518800456,26.48744096282032,20.09509658236702,59468.355,24.060593,98.93191,99.671005
SWE,Sweden,2015,Escherichia coli,Carbapenems,0.07537214,27.28195124110608,15.907729496752106,4.862312345652947,0.0294342518800456,26.48744096282032,20.09509658236702,59468.355,24.060593,98.93191,99.671005
SWE,Sweden,2015,Escherichia coli,Fluoroquinolones,12.61538461,27.28195124110608,15.907729496752106,4.862312345652947,0.0294342518800456,26.48744096282032,20.09509658236702,59468.355,24.060593,98.93191,99.671005
SWE,Sweden,2015,Escherichia coli,Third-generation cephalosporins,6.23853211,27.28195124110608,15.907729496752106,4.862312345652947,0.0294342518800456,26.48744096282032,20.09509658236702,59468.355,24.060593,98.93191,99.671005
SWE,Sweden,2015,Klebsiella pneumoniae,Carbapenems,0.0,27.28195124110608,15.907729496752106,4.862312345652947,0.0294342518800456,26.48744096282032,20.09509658236702,59468.355,24.060593,98.93191,99.671005
SWE,Sweden,2015,Klebsiella pneumoniae,Fluoroquinolones,4.52039691,27.28195124110608,15.907729496752106,4.862312345652947,0.0294342518800456,26.48744096282032,20.09509658236702,59468.355,24.060593,98.93191,99.671005
SWE,Sweden,2015,Klebsiella pneumoniae,Third-generation cephalosporins,3.29670329,27.28195124110608,15.907729496752106,4.862312345652947,0.0294342518800456,26.48744096282032,20.09509658236702,59468.355,24.060593,98.93191,99.671005
SWE,Sweden,2015,Pseudomonas aeruginosa,Carbapenems,6.53266331,27.28195124110608,15.907729496752106,4.862312345652947,0.0294342518800456,26.48744096282032,20.09509658236702,59468.355,24.060593,98.93191,99.671005
SWE,Sweden,2015,Staphylococcus aureus,Meticillin (MRSA),0.80025608,27.28195124110608,15.907729496752106,4.862312345652947,0.0294342518800456,26.48744096282032,20.09509658236702,59468.355,24.060593,98.93191,99.671005
SWE,Sweden,2016,Acinetobacter spp.,Carbapenems,1.19047619,27.37147074149438,16.193462043643795,7.771276955393143,0.008391704707368,17.606842493588225,19.104459851533264,59977.387,24.364553,98.908646,99.683044
SWE,Sweden,2016,Enterococcus faecium,Aminopenicillins,84.11552346,27.37147074149438,16.193462043643795,7.771276955393143,0.008391704707368,17.606842493588225,19.104459851533264,59977.387,24.364553,98.908646,99.683044
SWE,Sweden,2016,Escherichia coli,Carbapenems,0.08661758,27.37147074149438,16.193462043643795,7.771276955393143,0.008391704707368,17.606842493588225,19.104459851533264,59977.387,24.364553,98.908646,99.683044
SWE,Sweden,2016,Escherichia coli,Fluoroquinolones,13.6605729,27.37147074149438,16.193462043643795,7.771276955393143,0.008391704707368,17.606842493588225,19.104459851533264,59977.387,24.364553,98.908646,99.683044
SWE,Sweden,2016,Escherichia coli,Third-generation cephalosporins,8.26386892,27.37147074149438,16.193462043643795,7.771276955393143,0.008391704707368,17.606842493588225,19.104459851533264,59977.387,24.364553,98.908646,99.683044
SWE,Sweden,2016,Klebsiella pneumoniae,Carbapenems,0.13063357,27.37147074149438,16.193462043643795,7.771276955393143,0.008391704707368,17.606842493588225,19.104459851533264,59977.387,24.364553,98.908646,99.683044
SWE,Sweden,2016,Klebsiella pneumoniae,Fluoroquinolones,5.41422048,27.37147074149438,16.193462043643795,7.771276955393143,0.008391704707368,17.606842493588225,19.104459851533264,59977.387,24.364553,98.908646,99.683044
SWE,Sweden,2016,Klebsiella pneumoniae,Third-generation cephalosporins,4.87963565,27.37147074149438,16.193462043643795,7.771276955393143,0.008391704707368,17.606842493588225,19.104459851533264,59977.387,24.364553,98.908646,99.683044
SWE,Sweden,2016,Pseudomonas aeruginosa,Carbapenems,11.01694915,27.37147074149438,16.193462043643795,7.771276955393143,0.008391704707368,17.606842493588225,19.104459851533264,59977.387,24.364553,98.908646,99.683044
SWE,Sweden,2016,Staphylococcus aureus,Meticillin (MRSA),2.26086956,27.37147074149438,16.193462043643795,7.771276955393143,0.008391704707368,17.606842493588225,19.104459851533264,59977.387,24.364553,98.908646,99.683044
SWE,Sweden,2017,Acinetobacter spp.,Carbapenems,0.0,25.306845893046884,15.002062040843128,2.7007328931583574,0.0019631006003876,4.947143318303794,14.317194651255027,60288.8,24.694994,98.88529,99.69483
SWE,Sweden,2017,Enterococcus faecium,Aminopenicillins,87.01298701,25.306845893046884,15.002062040843128,2.7007328931583574,0.0019631006003876,4.947143318303794,14.317194651255027,60288.8,24.694994,98.88529,99.69483
SWE,Sweden,2017,Escherichia coli,Carbapenems,0.01733402,25.306845893046884,15.002062040843128,2.7007328931583574,0.0019631006003876,4.947143318303794,14.317194651255027,60288.8,24.694994,98.88529,99.69483
SWE,Sweden,2017,Escherichia coli,Fluoroquinolones,15.79312738,25.306845893046884,15.002062040843128,2.7007328931583574,0.0019631006003876,4.947143318303794,14.317194651255027,60288.8,24.694994,98.88529,99.69483
SWE,Sweden,2017,Escherichia coli,Third-generation cephalosporins,7.35751295,25.306845893046884,15.002062040843128,2.7007328931583574,0.0019631006003876,4.947143318303794,14.317194651255027,60288.8,24.694994,98.88529,99.69483
SWE,Sweden,2017,Klebsiella pneumoniae,Carbapenems,0.09680542,25.306845893046884,15.002062040843128,2.7007328931583574,0.0019631006003876,4.947143318303794,14.317194651255027,60288.8,24.694994,98.88529,99.69483
SWE,Sweden,2017,Klebsiella pneumoniae,Fluoroquinolones,9.76789168,25.306845893046884,15.002062040843128,2.7007328931583574,0.0019631006003876,4.947143318303794,14.317194651255027,60288.8,24.694994,98.88529,99.69483
SWE,Sweden,2017,Klebsiella pneumoniae,Third-generation cephalosporins,5.60928433,25.306845893046884,15.002062040843128,2.7007328931583574,0.0019631006003876,4.947143318303794,14.317194651255027,60288.8,24.694994,98.88529,99.69483
SWE,Sweden,2017,Pseudomonas aeruginosa,Carbapenems,8.96860986,25.306845893046884,15.002062040843128,2.7007328931583574,0.0019631006003876,4.947143318303794,14.317194651255027,60288.8,24.694994,98.88529,99.69483
SWE,Sweden,2017,Staphylococcus aureus,Meticillin (MRSA),1.16186955,25.306845893046884,15.002062040843128,2.7007328931583574,0.0019631006003876,4.947143318303794,14.317194651255027,60288.8,24.694994,98.88529,99.69483
SWE,Sweden,2018,Acinetobacter spp.,Carbapenems,3.7037037,31.210796608064584,19.79343491152267,28.83150276472804,1.4625554286336897,31.6079406400533,21.060666413253397,60647.45,24.98358,98.86187,99.706345
SWE,Sweden,2018,Enterococcus faecium,Aminopenicillins,83.33333333,31.210796608064584,19.79343491152267,28.83150276472804,1.4625554286336897,31.6079406400533,21.060666413253397,60647.45,24.98358,98.86187,99.706345
SWE,Sweden,2018,Escherichia coli,Carbapenems,0.01855976,31.210796608064584,19.79343491152267,28.83150276472804,1.4625554286336897,31.6079406400533,21.060666413253397,60647.45,24.98358,98.86187,99.706345
SWE,Sweden,2018,Escherichia coli,Fluoroquinolones,18.05503904,31.210796608064584,19.79343491152267,28.83150276472804,1.4625554286336897,31.6079406400533,21.060666413253397,60647.45,24.98358,98.86187,99.706345
SWE,Sweden,2018,Escherichia coli,Third-generation cephalosporins,8.33024118,31.210796608064584,19.79343491152267,28.83150276472804,1.4625554286336897,31.6079406400533,21.060666413253397,60647.45,24.98358,98.86187,99.706345
SWE,Sweden,2018,Klebsiella pneumoniae,Carbapenems,0.18382352,31.210796608064584,19.79343491152267,28.83150276472804,1.4625554286336897,31.6079406400533,21.060666413253397,60647.45,24.98358,98.86187,99.706345
SWE,Sweden,2018,Klebsiella pneumoniae,Fluoroquinolones,10.11959521,31.210796608064584,19.79343491152267,28.83150276472804,1.4625554286336897,31.6079406400533,21.060666413253397,60647.45,24.98358,98.86187,99.706345
SWE,Sweden,2018,Klebsiella pneumoniae,Third-generation cephalosporins,5.50964187,31.210796608064584,19.79343491152267,28.83150276472804,1.4625554286336897,31.6079406400533,21.060666413253397,60647.45,24.98358,98.86187,99.706345
SWE,Sweden,2018,Pseudomonas aeruginosa,Carbapenems,4.36893203,31.210796608064584,19.79343491152267,28.83150276472804,1.4625554286336897,31.6079406400533,21.060666413253397,60647.45,24.98358,98.86187,99.706345
SWE,Sweden,2018,Staphylococcus aureus,Meticillin (MRSA),1.92360538,31.210796608064584,19.79343491152267,28.83150276472804,1.4625554286336897,31.6079406400533,21.060666413253397,60647.45,24.98358,98.86187,99.706345
