"HealthTopic","Population","Indicator","Unit","Time","RegionCode","RegionName","NumValue","TxtValue"
"Antimicrobial resistance","Pseudomonas aeruginosa|Carbapenems","I - 'susceptible, increased exposure' isolates ","N","2005","AT","Austria",2.000000000,""
"Antimicrobial resistance","Pseudomonas aeruginosa|Carbapenems","I - 'susceptible, increased exposure' isolates ","N","2005","BG","Bulgaria",0.000000000,""
"Antimicrobial resistance","Pseudomonas aeruginosa|Carbapenems","I - 'susceptible, increased exposure' isolates ","N","2005","CY","Cyprus",0.000000000,""
"Antimicrobial resistance","Pseudomonas aeruginosa|Carbapenems","I - 'susceptible, increased exposure' isolates ","N","2005","CZ","Czechia",0.000000000,""
"Antimicrobial resistance","Pseudomonas aeruginosa|Carbapenems","I - 'susceptible, increased exposure' isolates ","N","2005","DE","Germany",6.000000000,""
"Antimicrobial resistance","Pseudomonas aeruginosa|Carbapenems","I - 'susceptible, increased exposure' isolates ","N","2005","EE","Estonia",0.000000000,""
"Antimicrobial resistance","Pseudomonas aeruginosa|Carbapenems","I - 'susceptible, increased exposure' isolates ","N","2005","EL","Greece",39.000000000,""
"Antimicrobial resistance","Pseudomonas aeruginosa|Carbapenems","I - 'susceptible, increased exposure' isolates ","N","2005","ES","Spain",1.000000000,""
"Antimicrobial resistance","Pseudomonas aeruginosa|Carbapenems","I - 'susceptible, increased exposure' isolates ","N","2005","FI","Finland",0.000000000,""
"Antimicrobial resistance","Pseudomonas aeruginosa|Carbapenems","I - 'susceptible, increased exposure' isolates ","N","2005","FR","France",64.000000000,""
"Antimicrobial resistance","Pseudomonas aeruginosa|Carbapenems","I - 'susceptible, increased exposure' isolates ","N","2005","HR","Croatia",2.000000000,""
"Antimicrobial resistance","Pseudomonas aeruginosa|Carbapenems","I - 'susceptible, increased exposure' isolates ","N","2005","HU","Hungary",22.000000000,""
"Antimicrobial resistance","Pseudomonas aeruginosa|Carbapenems","I - 'susceptible, increased exposure' isolates ","N","2005","IE","Ireland",0.000000000,""
"Antimicrobial resistance","Pseudomonas aeruginosa|Carbapenems","I - 'susceptible, increased exposure' isolates ","N","2005","IS","Iceland",0.000000000,""
"Antimicrobial resistance","Pseudomonas aeruginosa|Carbapenems","I - 'susceptible, increased exposure' isolates ","N","2005","LU","Luxembourg",0.000000000,""
"Antimicrobial resistance","Pseudomonas aeruginosa|Carbapenems","I - 'susceptible, increased exposure' isolates ","N","2005","MT","Malta",1.000000000,""
"Antimicrobial resistance","Pseudomonas aeruginosa|Carbapenems","I - 'susceptible, increased exposure' isolates ","N","2005","NL","Netherlands",3.000000000,""
"Antimicrobial resistance","Pseudomonas aeruginosa|Carbapenems","I - 'susceptible, increased exposure' isolates ","N","2005","NO","Norway",9.000000000,""
"Antimicrobial resistance","Pseudomonas aeruginosa|Carbapenems","I - 'susceptible, increased exposure' isolates ","N","2005","PL","Poland",0.000000000,""
"Antimicrobial resistance","Pseudomonas aeruginosa|Carbapenems","I - 'susceptible, increased exposure' isolates ","N","2005","RO","Romania",0.000000000,""
"Antimicrobial resistance","Pseudomonas aeruginosa|Carbapenems","I - 'susceptible, increased exposure' isolates ","N","2005","SE","Sweden",1.000000000,""
"Antimicrobial resistance","Pseudomonas aeruginosa|Carbapenems","I - 'susceptible, increased exposure' isolates ","N","2005","SI","Slovenia",1.000000000,""
"Antimicrobial resistance","Pseudomonas aeruginosa|Carbapenems","I - 'susceptible, increased exposure' isolates ","N","2005","UK","United Kingdom",0.000000000,""
"Antimicrobial resistance","Pseudomonas aeruginosa|Carbapenems","I - 'susceptible, increased exposure' isolates ","N","2006","AT","Austria",12.000000000,""
"Antimicrobial resistance","Pseudomonas aeruginosa|Carbapenems","I - 'susceptible, increased exposure' isolates ","N","2006","BG","Bulgaria",2.000000000,""
"Antimicrobial resistance","Pseudomonas aeruginosa|Carbapenems","I - 'susceptible, increased exposure' isolates ","N","2006","CY","Cyprus",2.000000000,""
"Antimicrobial resistance","Pseudomonas aeruginosa|Carbapenems","I - 'susceptible, increased exposure' isolates ","N","2006","CZ","Czechia",0.000000000,""
"Antimicrobial resistance","Pseudomonas aeruginosa|Carbapenems","I - 'susceptible, increased exposure' isolates ","N","2006","DE","Germany",17.000000000,""
"Antimicrobial resistance","Pseudomonas aeruginosa|Carbapenems","I - 'susceptible, increased exposure' isolates ","N","2006","EE","Estonia",3.000000000,""
"Antimicrobial resistance","Pseudomonas aeruginosa|Carbapenems","I - 'susceptible, increased exposure' isolates ","N","2006","EL","Greece",49.000000000,""
"Antimicrobial resistance","Pseudomonas aeruginosa|Carbapenems","I - 'susceptible, increased exposure' isolates ","N","2006","ES","Spain",11.000000000,""
"Antimicrobial resistance","Pseudomonas aeruginosa|Carbapenems","I - 'susceptible, increased exposure' isolates ","N","2006","FI","Finland",2.000000000,""
"Antimicrobial resistance","Pseudomonas aeruginosa|Carbapenems","I - 'susceptible, increased exposure' isolates ","N","2006","FR","France",40.000000000,""
"Antimicrobial resistance","Pseudomonas aeruginosa|Carbapenems","I - 'susceptible, increased exposure' isolates ","N","2006","HR","Croatia",1.000000000,""
"Antimicrobial resistance","Pseudomonas aeruginosa|Carbapenems","I - 'susceptible, increased exposure' isolates ","N","2006","HU","Hungary",16.000000000,""
"Antimicrobial resistance","Pseudomonas aeruginosa|Carbapenems","I - 'susceptible, increased exposure' isolates ","N","2006","IE","Ireland",3.000000000,""
"Antimicrobial resistance","Pseudomonas aeruginosa|Carbapenems","I - 'susceptible, increased exposure' isolates ","N","2006","IS","Iceland",0.000000000,""
"Antimicrobial resistance","Pseudomonas aeruginosa|Carbapenems","I - 'susceptible, increased exposure' isolates ","N","2006","IT","Italy",8.000000000,""
"Antimicrobial resistance","Pseudomonas aeruginosa|Carbapenems","I - 'susceptible, increased exposure' isolates ","N","2006","LT","Lithuania",0.000000000,""
"Antimicrobial resistance","Pseudomonas aeruginosa|Carbapenems","I - 'susceptible, increased exposure' isolates ","N","2006","LU","Luxembourg",0.000000000,""
"Antimicrobial resistance","Pseudomonas aeruginosa|Carbapenems","I - 'susceptible, increased exposure' isolates ","N","2006","LV","Latvia",2.000000000,""
"Antimicrobial resistance","Pseudomonas aeruginosa|Carbapenems","I - 'susceptible, increased exposure' isolates ","N","2006","MT","Malta",0.000000000,""
"Antimicrobial resistance","Pseudomonas aeruginosa|Carbapenems","I - 'susceptible, increased exposure' isolates ","N","2006","NL","Netherlands",6.000000000,""
"Antimicrobial resistance","Pseudomonas aeruginosa|Carbapenems","I - 'susceptible, increased exposure' isolates ","N","2006","NO","Norway",4.000000000,""
"Antimicrobial resistance","Pseudomonas aeruginosa|Carbapenems","I - 'susceptible, increased exposure' isolates ","N","2006","PL","Poland",0.000000000,""
"Antimicrobial resistance","Pseudomonas aeruginosa|Carbapenems","I - 'susceptible, increased exposure' isolates ","N","2006","PT","Portugal",3.000000000,""
"Antimicrobial resistance","Pseudomonas aeruginosa|Carbapenems","I - 'susceptible, increased exposure' isolates ","N","2006","RO","Romania",1.000000000,""
"Antimicrobial resistance","Pseudomonas aeruginosa|Carbapenems","I - 'susceptible, increased exposure' isolates ","N","2006","SE","Sweden",3.000000000,""
"Antimicrobial resistance","Pseudomonas aeruginosa|Carbapenems","I - 'susceptible, increased exposure' isolates ","N","2006","SI","Slovenia",1.000000000,""
"Antimicrobial resistance","Pseudomonas aeruginosa|Carbapenems","I - 'susceptible, increased exposure' isolates ","N","2006","UK","United Kingdom",0.000000000,""
"Antimicrobial resistance","Pseudomonas aeruginosa|Carbapenems","I - 'susceptible, increased exposure' isolates ","N","2007","AT","Austria",9.000000000,""
"Antimicrobial resistance","Pseudomonas aeruginosa|Carbapenems","I - 'susceptible, increased exposure' isolates ","N","2007","BG","Bulgaria",2.000000000,""
"Antimicrobial resistance","Pseudomonas aeruginosa|Carbapenems","I - 'susceptible, increased exposure' isolates ","N","2007","CY","Cyprus",1.000000000,""
"Antimicrobial resistance","Pseudomonas aeruginosa|Carbapenems","I - 'susceptible, increased exposure' isolates ","N","2007","CZ","Czechia",0.000000000,""
"Antimicrobial resistance","Pseudomonas aeruginosa|Carbapenems","I - 'susceptible, increased exposure' isolates ","N","2007","DE","Germany",19.000000000,""
"Antimicrobial resistance","Pseudomonas aeruginosa|Carbapenems","I - 'susceptible, increased exposure' isolates ","N","2007","DK","Denmark",6.000000000,""
"Antimicrobial resistance","Pseudomonas aeruginosa|Carbapenems","I - 'susceptible, increased exposure' isolates ","N","2007","EE","Estonia",4.000000000,""
"Antimicrobial resistance","Pseudomonas aeruginosa|Carbapenems","I - 'susceptible, increased exposure' isolates ","N","2007","EL","Greece",30.000000000,""
"Antimicrobial resistance","Pseudomonas aeruginosa|Carbapenems","I - 'susceptible, increased exposure' isolates ","N","2007","ES","Spain",14.000000000,""
"Antimicrobial resistance","Pseudomonas aeruginosa|Carbapenems","I - 'susceptible, increased exposure' isolates ","N","2007","FI","Finland",2.000000000,""
"Antimicrobial resistance","Pseudomonas aeruginosa|Carbapenems","I - 'susceptible, increased exposure' isolates ","N","2007","FR","France",56.000000000,""
"Antimicrobial resistance","Pseudomonas aeruginosa|Carbapenems","I - 'susceptible, increased exposure' isolates ","N","2007","HR","Croatia",3.000000000,""
"Antimicrobial resistance","Pseudomonas aeruginosa|Carbapenems","I - 'susceptible, increased exposure' isolates ","N","2007","HU","Hungary",14.000000000,""
"Antimicrobial resistance","Pseudomonas aeruginosa|Carbapenems","I - 'susceptible, increased exposure' isolates ","N","2007","IE","Ireland",4.000000000,""
"Antimicrobial resistance","Pseudomonas aeruginosa|Carbapenems","I - 'susceptible, increased exposure' isolates ","N","2007","IS","Iceland",2.000000000,""
"Antimicrobial resistance","Pseudomonas aeruginosa|Carbapenems","I - 'susceptible, increased exposure' isolates ","N","2007","IT","Italy",10.000000000,""
"Antimicrobial resistance","Pseudomonas aeruginosa|Carbapenems","I - 'susceptible, increased exposure' isolates ","N","2007","LT","Lithuania",0.000000000,""
"Antimicrobial resistance","Pseudomonas aeruginosa|Carbapenems","I - 'susceptible, increased exposure' isolates ","N","2007","LU","Luxembourg",1.000000000,""
"Antimicrobial resistance","Pseudomonas aeruginosa|Carbapenems","I - 'susceptible, increased exposure' isolates ","N","2007","LV","Latvia",0.000000000,""
"Antimicrobial resistance","Pseudomonas aeruginosa|Carbapenems","I - 'susceptible, increased exposure' isolates ","N","2007","MT","Malta",0.000000000,""
"Antimicrobial resistance","Pseudomonas aeruginosa|Carbapenems","I - 'susceptible, increased exposure' isolates ","N","2007","NL","Netherlands",11.000000000,""
"Antimicrobial resistance","Pseudomonas aeruginosa|Carbapenems","I - 'susceptible, increased exposure' isolates ","N","2007","NO","Norway",5.000000000,""
"Antimicrobial resistance","Pseudomonas aeruginosa|Carbapenems","I - 'susceptible, increased exposure' isolates ","N","2007","PL","Poland",3.000000000,""
"Antimicrobial resistance","Pseudomonas aeruginosa|Carbapenems","I - 'susceptible, increased exposure' isolates ","N","2007","PT","Portugal",4.000000000,""
"Antimicrobial resistance","Pseudomonas aeruginosa|Carbapenems","I - 'susceptible, increased exposure' isolates ","N","2007","RO","Romania",1.000000000,""
"Antimicrobial resistance","Pseudomonas aeruginosa|Carbapenems","I - 'susceptible, increased exposure' isolates ","N","2007","SE","Sweden",6.000000000,""
"Antimicrobial resistance","Pseudomonas aeruginosa|Carbapenems","I - 'susceptible, increased exposure' isolates ","N","2007","SI","Slovenia",1.000000000,""
"Antimicrobial resistance","Pseudomonas aeruginosa|Carbapenems","I - 'susceptible, increased exposure' isolates ","N","2007","UK","United Kingdom",19.000000000,""
"Antimicrobial resistance","Pseudomonas aeruginosa|Carbapenems","I - 'susceptible, increased exposure' isolates ","N","2008","AT","Austria",9.000000000,""
"Antimicrobial resistance","Pseudomonas aeruginosa|Carbapenems","I - 'susceptible, increased exposure' isolates ","N","2008","BG","Bulgaria",1.000000000,""
"Antimicrobial resistance","Pseudomonas aeruginosa|Carbapenems","I - 'susceptible, increased exposure' isolates ","N","2008","CY","Cyprus",3.000000000,""
"Antimicrobial resistance","Pseudomonas aeruginosa|Carbapenems","I - 'susceptible, increased exposure' isolates ","N","2008","CZ","Czechia",0.000000000,""
"Antimicrobial resistance","Pseudomonas aeruginosa|Carbapenems","I - 'susceptible, increased exposure' isolates ","N","2008","DE","Germany",5.000000000,""
"Antimicrobial resistance","Pseudomonas aeruginosa|Carbapenems","I - 'susceptible, increased exposure' isolates ","N","2008","DK","Denmark",3.000000000,""
"Antimicrobial resistance","Pseudomonas aeruginosa|Carbapenems","I - 'susceptible, increased exposure' isolates ","N","2008","EE","Estonia",0.000000000,""
"Antimicrobial resistance","Pseudomonas aeruginosa|Carbapenems","I - 'susceptible, increased exposure' isolates ","N","2008","EL","Greece",28.000000000,""
"Antimicrobial resistance","Pseudomonas aeruginosa|Carbapenems","I - 'susceptible, increased exposure' isolates ","N","2008","ES","Spain",13.000000000,""
"Antimicrobial resistance","Pseudomonas aeruginosa|Carbapenems","I - 'susceptible, increased exposure' isolates ","N","2008","FI","Finland",1.000000000,""
"Antimicrobial resistance","Pseudomonas aeruginosa|Carbapenems","I - 'susceptible, increased exposure' isolates ","N","2008","FR","France",64.000000000,""
"Antimicrobial resistance","Pseudomonas aeruginosa|Carbapenems","I - 'susceptible, increased exposure' isolates ","N","2008","HR","Croatia",8.000000000,""
"Antimicrobial resistance","Pseudomonas aeruginosa|Carbapenems","I - 'susceptible, increased exposure' isolates ","N","2008","HU","Hungary",11.000000000,""
"Antimicrobial resistance","Pseudomonas aeruginosa|Carbapenems","I - 'susceptible, increased exposure' isolates ","N","2008","IE","Ireland",2.000000000,""
"Antimicrobial resistance","Pseudomonas aeruginosa|Carbapenems","I - 'susceptible, increased exposure' isolates ","N","2008","IS","Iceland",0.000000000,""
"Antimicrobial resistance","Pseudomonas aeruginosa|Carbapenems","I - 'susceptible, increased exposure' isolates ","N","2008","IT","Italy",6.000000000,""
"Antimicrobial resistance","Pseudomonas aeruginosa|Carbapenems","I - 'susceptible, increased exposure' isolates ","N","2008","LT","Lithuania",0.000000000,""
"Antimicrobial resistance","Pseudomonas aeruginosa|Carbapenems","I - 'susceptible, increased exposure' isolates ","N","2008","LU","Luxembourg",0.000000000,""
"Antimicrobial resistance","Pseudomonas aeruginosa|Carbapenems","I - 'susceptible, increased exposure' isolates ","N","2008","LV","Latvia",0.000000000,""
"Antimicrobial resistance","Pseudomonas aeruginosa|Carbapenems","I - 'susceptible, increased exposure' isolates ","N","2008","MT","Malta",1.000000000,""
"Antimicrobial resistance","Pseudomonas aeruginosa|Carbapenems","I - 'susceptible, increased exposure' isolates ","N","2008","NL","Netherlands",7.000000000,""
"Antimicrobial resistance","Pseudomonas aeruginosa|Carbapenems","I - 'susceptible, increased exposure' isolates ","N","2008","NO","Norway",7.000000000,""
"Antimicrobial resistance","Pseudomonas aeruginosa|Carbapenems","I - 'susceptible, increased exposure' isolates ","N","2008","PL","Poland",1.000000000,""
"Antimicrobial resistance","Pseudomonas aeruginosa|Carbapenems","I - 'susceptible, increased exposure' isolates ","N","2008","PT","Portugal",12.000000000,""
"Antimicrobial resistance","Pseudomonas aeruginosa|Carbapenems","I - 'susceptible, increased exposure' isolates ","N","2008","RO","Romania",0.000000000,""
"Antimicrobial resistance","Pseudomonas aeruginosa|Carbapenems","I - 'susceptible, increased exposure' isolates ","N","2008","SE","Sweden",4.000000000,""
"Antimicrobial resistance","Pseudomonas aeruginosa|Carbapenems","I - 'susceptible, increased exposure' isolates ","N","2008","SI","Slovenia",3.000000000,""
"Antimicrobial resistance","Pseudomonas aeruginosa|Carbapenems","I - 'susceptible, increased exposure' isolates ","N","2008","UK","United Kingdom",12.000000000,""
"Antimicrobial resistance","Pseudomonas aeruginosa|Carbapenems","I - 'susceptible, increased exposure' isolates ","N","2009","AT","Austria",6.000000000,""
"Antimicrobial resistance","Pseudomonas aeruginosa|Carbapenems","I - 'susceptible, increased exposure' isolates ","N","2009","BE","Belgium",4.000000000,""
"Antimicrobial resistance","Pseudomonas aeruginosa|Carbapenems","I - 'susceptible, increased exposure' isolates ","N","2009","BG","Bulgaria",2.000000000,""
"Antimicrobial resistance","Pseudomonas aeruginosa|Carbapenems","I - 'susceptible, increased exposure' isolates ","N","2009","CY","Cyprus",3.000000000,""
"Antimicrobial resistance","Pseudomonas aeruginosa|Carbapenems","I - 'susceptible, increased exposure' isolates ","N","2009","CZ","Czechia",0.000000000,""
"Antimicrobial resistance","Pseudomonas aeruginosa|Carbapenems","I - 'susceptible, increased exposure' isolates ","N","2009","DE","Germany",9.000000000,""
"Antimicrobial resistance","Pseudomonas aeruginosa|Carbapenems","I - 'susceptible, increased exposure' isolates ","N","2009","DK","Denmark",3.000000000,""
"Antimicrobial resistance","Pseudomonas aeruginosa|Carbapenems","I - 'susceptible, increased exposure' isolates ","N","2009","EE","Estonia",2.000000000,""
"Antimicrobial resistance","Pseudomonas aeruginosa|Carbapenems","I - 'susceptible, increased exposure' isolates ","N","2009","EL","Greece",34.000000000,""
"Antimicrobial resistance","Pseudomonas aeruginosa|Carbapenems","I - 'susceptible, increased exposure' isolates ","N","2009","ES","Spain",18.000000000,""
"Antimicrobial resistance","Pseudomonas aeruginosa|Carbapenems","I - 'susceptible, increased exposure' isolates ","N","2009","FI","Finland",4.000000000,""
"Antimicrobial resistance","Pseudomonas aeruginosa|Carbapenems","I - 'susceptible, increased exposure' isolates ","N","2009","FR","France",84.000000000,""
"Antimicrobial resistance","Pseudomonas aeruginosa|Carbapenems","I - 'susceptible, increased exposure' isolates ","N","2009","HU","Hungary",16.000000000,""
"Antimicrobial resistance","Pseudomonas aeruginosa|Carbapenems","I - 'susceptible, increased exposure' isolates ","N","2009","IE","Ireland",4.000000000,""
"Antimicrobial resistance","Pseudomonas aeruginosa|Carbapenems","I - 'susceptible, increased exposure' isolates ","N","2009","IS","Iceland",1.000000000,""
"Antimicrobial resistance","Pseudomonas aeruginosa|Carbapenems","I - 'susceptible, increased exposure' isolates ","N","2009","IT","Italy",7.000000000,""
"Antimicrobial resistance","Pseudomonas aeruginosa|Carbapenems","I - 'susceptible, increased exposure' isolates ","N","2009","LT","Lithuania",0.000000000,""
"Antimicrobial resistance","Pseudomonas aeruginosa|Carbapenems","I - 'susceptible, increased exposure' isolates ","N","2009","LU","Luxembourg",0.000000000,""
"Antimicrobial resistance","Pseudomonas aeruginosa|Carbapenems","I - 'susceptible, increased exposure' isolates ","N","2009","LV","Latvia",1.000000000,""
"Antimicrobial resistance","Pseudomonas aeruginosa|Carbapenems","I - 'susceptible, increased exposure' isolates ","N","2009","MT","Malta",1.000000000,""
"Antimicrobial resistance","Pseudomonas aeruginosa|Carbapenems","I - 'susceptible, increased exposure' isolates ","N","2009","NL","Netherlands",4.000000000,""
"Antimicrobial resistance","Pseudomonas aeruginosa|Carbapenems","I - 'susceptible, increased exposure' isolates ","N","2009","NO","Norway",6.000000000,""
"Antimicrobial resistance","Pseudomonas aeruginosa|Carbapenems","I - 'susceptible, increased exposure' isolates ","N","2009","PL","Poland",1.000000000,""
"Antimicrobial resistance","Pseudomonas aeruginosa|Carbapenems","I - 'susceptible, increased exposure' isolates ","N","2009","PT","Portugal",20.000000000,""
"Antimicrobial resistance","Pseudomonas aeruginosa|Carbapenems","I - 'susceptible, increased exposure' isolates ","N","2009","RO","Romania",0.000000000,""
"Antimicrobial resistance","Pseudomonas aeruginosa|Carbapenems","I - 'susceptible, increased exposure' isolates ","N","2009","SI","Slovenia",1.000000000,""
"Antimicrobial resistance","Pseudomonas aeruginosa|Carbapenems","I - 'susceptible, increased exposure' isolates ","N","2009","UK","United Kingdom",35.000000000,""
"Antimicrobial resistance","Pseudomonas aeruginosa|Carbapenems","I - 'susceptible, increased exposure' isolates ","N","2010","AT","Austria",7.000000000,""
"Antimicrobial resistance","Pseudomonas aeruginosa|Carbapenems","I - 'susceptible, increased exposure' isolates ","N","2010","BE","Belgium",3.000000000,""
"Antimicrobial resistance","Pseudomonas aeruginosa|Carbapenems","I - 'susceptible, increased exposure' isolates ","N","2010","BG","Bulgaria",0.000000000,""
"Antimicrobial resistance","Pseudomonas aeruginosa|Carbapenems","I - 'susceptible, increased exposure' isolates ","N","2010","CY","Cyprus",17.000000000,""
"Antimicrobial resistance","Pseudomonas aeruginosa|Carbapenems","I - 'susceptible, increased exposure' isolates ","N","2010","CZ","Czechia",98.000000000,""
"Antimicrobial resistance","Pseudomonas aeruginosa|Carbapenems","I - 'susceptible, increased exposure' isolates ","N","2010","DE","Germany",16.000000000,""
"Antimicrobial resistance","Pseudomonas aeruginosa|Carbapenems","I - 'susceptible, increased exposure' isolates ","N","2010","DK","Denmark",3.000000000,""
"Antimicrobial resistance","Pseudomonas aeruginosa|Carbapenems","I - 'susceptible, increased exposure' isolates ","N","2010","EE","Estonia",3.000000000,""
"Antimicrobial resistance","Pseudomonas aeruginosa|Carbapenems","I - 'susceptible, increased exposure' isolates ","N","2010","EL","Greece",33.000000000,""
"Antimicrobial resistance","Pseudomonas aeruginosa|Carbapenems","I - 'susceptible, increased exposure' isolates ","N","2010","ES","Spain",21.000000000,""
"Antimicrobial resistance","Pseudomonas aeruginosa|Carbapenems","I - 'susceptible, increased exposure' isolates ","N","2010","FI","Finland",2.000000000,""
"Antimicrobial resistance","Pseudomonas aeruginosa|Carbapenems","I - 'susceptible, increased exposure' isolates ","N","2010","FR","France",61.000000000,""
"Antimicrobial resistance","Pseudomonas aeruginosa|Carbapenems","I - 'susceptible, increased exposure' isolates ","N","2010","HR","Croatia",10.000000000,""
"Antimicrobial resistance","Pseudomonas aeruginosa|Carbapenems","I - 'susceptible, increased exposure' isolates ","N","2010","HU","Hungary",20.000000000,""
"Antimicrobial resistance","Pseudomonas aeruginosa|Carbapenems","I - 'susceptible, increased exposure' isolates ","N","2010","IE","Ireland",4.000000000,""
"Antimicrobial resistance","Pseudomonas aeruginosa|Carbapenems","I - 'susceptible, increased exposure' isolates ","N","2010","IS","Iceland",0.000000000,""
"Antimicrobial resistance","Pseudomonas aeruginosa|Carbapenems","I - 'susceptible, increased exposure' isolates ","N","2010","IT","Italy",22.000000000,""
"Antimicrobial resistance","Pseudomonas aeruginosa|Carbapenems","I - 'susceptible, increased exposure' isolates ","N","2010","LT","Lithuania",0.000000000,""
"Antimicrobial resistance","Pseudomonas aeruginosa|Carbapenems","I - 'susceptible, increased exposure' isolates ","N","2010","LU","Luxembourg",2.000000000,""
"Antimicrobial resistance","Pseudomonas aeruginosa|Carbapenems","I - 'susceptible, increased exposure' isolates ","N","2010","LV","Latvia",0.000000000,""
"Antimicrobial resistance","Pseudomonas aeruginosa|Carbapenems","I - 'susceptible, increased exposure' isolates ","N","2010","MT","Malta",1.000000000,""
"Antimicrobial resistance","Pseudomonas aeruginosa|Carbapenems","I - 'susceptible, increased exposure' isolates ","N","2010","NL","Netherlands",9.000000000,""
"Antimicrobial resistance","Pseudomonas aeruginosa|Carbapenems","I - 'susceptible, increased exposure' isolates ","N","2010","NO","Norway",3.000000000,""
"Antimicrobial resistance","Pseudomonas aeruginosa|Carbapenems","I - 'susceptible, increased exposure' isolates ","N","2010","PL","Poland",2.000000000,""
"Antimicrobial resistance","Pseudomonas aeruginosa|Carbapenems","I - 'susceptible, increased exposure' isolates ","N","2010","PT","Portugal",20.000000000,""
"Antimicrobial resistance","Pseudomonas aeruginosa|Carbapenems","I - 'susceptible, increased exposure' isolates ","N","2010","RO","Romania",0.000000000,""
"Antimicrobial resistance","Pseudomonas aeruginosa|Carbapenems","I - 'susceptible, increased exposure' isolates ","N","2010","SE","Sweden",7.000000000,""
"Antimicrobial resistance","Pseudomonas aeruginosa|Carbapenems","I - 'susceptible, increased exposure' isolates ","N","2010","SI","Slovenia",1.000000000,""
"Antimicrobial resistance","Pseudomonas aeruginosa|Carbapenems","I - 'susceptible, increased exposure' isolates ","N","2010","UK","United Kingdom",27.000000000,""
"Antimicrobial resistance","Pseudomonas aeruginosa|Carbapenems","I - 'susceptible, increased exposure' isolates ","N","2011","AT","Austria",5.000000000,""
"Antimicrobial resistance","Pseudomonas aeruginosa|Carbapenems","I - 'susceptible, increased exposure' isolates ","N","2011","BE","Belgium",23.000000000,""
"Antimicrobial resistance","Pseudomonas aeruginosa|Carbapenems","I - 'susceptible, increased exposure' isolates ","N","2011","BG","Bulgaria",3.000000000,""
"Antimicrobial resistance","Pseudomonas aeruginosa|Carbapenems","I - 'susceptible, increased exposure' isolates ","N","2011","CY","Cyprus",11.000000000,""
"Antimicrobial resistance","Pseudomonas aeruginosa|Carbapenems","I - 'susceptible, increased exposure' isolates ","N","2011","CZ","Czechia",70.000000000,""
"Antimicrobial resistance","Pseudomonas aeruginosa|Carbapenems","I - 'susceptible, increased exposure' isolates ","N","2011","DE","Germany",20.000000000,""
"Antimicrobial resistance","Pseudomonas aeruginosa|Carbapenems","I - 'susceptible, increased exposure' isolates ","N","2011","DK","Denmark",17.000000000,""
"Antimicrobial resistance","Pseudomonas aeruginosa|Carbapenems","I - 'susceptible, increased exposure' isolates ","N","2011","EE","Estonia",1.000000000,""
"Antimicrobial resistance","Pseudomonas aeruginosa|Carbapenems","I - 'susceptible, increased exposure' isolates ","N","2011","EL","Greece",147.000000000,""
"Antimicrobial resistance","Pseudomonas aeruginosa|Carbapenems","I - 'susceptible, increased exposure' isolates ","N","2011","ES","Spain",25.000000000,""
"Antimicrobial resistance","Pseudomonas aeruginosa|Carbapenems","I - 'susceptible, increased exposure' isolates ","N","2011","FI","Finland",19.000000000,""
"Antimicrobial resistance","Pseudomonas aeruginosa|Carbapenems","I - 'susceptible, increased exposure' isolates ","N","2011","FR","France",82.000000000,""
"Antimicrobial resistance","Pseudomonas aeruginosa|Carbapenems","I - 'susceptible, increased exposure' isolates ","N","2011","HR","Croatia",27.000000000,""
"Antimicrobial resistance","Pseudomonas aeruginosa|Carbapenems","I - 'susceptible, increased exposure' isolates ","N","2011","HU","Hungary",17.000000000,""
"Antimicrobial resistance","Pseudomonas aeruginosa|Carbapenems","I - 'susceptible, increased exposure' isolates ","N","2011","IE","Ireland",10.000000000,""
"Antimicrobial resistance","Pseudomonas aeruginosa|Carbapenems","I - 'susceptible, increased exposure' isolates ","N","2011","IS","Iceland",0.000000000,""
"Antimicrobial resistance","Pseudomonas aeruginosa|Carbapenems","I - 'susceptible, increased exposure' isolates ","N","2011","IT","Italy",17.000000000,""
"Antimicrobial resistance","Pseudomonas aeruginosa|Carbapenems","I - 'susceptible, increased exposure' isolates ","N","2011","LT","Lithuania",0.000000000,""
"Antimicrobial resistance","Pseudomonas aeruginosa|Carbapenems","I - 'susceptible, increased exposure' isolates ","N","2011","LU","Luxembourg",1.000000000,""
"Antimicrobial resistance","Pseudomonas aeruginosa|Carbapenems","I - 'susceptible, increased exposure' isolates ","N","2011","LV","Latvia",1.000000000,""
"Antimicrobial resistance","Pseudomonas aeruginosa|Carbapenems","I - 'susceptible, increased exposure' isolates ","N","2011","MT","Malta",3.000000000,""
"Antimicrobial resistance","Pseudomonas aeruginosa|Carbapenems","I - 'susceptible, increased exposure' isolates ","N","2011","NL","Netherlands",12.000000000,""
"Antimicrobial resistance","Pseudomonas aeruginosa|Carbapenems","I - 'susceptible, increased exposure' isolates ","N","2011","NO","Norway",5.000000000,""
"Antimicrobial resistance","Pseudomonas aeruginosa|Carbapenems","I - 'susceptible, increased exposure' isolates ","N","2011","PL","Poland",12.000000000,""
"Antimicrobial resistance","Pseudomonas aeruginosa|Carbapenems","I - 'susceptible, increased exposure' isolates ","N","2011","PT","Portugal",17.000000000,""
"Antimicrobial resistance","Pseudomonas aeruginosa|Carbapenems","I - 'susceptible, increased exposure' isolates ","N","2011","RO","Romania",0.000000000,""
"Antimicrobial resistance","Pseudomonas aeruginosa|Carbapenems","I - 'susceptible, increased exposure' isolates ","N","2011","SE","Sweden",16.000000000,""
"Antimicrobial resistance","Pseudomonas aeruginosa|Carbapenems","I - 'susceptible, increased exposure' isolates ","N","2011","SI","Slovenia",2.000000000,""
"Antimicrobial resistance","Pseudomonas aeruginosa|Carbapenems","I - 'susceptible, increased exposure' isolates ","N","2011","SK","Slovakia",15.000000000,""
"Antimicrobial resistance","Pseudomonas aeruginosa|Carbapenems","I - 'susceptible, increased exposure' isolates ","N","2011","UK","United Kingdom",7.000000000,""
"Antimicrobial resistance","Pseudomonas aeruginosa|Carbapenems","I - 'susceptible, increased exposure' isolates ","N","2012","AT","Austria",12.000000000,""
"Antimicrobial resistance","Pseudomonas aeruginosa|Carbapenems","I - 'susceptible, increased exposure' isolates ","N","2012","BE","Belgium",14.000000000,""
"Antimicrobial resistance","Pseudomonas aeruginosa|Carbapenems","I - 'susceptible, increased exposure' isolates ","N","2012","BG","Bulgaria",4.000000000,""
"Antimicrobial resistance","Pseudomonas aeruginosa|Carbapenems","I - 'susceptible, increased exposure' isolates ","N","2012","CY","Cyprus",25.000000000,""
"Antimicrobial resistance","Pseudomonas aeruginosa|Carbapenems","I - 'susceptible, increased exposure' isolates ","N","2012","CZ","Czechia",70.000000000,""
"Antimicrobial resistance","Pseudomonas aeruginosa|Carbapenems","I - 'susceptible, increased exposure' isolates ","N","2012","DE","Germany",23.000000000,""
"Antimicrobial resistance","Pseudomonas aeruginosa|Carbapenems","I - 'susceptible, increased exposure' isolates ","N","2012","DK","Denmark",8.000000000,""
"Antimicrobial resistance","Pseudomonas aeruginosa|Carbapenems","I - 'susceptible, increased exposure' isolates ","N","2012","EE","Estonia",0.000000000,""
"Antimicrobial resistance","Pseudomonas aeruginosa|Carbapenems","I - 'susceptible, increased exposure' isolates ","N","2012","EL","Greece",32.000000000,""
"Antimicrobial resistance","Pseudomonas aeruginosa|Carbapenems","I - 'susceptible, increased exposure' isolates ","N","2012","ES","Spain",35.000000000,""
"Antimicrobial resistance","Pseudomonas aeruginosa|Carbapenems","I - 'susceptible, increased exposure' isolates ","N","2012","FI","Finland",19.000000000,""
"Antimicrobial resistance","Pseudomonas aeruginosa|Carbapenems","I - 'susceptible, increased exposure' isolates ","N","2012","FR","France",76.000000000,""
"Antimicrobial resistance","Pseudomonas aeruginosa|Carbapenems","I - 'susceptible, increased exposure' isolates ","N","2012","HR","Croatia",10.000000000,""
"Antimicrobial resistance","Pseudomonas aeruginosa|Carbapenems","I - 'susceptible, increased exposure' isolates ","N","2012","HU","Hungary",18.000000000,""
"Antimicrobial resistance","Pseudomonas aeruginosa|Carbapenems","I - 'susceptible, increased exposure' isolates ","N","2012","IE","Ireland",15.000000000,""
"Antimicrobial resistance","Pseudomonas aeruginosa|Carbapenems","I - 'susceptible, increased exposure' isolates ","N","2012","IS","Iceland",0.000000000,""
"Antimicrobial resistance","Pseudomonas aeruginosa|Carbapenems","I - 'susceptible, increased exposure' isolates ","N","2012","IT","Italy",29.000000000,""
"Antimicrobial resistance","Pseudomonas aeruginosa|Carbapenems","I - 'susceptible, increased exposure' isolates ","N","2012","LT","Lithuania",1.000000000,""
"Antimicrobial resistance","Pseudomonas aeruginosa|Carbapenems","I - 'susceptible, increased exposure' isolates ","N","2012","LU","Luxembourg",4.000000000,""
"Antimicrobial resistance","Pseudomonas aeruginosa|Carbapenems","I - 'susceptible, increased exposure' isolates ","N","2012","LV","Latvia",0.000000000,""
"Antimicrobial resistance","Pseudomonas aeruginosa|Carbapenems","I - 'susceptible, increased exposure' isolates ","N","2012","MT","Malta",1.000000000,""
"Antimicrobial resistance","Pseudomonas aeruginosa|Carbapenems","I - 'susceptible, increased exposure' isolates ","N","2012","NL","Netherlands",12.000000000,""
"Antimicrobial resistance","Pseudomonas aeruginosa|Carbapenems","I - 'susceptible, increased exposure' isolates ","N","2012","NO","Norway",6.000000000,""
"Antimicrobial resistance","Pseudomonas aeruginosa|Carbapenems","I - 'susceptible, increased exposure' isolates ","N","2012","PL","Poland",11.000000000,""
"Antimicrobial resistance","Pseudomonas aeruginosa|Carbapenems","I - 'susceptible, increased exposure' isolates ","N","2012","PT","Portugal",22.000000000,""
"Antimicrobial resistance","Pseudomonas aeruginosa|Carbapenems","I - 'susceptible, increased exposure' isolates ","N","2012","RO","Romania",1.000000000,""
"Antimicrobial resistance","Pseudomonas aeruginosa|Carbapenems","I - 'susceptible, increased exposure' isolates ","N","2012","SE","Sweden",14.000000000,""
"Antimicrobial resistance","Pseudomonas aeruginosa|Carbapenems","I - 'susceptible, increased exposure' isolates ","N","2012","SI","Slovenia",5.000000000,""
"Antimicrobial resistance","Pseudomonas aeruginosa|Carbapenems","I - 'susceptible, increased exposure' isolates ","N","2012","SK","Slovakia",5.000000000,""
"Antimicrobial resistance","Pseudomonas aeruginosa|Carbapenems","I - 'susceptible, increased exposure' isolates ","N","2012","UK","United Kingdom",6.000000000,""
"Antimicrobial resistance","Pseudomonas aeruginosa|Carbapenems","I - 'susceptible, increased exposure' isolates ","N","2013","AT","Austria",17.000000000,""
"Antimicrobial resistance","Pseudomonas aeruginosa|Carbapenems","I - 'susceptible, increased exposure' isolates ","N","2013","BE","Belgium",15.000000000,""
"Antimicrobial resistance","Pseudomonas aeruginosa|Carbapenems","I - 'susceptible, increased exposure' isolates ","N","2013","BG","Bulgaria",3.000000000,""
"Antimicrobial resistance","Pseudomonas aeruginosa|Carbapenems","I - 'susceptible, increased exposure' isolates ","N","2013","CY","Cyprus",0.000000000,""
"Antimicrobial resistance","Pseudomonas aeruginosa|Carbapenems","I - 'susceptible, increased exposure' isolates ","N","2013","CZ","Czechia",76.000000000,""
"Antimicrobial resistance","Pseudomonas aeruginosa|Carbapenems","I - 'susceptible, increased exposure' isolates ","N","2013","DE","Germany",21.000000000,""
"Antimicrobial resistance","Pseudomonas aeruginosa|Carbapenems","I - 'susceptible, increased exposure' isolates ","N","2013","DK","Denmark",4.000000000,""
"Antimicrobial resistance","Pseudomonas aeruginosa|Carbapenems","I - 'susceptible, increased exposure' isolates ","N","2013","EE","Estonia",0.000000000,""
"Antimicrobial resistance","Pseudomonas aeruginosa|Carbapenems","I - 'susceptible, increased exposure' isolates ","N","2013","EL","Greece",40.000000000,""
"Antimicrobial resistance","Pseudomonas aeruginosa|Carbapenems","I - 'susceptible, increased exposure' isolates ","N","2013","ES","Spain",32.000000000,""
"Antimicrobial resistance","Pseudomonas aeruginosa|Carbapenems","I - 'susceptible, increased exposure' isolates ","N","2013","FI","Finland",24.000000000,""
"Antimicrobial resistance","Pseudomonas aeruginosa|Carbapenems","I - 'susceptible, increased exposure' isolates ","N","2013","FR","France",87.000000000,""
"Antimicrobial resistance","Pseudomonas aeruginosa|Carbapenems","I - 'susceptible, increased exposure' isolates ","N","2013","HR","Croatia",9.000000000,""
"Antimicrobial resistance","Pseudomonas aeruginosa|Carbapenems","I - 'susceptible, increased exposure' isolates ","N","2013","HU","Hungary",33.000000000,""
"Antimicrobial resistance","Pseudomonas aeruginosa|Carbapenems","I - 'susceptible, increased exposure' isolates ","N","2013","IE","Ireland",9.000000000,""
"Antimicrobial resistance","Pseudomonas aeruginosa|Carbapenems","I - 'susceptible, increased exposure' isolates ","N","2013","IS","Iceland",0.000000000,""
"Antimicrobial resistance","Pseudomonas aeruginosa|Carbapenems","I - 'susceptible, increased exposure' isolates ","N","2013","IT","Italy",39.000000000,""
"Antimicrobial resistance","Pseudomonas aeruginosa|Carbapenems","I - 'susceptible, increased exposure' isolates ","N","2013","LT","Lithuania",3.000000000,""
"Antimicrobial resistance","Pseudomonas aeruginosa|Carbapenems","I - 'susceptible, increased exposure' isolates ","N","2013","LU","Luxembourg",3.000000000,""
"Antimicrobial resistance","Pseudomonas aeruginosa|Carbapenems","I - 'susceptible, increased exposure' isolates ","N","2013","LV","Latvia",2.000000000,""
"Antimicrobial resistance","Pseudomonas aeruginosa|Carbapenems","I - 'susceptible, increased exposure' isolates ","N","2013","MT","Malta",0.000000000,""
"Antimicrobial resistance","Pseudomonas aeruginosa|Carbapenems","I - 'susceptible, increased exposure' isolates ","N","2013","NL","Netherlands",17.000000000,""
"Antimicrobial resistance","Pseudomonas aeruginosa|Carbapenems","I - 'susceptible, increased exposure' isolates ","N","2013","NO","Norway",11.000000000,""
"Antimicrobial resistance","Pseudomonas aeruginosa|Carbapenems","I - 'susceptible, increased exposure' isolates ","N","2013","PL","Poland",10.000000000,""
"Antimicrobial resistance","Pseudomonas aeruginosa|Carbapenems","I - 'susceptible, increased exposure' isolates ","N","2013","PT","Portugal",13.000000000,""
"Antimicrobial resistance","Pseudomonas aeruginosa|Carbapenems","I - 'susceptible, increased exposure' isolates ","N","2013","RO","Romania",2.000000000,""
"Antimicrobial resistance","Pseudomonas aeruginosa|Carbapenems","I - 'susceptible, increased exposure' isolates ","N","2013","SE","Sweden",21.000000000,""
"Antimicrobial resistance","Pseudomonas aeruginosa|Carbapenems","I - 'susceptible, increased exposure' isolates ","N","2013","SI","Slovenia",11.000000000,""
"Antimicrobial resistance","Pseudomonas aeruginosa|Carbapenems","I - 'susceptible, increased exposure' isolates ","N","2013","SK","Slovakia",8.000000000,""
"Antimicrobial resistance","Pseudomonas aeruginosa|Carbapenems","I - 'susceptible, increased exposure' isolates ","N","2013","UK","United Kingdom",15.000000000,""
"Antimicrobial resistance","Pseudomonas aeruginosa|Carbapenems","I - 'susceptible, increased exposure' isolates ","N","2014","AT","Austria",24.000000000,""
"Antimicrobial resistance","Pseudomonas aeruginosa|Carbapenems","I - 'susceptible, increased exposure' isolates ","N","2014","BE","Belgium",14.000000000,""
"Antimicrobial resistance","Pseudomonas aeruginosa|Carbapenems","I - 'susceptible, increased exposure' isolates ","N","2014","BG","Bulgaria",2.000000000,""
"Antimicrobial resistance","Pseudomonas aeruginosa|Carbapenems","I - 'susceptible, increased exposure' isolates ","N","2014","CY","Cyprus",2.000000000,""
"Antimicrobial resistance","Pseudomonas aeruginosa|Carbapenems","I - 'susceptible, increased exposure' isolates ","N","2014","CZ","Czechia",66.000000000,""
"Antimicrobial resistance","Pseudomonas aeruginosa|Carbapenems","I - 'susceptible, increased exposure' isolates ","N","2014","DE","Germany",18.000000000,""
"Antimicrobial resistance","Pseudomonas aeruginosa|Carbapenems","I - 'susceptible, increased exposure' isolates ","N","2014","DK","Denmark",5.000000000,""
"Antimicrobial resistance","Pseudomonas aeruginosa|Carbapenems","I - 'susceptible, increased exposure' isolates ","N","2014","EE","Estonia",2.000000000,""
"Antimicrobial resistance","Pseudomonas aeruginosa|Carbapenems","I - 'susceptible, increased exposure' isolates ","N","2014","EL","Greece",20.000000000,""
"Antimicrobial resistance","Pseudomonas aeruginosa|Carbapenems","I - 'susceptible, increased exposure' isolates ","N","2014","ES","Spain",28.000000000,""
"Antimicrobial resistance","Pseudomonas aeruginosa|Carbapenems","I - 'susceptible, increased exposure' isolates ","N","2014","FI","Finland",14.000000000,""
"Antimicrobial resistance","Pseudomonas aeruginosa|Carbapenems","I - 'susceptible, increased exposure' isolates ","N","2014","FR","France",81.000000000,""
"Antimicrobial resistance","Pseudomonas aeruginosa|Carbapenems","I - 'susceptible, increased exposure' isolates ","N","2014","HR","Croatia",16.000000000,""
"Antimicrobial resistance","Pseudomonas aeruginosa|Carbapenems","I - 'susceptible, increased exposure' isolates ","N","2014","HU","Hungary",14.000000000,""
"Antimicrobial resistance","Pseudomonas aeruginosa|Carbapenems","I - 'susceptible, increased exposure' isolates ","N","2014","IE","Ireland",5.000000000,""
"Antimicrobial resistance","Pseudomonas aeruginosa|Carbapenems","I - 'susceptible, increased exposure' isolates ","N","2014","IS","Iceland",1.000000000,""
"Antimicrobial resistance","Pseudomonas aeruginosa|Carbapenems","I - 'susceptible, increased exposure' isolates ","N","2014","IT","Italy",34.000000000,""
"Antimicrobial resistance","Pseudomonas aeruginosa|Carbapenems","I - 'susceptible, increased exposure' isolates ","N","2014","LT","Lithuania",0.000000000,""
"Antimicrobial resistance","Pseudomonas aeruginosa|Carbapenems","I - 'susceptible, increased exposure' isolates ","N","2014","LU","Luxembourg",2.000000000,""
"Antimicrobial resistance","Pseudomonas aeruginosa|Carbapenems","I - 'susceptible, increased exposure' isolates ","N","2014","LV","Latvia",1.000000000,""
"Antimicrobial resistance","Pseudomonas aeruginosa|Carbapenems","I - 'susceptible, increased exposure' isolates ","N","2014","MT","Malta",3.000000000,""
"Antimicrobial resistance","Pseudomonas aeruginosa|Carbapenems","I - 'susceptible, increased exposure' isolates ","N","2014","NL","Netherlands",20.000000000,""
"Antimicrobial resistance","Pseudomonas aeruginosa|Carbapenems","I - 'susceptible, increased exposure' isolates ","N","2014","NO","Norway",20.000000000,""
"Antimicrobial resistance","Pseudomonas aeruginosa|Carbapenems","I - 'susceptible, increased exposure' isolates ","N","2014","PL","Poland",9.000000000,""
"Antimicrobial resistance","Pseudomonas aeruginosa|Carbapenems","I - 'susceptible, increased exposure' isolates ","N","2014","PT","Portugal",55.000000000,""
"Antimicrobial resistance","Pseudomonas aeruginosa|Carbapenems","I - 'susceptible, increased exposure' isolates ","N","2014","RO","Romania",1.000000000,""
"Antimicrobial resistance","Pseudomonas aeruginosa|Carbapenems","I - 'susceptible, increased exposure' isolates ","N","2014","SE","Sweden",14.000000000,""
"Antimicrobial resistance","Pseudomonas aeruginosa|Carbapenems","I - 'susceptible, increased exposure' isolates ","N","2014","SI","Slovenia",11.000000000,""
"Antimicrobial resistance","Pseudomonas aeruginosa|Carbapenems","I - 'susceptible, increased exposure' isolates ","N","2014","SK","Slovakia",5.000000000,""
"Antimicrobial resistance","Pseudomonas aeruginosa|Carbapenems","I - 'susceptible, increased exposure' isolates ","N","2014","UK","United Kingdom",11.000000000,""
"Antimicrobial resistance","Pseudomonas aeruginosa|Carbapenems","I - 'susceptible, increased exposure' isolates ","N","2015","AT","Austria",16.000000000,""
"Antimicrobial resistance","Pseudomonas aeruginosa|Carbapenems","I - 'susceptible, increased exposure' isolates ","N","2015","BE","Belgium",7.000000000,""
"Antimicrobial resistance","Pseudomonas aeruginosa|Carbapenems","I - 'susceptible, increased exposure' isolates ","N","2015","BG","Bulgaria",1.000000000,""
"Antimicrobial resistance","Pseudomonas aeruginosa|Carbapenems","I - 'susceptible, increased exposure' isolates ","N","2015","CY","Cyprus",0.000000000,""
"Antimicrobial resistance","Pseudomonas aeruginosa|Carbapenems","I - 'susceptible, increased exposure' isolates ","N","2015","CZ","Czechia",59.000000000,""
"Antimicrobial resistance","Pseudomonas aeruginosa|Carbapenems","I - 'susceptible, increased exposure' isolates ","N","2015","DE","Germany",32.000000000,""
"Antimicrobial resistance","Pseudomonas aeruginosa|Carbapenems","I - 'susceptible, increased exposure' isolates ","N","2015","DK","Denmark",11.000000000,""
"Antimicrobial resistance","Pseudomonas aeruginosa|Carbapenems","I - 'susceptible, increased exposure' isolates ","N","2015","EE","Estonia",0.000000000,""
"Antimicrobial resistance","Pseudomonas aeruginosa|Carbapenems","I - 'susceptible, increased exposure' isolates ","N","2015","EL","Greece",23.000000000,""
"Antimicrobial resistance","Pseudomonas aeruginosa|Carbapenems","I - 'susceptible, increased exposure' isolates ","N","2015","ES","Spain",34.000000000,""
"Antimicrobial resistance","Pseudomonas aeruginosa|Carbapenems","I - 'susceptible, increased exposure' isolates ","N","2015","FI","Finland",15.000000000,""
"Antimicrobial resistance","Pseudomonas aeruginosa|Carbapenems","I - 'susceptible, increased exposure' isolates ","N","2015","FR","France",86.000000000,""
"Antimicrobial resistance","Pseudomonas aeruginosa|Carbapenems","I - 'susceptible, increased exposure' isolates ","N","2015","HR","Croatia",12.000000000,""
"Antimicrobial resistance","Pseudomonas aeruginosa|Carbapenems","I - 'susceptible, increased exposure' isolates ","N","2015","HU","Hungary",14.000000000,""
"Antimicrobial resistance","Pseudomonas aeruginosa|Carbapenems","I - 'susceptible, increased exposure' isolates ","N","2015","IE","Ireland",14.000000000,""
"Antimicrobial resistance","Pseudomonas aeruginosa|Carbapenems","I - 'susceptible, increased exposure' isolates ","N","2015","IS","Iceland",0.000000000,""
"Antimicrobial resistance","Pseudomonas aeruginosa|Carbapenems","I - 'susceptible, increased exposure' isolates ","N","2015","IT","Italy",36.000000000,""
"Antimicrobial resistance","Pseudomonas aeruginosa|Carbapenems","I - 'susceptible, increased exposure' isolates ","N","2015","LT","Lithuania",2.000000000,""
"Antimicrobial resistance","Pseudomonas aeruginosa|Carbapenems","I - 'susceptible, increased exposure' isolates ","N","2015","LU","Luxembourg",0.000000000,""
"Antimicrobial resistance","Pseudomonas aeruginosa|Carbapenems","I - 'susceptible, increased exposure' isolates ","N","2015","LV","Latvia",1.000000000,""
"Antimicrobial resistance","Pseudomonas aeruginosa|Carbapenems","I - 'susceptible, increased exposure' isolates ","N","2015","MT","Malta",1.000000000,""
"Antimicrobial resistance","Pseudomonas aeruginosa|Carbapenems","I - 'susceptible, increased exposure' isolates ","N","2015","NL","Netherlands",25.000000000,""
"Antimicrobial resistance","Pseudomonas aeruginosa|Carbapenems","I - 'susceptible, increased exposure' isolates ","N","2015","NO","Norway",17.000000000,""
"Antimicrobial resistance","Pseudomonas aeruginosa|Carbapenems","I - 'susceptible, increased exposure' isolates ","N","2015","PL","Poland",14.000000000,""
"Antimicrobial resistance","Pseudomonas aeruginosa|Carbapenems","I - 'susceptible, increased exposure' isolates ","N","2015","PT","Portugal",46.000000000,""
"Antimicrobial resistance","Pseudomonas aeruginosa|Carbapenems","I - 'susceptible, increased exposure' isolates ","N","2015","RO","Romania",2.000000000,""
"Antimicrobial resistance","Pseudomonas aeruginosa|Carbapenems","I - 'susceptible, increased exposure' isolates ","N","2015","SE","Sweden",8.000000000,""
"Antimicrobial resistance","Pseudomonas aeruginosa|Carbapenems","I - 'susceptible, increased exposure' isolates ","N","2015","SI","Slovenia",10.000000000,""
"Antimicrobial resistance","Pseudomonas aeruginosa|Carbapenems","I - 'susceptible, increased exposure' isolates ","N","2015","SK","Slovakia",17.000000000,""
"Antimicrobial resistance","Pseudomonas aeruginosa|Carbapenems","I - 'susceptible, increased exposure' isolates ","N","2015","UK","United Kingdom",3.000000000,""
"Antimicrobial resistance","Pseudomonas aeruginosa|Carbapenems","I - 'susceptible, increased exposure' isolates ","N","2016","AT","Austria",28.000000000,""
"Antimicrobial resistance","Pseudomonas aeruginosa|Carbapenems","I - 'susceptible, increased exposure' isolates ","N","2016","BE","Belgium",11.000000000,""
"Antimicrobial resistance","Pseudomonas aeruginosa|Carbapenems","I - 'susceptible, increased exposure' isolates ","N","2016","BG","Bulgaria",2.000000000,""
"Antimicrobial resistance","Pseudomonas aeruginosa|Carbapenems","I - 'susceptible, increased exposure' isolates ","N","2016","CY","Cyprus",5.000000000,""
"Antimicrobial resistance","Pseudomonas aeruginosa|Carbapenems","I - 'susceptible, increased exposure' isolates ","N","2016","CZ","Czechia",59.000000000,""
"Antimicrobial resistance","Pseudomonas aeruginosa|Carbapenems","I - 'susceptible, increased exposure' isolates ","N","2016","DE","Germany",43.000000000,""
"Antimicrobial resistance","Pseudomonas aeruginosa|Carbapenems","I - 'susceptible, increased exposure' isolates ","N","2016","DK","Denmark",10.000000000,""
"Antimicrobial resistance","Pseudomonas aeruginosa|Carbapenems","I - 'susceptible, increased exposure' isolates ","N","2016","EE","Estonia",1.000000000,""
"Antimicrobial resistance","Pseudomonas aeruginosa|Carbapenems","I - 'susceptible, increased exposure' isolates ","N","2016","EL","Greece",230.000000000,""
"Antimicrobial resistance","Pseudomonas aeruginosa|Carbapenems","I - 'susceptible, increased exposure' isolates ","N","2016","ES","Spain",28.000000000,""
"Antimicrobial resistance","Pseudomonas aeruginosa|Carbapenems","I - 'susceptible, increased exposure' isolates ","N","2016","FI","Finland",17.000000000,""
"Antimicrobial resistance","Pseudomonas aeruginosa|Carbapenems","I - 'susceptible, increased exposure' isolates ","N","2016","FR","France",70.000000000,""
"Antimicrobial resistance","Pseudomonas aeruginosa|Carbapenems","I - 'susceptible, increased exposure' isolates ","N","2016","HR","Croatia",14.000000000,""
"Antimicrobial resistance","Pseudomonas aeruginosa|Carbapenems","I - 'susceptible, increased exposure' isolates ","N","2016","HU","Hungary",24.000000000,""
"Antimicrobial resistance","Pseudomonas aeruginosa|Carbapenems","I - 'susceptible, increased exposure' isolates ","N","2016","IE","Ireland",14.000000000,""
"Antimicrobial resistance","Pseudomonas aeruginosa|Carbapenems","I - 'susceptible, increased exposure' isolates ","N","2016","IS","Iceland",0.000000000,""
"Antimicrobial resistance","Pseudomonas aeruginosa|Carbapenems","I - 'susceptible, increased exposure' isolates ","N","2016","IT","Italy",58.000000000,""
"Antimicrobial resistance","Pseudomonas aeruginosa|Carbapenems","I - 'susceptible, increased exposure' isolates ","N","2016","LT","Lithuania",4.000000000,""
"Antimicrobial resistance","Pseudomonas aeruginosa|Carbapenems","I - 'susceptible, increased exposure' isolates ","N","2016","LU","Luxembourg",4.000000000,""
"Antimicrobial resistance","Pseudomonas aeruginosa|Carbapenems","I - 'susceptible, increased exposure' isolates ","N","2016","LV","Latvia",1.000000000,""
"Antimicrobial resistance","Pseudomonas aeruginosa|Carbapenems","I - 'susceptible, increased exposure' isolates ","N","2016","MT","Malta",0.000000000,""
"Antimicrobial resistance","Pseudomonas aeruginosa|Carbapenems","I - 'susceptible, increased exposure' isolates ","N","2016","NL","Netherlands",20.000000000,""
"Antimicrobial resistance","Pseudomonas aeruginosa|Carbapenems","I - 'susceptible, increased exposure' isolates ","N","2016","NO","Norway",11.000000000,""
"Antimicrobial resistance","Pseudomonas aeruginosa|Carbapenems","I - 'susceptible, increased exposure' isolates ","N","2016","PL","Poland",21.000000000,""
"Antimicrobial resistance","Pseudomonas aeruginosa|Carbapenems","I - 'susceptible, increased exposure' isolates ","N","2016","PT","Portugal",40.000000000,""
"Antimicrobial resistance","Pseudomonas aeruginosa|Carbapenems","I - 'susceptible, increased exposure' isolates ","N","2016","RO","Romania",4.000000000,""
"Antimicrobial resistance","Pseudomonas aeruginosa|Carbapenems","I - 'susceptible, increased exposure' isolates ","N","2016","SE","Sweden",12.000000000,""
"Antimicrobial resistance","Pseudomonas aeruginosa|Carbapenems","I - 'susceptible, increased exposure' isolates ","N","2016","SI","Slovenia",6.000000000,""
"Antimicrobial resistance","Pseudomonas aeruginosa|Carbapenems","I - 'susceptible, increased exposure' isolates ","N","2016","SK","Slovakia",7.000000000,""
"Antimicrobial resistance","Pseudomonas aeruginosa|Carbapenems","I - 'susceptible, increased exposure' isolates ","N","2016","UK","United Kingdom",46.000000000,""
"Antimicrobial resistance","Pseudomonas aeruginosa|Carbapenems","I - 'susceptible, increased exposure' isolates ","N","2017","AT","Austria",21.000000000,""
"Antimicrobial resistance","Pseudomonas aeruginosa|Carbapenems","I - 'susceptible, increased exposure' isolates ","N","2017","BE","Belgium",14.000000000,""
"Antimicrobial resistance","Pseudomonas aeruginosa|Carbapenems","I - 'susceptible, increased exposure' isolates ","N","2017","BG","Bulgaria",3.000000000,""
"Antimicrobial resistance","Pseudomonas aeruginosa|Carbapenems","I - 'susceptible, increased exposure' isolates ","N","2017","CY","Cyprus",1.000000000,""
"Antimicrobial resistance","Pseudomonas aeruginosa|Carbapenems","I - 'susceptible, increased exposure' isolates ","N","2017","CZ","Czechia",8.000000000,""
"Antimicrobial resistance","Pseudomonas aeruginosa|Carbapenems","I - 'susceptible, increased exposure' isolates ","N","2017","DE","Germany",44.000000000,""
"Antimicrobial resistance","Pseudomonas aeruginosa|Carbapenems","I - 'susceptible, increased exposure' isolates ","N","2017","DK","Denmark",13.000000000,""
"Antimicrobial resistance","Pseudomonas aeruginosa|Carbapenems","I - 'susceptible, increased exposure' isolates ","N","2017","EE","Estonia",2.000000000,""
"Antimicrobial resistance","Pseudomonas aeruginosa|Carbapenems","I - 'susceptible, increased exposure' isolates ","N","2017","EL","Greece",12.000000000,""
"Antimicrobial resistance","Pseudomonas aeruginosa|Carbapenems","I - 'susceptible, increased exposure' isolates ","N","2017","ES","Spain",20.000000000,""
"Antimicrobial resistance","Pseudomonas aeruginosa|Carbapenems","I - 'susceptible, increased exposure' isolates ","N","2017","FI","Finland",13.000000000,""
"Antimicrobial resistance","Pseudomonas aeruginosa|Carbapenems","I - 'susceptible, increased exposure' isolates ","N","2017","FR","France",57.000000000,""
"Antimicrobial resistance","Pseudomonas aeruginosa|Carbapenems","I - 'susceptible, increased exposure' isolates ","N","2017","HR","Croatia",10.000000000,""
"Antimicrobial resistance","Pseudomonas aeruginosa|Carbapenems","I - 'susceptible, increased exposure' isolates ","N","2017","HU","Hungary",19.000000000,""
"Antimicrobial resistance","Pseudomonas aeruginosa|Carbapenems","I - 'susceptible, increased exposure' isolates ","N","2017","IE","Ireland",12.000000000,""
"Antimicrobial resistance","Pseudomonas aeruginosa|Carbapenems","I - 'susceptible, increased exposure' isolates ","N","2017","IS","Iceland",1.000000000,""
"Antimicrobial resistance","Pseudomonas aeruginosa|Carbapenems","I - 'susceptible, increased exposure' isolates ","N","2017","IT","Italy",54.000000000,""
"Antimicrobial resistance","Pseudomonas aeruginosa|Carbapenems","I - 'susceptible, increased exposure' isolates ","N","2017","LT","Lithuania",3.000000000,""
"Antimicrobial resistance","Pseudomonas aeruginosa|Carbapenems","I - 'susceptible, increased exposure' isolates ","N","2017","LU","Luxembourg",0.000000000,""
"Antimicrobial resistance","Pseudomonas aeruginosa|Carbapenems","I - 'susceptible, increased exposure' isolates ","N","2017","LV","Latvia",2.000000000,""
"Antimicrobial resistance","Pseudomonas aeruginosa|Carbapenems","I - 'susceptible, increased exposure' isolates ","N","2017","MT","Malta",1.000000000,""
"Antimicrobial resistance","Pseudomonas aeruginosa|Carbapenems","I - 'susceptible, increased exposure' isolates ","N","2017","NL","Netherlands",15.000000000,""
"Antimicrobial resistance","Pseudomonas aeruginosa|Carbapenems","I - 'susceptible, increased exposure' isolates ","N","2017","NO","Norway",10.000000000,""
"Antimicrobial resistance","Pseudomonas aeruginosa|Carbapenems","I - 'susceptible, increased exposure' isolates ","N","2017","PL","Poland",19.000000000,""
"Antimicrobial resistance","Pseudomonas aeruginosa|Carbapenems","I - 'susceptible, increased exposure' isolates ","N","2017","PT","Portugal",32.000000000,""
"Antimicrobial resistance","Pseudomonas aeruginosa|Carbapenems","I - 'susceptible, increased exposure' isolates ","N","2017","RO","Romania",1.000000000,""
"Antimicrobial resistance","Pseudomonas aeruginosa|Carbapenems","I - 'susceptible, increased exposure' isolates ","N","2017","SE","Sweden",13.000000000,""
"Antimicrobial resistance","Pseudomonas aeruginosa|Carbapenems","I - 'susceptible, increased exposure' isolates ","N","2017","SI","Slovenia",3.000000000,""
"Antimicrobial resistance","Pseudomonas aeruginosa|Carbapenems","I - 'susceptible, increased exposure' isolates ","N","2017","SK","Slovakia",9.000000000,""
"Antimicrobial resistance","Pseudomonas aeruginosa|Carbapenems","I - 'susceptible, increased exposure' isolates ","N","2017","UK","United Kingdom",76.000000000,""
"Antimicrobial resistance","Pseudomonas aeruginosa|Carbapenems","I - 'susceptible, increased exposure' isolates ","N","2018","AT","Austria",28.000000000,""
"Antimicrobial resistance","Pseudomonas aeruginosa|Carbapenems","I - 'susceptible, increased exposure' isolates ","N","2018","BE","Belgium",29.000000000,""
"Antimicrobial resistance","Pseudomonas aeruginosa|Carbapenems","I - 'susceptible, increased exposure' isolates ","N","2018","BG","Bulgaria",4.000000000,""
"Antimicrobial resistance","Pseudomonas aeruginosa|Carbapenems","I - 'susceptible, increased exposure' isolates ","N","2018","CY","Cyprus",2.000000000,""
"Antimicrobial resistance","Pseudomonas aeruginosa|Carbapenems","I - 'susceptible, increased exposure' isolates ","N","2018","CZ","Czechia",28.000000000,""
"Antimicrobial resistance","Pseudomonas aeruginosa|Carbapenems","I - 'susceptible, increased exposure' isolates ","N","2018","DE","Germany",43.000000000,""
"Antimicrobial resistance","Pseudomonas aeruginosa|Carbapenems","I - 'susceptible, increased exposure' isolates ","N","2018","DK","Denmark",12.000000000,""
"Antimicrobial resistance","Pseudomonas aeruginosa|Carbapenems","I - 'susceptible, increased exposure' isolates ","N","2018","EE","Estonia",3.000000000,""
"Antimicrobial resistance","Pseudomonas aeruginosa|Carbapenems","I - 'susceptible, increased exposure' isolates ","N","2018","EL","Greece",18.000000000,""
"Antimicrobial resistance","Pseudomonas aeruginosa|Carbapenems","I - 'susceptible, increased exposure' isolates ","N","2018","ES","Spain",31.000000000,""
"Antimicrobial resistance","Pseudomonas aeruginosa|Carbapenems","I - 'susceptible, increased exposure' isolates ","N","2018","FI","Finland",12.000000000,""
"Antimicrobial resistance","Pseudomonas aeruginosa|Carbapenems","I - 'susceptible, increased exposure' isolates ","N","2018","FR","France",59.000000000,""
"Antimicrobial resistance","Pseudomonas aeruginosa|Carbapenems","I - 'susceptible, increased exposure' isolates ","N","2018","HR","Croatia",9.000000000,""
"Antimicrobial resistance","Pseudomonas aeruginosa|Carbapenems","I - 'susceptible, increased exposure' isolates ","N","2018","HU","Hungary",31.000000000,""
"Antimicrobial resistance","Pseudomonas aeruginosa|Carbapenems","I - 'susceptible, increased exposure' isolates ","N","2018","IE","Ireland",8.000000000,""
"Antimicrobial resistance","Pseudomonas aeruginosa|Carbapenems","I - 'susceptible, increased exposure' isolates ","N","2018","IS","Iceland",2.000000000,""
"Antimicrobial resistance","Pseudomonas aeruginosa|Carbapenems","I - 'susceptible, increased exposure' isolates ","N","2018","IT","Italy",174.000000000,""
"Antimicrobial resistance","Pseudomonas aeruginosa|Carbapenems","I - 'susceptible, increased exposure' isolates ","N","2018","LT","Lithuania",1.000000000,""
"Antimicrobial resistance","Pseudomonas aeruginosa|Carbapenems","I - 'susceptible, increased exposure' isolates ","N","2018","LU","Luxembourg",0.000000000,""
"Antimicrobial resistance","Pseudomonas aeruginosa|Carbapenems","I - 'susceptible, increased exposure' isolates ","N","2018","LV","Latvia",3.000000000,""
"Antimicrobial resistance","Pseudomonas aeruginosa|Carbapenems","I - 'susceptible, increased exposure' isolates ","N","2018","MT","Malta",0.000000000,""
"Antimicrobial resistance","Pseudomonas aeruginosa|Carbapenems","I - 'susceptible, increased exposure' isolates ","N","2018","NL","Netherlands",20.000000000,""
"Antimicrobial resistance","Pseudomonas aeruginosa|Carbapenems","I - 'susceptible, increased exposure' isolates ","N","2018","NO","Norway",18.000000000,""
"Antimicrobial resistance","Pseudomonas aeruginosa|Carbapenems","I - 'susceptible, increased exposure' isolates ","N","2018","PL","Poland",9.000000000,""
"Antimicrobial resistance","Pseudomonas aeruginosa|Carbapenems","I - 'susceptible, increased exposure' isolates ","N","2018","PT","Portugal",28.000000000,""
"Antimicrobial resistance","Pseudomonas aeruginosa|Carbapenems","I - 'susceptible, increased exposure' isolates ","N","2018","RO","Romania",6.000000000,""
"Antimicrobial resistance","Pseudomonas aeruginosa|Carbapenems","I - 'susceptible, increased exposure' isolates ","N","2018","SE","Sweden",14.000000000,""
"Antimicrobial resistance","Pseudomonas aeruginosa|Carbapenems","I - 'susceptible, increased exposure' isolates ","N","2018","SI","Slovenia",8.000000000,""
"Antimicrobial resistance","Pseudomonas aeruginosa|Carbapenems","I - 'susceptible, increased exposure' isolates ","N","2018","SK","Slovakia",8.000000000,""
"Antimicrobial resistance","Pseudomonas aeruginosa|Carbapenems","I - 'susceptible, increased exposure' isolates ","N","2018","UK","United Kingdom",64.000000000,""
"Antimicrobial resistance","Pseudomonas aeruginosa|Carbapenems","I - 'susceptible, increased exposure' isolates ","N","2019","AT","Austria",20.000000000,""
"Antimicrobial resistance","Pseudomonas aeruginosa|Carbapenems","I - 'susceptible, increased exposure' isolates ","N","2019","BE","Belgium",24.000000000,""
"Antimicrobial resistance","Pseudomonas aeruginosa|Carbapenems","I - 'susceptible, increased exposure' isolates ","N","2019","BG","Bulgaria",1.000000000,""
"Antimicrobial resistance","Pseudomonas aeruginosa|Carbapenems","I - 'susceptible, increased exposure' isolates ","N","2019","CY","Cyprus",0.000000000,""
"Antimicrobial resistance","Pseudomonas aeruginosa|Carbapenems","I - 'susceptible, increased exposure' isolates ","N","2019","CZ","Czechia",61.000000000,""
"Antimicrobial resistance","Pseudomonas aeruginosa|Carbapenems","I - 'susceptible, increased exposure' isolates ","N","2019","DE","Germany",560.000000000,""
"Antimicrobial resistance","Pseudomonas aeruginosa|Carbapenems","I - 'susceptible, increased exposure' isolates ","N","2019","DK","Denmark",5.000000000,""
"Antimicrobial resistance","Pseudomonas aeruginosa|Carbapenems","I - 'susceptible, increased exposure' isolates ","N","2019","EE","Estonia",3.000000000,""
"Antimicrobial resistance","Pseudomonas aeruginosa|Carbapenems","I - 'susceptible, increased exposure' isolates ","N","2019","EL","Greece",0.000000000,""
"Antimicrobial resistance","Pseudomonas aeruginosa|Carbapenems","I - 'susceptible, increased exposure' isolates ","N","2019","ES","Spain",37.000000000,""
"Antimicrobial resistance","Pseudomonas aeruginosa|Carbapenems","I - 'susceptible, increased exposure' isolates ","N","2019","FI","Finland",23.000000000,""
"Antimicrobial resistance","Pseudomonas aeruginosa|Carbapenems","I - 'susceptible, increased exposure' isolates ","N","2019","FR","France",130.000000000,""
"Antimicrobial resistance","Pseudomonas aeruginosa|Carbapenems","I - 'susceptible, increased exposure' isolates ","N","2019","HR","Croatia",10.000000000,""
"Antimicrobial resistance","Pseudomonas aeruginosa|Carbapenems","I - 'susceptible, increased exposure' isolates ","N","2019","HU","Hungary",11.000000000,""
"Antimicrobial resistance","Pseudomonas aeruginosa|Carbapenems","I - 'susceptible, increased exposure' isolates ","N","2019","IE","Ireland",6.000000000,""
"Antimicrobial resistance","Pseudomonas aeruginosa|Carbapenems","I - 'susceptible, increased exposure' isolates ","N","2019","IS","Iceland",0.000000000,""
"Antimicrobial resistance","Pseudomonas aeruginosa|Carbapenems","I - 'susceptible, increased exposure' isolates ","N","2019","IT","Italy",200.000000000,""
"Antimicrobial resistance","Pseudomonas aeruginosa|Carbapenems","I - 'susceptible, increased exposure' isolates ","N","2019","LT","Lithuania",4.000000000,""
"Antimicrobial resistance","Pseudomonas aeruginosa|Carbapenems","I - 'susceptible, increased exposure' isolates ","N","2019","LU","Luxembourg",0.000000000,""
"Antimicrobial resistance","Pseudomonas aeruginosa|Carbapenems","I - 'susceptible, increased exposure' isolates ","N","2019","LV","Latvia",6.000000000,""
"Antimicrobial resistance","Pseudomonas aeruginosa|Carbapenems","I - 'susceptible, increased exposure' isolates ","N","2019","MT","Malta",2.000000000,""
"Antimicrobial resistance","Pseudomonas aeruginosa|Carbapenems","I - 'susceptible, increased exposure' isolates ","N","2019","NL","Netherlands",12.000000000,""
"Antimicrobial resistance","Pseudomonas aeruginosa|Carbapenems","I - 'susceptible, increased exposure' isolates ","N","2019","NO","Norway",7.000000000,""
"Antimicrobial resistance","Pseudomonas aeruginosa|Carbapenems","I - 'susceptible, increased exposure' isolates ","N","2019","PL","Poland",11.000000000,""
"Antimicrobial resistance","Pseudomonas aeruginosa|Carbapenems","I - 'susceptible, increased exposure' isolates ","N","2019","PT","Portugal",16.000000000,""
"Antimicrobial resistance","Pseudomonas aeruginosa|Carbapenems","I - 'susceptible, increased exposure' isolates ","N","2019","RO","Romania",0.000000000,""
"Antimicrobial resistance","Pseudomonas aeruginosa|Carbapenems","I - 'susceptible, increased exposure' isolates ","N","2019","SE","Sweden",37.000000000,""
"Antimicrobial resistance","Pseudomonas aeruginosa|Carbapenems","I - 'susceptible, increased exposure' isolates ","N","2019","SI","Slovenia",5.000000000,""
"Antimicrobial resistance","Pseudomonas aeruginosa|Carbapenems","I - 'susceptible, increased exposure' isolates ","N","2019","SK","Slovakia",6.000000000,""
"Antimicrobial resistance","Pseudomonas aeruginosa|Carbapenems","I - 'susceptible, increased exposure' isolates ","N","2019","UK","United Kingdom",69.000000000,""
"Antimicrobial resistance","Pseudomonas aeruginosa|Carbapenems","I - 'susceptible, increased exposure' isolates ","N","2020","AT","Austria",269.000000000,""
"Antimicrobial resistance","Pseudomonas aeruginosa|Carbapenems","I - 'susceptible, increased exposure' isolates ","N","2020","BE","Belgium",19.000000000,""
"Antimicrobial resistance","Pseudomonas aeruginosa|Carbapenems","I - 'susceptible, increased exposure' isolates ","N","2020","BG","Bulgaria",35.000000000,""
"Antimicrobial resistance","Pseudomonas aeruginosa|Carbapenems","I - 'susceptible, increased exposure' isolates ","N","2020","CY","Cyprus",1.000000000,""
"Antimicrobial resistance","Pseudomonas aeruginosa|Carbapenems","I - 'susceptible, increased exposure' isolates ","N","2020","CZ","Czechia",45.000000000,""
"Antimicrobial resistance","Pseudomonas aeruginosa|Carbapenems","I - 'susceptible, increased exposure' isolates ","N","2020","DE","Germany",2022.000000000,""
"Antimicrobial resistance","Pseudomonas aeruginosa|Carbapenems","I - 'susceptible, increased exposure' isolates ","N","2020","DK","Denmark",15.000000000,""
"Antimicrobial resistance","Pseudomonas aeruginosa|Carbapenems","I - 'susceptible, increased exposure' isolates ","N","2020","EE","Estonia",49.000000000,""
"Antimicrobial resistance","Pseudomonas aeruginosa|Carbapenems","I - 'susceptible, increased exposure' isolates ","N","2020","EL","Greece",198.000000000,""
"Antimicrobial resistance","Pseudomonas aeruginosa|Carbapenems","I - 'susceptible, increased exposure' isolates ","N","2020","ES","Spain",38.000000000,""
"Antimicrobial resistance","Pseudomonas aeruginosa|Carbapenems","I - 'susceptible, increased exposure' isolates ","N","2020","FI","Finland",18.000000000,""
"Antimicrobial resistance","Pseudomonas aeruginosa|Carbapenems","I - 'susceptible, increased exposure' isolates ","N","2020","FR","France",223.000000000,""
"Antimicrobial resistance","Pseudomonas aeruginosa|Carbapenems","I - 'susceptible, increased exposure' isolates ","N","2020","HR","Croatia",9.000000000,""
"Antimicrobial resistance","Pseudomonas aeruginosa|Carbapenems","I - 'susceptible, increased exposure' isolates ","N","2020","HU","Hungary",510.000000000,""
"Antimicrobial resistance","Pseudomonas aeruginosa|Carbapenems","I - 'susceptible, increased exposure' isolates ","N","2020","IE","Ireland",33.000000000,""
"Antimicrobial resistance","Pseudomonas aeruginosa|Carbapenems","I - 'susceptible, increased exposure' isolates ","N","2020","IS","Iceland",1.000000000,""
"Antimicrobial resistance","Pseudomonas aeruginosa|Carbapenems","I - 'susceptible, increased exposure' isolates ","N","2020","IT","Italy",1262.000000000,""
"Antimicrobial resistance","Pseudomonas aeruginosa|Carbapenems","I - 'susceptible, increased exposure' isolates ","N","2020","LT","Lithuania",70.000000000,""
"Antimicrobial resistance","Pseudomonas aeruginosa|Carbapenems","I - 'susceptible, increased exposure' isolates ","N","2020","LU","Luxembourg",2.000000000,""
"Antimicrobial resistance","Pseudomonas aeruginosa|Carbapenems","I - 'susceptible, increased exposure' isolates ","N","2020","LV","Latvia",14.000000000,""
"Antimicrobial resistance","Pseudomonas aeruginosa|Carbapenems","I - 'susceptible, increased exposure' isolates ","N","2020","MT","Malta",38.000000000,""
"Antimicrobial resistance","Pseudomonas aeruginosa|Carbapenems","I - 'susceptible, increased exposure' isolates ","N","2020","NL","Netherlands",706.000000000,""
"Antimicrobial resistance","Pseudomonas aeruginosa|Carbapenems","I - 'susceptible, increased exposure' isolates ","N","2020","NO","Norway",63.000000000,""
"Antimicrobial resistance","Pseudomonas aeruginosa|Carbapenems","I - 'susceptible, increased exposure' isolates ","N","2020","PL","Poland",197.000000000,""
"Antimicrobial resistance","Pseudomonas aeruginosa|Carbapenems","I - 'susceptible, increased exposure' isolates ","N","2020","PT","Portugal",179.000000000,""
"Antimicrobial resistance","Pseudomonas aeruginosa|Carbapenems","I - 'susceptible, increased exposure' isolates ","N","2020","RO","Romania",17.000000000,""
"Antimicrobial resistance","Pseudomonas aeruginosa|Carbapenems","I - 'susceptible, increased exposure' isolates ","N","2020","SE","Sweden",29.000000000,""
"Antimicrobial resistance","Pseudomonas aeruginosa|Carbapenems","I - 'susceptible, increased exposure' isolates ","N","2020","SI","Slovenia",160.000000000,""
"Antimicrobial resistance","Pseudomonas aeruginosa|Carbapenems","I - 'susceptible, increased exposure' isolates ","N","2020","SK","Slovakia",105.000000000,""
"Antimicrobial resistance","Pseudomonas aeruginosa|Carbapenems","I - 'susceptible, increased exposure' isolates ","N","2021","AT","Austria",357.000000000,""
"Antimicrobial resistance","Pseudomonas aeruginosa|Carbapenems","I - 'susceptible, increased exposure' isolates ","N","2021","BE","Belgium",63.000000000,""
"Antimicrobial resistance","Pseudomonas aeruginosa|Carbapenems","I - 'susceptible, increased exposure' isolates ","N","2021","BG","Bulgaria",56.000000000,""
"Antimicrobial resistance","Pseudomonas aeruginosa|Carbapenems","I - 'susceptible, increased exposure' isolates ","N","2021","CY","Cyprus",71.000000000,""
"Antimicrobial resistance","Pseudomonas aeruginosa|Carbapenems","I - 'susceptible, increased exposure' isolates ","N","2021","CZ","Czechia",61.000000000,""
"Antimicrobial resistance","Pseudomonas aeruginosa|Carbapenems","I - 'susceptible, increased exposure' isolates ","N","2021","DE","Germany",2378.000000000,""
"Antimicrobial resistance","Pseudomonas aeruginosa|Carbapenems","I - 'susceptible, increased exposure' isolates ","N","2021","DK","Denmark",16.000000000,""
"Antimicrobial resistance","Pseudomonas aeruginosa|Carbapenems","I - 'susceptible, increased exposure' isolates ","N","2021","EE","Estonia",54.000000000,""
"Antimicrobial resistance","Pseudomonas aeruginosa|Carbapenems","I - 'susceptible, increased exposure' isolates ","N","2021","EL","Greece",293.000000000,""
"Antimicrobial resistance","Pseudomonas aeruginosa|Carbapenems","I - 'susceptible, increased exposure' isolates ","N","2021","ES","Spain",116.000000000,""
"Antimicrobial resistance","Pseudomonas aeruginosa|Carbapenems","I - 'susceptible, increased exposure' isolates ","N","2021","FI","Finland",14.000000000,""
"Antimicrobial resistance","Pseudomonas aeruginosa|Carbapenems","I - 'susceptible, increased exposure' isolates ","N","2021","FR","France",145.000000000,""
"Antimicrobial resistance","Pseudomonas aeruginosa|Carbapenems","I - 'susceptible, increased exposure' isolates ","N","2021","HR","Croatia",19.000000000,""
"Antimicrobial resistance","Pseudomonas aeruginosa|Carbapenems","I - 'susceptible, increased exposure' isolates ","N","2021","HU","Hungary",800.000000000,""
"Antimicrobial resistance","Pseudomonas aeruginosa|Carbapenems","I - 'susceptible, increased exposure' isolates ","N","2021","IE","Ireland",75.000000000,""
"Antimicrobial resistance","Pseudomonas aeruginosa|Carbapenems","I - 'susceptible, increased exposure' isolates ","N","2021","IS","Iceland",0.000000000,""
"Antimicrobial resistance","Pseudomonas aeruginosa|Carbapenems","I - 'susceptible, increased exposure' isolates ","N","2021","IT","Italy",2360.000000000,""
"Antimicrobial resistance","Pseudomonas aeruginosa|Carbapenems","I - 'susceptible, increased exposure' isolates ","N","2021","LT","Lithuania",96.000000000,""
"Antimicrobial resistance","Pseudomonas aeruginosa|Carbapenems","I - 'susceptible, increased exposure' isolates ","N","2021","LU","Luxembourg",0.000000000,""
"Antimicrobial resistance","Pseudomonas aeruginosa|Carbapenems","I - 'susceptible, increased exposure' isolates ","N","2021","LV","Latvia",4.000000000,""
"Antimicrobial resistance","Pseudomonas aeruginosa|Carbapenems","I - 'susceptible, increased exposure' isolates ","N","2021","MT","Malta",31.000000000,""
"Antimicrobial resistance","Pseudomonas aeruginosa|Carbapenems","I - 'susceptible, increased exposure' isolates ","N","2021","NL","Netherlands",682.000000000,""
"Antimicrobial resistance","Pseudomonas aeruginosa|Carbapenems","I - 'susceptible, increased exposure' isolates ","N","2021","NO","Norway",103.000000000,""
"Antimicrobial resistance","Pseudomonas aeruginosa|Carbapenems","I - 'susceptible, increased exposure' isolates ","N","2021","PL","Poland",291.000000000,""
"Antimicrobial resistance","Pseudomonas aeruginosa|Carbapenems","I - 'susceptible, increased exposure' isolates ","N","2021","PT","Portugal",456.000000000,""
"Antimicrobial resistance","Pseudomonas aeruginosa|Carbapenems","I - 'susceptible, increased exposure' isolates ","N","2021","RO","Romania",109.000000000,""
"Antimicrobial resistance","Pseudomonas aeruginosa|Carbapenems","I - 'susceptible, increased exposure' isolates ","N","2021","SE","Sweden",490.000000000,""
"Antimicrobial resistance","Pseudomonas aeruginosa|Carbapenems","I - 'susceptible, increased exposure' isolates ","N","2021","SI","Slovenia",8.000000000,""
"Antimicrobial resistance","Pseudomonas aeruginosa|Carbapenems","I - 'susceptible, increased exposure' isolates ","N","2021","SK","Slovakia",123.000000000,""
"Antimicrobial resistance","Pseudomonas aeruginosa|Carbapenems","I - 'susceptible, increased exposure' isolates ","N","2022","AT","Austria",436.000000000,""
"Antimicrobial resistance","Pseudomonas aeruginosa|Carbapenems","I - 'susceptible, increased exposure' isolates ","N","2022","BE","Belgium",111.000000000,""
"Antimicrobial resistance","Pseudomonas aeruginosa|Carbapenems","I - 'susceptible, increased exposure' isolates ","N","2022","BG","Bulgaria",34.000000000,""
"Antimicrobial resistance","Pseudomonas aeruginosa|Carbapenems","I - 'susceptible, increased exposure' isolates ","N","2022","CY","Cyprus",62.000000000,""
"Antimicrobial resistance","Pseudomonas aeruginosa|Carbapenems","I - 'susceptible, increased exposure' isolates ","N","2022","CZ","Czechia",101.000000000,""
"Antimicrobial resistance","Pseudomonas aeruginosa|Carbapenems","I - 'susceptible, increased exposure' isolates ","N","2022","DE","Germany",2738.000000000,""
"Antimicrobial resistance","Pseudomonas aeruginosa|Carbapenems","I - 'susceptible, increased exposure' isolates ","N","2022","DK","Denmark",12.000000000,""
"Antimicrobial resistance","Pseudomonas aeruginosa|Carbapenems","I - 'susceptible, increased exposure' isolates ","N","2022","EE","Estonia",59.000000000,""
"Antimicrobial resistance","Pseudomonas aeruginosa|Carbapenems","I - 'susceptible, increased exposure' isolates ","N","2022","EL","Greece",354.000000000,""
"Antimicrobial resistance","Pseudomonas aeruginosa|Carbapenems","I - 'susceptible, increased exposure' isolates ","N","2022","ES","Spain",264.000000000,""
"Antimicrobial resistance","Pseudomonas aeruginosa|Carbapenems","I - 'susceptible, increased exposure' isolates ","N","2022","FI","Finland",6.000000000,""
"Antimicrobial resistance","Pseudomonas aeruginosa|Carbapenems","I - 'susceptible, increased exposure' isolates ","N","2022","FR","France",67.000000000,""
"Antimicrobial resistance","Pseudomonas aeruginosa|Carbapenems","I - 'susceptible, increased exposure' isolates ","N","2022","HR","Croatia",171.000000000,""
"Antimicrobial resistance","Pseudomonas aeruginosa|Carbapenems","I - 'susceptible, increased exposure' isolates ","N","2022","HU","Hungary",699.000000000,""
"Antimicrobial resistance","Pseudomonas aeruginosa|Carbapenems","I - 'susceptible, increased exposure' isolates ","N","2022","IE","Ireland",71.000000000,""
"Antimicrobial resistance","Pseudomonas aeruginosa|Carbapenems","I - 'susceptible, increased exposure' isolates ","N","2022","IS","Iceland",0.000000000,""
"Antimicrobial resistance","Pseudomonas aeruginosa|Carbapenems","I - 'susceptible, increased exposure' isolates ","N","2022","IT","Italy",3503.000000000,""
"Antimicrobial resistance","Pseudomonas aeruginosa|Carbapenems","I - 'susceptible, increased exposure' isolates ","N","2022","LT","Lithuania",97.000000000,""
"Antimicrobial resistance","Pseudomonas aeruginosa|Carbapenems","I - 'susceptible, increased exposure' isolates ","N","2022","LU","Luxembourg",26.000000000,""
"Antimicrobial resistance","Pseudomonas aeruginosa|Carbapenems","I - 'susceptible, increased exposure' isolates ","N","2022","LV","Latvia",48.000000000,""
"Antimicrobial resistance","Pseudomonas aeruginosa|Carbapenems","I - 'susceptible, increased exposure' isolates ","N","2022","MT","Malta",42.000000000,""
"Antimicrobial resistance","Pseudomonas aeruginosa|Carbapenems","I - 'susceptible, increased exposure' isolates ","N","2022","NL","Netherlands",703.000000000,""
"Antimicrobial resistance","Pseudomonas aeruginosa|Carbapenems","I - 'susceptible, increased exposure' isolates ","N","2022","NO","Norway",133.000000000,""
"Antimicrobial resistance","Pseudomonas aeruginosa|Carbapenems","I - 'susceptible, increased exposure' isolates ","N","2022","PL","Poland",314.000000000,""
"Antimicrobial resistance","Pseudomonas aeruginosa|Carbapenems","I - 'susceptible, increased exposure' isolates ","N","2022","PT","Portugal",729.000000000,""
"Antimicrobial resistance","Pseudomonas aeruginosa|Carbapenems","I - 'susceptible, increased exposure' isolates ","N","2022","RO","Romania",103.000000000,""
"Antimicrobial resistance","Pseudomonas aeruginosa|Carbapenems","I - 'susceptible, increased exposure' isolates ","N","2022","SE","Sweden",601.000000000,""
"Antimicrobial resistance","Pseudomonas aeruginosa|Carbapenems","I - 'susceptible, increased exposure' isolates ","N","2022","SI","Slovenia",188.000000000,""
"Antimicrobial resistance","Pseudomonas aeruginosa|Carbapenems","I - 'susceptible, increased exposure' isolates ","N","2022","SK","Slovakia",122.000000000,""
"Antimicrobial resistance","Pseudomonas aeruginosa|Carbapenems","I - 'susceptible, increased exposure' isolates ","N","2023","AT","Austria",497.000000000,""
"Antimicrobial resistance","Pseudomonas aeruginosa|Carbapenems","I - 'susceptible, increased exposure' isolates ","N","2023","BE","Belgium",206.000000000,""
"Antimicrobial resistance","Pseudomonas aeruginosa|Carbapenems","I - 'susceptible, increased exposure' isolates ","N","2023","BG","Bulgaria",56.000000000,""
"Antimicrobial resistance","Pseudomonas aeruginosa|Carbapenems","I - 'susceptible, increased exposure' isolates ","N","2023","CY","Cyprus",77.000000000,""
"Antimicrobial resistance","Pseudomonas aeruginosa|Carbapenems","I - 'susceptible, increased exposure' isolates ","N","2023","CZ","Czechia",92.000000000,""
"Antimicrobial resistance","Pseudomonas aeruginosa|Carbapenems","I - 'susceptible, increased exposure' isolates ","N","2023","DE","Germany",3111.000000000,""
"Antimicrobial resistance","Pseudomonas aeruginosa|Carbapenems","I - 'susceptible, increased exposure' isolates ","N","2023","DK","Denmark",12.000000000,""
"Antimicrobial resistance","Pseudomonas aeruginosa|Carbapenems","I - 'susceptible, increased exposure' isolates ","N","2023","EE","Estonia",55.000000000,""
"Antimicrobial resistance","Pseudomonas aeruginosa|Carbapenems","I - 'susceptible, increased exposure' isolates ","N","2023","EL","Greece",506.000000000,""
"Antimicrobial resistance","Pseudomonas aeruginosa|Carbapenems","I - 'susceptible, increased exposure' isolates ","N","2023","ES","Spain",255.000000000,""
"Antimicrobial resistance","Pseudomonas aeruginosa|Carbapenems","I - 'susceptible, increased exposure' isolates ","N","2023","FI","Finland",9.000000000,""
"Antimicrobial resistance","Pseudomonas aeruginosa|Carbapenems","I - 'susceptible, increased exposure' isolates ","N","2023","HR","Croatia",260.000000000,""
"Antimicrobial resistance","Pseudomonas aeruginosa|Carbapenems","I - 'susceptible, increased exposure' isolates ","N","2023","HU","Hungary",653.000000000,""
"Antimicrobial resistance","Pseudomonas aeruginosa|Carbapenems","I - 'susceptible, increased exposure' isolates ","N","2023","IE","Ireland",66.000000000,""
"Antimicrobial resistance","Pseudomonas aeruginosa|Carbapenems","I - 'susceptible, increased exposure' isolates ","N","2023","IS","Iceland",1.000000000,""
"Antimicrobial resistance","Pseudomonas aeruginosa|Carbapenems","I - 'susceptible, increased exposure' isolates ","N","2023","IT","Italy",4400.000000000,""
"Antimicrobial resistance","Pseudomonas aeruginosa|Carbapenems","I - 'susceptible, increased exposure' isolates ","N","2023","LI","Liechtenstein",2.000000000,""
"Antimicrobial resistance","Pseudomonas aeruginosa|Carbapenems","I - 'susceptible, increased exposure' isolates ","N","2023","LT","Lithuania",87.000000000,""
"Antimicrobial resistance","Pseudomonas aeruginosa|Carbapenems","I - 'susceptible, increased exposure' isolates ","N","2023","LU","Luxembourg",40.000000000,""
"Antimicrobial resistance","Pseudomonas aeruginosa|Carbapenems","I - 'susceptible, increased exposure' isolates ","N","2023","LV","Latvia",29.000000000,""
"Antimicrobial resistance","Pseudomonas aeruginosa|Carbapenems","I - 'susceptible, increased exposure' isolates ","N","2023","MT","Malta",38.000000000,""
"Antimicrobial resistance","Pseudomonas aeruginosa|Carbapenems","I - 'susceptible, increased exposure' isolates ","N","2023","NL","Netherlands",714.000000000,""
"Antimicrobial resistance","Pseudomonas aeruginosa|Carbapenems","I - 'susceptible, increased exposure' isolates ","N","2023","NO","Norway",162.000000000,""
"Antimicrobial resistance","Pseudomonas aeruginosa|Carbapenems","I - 'susceptible, increased exposure' isolates ","N","2023","PL","Poland",304.000000000,""
"Antimicrobial resistance","Pseudomonas aeruginosa|Carbapenems","I - 'susceptible, increased exposure' isolates ","N","2023","PT","Portugal",795.000000000,""
"Antimicrobial resistance","Pseudomonas aeruginosa|Carbapenems","I - 'susceptible, increased exposure' isolates ","N","2023","RO","Romania",119.000000000,""
"Antimicrobial resistance","Pseudomonas aeruginosa|Carbapenems","I - 'susceptible, increased exposure' isolates ","N","2023","SE","Sweden",621.000000000,""
"Antimicrobial resistance","Pseudomonas aeruginosa|Carbapenems","I - 'susceptible, increased exposure' isolates ","N","2023","SI","Slovenia",205.000000000,""
"Antimicrobial resistance","Pseudomonas aeruginosa|Carbapenems","I - 'susceptible, increased exposure' isolates ","N","2023","SK","Slovakia",87.000000000,""
"Antimicrobial resistance","Pseudomonas aeruginosa|Carbapenems","I - 'susceptible, increased exposure' isolates ","N","2024","AT","Austria",561.000000000,""
"Antimicrobial resistance","Pseudomonas aeruginosa|Carbapenems","I - 'susceptible, increased exposure' isolates ","N","2024","BE","Belgium",210.000000000,""
"Antimicrobial resistance","Pseudomonas aeruginosa|Carbapenems","I - 'susceptible, increased exposure' isolates ","N","2024","BG","Bulgaria",56.000000000,""
"Antimicrobial resistance","Pseudomonas aeruginosa|Carbapenems","I - 'susceptible, increased exposure' isolates ","N","2024","CY","Cyprus",81.000000000,""
"Antimicrobial resistance","Pseudomonas aeruginosa|Carbapenems","I - 'susceptible, increased exposure' isolates ","N","2024","CZ","Czechia",121.000000000,""
"Antimicrobial resistance","Pseudomonas aeruginosa|Carbapenems","I - 'susceptible, increased exposure' isolates ","N","2024","DE","Germany",3940.000000000,""
"Antimicrobial resistance","Pseudomonas aeruginosa|Carbapenems","I - 'susceptible, increased exposure' isolates ","N","2024","DK","Denmark",5.000000000,""
"Antimicrobial resistance","Pseudomonas aeruginosa|Carbapenems","I - 'susceptible, increased exposure' isolates ","N","2024","EE","Estonia",82.000000000,""
"Antimicrobial resistance","Pseudomonas aeruginosa|Carbapenems","I - 'susceptible, increased exposure' isolates ","N","2024","EL","Greece",469.000000000,""
"Antimicrobial resistance","Pseudomonas aeruginosa|Carbapenems","I - 'susceptible, increased exposure' isolates ","N","2024","ES","Spain",288.000000000,""
"Antimicrobial resistance","Pseudomonas aeruginosa|Carbapenems","I - 'susceptible, increased exposure' isolates ","N","2024","FI","Finland",6.000000000,""
"Antimicrobial resistance","Pseudomonas aeruginosa|Carbapenems","I - 'susceptible, increased exposure' isolates ","N","2024","FR","France",3090.000000000,""
"Antimicrobial resistance","Pseudomonas aeruginosa|Carbapenems","I - 'susceptible, increased exposure' isolates ","N","2024","HR","Croatia",159.000000000,""
"Antimicrobial resistance","Pseudomonas aeruginosa|Carbapenems","I - 'susceptible, increased exposure' isolates ","N","2024","HU","Hungary",703.000000000,""
"Antimicrobial resistance","Pseudomonas aeruginosa|Carbapenems","I - 'susceptible, increased exposure' isolates ","N","2024","IE","Ireland",73.000000000,""
"Antimicrobial resistance","Pseudomonas aeruginosa|Carbapenems","I - 'susceptible, increased exposure' isolates ","N","2024","IS","Iceland",0.000000000,""
"Antimicrobial resistance","Pseudomonas aeruginosa|Carbapenems","I - 'susceptible, increased exposure' isolates ","N","2024","IT","Italy",4383.000000000,""
"Antimicrobial resistance","Pseudomonas aeruginosa|Carbapenems","I - 'susceptible, increased exposure' isolates ","N","2024","LT","Lithuania",89.000000000,""
"Antimicrobial resistance","Pseudomonas aeruginosa|Carbapenems","I - 'susceptible, increased exposure' isolates ","N","2024","LU","Luxembourg",42.000000000,""
"Antimicrobial resistance","Pseudomonas aeruginosa|Carbapenems","I - 'susceptible, increased exposure' isolates ","N","2024","LV","Latvia",47.000000000,""
"Antimicrobial resistance","Pseudomonas aeruginosa|Carbapenems","I - 'susceptible, increased exposure' isolates ","N","2024","MT","Malta",47.000000000,""
"Antimicrobial resistance","Pseudomonas aeruginosa|Carbapenems","I - 'susceptible, increased exposure' isolates ","N","2024","NL","Netherlands",832.000000000,""
"Antimicrobial resistance","Pseudomonas aeruginosa|Carbapenems","I - 'susceptible, increased exposure' isolates ","N","2024","NO","Norway",133.000000000,""
"Antimicrobial resistance","Pseudomonas aeruginosa|Carbapenems","I - 'susceptible, increased exposure' isolates ","N","2024","PL","Poland",446.000000000,""
"Antimicrobial resistance","Pseudomonas aeruginosa|Carbapenems","I - 'susceptible, increased exposure' isolates ","N","2024","PT","Portugal",1036.000000000,""
"Antimicrobial resistance","Pseudomonas aeruginosa|Carbapenems","I - 'susceptible, increased exposure' isolates ","N","2024","RO","Romania",166.000000000,""
"Antimicrobial resistance","Pseudomonas aeruginosa|Carbapenems","I - 'susceptible, increased exposure' isolates ","N","2024","SE","Sweden",592.000000000,""
"Antimicrobial resistance","Pseudomonas aeruginosa|Carbapenems","I - 'susceptible, increased exposure' isolates ","N","2024","SI","Slovenia",161.000000000,""
"Antimicrobial resistance","Pseudomonas aeruginosa|Carbapenems","I - 'susceptible, increased exposure' isolates ","N","2024","SK","Slovakia",73.000000000,""
"Antimicrobial resistance","Pseudomonas aeruginosa|Carbapenems","R - resistant isolates","N","2005","AT","Austria",8.000000000,""
"Antimicrobial resistance","Pseudomonas aeruginosa|Carbapenems","R - resistant isolates","N","2005","BG","Bulgaria",12.000000000,""
"Antimicrobial resistance","Pseudomonas aeruginosa|Carbapenems","R - resistant isolates","N","2005","CY","Cyprus",1.000000000,""
"Antimicrobial resistance","Pseudomonas aeruginosa|Carbapenems","R - resistant isolates","N","2005","CZ","Czechia",80.000000000,""
"Antimicrobial resistance","Pseudomonas aeruginosa|Carbapenems","R - resistant isolates","N","2005","DE","Germany",29.000000000,""
"Antimicrobial resistance","Pseudomonas aeruginosa|Carbapenems","R - resistant isolates","N","2005","EE","Estonia",14.000000000,""
"Antimicrobial resistance","Pseudomonas aeruginosa|Carbapenems","R - resistant isolates","N","2005","EL","Greece",270.000000000,""
"Antimicrobial resistance","Pseudomonas aeruginosa|Carbapenems","R - resistant isolates","N","2005","ES","Spain",12.000000000,""
"Antimicrobial resistance","Pseudomonas aeruginosa|Carbapenems","R - resistant isolates","N","2005","FI","Finland",15.000000000,""
"Antimicrobial resistance","Pseudomonas aeruginosa|Carbapenems","R - resistant isolates","N","2005","FR","France",140.000000000,""
"Antimicrobial resistance","Pseudomonas aeruginosa|Carbapenems","R - resistant isolates","N","2005","HR","Croatia",17.000000000,""
"Antimicrobial resistance","Pseudomonas aeruginosa|Carbapenems","R - resistant isolates","N","2005","HU","Hungary",91.000000000,""
"Antimicrobial resistance","Pseudomonas aeruginosa|Carbapenems","R - resistant isolates","N","2005","IE","Ireland",3.000000000,""
"Antimicrobial resistance","Pseudomonas aeruginosa|Carbapenems","R - resistant isolates","N","2005","IS","Iceland",1.000000000,""
"Antimicrobial resistance","Pseudomonas aeruginosa|Carbapenems","R - resistant isolates","N","2005","LU","Luxembourg",0.000000000,""
"Antimicrobial resistance","Pseudomonas aeruginosa|Carbapenems","R - resistant isolates","N","2005","MT","Malta",8.000000000,""
"Antimicrobial resistance","Pseudomonas aeruginosa|Carbapenems","R - resistant isolates","N","2005","NL","Netherlands",9.000000000,""
"Antimicrobial resistance","Pseudomonas aeruginosa|Carbapenems","R - resistant isolates","N","2005","NO","Norway",3.000000000,""
"Antimicrobial resistance","Pseudomonas aeruginosa|Carbapenems","R - resistant isolates","N","2005","PL","Poland",7.000000000,""
"Antimicrobial resistance","Pseudomonas aeruginosa|Carbapenems","R - resistant isolates","N","2005","RO","Romania",14.000000000,""
"Antimicrobial resistance","Pseudomonas aeruginosa|Carbapenems","R - resistant isolates","N","2005","SE","Sweden",10.000000000,""
"Antimicrobial resistance","Pseudomonas aeruginosa|Carbapenems","R - resistant isolates","N","2005","SI","Slovenia",5.000000000,""
"Antimicrobial resistance","Pseudomonas aeruginosa|Carbapenems","R - resistant isolates","N","2005","UK","United Kingdom",33.000000000,""
"Antimicrobial resistance","Pseudomonas aeruginosa|Carbapenems","R - resistant isolates","N","2006","AT","Austria",59.000000000,""
"Antimicrobial resistance","Pseudomonas aeruginosa|Carbapenems","R - resistant isolates","N","2006","BG","Bulgaria",4.000000000,""
"Antimicrobial resistance","Pseudomonas aeruginosa|Carbapenems","R - resistant isolates","N","2006","CY","Cyprus",4.000000000,""
"Antimicrobial resistance","Pseudomonas aeruginosa|Carbapenems","R - resistant isolates","N","2006","CZ","Czechia",160.000000000,""
"Antimicrobial resistance","Pseudomonas aeruginosa|Carbapenems","R - resistant isolates","N","2006","DE","Germany",27.000000000,""
"Antimicrobial resistance","Pseudomonas aeruginosa|Carbapenems","R - resistant isolates","N","2006","EE","Estonia",12.000000000,""
"Antimicrobial resistance","Pseudomonas aeruginosa|Carbapenems","R - resistant isolates","N","2006","EL","Greece",388.000000000,""
"Antimicrobial resistance","Pseudomonas aeruginosa|Carbapenems","R - resistant isolates","N","2006","ES","Spain",45.000000000,""
"Antimicrobial resistance","Pseudomonas aeruginosa|Carbapenems","R - resistant isolates","N","2006","FI","Finland",12.000000000,""
"Antimicrobial resistance","Pseudomonas aeruginosa|Carbapenems","R - resistant isolates","N","2006","FR","France",122.000000000,""
"Antimicrobial resistance","Pseudomonas aeruginosa|Carbapenems","R - resistant isolates","N","2006","HR","Croatia",42.000000000,""
"Antimicrobial resistance","Pseudomonas aeruginosa|Carbapenems","R - resistant isolates","N","2006","HU","Hungary",86.000000000,""
"Antimicrobial resistance","Pseudomonas aeruginosa|Carbapenems","R - resistant isolates","N","2006","IE","Ireland",11.000000000,""
"Antimicrobial resistance","Pseudomonas aeruginosa|Carbapenems","R - resistant isolates","N","2006","IS","Iceland",0.000000000,""
"Antimicrobial resistance","Pseudomonas aeruginosa|Carbapenems","R - resistant isolates","N","2006","IT","Italy",39.000000000,""
"Antimicrobial resistance","Pseudomonas aeruginosa|Carbapenems","R - resistant isolates","N","2006","LT","Lithuania",3.000000000,""
"Antimicrobial resistance","Pseudomonas aeruginosa|Carbapenems","R - resistant isolates","N","2006","LU","Luxembourg",1.000000000,""
"Antimicrobial resistance","Pseudomonas aeruginosa|Carbapenems","R - resistant isolates","N","2006","LV","Latvia",2.000000000,""
"Antimicrobial resistance","Pseudomonas aeruginosa|Carbapenems","R - resistant isolates","N","2006","MT","Malta",10.000000000,""
"Antimicrobial resistance","Pseudomonas aeruginosa|Carbapenems","R - resistant isolates","N","2006","NL","Netherlands",6.000000000,""
"Antimicrobial resistance","Pseudomonas aeruginosa|Carbapenems","R - resistant isolates","N","2006","NO","Norway",8.000000000,""
"Antimicrobial resistance","Pseudomonas aeruginosa|Carbapenems","R - resistant isolates","N","2006","PL","Poland",11.000000000,""
"Antimicrobial resistance","Pseudomonas aeruginosa|Carbapenems","R - resistant isolates","N","2006","PT","Portugal",52.000000000,""
"Antimicrobial resistance","Pseudomonas aeruginosa|Carbapenems","R - resistant isolates","N","2006","RO","Romania",0.000000000,""
"Antimicrobial resistance","Pseudomonas aeruginosa|Carbapenems","R - resistant isolates","N","2006","SE","Sweden",11.000000000,""
"Antimicrobial resistance","Pseudomonas aeruginosa|Carbapenems","R - resistant isolates","N","2006","SI","Slovenia",4.000000000,""
"Antimicrobial resistance","Pseudomonas aeruginosa|Carbapenems","R - resistant isolates","N","2006","UK","United Kingdom",16.000000000,""
"Antimicrobial resistance","Pseudomonas aeruginosa|Carbapenems","R - resistant isolates","N","2007","AT","Austria",47.000000000,""
"Antimicrobial resistance","Pseudomonas aeruginosa|Carbapenems","R - resistant isolates","N","2007","BG","Bulgaria",1.000000000,""
"Antimicrobial resistance","Pseudomonas aeruginosa|Carbapenems","R - resistant isolates","N","2007","CY","Cyprus",10.000000000,""
"Antimicrobial resistance","Pseudomonas aeruginosa|Carbapenems","R - resistant isolates","N","2007","CZ","Czechia",186.000000000,""
"Antimicrobial resistance","Pseudomonas aeruginosa|Carbapenems","R - resistant isolates","N","2007","DE","Germany",44.000000000,""
"Antimicrobial resistance","Pseudomonas aeruginosa|Carbapenems","R - resistant isolates","N","2007","DK","Denmark",7.000000000,""
"Antimicrobial resistance","Pseudomonas aeruginosa|Carbapenems","R - resistant isolates","N","2007","EE","Estonia",8.000000000,""
"Antimicrobial resistance","Pseudomonas aeruginosa|Carbapenems","R - resistant isolates","N","2007","EL","Greece",373.000000000,""
"Antimicrobial resistance","Pseudomonas aeruginosa|Carbapenems","R - resistant isolates","N","2007","ES","Spain",67.000000000,""
"Antimicrobial resistance","Pseudomonas aeruginosa|Carbapenems","R - resistant isolates","N","2007","FI","Finland",15.000000000,""
"Antimicrobial resistance","Pseudomonas aeruginosa|Carbapenems","R - resistant isolates","N","2007","FR","France",184.000000000,""
"Antimicrobial resistance","Pseudomonas aeruginosa|Carbapenems","R - resistant isolates","N","2007","HR","Croatia",50.000000000,""
"Antimicrobial resistance","Pseudomonas aeruginosa|Carbapenems","R - resistant isolates","N","2007","HU","Hungary",94.000000000,""
"Antimicrobial resistance","Pseudomonas aeruginosa|Carbapenems","R - resistant isolates","N","2007","IE","Ireland",14.000000000,""
"Antimicrobial resistance","Pseudomonas aeruginosa|Carbapenems","R - resistant isolates","N","2007","IS","Iceland",0.000000000,""
"Antimicrobial resistance","Pseudomonas aeruginosa|Carbapenems","R - resistant isolates","N","2007","IT","Italy",49.000000000,""
"Antimicrobial resistance","Pseudomonas aeruginosa|Carbapenems","R - resistant isolates","N","2007","LT","Lithuania",6.000000000,""
"Antimicrobial resistance","Pseudomonas aeruginosa|Carbapenems","R - resistant isolates","N","2007","LU","Luxembourg",2.000000000,""
"Antimicrobial resistance","Pseudomonas aeruginosa|Carbapenems","R - resistant isolates","N","2007","LV","Latvia",1.000000000,""
"Antimicrobial resistance","Pseudomonas aeruginosa|Carbapenems","R - resistant isolates","N","2007","MT","Malta",4.000000000,""
"Antimicrobial resistance","Pseudomonas aeruginosa|Carbapenems","R - resistant isolates","N","2007","NL","Netherlands",7.000000000,""
"Antimicrobial resistance","Pseudomonas aeruginosa|Carbapenems","R - resistant isolates","N","2007","NO","Norway",9.000000000,""
"Antimicrobial resistance","Pseudomonas aeruginosa|Carbapenems","R - resistant isolates","N","2007","PL","Poland",12.000000000,""
"Antimicrobial resistance","Pseudomonas aeruginosa|Carbapenems","R - resistant isolates","N","2007","PT","Portugal",48.000000000,""
"Antimicrobial resistance","Pseudomonas aeruginosa|Carbapenems","R - resistant isolates","N","2007","RO","Romania",0.000000000,""
"Antimicrobial resistance","Pseudomonas aeruginosa|Carbapenems","R - resistant isolates","N","2007","SE","Sweden",23.000000000,""
"Antimicrobial resistance","Pseudomonas aeruginosa|Carbapenems","R - resistant isolates","N","2007","SI","Slovenia",17.000000000,""
"Antimicrobial resistance","Pseudomonas aeruginosa|Carbapenems","R - resistant isolates","N","2007","UK","United Kingdom",26.000000000,""
"Antimicrobial resistance","Pseudomonas aeruginosa|Carbapenems","R - resistant isolates","N","2008","AT","Austria",55.000000000,""
"Antimicrobial resistance","Pseudomonas aeruginosa|Carbapenems","R - resistant isolates","N","2008","BG","Bulgaria",4.000000000,""
"Antimicrobial resistance","Pseudomonas aeruginosa|Carbapenems","R - resistant isolates","N","2008","CY","Cyprus",8.000000000,""
"Antimicrobial resistance","Pseudomonas aeruginosa|Carbapenems","R - resistant isolates","N","2008","CZ","Czechia",164.000000000,""
"Antimicrobial resistance","Pseudomonas aeruginosa|Carbapenems","R - resistant isolates","N","2008","DE","Germany",18.000000000,""
"Antimicrobial resistance","Pseudomonas aeruginosa|Carbapenems","R - resistant isolates","N","2008","DK","Denmark",4.000000000,""
"Antimicrobial resistance","Pseudomonas aeruginosa|Carbapenems","R - resistant isolates","N","2008","EE","Estonia",12.000000000,""
"Antimicrobial resistance","Pseudomonas aeruginosa|Carbapenems","R - resistant isolates","N","2008","EL","Greece",446.000000000,""
"Antimicrobial resistance","Pseudomonas aeruginosa|Carbapenems","R - resistant isolates","N","2008","ES","Spain",72.000000000,""
"Antimicrobial resistance","Pseudomonas aeruginosa|Carbapenems","R - resistant isolates","N","2008","FI","Finland",11.000000000,""
"Antimicrobial resistance","Pseudomonas aeruginosa|Carbapenems","R - resistant isolates","N","2008","FR","France",174.000000000,""
"Antimicrobial resistance","Pseudomonas aeruginosa|Carbapenems","R - resistant isolates","N","2008","HR","Croatia",66.000000000,""
"Antimicrobial resistance","Pseudomonas aeruginosa|Carbapenems","R - resistant isolates","N","2008","HU","Hungary",128.000000000,""
"Antimicrobial resistance","Pseudomonas aeruginosa|Carbapenems","R - resistant isolates","N","2008","IE","Ireland",11.000000000,""
"Antimicrobial resistance","Pseudomonas aeruginosa|Carbapenems","R - resistant isolates","N","2008","IS","Iceland",0.000000000,""
"Antimicrobial resistance","Pseudomonas aeruginosa|Carbapenems","R - resistant isolates","N","2008","IT","Italy",53.000000000,""
"Antimicrobial resistance","Pseudomonas aeruginosa|Carbapenems","R - resistant isolates","N","2008","LT","Lithuania",5.000000000,""
"Antimicrobial resistance","Pseudomonas aeruginosa|Carbapenems","R - resistant isolates","N","2008","LU","Luxembourg",2.000000000,""
"Antimicrobial resistance","Pseudomonas aeruginosa|Carbapenems","R - resistant isolates","N","2008","LV","Latvia",4.000000000,""
"Antimicrobial resistance","Pseudomonas aeruginosa|Carbapenems","R - resistant isolates","N","2008","MT","Malta",9.000000000,""
"Antimicrobial resistance","Pseudomonas aeruginosa|Carbapenems","R - resistant isolates","N","2008","NL","Netherlands",22.000000000,""
"Antimicrobial resistance","Pseudomonas aeruginosa|Carbapenems","R - resistant isolates","N","2008","NO","Norway",10.000000000,""
"Antimicrobial resistance","Pseudomonas aeruginosa|Carbapenems","R - resistant isolates","N","2008","PL","Poland",3.000000000,""
"Antimicrobial resistance","Pseudomonas aeruginosa|Carbapenems","R - resistant isolates","N","2008","PT","Portugal",76.000000000,""
"Antimicrobial resistance","Pseudomonas aeruginosa|Carbapenems","R - resistant isolates","N","2008","RO","Romania",1.000000000,""
"Antimicrobial resistance","Pseudomonas aeruginosa|Carbapenems","R - resistant isolates","N","2008","SE","Sweden",11.000000000,""
"Antimicrobial resistance","Pseudomonas aeruginosa|Carbapenems","R - resistant isolates","N","2008","SI","Slovenia",15.000000000,""
"Antimicrobial resistance","Pseudomonas aeruginosa|Carbapenems","R - resistant isolates","N","2008","UK","United Kingdom",16.000000000,""
"Antimicrobial resistance","Pseudomonas aeruginosa|Carbapenems","R - resistant isolates","N","2009","AT","Austria",45.000000000,""
"Antimicrobial resistance","Pseudomonas aeruginosa|Carbapenems","R - resistant isolates","N","2009","BE","Belgium",12.000000000,""
"Antimicrobial resistance","Pseudomonas aeruginosa|Carbapenems","R - resistant isolates","N","2009","BG","Bulgaria",8.000000000,""
"Antimicrobial resistance","Pseudomonas aeruginosa|Carbapenems","R - resistant isolates","N","2009","CY","Cyprus",5.000000000,""
"Antimicrobial resistance","Pseudomonas aeruginosa|Carbapenems","R - resistant isolates","N","2009","CZ","Czechia",166.000000000,""
"Antimicrobial resistance","Pseudomonas aeruginosa|Carbapenems","R - resistant isolates","N","2009","DE","Germany",30.000000000,""
"Antimicrobial resistance","Pseudomonas aeruginosa|Carbapenems","R - resistant isolates","N","2009","DK","Denmark",10.000000000,""
"Antimicrobial resistance","Pseudomonas aeruginosa|Carbapenems","R - resistant isolates","N","2009","EE","Estonia",5.000000000,""
"Antimicrobial resistance","Pseudomonas aeruginosa|Carbapenems","R - resistant isolates","N","2009","EL","Greece",482.000000000,""
"Antimicrobial resistance","Pseudomonas aeruginosa|Carbapenems","R - resistant isolates","N","2009","ES","Spain",87.000000000,""
"Antimicrobial resistance","Pseudomonas aeruginosa|Carbapenems","R - resistant isolates","N","2009","FI","Finland",18.000000000,""
"Antimicrobial resistance","Pseudomonas aeruginosa|Carbapenems","R - resistant isolates","N","2009","FR","France",212.000000000,""
"Antimicrobial resistance","Pseudomonas aeruginosa|Carbapenems","R - resistant isolates","N","2009","HU","Hungary",137.000000000,""
"Antimicrobial resistance","Pseudomonas aeruginosa|Carbapenems","R - resistant isolates","N","2009","IE","Ireland",19.000000000,""
"Antimicrobial resistance","Pseudomonas aeruginosa|Carbapenems","R - resistant isolates","N","2009","IS","Iceland",0.000000000,""
"Antimicrobial resistance","Pseudomonas aeruginosa|Carbapenems","R - resistant isolates","N","2009","IT","Italy",58.000000000,""
"Antimicrobial resistance","Pseudomonas aeruginosa|Carbapenems","R - resistant isolates","N","2009","LT","Lithuania",4.000000000,""
"Antimicrobial resistance","Pseudomonas aeruginosa|Carbapenems","R - resistant isolates","N","2009","LU","Luxembourg",5.000000000,""
"Antimicrobial resistance","Pseudomonas aeruginosa|Carbapenems","R - resistant isolates","N","2009","LV","Latvia",1.000000000,""
"Antimicrobial resistance","Pseudomonas aeruginosa|Carbapenems","R - resistant isolates","N","2009","MT","Malta",12.000000000,""
"Antimicrobial resistance","Pseudomonas aeruginosa|Carbapenems","R - resistant isolates","N","2009","NL","Netherlands",7.000000000,""
"Antimicrobial resistance","Pseudomonas aeruginosa|Carbapenems","R - resistant isolates","N","2009","NO","Norway",9.000000000,""
"Antimicrobial resistance","Pseudomonas aeruginosa|Carbapenems","R - resistant isolates","N","2009","PL","Poland",36.000000000,""
"Antimicrobial resistance","Pseudomonas aeruginosa|Carbapenems","R - resistant isolates","N","2009","PT","Portugal",85.000000000,""
"Antimicrobial resistance","Pseudomonas aeruginosa|Carbapenems","R - resistant isolates","N","2009","RO","Romania",6.000000000,""
"Antimicrobial resistance","Pseudomonas aeruginosa|Carbapenems","R - resistant isolates","N","2009","SI","Slovenia",16.000000000,""
"Antimicrobial resistance","Pseudomonas aeruginosa|Carbapenems","R - resistant isolates","N","2009","UK","United Kingdom",41.000000000,""
"Antimicrobial resistance","Pseudomonas aeruginosa|Carbapenems","R - resistant isolates","N","2010","AT","Austria",68.000000000,""
"Antimicrobial resistance","Pseudomonas aeruginosa|Carbapenems","R - resistant isolates","N","2010","BE","Belgium",6.000000000,""
"Antimicrobial resistance","Pseudomonas aeruginosa|Carbapenems","R - resistant isolates","N","2010","BG","Bulgaria",13.000000000,""
"Antimicrobial resistance","Pseudomonas aeruginosa|Carbapenems","R - resistant isolates","N","2010","CY","Cyprus",14.000000000,""
"Antimicrobial resistance","Pseudomonas aeruginosa|Carbapenems","R - resistant isolates","N","2010","CZ","Czechia",84.000000000,""
"Antimicrobial resistance","Pseudomonas aeruginosa|Carbapenems","R - resistant isolates","N","2010","DE","Germany",39.000000000,""
"Antimicrobial resistance","Pseudomonas aeruginosa|Carbapenems","R - resistant isolates","N","2010","DK","Denmark",11.000000000,""
"Antimicrobial resistance","Pseudomonas aeruginosa|Carbapenems","R - resistant isolates","N","2010","EE","Estonia",9.000000000,""
"Antimicrobial resistance","Pseudomonas aeruginosa|Carbapenems","R - resistant isolates","N","2010","EL","Greece",431.000000000,""
"Antimicrobial resistance","Pseudomonas aeruginosa|Carbapenems","R - resistant isolates","N","2010","ES","Spain",133.000000000,""
"Antimicrobial resistance","Pseudomonas aeruginosa|Carbapenems","R - resistant isolates","N","2010","FI","Finland",27.000000000,""
"Antimicrobial resistance","Pseudomonas aeruginosa|Carbapenems","R - resistant isolates","N","2010","FR","France",211.000000000,""
"Antimicrobial resistance","Pseudomonas aeruginosa|Carbapenems","R - resistant isolates","N","2010","HR","Croatia",60.000000000,""
"Antimicrobial resistance","Pseudomonas aeruginosa|Carbapenems","R - resistant isolates","N","2010","HU","Hungary",158.000000000,""
"Antimicrobial resistance","Pseudomonas aeruginosa|Carbapenems","R - resistant isolates","N","2010","IE","Ireland",14.000000000,""
"Antimicrobial resistance","Pseudomonas aeruginosa|Carbapenems","R - resistant isolates","N","2010","IS","Iceland",0.000000000,""
"Antimicrobial resistance","Pseudomonas aeruginosa|Carbapenems","R - resistant isolates","N","2010","IT","Italy",112.000000000,""
"Antimicrobial resistance","Pseudomonas aeruginosa|Carbapenems","R - resistant isolates","N","2010","LT","Lithuania",8.000000000,""
"Antimicrobial resistance","Pseudomonas aeruginosa|Carbapenems","R - resistant isolates","N","2010","LU","Luxembourg",3.000000000,""
"Antimicrobial resistance","Pseudomonas aeruginosa|Carbapenems","R - resistant isolates","N","2010","LV","Latvia",3.000000000,""
"Antimicrobial resistance","Pseudomonas aeruginosa|Carbapenems","R - resistant isolates","N","2010","MT","Malta",10.000000000,""
"Antimicrobial resistance","Pseudomonas aeruginosa|Carbapenems","R - resistant isolates","N","2010","NL","Netherlands",20.000000000,""
"Antimicrobial resistance","Pseudomonas aeruginosa|Carbapenems","R - resistant isolates","N","2010","NO","Norway",2.000000000,""
"Antimicrobial resistance","Pseudomonas aeruginosa|Carbapenems","R - resistant isolates","N","2010","PL","Poland",41.000000000,""
"Antimicrobial resistance","Pseudomonas aeruginosa|Carbapenems","R - resistant isolates","N","2010","PT","Portugal",86.000000000,""
"Antimicrobial resistance","Pseudomonas aeruginosa|Carbapenems","R - resistant isolates","N","2010","RO","Romania",7.000000000,""
"Antimicrobial resistance","Pseudomonas aeruginosa|Carbapenems","R - resistant isolates","N","2010","SE","Sweden",20.000000000,""
"Antimicrobial resistance","Pseudomonas aeruginosa|Carbapenems","R - resistant isolates","N","2010","SI","Slovenia",17.000000000,""
"Antimicrobial resistance","Pseudomonas aeruginosa|Carbapenems","R - resistant isolates","N","2010","UK","United Kingdom",32.000000000,""
"Antimicrobial resistance","Pseudomonas aeruginosa|Carbapenems","R - resistant isolates","N","2011","AT","Austria",73.000000000,""
"Antimicrobial resistance","Pseudomonas aeruginosa|Carbapenems","R - resistant isolates","N","2011","BE","Belgium",49.000000000,""
"Antimicrobial resistance","Pseudomonas aeruginosa|Carbapenems","R - resistant isolates","N","2011","BG","Bulgaria",14.000000000,""
"Antimicrobial resistance","Pseudomonas aeruginosa|Carbapenems","R - resistant isolates","N","2011","CY","Cyprus",22.000000000,""
"Antimicrobial resistance","Pseudomonas aeruginosa|Carbapenems","R - resistant isolates","N","2011","CZ","Czechia",59.000000000,""
"Antimicrobial resistance","Pseudomonas aeruginosa|Carbapenems","R - resistant isolates","N","2011","DE","Germany",38.000000000,""
"Antimicrobial resistance","Pseudomonas aeruginosa|Carbapenems","R - resistant isolates","N","2011","DK","Denmark",22.000000000,""
"Antimicrobial resistance","Pseudomonas aeruginosa|Carbapenems","R - resistant isolates","N","2011","EE","Estonia",1.000000000,""
"Antimicrobial resistance","Pseudomonas aeruginosa|Carbapenems","R - resistant isolates","N","2011","EL","Greece",486.000000000,""
"Antimicrobial resistance","Pseudomonas aeruginosa|Carbapenems","R - resistant isolates","N","2011","ES","Spain",137.000000000,""
"Antimicrobial resistance","Pseudomonas aeruginosa|Carbapenems","R - resistant isolates","N","2011","FI","Finland",29.000000000,""
"Antimicrobial resistance","Pseudomonas aeruginosa|Carbapenems","R - resistant isolates","N","2011","FR","France",324.000000000,""
"Antimicrobial resistance","Pseudomonas aeruginosa|Carbapenems","R - resistant isolates","N","2011","HR","Croatia",67.000000000,""
"Antimicrobial resistance","Pseudomonas aeruginosa|Carbapenems","R - resistant isolates","N","2011","HU","Hungary",128.000000000,""
"Antimicrobial resistance","Pseudomonas aeruginosa|Carbapenems","R - resistant isolates","N","2011","IE","Ireland",11.000000000,""
"Antimicrobial resistance","Pseudomonas aeruginosa|Carbapenems","R - resistant isolates","N","2011","IS","Iceland",1.000000000,""
"Antimicrobial resistance","Pseudomonas aeruginosa|Carbapenems","R - resistant isolates","N","2011","IT","Italy",65.000000000,""
"Antimicrobial resistance","Pseudomonas aeruginosa|Carbapenems","R - resistant isolates","N","2011","LT","Lithuania",6.000000000,""
"Antimicrobial resistance","Pseudomonas aeruginosa|Carbapenems","R - resistant isolates","N","2011","LU","Luxembourg",5.000000000,""
"Antimicrobial resistance","Pseudomonas aeruginosa|Carbapenems","R - resistant isolates","N","2011","LV","Latvia",1.000000000,""
"Antimicrobial resistance","Pseudomonas aeruginosa|Carbapenems","R - resistant isolates","N","2011","MT","Malta",10.000000000,""
"Antimicrobial resistance","Pseudomonas aeruginosa|Carbapenems","R - resistant isolates","N","2011","NL","Netherlands",22.000000000,""
"Antimicrobial resistance","Pseudomonas aeruginosa|Carbapenems","R - resistant isolates","N","2011","NO","Norway",6.000000000,""
"Antimicrobial resistance","Pseudomonas aeruginosa|Carbapenems","R - resistant isolates","N","2011","PL","Poland",45.000000000,""
"Antimicrobial resistance","Pseudomonas aeruginosa|Carbapenems","R - resistant isolates","N","2011","PT","Portugal",100.000000000,""
"Antimicrobial resistance","Pseudomonas aeruginosa|Carbapenems","R - resistant isolates","N","2011","RO","Romania",6.000000000,""
"Antimicrobial resistance","Pseudomonas aeruginosa|Carbapenems","R - resistant isolates","N","2011","SE","Sweden",29.000000000,""
"Antimicrobial resistance","Pseudomonas aeruginosa|Carbapenems","R - resistant isolates","N","2011","SI","Slovenia",28.000000000,""
"Antimicrobial resistance","Pseudomonas aeruginosa|Carbapenems","R - resistant isolates","N","2011","SK","Slovakia",76.000000000,""
"Antimicrobial resistance","Pseudomonas aeruginosa|Carbapenems","R - resistant isolates","N","2011","UK","United Kingdom",30.000000000,""
"Antimicrobial resistance","Pseudomonas aeruginosa|Carbapenems","R - resistant isolates","N","2012","AT","Austria",82.000000000,""
"Antimicrobial resistance","Pseudomonas aeruginosa|Carbapenems","R - resistant isolates","N","2012","BE","Belgium",38.000000000,""
"Antimicrobial resistance","Pseudomonas aeruginosa|Carbapenems","R - resistant isolates","N","2012","BG","Bulgaria",16.000000000,""
"Antimicrobial resistance","Pseudomonas aeruginosa|Carbapenems","R - resistant isolates","N","2012","CY","Cyprus",10.000000000,""
"Antimicrobial resistance","Pseudomonas aeruginosa|Carbapenems","R - resistant isolates","N","2012","CZ","Czechia",74.000000000,""
"Antimicrobial resistance","Pseudomonas aeruginosa|Carbapenems","R - resistant isolates","N","2012","DE","Germany",47.000000000,""
"Antimicrobial resistance","Pseudomonas aeruginosa|Carbapenems","R - resistant isolates","N","2012","DK","Denmark",13.000000000,""
"Antimicrobial resistance","Pseudomonas aeruginosa|Carbapenems","R - resistant isolates","N","2012","EE","Estonia",4.000000000,""
"Antimicrobial resistance","Pseudomonas aeruginosa|Carbapenems","R - resistant isolates","N","2012","EL","Greece",433.000000000,""
"Antimicrobial resistance","Pseudomonas aeruginosa|Carbapenems","R - resistant isolates","N","2012","ES","Spain",140.000000000,""
"Antimicrobial resistance","Pseudomonas aeruginosa|Carbapenems","R - resistant isolates","N","2012","FI","Finland",21.000000000,""
"Antimicrobial resistance","Pseudomonas aeruginosa|Carbapenems","R - resistant isolates","N","2012","FR","France",310.000000000,""
"Antimicrobial resistance","Pseudomonas aeruginosa|Carbapenems","R - resistant isolates","N","2012","HR","Croatia",57.000000000,""
"Antimicrobial resistance","Pseudomonas aeruginosa|Carbapenems","R - resistant isolates","N","2012","HU","Hungary",170.000000000,""
"Antimicrobial resistance","Pseudomonas aeruginosa|Carbapenems","R - resistant isolates","N","2012","IE","Ireland",24.000000000,""
"Antimicrobial resistance","Pseudomonas aeruginosa|Carbapenems","R - resistant isolates","N","2012","IS","Iceland",1.000000000,""
"Antimicrobial resistance","Pseudomonas aeruginosa|Carbapenems","R - resistant isolates","N","2012","IT","Italy",171.000000000,""
"Antimicrobial resistance","Pseudomonas aeruginosa|Carbapenems","R - resistant isolates","N","2012","LT","Lithuania",5.000000000,""
"Antimicrobial resistance","Pseudomonas aeruginosa|Carbapenems","R - resistant isolates","N","2012","LU","Luxembourg",2.000000000,""
"Antimicrobial resistance","Pseudomonas aeruginosa|Carbapenems","R - resistant isolates","N","2012","LV","Latvia",2.000000000,""
"Antimicrobial resistance","Pseudomonas aeruginosa|Carbapenems","R - resistant isolates","N","2012","MT","Malta",1.000000000,""
"Antimicrobial resistance","Pseudomonas aeruginosa|Carbapenems","R - resistant isolates","N","2012","NL","Netherlands",14.000000000,""
"Antimicrobial resistance","Pseudomonas aeruginosa|Carbapenems","R - resistant isolates","N","2012","NO","Norway",14.000000000,""
"Antimicrobial resistance","Pseudomonas aeruginosa|Carbapenems","R - resistant isolates","N","2012","PL","Poland",39.000000000,""
"Antimicrobial resistance","Pseudomonas aeruginosa|Carbapenems","R - resistant isolates","N","2012","PT","Portugal",116.000000000,""
"Antimicrobial resistance","Pseudomonas aeruginosa|Carbapenems","R - resistant isolates","N","2012","RO","Romania",26.000000000,""
"Antimicrobial resistance","Pseudomonas aeruginosa|Carbapenems","R - resistant isolates","N","2012","SE","Sweden",21.000000000,""
"Antimicrobial resistance","Pseudomonas aeruginosa|Carbapenems","R - resistant isolates","N","2012","SI","Slovenia",29.000000000,""
"Antimicrobial resistance","Pseudomonas aeruginosa|Carbapenems","R - resistant isolates","N","2012","SK","Slovakia",73.000000000,""
"Antimicrobial resistance","Pseudomonas aeruginosa|Carbapenems","R - resistant isolates","N","2012","UK","United Kingdom",38.000000000,""
"Antimicrobial resistance","Pseudomonas aeruginosa|Carbapenems","R - resistant isolates","N","2013","AT","Austria",76.000000000,""
"Antimicrobial resistance","Pseudomonas aeruginosa|Carbapenems","R - resistant isolates","N","2013","BE","Belgium",57.000000000,""
"Antimicrobial resistance","Pseudomonas aeruginosa|Carbapenems","R - resistant isolates","N","2013","BG","Bulgaria",8.000000000,""
"Antimicrobial resistance","Pseudomonas aeruginosa|Carbapenems","R - resistant isolates","N","2013","CY","Cyprus",9.000000000,""
"Antimicrobial resistance","Pseudomonas aeruginosa|Carbapenems","R - resistant isolates","N","2013","CZ","Czechia",81.000000000,""
"Antimicrobial resistance","Pseudomonas aeruginosa|Carbapenems","R - resistant isolates","N","2013","DE","Germany",97.000000000,""
"Antimicrobial resistance","Pseudomonas aeruginosa|Carbapenems","R - resistant isolates","N","2013","DK","Denmark",12.000000000,""
"Antimicrobial resistance","Pseudomonas aeruginosa|Carbapenems","R - resistant isolates","N","2013","EE","Estonia",2.000000000,""
"Antimicrobial resistance","Pseudomonas aeruginosa|Carbapenems","R - resistant isolates","N","2013","EL","Greece",432.000000000,""
"Antimicrobial resistance","Pseudomonas aeruginosa|Carbapenems","R - resistant isolates","N","2013","ES","Spain",145.000000000,""
"Antimicrobial resistance","Pseudomonas aeruginosa|Carbapenems","R - resistant isolates","N","2013","FI","Finland",34.000000000,""
"Antimicrobial resistance","Pseudomonas aeruginosa|Carbapenems","R - resistant isolates","N","2013","FR","France",320.000000000,""
"Antimicrobial resistance","Pseudomonas aeruginosa|Carbapenems","R - resistant isolates","N","2013","HR","Croatia",61.000000000,""
"Antimicrobial resistance","Pseudomonas aeruginosa|Carbapenems","R - resistant isolates","N","2013","HU","Hungary",202.000000000,""
"Antimicrobial resistance","Pseudomonas aeruginosa|Carbapenems","R - resistant isolates","N","2013","IE","Ireland",19.000000000,""
"Antimicrobial resistance","Pseudomonas aeruginosa|Carbapenems","R - resistant isolates","N","2013","IS","Iceland",1.000000000,""
"Antimicrobial resistance","Pseudomonas aeruginosa|Carbapenems","R - resistant isolates","N","2013","IT","Italy",204.000000000,""
"Antimicrobial resistance","Pseudomonas aeruginosa|Carbapenems","R - resistant isolates","N","2013","LT","Lithuania",7.000000000,""
"Antimicrobial resistance","Pseudomonas aeruginosa|Carbapenems","R - resistant isolates","N","2013","LU","Luxembourg",6.000000000,""
"Antimicrobial resistance","Pseudomonas aeruginosa|Carbapenems","R - resistant isolates","N","2013","LV","Latvia",7.000000000,""
"Antimicrobial resistance","Pseudomonas aeruginosa|Carbapenems","R - resistant isolates","N","2013","MT","Malta",4.000000000,""
"Antimicrobial resistance","Pseudomonas aeruginosa|Carbapenems","R - resistant isolates","N","2013","NL","Netherlands",23.000000000,""
"Antimicrobial resistance","Pseudomonas aeruginosa|Carbapenems","R - resistant isolates","N","2013","NO","Norway",12.000000000,""
"Antimicrobial resistance","Pseudomonas aeruginosa|Carbapenems","R - resistant isolates","N","2013","PL","Poland",61.000000000,""
"Antimicrobial resistance","Pseudomonas aeruginosa|Carbapenems","R - resistant isolates","N","2013","PT","Portugal",151.000000000,""
"Antimicrobial resistance","Pseudomonas aeruginosa|Carbapenems","R - resistant isolates","N","2013","RO","Romania",52.000000000,""
"Antimicrobial resistance","Pseudomonas aeruginosa|Carbapenems","R - resistant isolates","N","2013","SE","Sweden",37.000000000,""
"Antimicrobial resistance","Pseudomonas aeruginosa|Carbapenems","R - resistant isolates","N","2013","SI","Slovenia",34.000000000,""
"Antimicrobial resistance","Pseudomonas aeruginosa|Carbapenems","R - resistant isolates","N","2013","SK","Slovakia",126.000000000,""
"Antimicrobial resistance","Pseudomonas aeruginosa|Carbapenems","R - resistant isolates","N","2013","UK","United Kingdom",35.000000000,""
"Antimicrobial resistance","Pseudomonas aeruginosa|Carbapenems","R - resistant isolates","N","2014","AT","Austria",81.000000000,""
"Antimicrobial resistance","Pseudomonas aeruginosa|Carbapenems","R - resistant isolates","N","2014","BE","Belgium",35.000000000,""
"Antimicrobial resistance","Pseudomonas aeruginosa|Carbapenems","R - resistant isolates","N","2014","BG","Bulgaria",14.000000000,""
"Antimicrobial resistance","Pseudomonas aeruginosa|Carbapenems","R - resistant isolates","N","2014","CY","Cyprus",14.000000000,""
"Antimicrobial resistance","Pseudomonas aeruginosa|Carbapenems","R - resistant isolates","N","2014","CZ","Czechia",63.000000000,""
"Antimicrobial resistance","Pseudomonas aeruginosa|Carbapenems","R - resistant isolates","N","2014","DE","Germany",109.000000000,""
"Antimicrobial resistance","Pseudomonas aeruginosa|Carbapenems","R - resistant isolates","N","2014","DK","Denmark",18.000000000,""
"Antimicrobial resistance","Pseudomonas aeruginosa|Carbapenems","R - resistant isolates","N","2014","EE","Estonia",6.000000000,""
"Antimicrobial resistance","Pseudomonas aeruginosa|Carbapenems","R - resistant isolates","N","2014","EL","Greece",300.000000000,""
"Antimicrobial resistance","Pseudomonas aeruginosa|Carbapenems","R - resistant isolates","N","2014","ES","Spain",161.000000000,""
"Antimicrobial resistance","Pseudomonas aeruginosa|Carbapenems","R - resistant isolates","N","2014","FI","Finland",22.000000000,""
"Antimicrobial resistance","Pseudomonas aeruginosa|Carbapenems","R - resistant isolates","N","2014","FR","France",333.000000000,""
"Antimicrobial resistance","Pseudomonas aeruginosa|Carbapenems","R - resistant isolates","N","2014","HR","Croatia",82.000000000,""
"Antimicrobial resistance","Pseudomonas aeruginosa|Carbapenems","R - resistant isolates","N","2014","HU","Hungary",249.000000000,""
"Antimicrobial resistance","Pseudomonas aeruginosa|Carbapenems","R - resistant isolates","N","2014","IE","Ireland",15.000000000,""
"Antimicrobial resistance","Pseudomonas aeruginosa|Carbapenems","R - resistant isolates","N","2014","IS","Iceland",1.000000000,""
"Antimicrobial resistance","Pseudomonas aeruginosa|Carbapenems","R - resistant isolates","N","2014","IT","Italy",189.000000000,""
"Antimicrobial resistance","Pseudomonas aeruginosa|Carbapenems","R - resistant isolates","N","2014","LT","Lithuania",9.000000000,""
"Antimicrobial resistance","Pseudomonas aeruginosa|Carbapenems","R - resistant isolates","N","2014","LU","Luxembourg",2.000000000,""
"Antimicrobial resistance","Pseudomonas aeruginosa|Carbapenems","R - resistant isolates","N","2014","LV","Latvia",3.000000000,""
"Antimicrobial resistance","Pseudomonas aeruginosa|Carbapenems","R - resistant isolates","N","2014","MT","Malta",5.000000000,""
"Antimicrobial resistance","Pseudomonas aeruginosa|Carbapenems","R - resistant isolates","N","2014","NL","Netherlands",30.000000000,""
"Antimicrobial resistance","Pseudomonas aeruginosa|Carbapenems","R - resistant isolates","N","2014","NO","Norway",15.000000000,""
"Antimicrobial resistance","Pseudomonas aeruginosa|Carbapenems","R - resistant isolates","N","2014","PL","Poland",51.000000000,""
"Antimicrobial resistance","Pseudomonas aeruginosa|Carbapenems","R - resistant isolates","N","2014","PT","Portugal",239.000000000,""
"Antimicrobial resistance","Pseudomonas aeruginosa|Carbapenems","R - resistant isolates","N","2014","RO","Romania",55.000000000,""
"Antimicrobial resistance","Pseudomonas aeruginosa|Carbapenems","R - resistant isolates","N","2014","SE","Sweden",29.000000000,""
"Antimicrobial resistance","Pseudomonas aeruginosa|Carbapenems","R - resistant isolates","N","2014","SI","Slovenia",35.000000000,""
"Antimicrobial resistance","Pseudomonas aeruginosa|Carbapenems","R - resistant isolates","N","2014","SK","Slovakia",96.000000000,""
"Antimicrobial resistance","Pseudomonas aeruginosa|Carbapenems","R - resistant isolates","N","2014","UK","United Kingdom",37.000000000,""
"Antimicrobial resistance","Pseudomonas aeruginosa|Carbapenems","R - resistant isolates","N","2015","AT","Austria",83.000000000,""
"Antimicrobial resistance","Pseudomonas aeruginosa|Carbapenems","R - resistant isolates","N","2015","BE","Belgium",10.000000000,""
"Antimicrobial resistance","Pseudomonas aeruginosa|Carbapenems","R - resistant isolates","N","2015","BG","Bulgaria",14.000000000,""
"Antimicrobial resistance","Pseudomonas aeruginosa|Carbapenems","R - resistant isolates","N","2015","CY","Cyprus",9.000000000,""
"Antimicrobial resistance","Pseudomonas aeruginosa|Carbapenems","R - resistant isolates","N","2015","CZ","Czechia",49.000000000,""
"Antimicrobial resistance","Pseudomonas aeruginosa|Carbapenems","R - resistant isolates","N","2015","DE","Germany",143.000000000,""
"Antimicrobial resistance","Pseudomonas aeruginosa|Carbapenems","R - resistant isolates","N","2015","DK","Denmark",20.000000000,""
"Antimicrobial resistance","Pseudomonas aeruginosa|Carbapenems","R - resistant isolates","N","2015","EE","Estonia",2.000000000,""
"Antimicrobial resistance","Pseudomonas aeruginosa|Carbapenems","R - resistant isolates","N","2015","EL","Greece",273.000000000,""
"Antimicrobial resistance","Pseudomonas aeruginosa|Carbapenems","R - resistant isolates","N","2015","ES","Spain",198.000000000,""
"Antimicrobial resistance","Pseudomonas aeruginosa|Carbapenems","R - resistant isolates","N","2015","FI","Finland",16.000000000,""
"Antimicrobial resistance","Pseudomonas aeruginosa|Carbapenems","R - resistant isolates","N","2015","FR","France",316.000000000,""
"Antimicrobial resistance","Pseudomonas aeruginosa|Carbapenems","R - resistant isolates","N","2015","HR","Croatia",99.000000000,""
"Antimicrobial resistance","Pseudomonas aeruginosa|Carbapenems","R - resistant isolates","N","2015","HU","Hungary",276.000000000,""
"Antimicrobial resistance","Pseudomonas aeruginosa|Carbapenems","R - resistant isolates","N","2015","IE","Ireland",18.000000000,""
"Antimicrobial resistance","Pseudomonas aeruginosa|Carbapenems","R - resistant isolates","N","2015","IS","Iceland",0.000000000,""
"Antimicrobial resistance","Pseudomonas aeruginosa|Carbapenems","R - resistant isolates","N","2015","IT","Italy",249.000000000,""
"Antimicrobial resistance","Pseudomonas aeruginosa|Carbapenems","R - resistant isolates","N","2015","LT","Lithuania",11.000000000,""
"Antimicrobial resistance","Pseudomonas aeruginosa|Carbapenems","R - resistant isolates","N","2015","LU","Luxembourg",2.000000000,""
"Antimicrobial resistance","Pseudomonas aeruginosa|Carbapenems","R - resistant isolates","N","2015","LV","Latvia",2.000000000,""
"Antimicrobial resistance","Pseudomonas aeruginosa|Carbapenems","R - resistant isolates","N","2015","MT","Malta",4.000000000,""
"Antimicrobial resistance","Pseudomonas aeruginosa|Carbapenems","R - resistant isolates","N","2015","NL","Netherlands",23.000000000,""
"Antimicrobial resistance","Pseudomonas aeruginosa|Carbapenems","R - resistant isolates","N","2015","NO","Norway",13.000000000,""
"Antimicrobial resistance","Pseudomonas aeruginosa|Carbapenems","R - resistant isolates","N","2015","PL","Poland",94.000000000,""
"Antimicrobial resistance","Pseudomonas aeruginosa|Carbapenems","R - resistant isolates","N","2015","PT","Portugal",236.000000000,""
"Antimicrobial resistance","Pseudomonas aeruginosa|Carbapenems","R - resistant isolates","N","2015","RO","Romania",61.000000000,""
"Antimicrobial resistance","Pseudomonas aeruginosa|Carbapenems","R - resistant isolates","N","2015","SE","Sweden",26.000000000,""
"Antimicrobial resistance","Pseudomonas aeruginosa|Carbapenems","R - resistant isolates","N","2015","SI","Slovenia",22.000000000,""
"Antimicrobial resistance","Pseudomonas aeruginosa|Carbapenems","R - resistant isolates","N","2015","SK","Slovakia",136.000000000,""
"Antimicrobial resistance","Pseudomonas aeruginosa|Carbapenems","R - resistant isolates","N","2015","UK","United Kingdom",12.000000000,""
"Antimicrobial resistance","Pseudomonas aeruginosa|Carbapenems","R - resistant isolates","N","2016","AT","Austria",90.000000000,""
"Antimicrobial resistance","Pseudomonas aeruginosa|Carbapenems","R - resistant isolates","N","2016","BE","Belgium",35.000000000,""
"Antimicrobial resistance","Pseudomonas aeruginosa|Carbapenems","R - resistant isolates","N","2016","BG","Bulgaria",17.000000000,""
"Antimicrobial resistance","Pseudomonas aeruginosa|Carbapenems","R - resistant isolates","N","2016","CY","Cyprus",12.000000000,""
"Antimicrobial resistance","Pseudomonas aeruginosa|Carbapenems","R - resistant isolates","N","2016","CZ","Czechia",41.000000000,""
"Antimicrobial resistance","Pseudomonas aeruginosa|Carbapenems","R - resistant isolates","N","2016","DE","Germany",206.000000000,""
"Antimicrobial resistance","Pseudomonas aeruginosa|Carbapenems","R - resistant isolates","N","2016","DK","Denmark",11.000000000,""
"Antimicrobial resistance","Pseudomonas aeruginosa|Carbapenems","R - resistant isolates","N","2016","EE","Estonia",11.000000000,""
"Antimicrobial resistance","Pseudomonas aeruginosa|Carbapenems","R - resistant isolates","N","2016","EL","Greece",294.000000000,""
"Antimicrobial resistance","Pseudomonas aeruginosa|Carbapenems","R - resistant isolates","N","2016","ES","Spain",180.000000000,""
"Antimicrobial resistance","Pseudomonas aeruginosa|Carbapenems","R - resistant isolates","N","2016","FI","Finland",21.000000000,""
"Antimicrobial resistance","Pseudomonas aeruginosa|Carbapenems","R - resistant isolates","N","2016","FR","France",307.000000000,""
"Antimicrobial resistance","Pseudomonas aeruginosa|Carbapenems","R - resistant isolates","N","2016","HR","Croatia",110.000000000,""
"Antimicrobial resistance","Pseudomonas aeruginosa|Carbapenems","R - resistant isolates","N","2016","HU","Hungary",246.000000000,""
"Antimicrobial resistance","Pseudomonas aeruginosa|Carbapenems","R - resistant isolates","N","2016","IE","Ireland",15.000000000,""
"Antimicrobial resistance","Pseudomonas aeruginosa|Carbapenems","R - resistant isolates","N","2016","IS","Iceland",1.000000000,""
"Antimicrobial resistance","Pseudomonas aeruginosa|Carbapenems","R - resistant isolates","N","2016","IT","Italy",283.000000000,""
"Antimicrobial resistance","Pseudomonas aeruginosa|Carbapenems","R - resistant isolates","N","2016","LT","Lithuania",12.000000000,""
"Antimicrobial resistance","Pseudomonas aeruginosa|Carbapenems","R - resistant isolates","N","2016","LU","Luxembourg",2.000000000,""
"Antimicrobial resistance","Pseudomonas aeruginosa|Carbapenems","R - resistant isolates","N","2016","LV","Latvia",5.000000000,""
"Antimicrobial resistance","Pseudomonas aeruginosa|Carbapenems","R - resistant isolates","N","2016","MT","Malta",5.000000000,""
"Antimicrobial resistance","Pseudomonas aeruginosa|Carbapenems","R - resistant isolates","N","2016","NL","Netherlands",29.000000000,""
"Antimicrobial resistance","Pseudomonas aeruginosa|Carbapenems","R - resistant isolates","N","2016","NO","Norway",15.000000000,""
"Antimicrobial resistance","Pseudomonas aeruginosa|Carbapenems","R - resistant isolates","N","2016","PL","Poland",104.000000000,""
"Antimicrobial resistance","Pseudomonas aeruginosa|Carbapenems","R - resistant isolates","N","2016","PT","Portugal",235.000000000,""
"Antimicrobial resistance","Pseudomonas aeruginosa|Carbapenems","R - resistant isolates","N","2016","RO","Romania",48.000000000,""
"Antimicrobial resistance","Pseudomonas aeruginosa|Carbapenems","R - resistant isolates","N","2016","SE","Sweden",52.000000000,""
"Antimicrobial resistance","Pseudomonas aeruginosa|Carbapenems","R - resistant isolates","N","2016","SI","Slovenia",28.000000000,""
"Antimicrobial resistance","Pseudomonas aeruginosa|Carbapenems","R - resistant isolates","N","2016","SK","Slovakia",77.000000000,""
"Antimicrobial resistance","Pseudomonas aeruginosa|Carbapenems","R - resistant isolates","N","2016","UK","United Kingdom",108.000000000,""
"Antimicrobial resistance","Pseudomonas aeruginosa|Carbapenems","R - resistant isolates","N","2017","AT","Austria",101.000000000,""
"Antimicrobial resistance","Pseudomonas aeruginosa|Carbapenems","R - resistant isolates","N","2017","BE","Belgium",39.000000000,""
"Antimicrobial resistance","Pseudomonas aeruginosa|Carbapenems","R - resistant isolates","N","2017","BG","Bulgaria",18.000000000,""
"Antimicrobial resistance","Pseudomonas aeruginosa|Carbapenems","R - resistant isolates","N","2017","CY","Cyprus",9.000000000,""
"Antimicrobial resistance","Pseudomonas aeruginosa|Carbapenems","R - resistant isolates","N","2017","CZ","Czechia",61.000000000,""
"Antimicrobial resistance","Pseudomonas aeruginosa|Carbapenems","R - resistant isolates","N","2017","DE","Germany",238.000000000,""
"Antimicrobial resistance","Pseudomonas aeruginosa|Carbapenems","R - resistant isolates","N","2017","DK","Denmark",12.000000000,""
"Antimicrobial resistance","Pseudomonas aeruginosa|Carbapenems","R - resistant isolates","N","2017","EE","Estonia",5.000000000,""
"Antimicrobial resistance","Pseudomonas aeruginosa|Carbapenems","R - resistant isolates","N","2017","EL","Greece",323.000000000,""
"Antimicrobial resistance","Pseudomonas aeruginosa|Carbapenems","R - resistant isolates","N","2017","ES","Spain",158.000000000,""
"Antimicrobial resistance","Pseudomonas aeruginosa|Carbapenems","R - resistant isolates","N","2017","FI","Finland",23.000000000,""
"Antimicrobial resistance","Pseudomonas aeruginosa|Carbapenems","R - resistant isolates","N","2017","FR","France",238.000000000,""
"Antimicrobial resistance","Pseudomonas aeruginosa|Carbapenems","R - resistant isolates","N","2017","HR","Croatia",73.000000000,""
"Antimicrobial resistance","Pseudomonas aeruginosa|Carbapenems","R - resistant isolates","N","2017","HU","Hungary",268.000000000,""
"Antimicrobial resistance","Pseudomonas aeruginosa|Carbapenems","R - resistant isolates","N","2017","IE","Ireland",26.000000000,""
"Antimicrobial resistance","Pseudomonas aeruginosa|Carbapenems","R - resistant isolates","N","2017","IS","Iceland",0.000000000,""
"Antimicrobial resistance","Pseudomonas aeruginosa|Carbapenems","R - resistant isolates","N","2017","IT","Italy",285.000000000,""
"Antimicrobial resistance","Pseudomonas aeruginosa|Carbapenems","R - resistant isolates","N","2017","LT","Lithuania",22.000000000,""
"Antimicrobial resistance","Pseudomonas aeruginosa|Carbapenems","R - resistant isolates","N","2017","LU","Luxembourg",6.000000000,""
"Antimicrobial resistance","Pseudomonas aeruginosa|Carbapenems","R - resistant isolates","N","2017","LV","Latvia",8.000000000,""
"Antimicrobial resistance","Pseudomonas aeruginosa|Carbapenems","R - resistant isolates","N","2017","MT","Malta",4.000000000,""
"Antimicrobial resistance","Pseudomonas aeruginosa|Carbapenems","R - resistant isolates","N","2017","NL","Netherlands",33.000000000,""
"Antimicrobial resistance","Pseudomonas aeruginosa|Carbapenems","R - resistant isolates","N","2017","NO","Norway",7.000000000,""
"Antimicrobial resistance","Pseudomonas aeruginosa|Carbapenems","R - resistant isolates","N","2017","PL","Poland",95.000000000,""
"Antimicrobial resistance","Pseudomonas aeruginosa|Carbapenems","R - resistant isolates","N","2017","PT","Portugal",222.000000000,""
"Antimicrobial resistance","Pseudomonas aeruginosa|Carbapenems","R - resistant isolates","N","2017","RO","Romania",83.000000000,""
"Antimicrobial resistance","Pseudomonas aeruginosa|Carbapenems","R - resistant isolates","N","2017","SE","Sweden",40.000000000,""
"Antimicrobial resistance","Pseudomonas aeruginosa|Carbapenems","R - resistant isolates","N","2017","SI","Slovenia",24.000000000,""
"Antimicrobial resistance","Pseudomonas aeruginosa|Carbapenems","R - resistant isolates","N","2017","SK","Slovakia",95.000000000,""
"Antimicrobial resistance","Pseudomonas aeruginosa|Carbapenems","R - resistant isolates","N","2017","UK","United Kingdom",160.000000000,""
"Antimicrobial resistance","Pseudomonas aeruginosa|Carbapenems","R - resistant isolates","N","2018","AT","Austria",94.000000000,""
"Antimicrobial resistance","Pseudomonas aeruginosa|Carbapenems","R - resistant isolates","N","2018","BE","Belgium",36.000000000,""
"Antimicrobial resistance","Pseudomonas aeruginosa|Carbapenems","R - resistant isolates","N","2018","BG","Bulgaria",23.000000000,""
"Antimicrobial resistance","Pseudomonas aeruginosa|Carbapenems","R - resistant isolates","N","2018","CY","Cyprus",7.000000000,""
"Antimicrobial resistance","Pseudomonas aeruginosa|Carbapenems","R - resistant isolates","N","2018","CZ","Czechia",97.000000000,""
"Antimicrobial resistance","Pseudomonas aeruginosa|Carbapenems","R - resistant isolates","N","2018","DE","Germany",216.000000000,""
"Antimicrobial resistance","Pseudomonas aeruginosa|Carbapenems","R - resistant isolates","N","2018","DK","Denmark",22.000000000,""
"Antimicrobial resistance","Pseudomonas aeruginosa|Carbapenems","R - resistant isolates","N","2018","EE","Estonia",8.000000000,""
"Antimicrobial resistance","Pseudomonas aeruginosa|Carbapenems","R - resistant isolates","N","2018","EL","Greece",321.000000000,""
"Antimicrobial resistance","Pseudomonas aeruginosa|Carbapenems","R - resistant isolates","N","2018","ES","Spain",208.000000000,""
"Antimicrobial resistance","Pseudomonas aeruginosa|Carbapenems","R - resistant isolates","N","2018","FI","Finland",19.000000000,""
"Antimicrobial resistance","Pseudomonas aeruginosa|Carbapenems","R - resistant isolates","N","2018","FR","France",303.000000000,""
"Antimicrobial resistance","Pseudomonas aeruginosa|Carbapenems","R - resistant isolates","N","2018","HR","Croatia",55.000000000,""
"Antimicrobial resistance","Pseudomonas aeruginosa|Carbapenems","R - resistant isolates","N","2018","HU","Hungary",301.000000000,""
"Antimicrobial resistance","Pseudomonas aeruginosa|Carbapenems","R - resistant isolates","N","2018","IE","Ireland",18.000000000,""
"Antimicrobial resistance","Pseudomonas aeruginosa|Carbapenems","R - resistant isolates","N","2018","IS","Iceland",0.000000000,""
"Antimicrobial resistance","Pseudomonas aeruginosa|Carbapenems","R - resistant isolates","N","2018","IT","Italy",476.000000000,""
"Antimicrobial resistance","Pseudomonas aeruginosa|Carbapenems","R - resistant isolates","N","2018","LT","Lithuania",22.000000000,""
"Antimicrobial resistance","Pseudomonas aeruginosa|Carbapenems","R - resistant isolates","N","2018","LU","Luxembourg",6.000000000,""
"Antimicrobial resistance","Pseudomonas aeruginosa|Carbapenems","R - resistant isolates","N","2018","LV","Latvia",11.000000000,""
"Antimicrobial resistance","Pseudomonas aeruginosa|Carbapenems","R - resistant isolates","N","2018","MT","Malta",1.000000000,""
"Antimicrobial resistance","Pseudomonas aeruginosa|Carbapenems","R - resistant isolates","N","2018","NL","Netherlands",41.000000000,""
"Antimicrobial resistance","Pseudomonas aeruginosa|Carbapenems","R - resistant isolates","N","2018","NO","Norway",12.000000000,""
"Antimicrobial resistance","Pseudomonas aeruginosa|Carbapenems","R - resistant isolates","N","2018","PL","Poland",124.000000000,""
"Antimicrobial resistance","Pseudomonas aeruginosa|Carbapenems","R - resistant isolates","N","2018","PT","Portugal",174.000000000,""
"Antimicrobial resistance","Pseudomonas aeruginosa|Carbapenems","R - resistant isolates","N","2018","RO","Romania",86.000000000,""
"Antimicrobial resistance","Pseudomonas aeruginosa|Carbapenems","R - resistant isolates","N","2018","SE","Sweden",18.000000000,""
"Antimicrobial resistance","Pseudomonas aeruginosa|Carbapenems","R - resistant isolates","N","2018","SI","Slovenia",26.000000000,""
"Antimicrobial resistance","Pseudomonas aeruginosa|Carbapenems","R - resistant isolates","N","2018","SK","Slovakia",109.000000000,""
"Antimicrobial resistance","Pseudomonas aeruginosa|Carbapenems","R - resistant isolates","N","2018","UK","United Kingdom",164.000000000,""
"Antimicrobial resistance","Pseudomonas aeruginosa|Carbapenems","R - resistant isolates","N","2019","AT","Austria",105.000000000,""
"Antimicrobial resistance","Pseudomonas aeruginosa|Carbapenems","R - resistant isolates","N","2019","BE","Belgium",47.000000000,""
"Antimicrobial resistance","Pseudomonas aeruginosa|Carbapenems","R - resistant isolates","N","2019","BG","Bulgaria",27.000000000,""
"Antimicrobial resistance","Pseudomonas aeruginosa|Carbapenems","R - resistant isolates","N","2019","CY","Cyprus",7.000000000,""
"Antimicrobial resistance","Pseudomonas aeruginosa|Carbapenems","R - resistant isolates","N","2019","CZ","Czechia",86.000000000,""
"Antimicrobial resistance","Pseudomonas aeruginosa|Carbapenems","R - resistant isolates","N","2019","DE","Germany",271.000000000,""
"Antimicrobial resistance","Pseudomonas aeruginosa|Carbapenems","R - resistant isolates","N","2019","DK","Denmark",16.000000000,""
"Antimicrobial resistance","Pseudomonas aeruginosa|Carbapenems","R - resistant isolates","N","2019","EE","Estonia",4.000000000,""
"Antimicrobial resistance","Pseudomonas aeruginosa|Carbapenems","R - resistant isolates","N","2019","EL","Greece",69.000000000,""
"Antimicrobial resistance","Pseudomonas aeruginosa|Carbapenems","R - resistant isolates","N","2019","ES","Spain",241.000000000,""
"Antimicrobial resistance","Pseudomonas aeruginosa|Carbapenems","R - resistant isolates","N","2019","FI","Finland",29.000000000,""
"Antimicrobial resistance","Pseudomonas aeruginosa|Carbapenems","R - resistant isolates","N","2019","FR","France",264.000000000,""
"Antimicrobial resistance","Pseudomonas aeruginosa|Carbapenems","R - resistant isolates","N","2019","HR","Croatia",48.000000000,""
"Antimicrobial resistance","Pseudomonas aeruginosa|Carbapenems","R - resistant isolates","N","2019","HU","Hungary",293.000000000,""
"Antimicrobial resistance","Pseudomonas aeruginosa|Carbapenems","R - resistant isolates","N","2019","IE","Ireland",18.000000000,""
"Antimicrobial resistance","Pseudomonas aeruginosa|Carbapenems","R - resistant isolates","N","2019","IS","Iceland",0.000000000,""
"Antimicrobial resistance","Pseudomonas aeruginosa|Carbapenems","R - resistant isolates","N","2019","IT","Italy",521.000000000,""
"Antimicrobial resistance","Pseudomonas aeruginosa|Carbapenems","R - resistant isolates","N","2019","LT","Lithuania",17.000000000,""
"Antimicrobial resistance","Pseudomonas aeruginosa|Carbapenems","R - resistant isolates","N","2019","LU","Luxembourg",3.000000000,""
"Antimicrobial resistance","Pseudomonas aeruginosa|Carbapenems","R - resistant isolates","N","2019","LV","Latvia",16.000000000,""
"Antimicrobial resistance","Pseudomonas aeruginosa|Carbapenems","R - resistant isolates","N","2019","MT","Malta",3.000000000,""
"Antimicrobial resistance","Pseudomonas aeruginosa|Carbapenems","R - resistant isolates","N","2019","NL","Netherlands",35.000000000,""
"Antimicrobial resistance","Pseudomonas aeruginosa|Carbapenems","R - resistant isolates","N","2019","NO","Norway",22.000000000,""
"Antimicrobial resistance","Pseudomonas aeruginosa|Carbapenems","R - resistant isolates","N","2019","PL","Poland",100.000000000,""
"Antimicrobial resistance","Pseudomonas aeruginosa|Carbapenems","R - resistant isolates","N","2019","PT","Portugal",187.000000000,""
"Antimicrobial resistance","Pseudomonas aeruginosa|Carbapenems","R - resistant isolates","N","2019","RO","Romania",102.000000000,""
"Antimicrobial resistance","Pseudomonas aeruginosa|Carbapenems","R - resistant isolates","N","2019","SE","Sweden",69.000000000,""
"Antimicrobial resistance","Pseudomonas aeruginosa|Carbapenems","R - resistant isolates","N","2019","SI","Slovenia",35.000000000,""
"Antimicrobial resistance","Pseudomonas aeruginosa|Carbapenems","R - resistant isolates","N","2019","SK","Slovakia",77.000000000,""
"Antimicrobial resistance","Pseudomonas aeruginosa|Carbapenems","R - resistant isolates","N","2019","UK","United Kingdom",163.000000000,""
"Antimicrobial resistance","Pseudomonas aeruginosa|Carbapenems","R - resistant isolates","N","2020","AT","Austria",103.000000000,""
"Antimicrobial resistance","Pseudomonas aeruginosa|Carbapenems","R - resistant isolates","N","2020","BE","Belgium",59.000000000,""
"Antimicrobial resistance","Pseudomonas aeruginosa|Carbapenems","R - resistant isolates","N","2020","BG","Bulgaria",30.000000000,""
"Antimicrobial resistance","Pseudomonas aeruginosa|Carbapenems","R - resistant isolates","N","2020","CY","Cyprus",13.000000000,""
"Antimicrobial resistance","Pseudomonas aeruginosa|Carbapenems","R - resistant isolates","N","2020","CZ","Czechia",88.000000000,""
"Antimicrobial resistance","Pseudomonas aeruginosa|Carbapenems","R - resistant isolates","N","2020","DE","Germany",371.000000000,""
"Antimicrobial resistance","Pseudomonas aeruginosa|Carbapenems","R - resistant isolates","N","2020","DK","Denmark",22.000000000,""
"Antimicrobial resistance","Pseudomonas aeruginosa|Carbapenems","R - resistant isolates","N","2020","EE","Estonia",10.000000000,""
"Antimicrobial resistance","Pseudomonas aeruginosa|Carbapenems","R - resistant isolates","N","2020","EL","Greece",135.000000000,""
"Antimicrobial resistance","Pseudomonas aeruginosa|Carbapenems","R - resistant isolates","N","2020","ES","Spain",206.000000000,""
"Antimicrobial resistance","Pseudomonas aeruginosa|Carbapenems","R - resistant isolates","N","2020","FI","Finland",16.000000000,""
"Antimicrobial resistance","Pseudomonas aeruginosa|Carbapenems","R - resistant isolates","N","2020","FR","France",453.000000000,""
"Antimicrobial resistance","Pseudomonas aeruginosa|Carbapenems","R - resistant isolates","N","2020","HR","Croatia",50.000000000,""
"Antimicrobial resistance","Pseudomonas aeruginosa|Carbapenems","R - resistant isolates","N","2020","HU","Hungary",263.000000000,""
"Antimicrobial resistance","Pseudomonas aeruginosa|Carbapenems","R - resistant isolates","N","2020","IE","Ireland",19.000000000,""
"Antimicrobial resistance","Pseudomonas aeruginosa|Carbapenems","R - resistant isolates","N","2020","IS","Iceland",3.000000000,""
"Antimicrobial resistance","Pseudomonas aeruginosa|Carbapenems","R - resistant isolates","N","2020","IT","Italy",736.000000000,""
"Antimicrobial resistance","Pseudomonas aeruginosa|Carbapenems","R - resistant isolates","N","2020","LT","Lithuania",31.000000000,""
"Antimicrobial resistance","Pseudomonas aeruginosa|Carbapenems","R - resistant isolates","N","2020","LU","Luxembourg",4.000000000,""
"Antimicrobial resistance","Pseudomonas aeruginosa|Carbapenems","R - resistant isolates","N","2020","LV","Latvia",11.000000000,""
"Antimicrobial resistance","Pseudomonas aeruginosa|Carbapenems","R - resistant isolates","N","2020","MT","Malta",4.000000000,""
"Antimicrobial resistance","Pseudomonas aeruginosa|Carbapenems","R - resistant isolates","N","2020","NL","Netherlands",27.000000000,""
"Antimicrobial resistance","Pseudomonas aeruginosa|Carbapenems","R - resistant isolates","N","2020","NO","Norway",18.000000000,""
"Antimicrobial resistance","Pseudomonas aeruginosa|Carbapenems","R - resistant isolates","N","2020","PL","Poland",90.000000000,""
"Antimicrobial resistance","Pseudomonas aeruginosa|Carbapenems","R - resistant isolates","N","2020","PT","Portugal",142.000000000,""
"Antimicrobial resistance","Pseudomonas aeruginosa|Carbapenems","R - resistant isolates","N","2020","RO","Romania",65.000000000,""
"Antimicrobial resistance","Pseudomonas aeruginosa|Carbapenems","R - resistant isolates","N","2020","SE","Sweden",31.000000000,""
"Antimicrobial resistance","Pseudomonas aeruginosa|Carbapenems","R - resistant isolates","N","2020","SI","Slovenia",25.000000000,""
"Antimicrobial resistance","Pseudomonas aeruginosa|Carbapenems","R - resistant isolates","N","2020","SK","Slovakia",113.000000000,""
"Antimicrobial resistance","Pseudomonas aeruginosa|Carbapenems","R - resistant isolates","N","2021","AT","Austria",117.000000000,""
"Antimicrobial resistance","Pseudomonas aeruginosa|Carbapenems","R - resistant isolates","N","2021","BE","Belgium",51.000000000,""
"Antimicrobial resistance","Pseudomonas aeruginosa|Carbapenems","R - resistant isolates","N","2021","BG","Bulgaria",27.000000000,""
"Antimicrobial resistance","Pseudomonas aeruginosa|Carbapenems","R - resistant isolates","N","2021","CY","Cyprus",25.000000000,""
"Antimicrobial resistance","Pseudomonas aeruginosa|Carbapenems","R - resistant isolates","N","2021","CZ","Czechia",97.000000000,""
"Antimicrobial resistance","Pseudomonas aeruginosa|Carbapenems","R - resistant isolates","N","2021","DE","Germany",425.000000000,""
"Antimicrobial resistance","Pseudomonas aeruginosa|Carbapenems","R - resistant isolates","N","2021","DK","Denmark",18.000000000,""
"Antimicrobial resistance","Pseudomonas aeruginosa|Carbapenems","R - resistant isolates","N","2021","EE","Estonia",13.000000000,""
"Antimicrobial resistance","Pseudomonas aeruginosa|Carbapenems","R - resistant isolates","N","2021","EL","Greece",192.000000000,""
"Antimicrobial resistance","Pseudomonas aeruginosa|Carbapenems","R - resistant isolates","N","2021","ES","Spain",200.000000000,""
"Antimicrobial resistance","Pseudomonas aeruginosa|Carbapenems","R - resistant isolates","N","2021","FI","Finland",19.000000000,""
"Antimicrobial resistance","Pseudomonas aeruginosa|Carbapenems","R - resistant isolates","N","2021","FR","France",467.000000000,""
"Antimicrobial resistance","Pseudomonas aeruginosa|Carbapenems","R - resistant isolates","N","2021","HR","Croatia",67.000000000,""
"Antimicrobial resistance","Pseudomonas aeruginosa|Carbapenems","R - resistant isolates","N","2021","HU","Hungary",421.000000000,""
"Antimicrobial resistance","Pseudomonas aeruginosa|Carbapenems","R - resistant isolates","N","2021","IE","Ireland",23.000000000,""
"Antimicrobial resistance","Pseudomonas aeruginosa|Carbapenems","R - resistant isolates","N","2021","IS","Iceland",3.000000000,""
"Antimicrobial resistance","Pseudomonas aeruginosa|Carbapenems","R - resistant isolates","N","2021","IT","Italy",866.000000000,""
"Antimicrobial resistance","Pseudomonas aeruginosa|Carbapenems","R - resistant isolates","N","2021","LT","Lithuania",41.000000000,""
"Antimicrobial resistance","Pseudomonas aeruginosa|Carbapenems","R - resistant isolates","N","2021","LU","Luxembourg",3.000000000,""
"Antimicrobial resistance","Pseudomonas aeruginosa|Carbapenems","R - resistant isolates","N","2021","LV","Latvia",23.000000000,""
"Antimicrobial resistance","Pseudomonas aeruginosa|Carbapenems","R - resistant isolates","N","2021","MT","Malta",4.000000000,""
"Antimicrobial resistance","Pseudomonas aeruginosa|Carbapenems","R - resistant isolates","N","2021","NL","Netherlands",38.000000000,""
"Antimicrobial resistance","Pseudomonas aeruginosa|Carbapenems","R - resistant isolates","N","2021","NO","Norway",21.000000000,""
"Antimicrobial resistance","Pseudomonas aeruginosa|Carbapenems","R - resistant isolates","N","2021","PL","Poland",123.000000000,""
"Antimicrobial resistance","Pseudomonas aeruginosa|Carbapenems","R - resistant isolates","N","2021","PT","Portugal",143.000000000,""
"Antimicrobial resistance","Pseudomonas aeruginosa|Carbapenems","R - resistant isolates","N","2021","RO","Romania",95.000000000,""
"Antimicrobial resistance","Pseudomonas aeruginosa|Carbapenems","R - resistant isolates","N","2021","SE","Sweden",95.000000000,""
"Antimicrobial resistance","Pseudomonas aeruginosa|Carbapenems","R - resistant isolates","N","2021","SI","Slovenia",34.000000000,""
"Antimicrobial resistance","Pseudomonas aeruginosa|Carbapenems","R - resistant isolates","N","2021","SK","Slovakia",114.000000000,""
"Antimicrobial resistance","Pseudomonas aeruginosa|Carbapenems","R - resistant isolates","N","2022","AT","Austria",111.000000000,""
"Antimicrobial resistance","Pseudomonas aeruginosa|Carbapenems","R - resistant isolates","N","2022","BE","Belgium",67.000000000,""
"Antimicrobial resistance","Pseudomonas aeruginosa|Carbapenems","R - resistant isolates","N","2022","BG","Bulgaria",31.000000000,""
"Antimicrobial resistance","Pseudomonas aeruginosa|Carbapenems","R - resistant isolates","N","2022","CY","Cyprus",32.000000000,""
"Antimicrobial resistance","Pseudomonas aeruginosa|Carbapenems","R - resistant isolates","N","2022","CZ","Czechia",133.000000000,""
"Antimicrobial resistance","Pseudomonas aeruginosa|Carbapenems","R - resistant isolates","N","2022","DE","Germany",425.000000000,""
"Antimicrobial resistance","Pseudomonas aeruginosa|Carbapenems","R - resistant isolates","N","2022","DK","Denmark",12.000000000,""
"Antimicrobial resistance","Pseudomonas aeruginosa|Carbapenems","R - resistant isolates","N","2022","EE","Estonia",13.000000000,""
"Antimicrobial resistance","Pseudomonas aeruginosa|Carbapenems","R - resistant isolates","N","2022","EL","Greece",432.000000000,""
"Antimicrobial resistance","Pseudomonas aeruginosa|Carbapenems","R - resistant isolates","N","2022","ES","Spain",314.000000000,""
"Antimicrobial resistance","Pseudomonas aeruginosa|Carbapenems","R - resistant isolates","N","2022","FI","Finland",21.000000000,""
"Antimicrobial resistance","Pseudomonas aeruginosa|Carbapenems","R - resistant isolates","N","2022","FR","France",396.000000000,""
"Antimicrobial resistance","Pseudomonas aeruginosa|Carbapenems","R - resistant isolates","N","2022","HR","Croatia",92.000000000,""
"Antimicrobial resistance","Pseudomonas aeruginosa|Carbapenems","R - resistant isolates","N","2022","HU","Hungary",317.000000000,""
"Antimicrobial resistance","Pseudomonas aeruginosa|Carbapenems","R - resistant isolates","N","2022","IE","Ireland",26.000000000,""
"Antimicrobial resistance","Pseudomonas aeruginosa|Carbapenems","R - resistant isolates","N","2022","IS","Iceland",4.000000000,""
"Antimicrobial resistance","Pseudomonas aeruginosa|Carbapenems","R - resistant isolates","N","2022","IT","Italy",980.000000000,""
"Antimicrobial resistance","Pseudomonas aeruginosa|Carbapenems","R - resistant isolates","N","2022","LT","Lithuania",41.000000000,""
"Antimicrobial resistance","Pseudomonas aeruginosa|Carbapenems","R - resistant isolates","N","2022","LU","Luxembourg",3.000000000,""
"Antimicrobial resistance","Pseudomonas aeruginosa|Carbapenems","R - resistant isolates","N","2022","LV","Latvia",15.000000000,""
"Antimicrobial resistance","Pseudomonas aeruginosa|Carbapenems","R - resistant isolates","N","2022","MT","Malta",5.000000000,""
"Antimicrobial resistance","Pseudomonas aeruginosa|Carbapenems","R - resistant isolates","N","2022","NL","Netherlands",45.000000000,""
"Antimicrobial resistance","Pseudomonas aeruginosa|Carbapenems","R - resistant isolates","N","2022","NO","Norway",22.000000000,""
"Antimicrobial resistance","Pseudomonas aeruginosa|Carbapenems","R - resistant isolates","N","2022","PL","Poland",115.000000000,""
"Antimicrobial resistance","Pseudomonas aeruginosa|Carbapenems","R - resistant isolates","N","2022","PT","Portugal",133.000000000,""
"Antimicrobial resistance","Pseudomonas aeruginosa|Carbapenems","R - resistant isolates","N","2022","RO","Romania",124.000000000,""
"Antimicrobial resistance","Pseudomonas aeruginosa|Carbapenems","R - resistant isolates","N","2022","SE","Sweden",94.000000000,""
"Antimicrobial resistance","Pseudomonas aeruginosa|Carbapenems","R - resistant isolates","N","2022","SI","Slovenia",32.000000000,""
"Antimicrobial resistance","Pseudomonas aeruginosa|Carbapenems","R - resistant isolates","N","2022","SK","Slovakia",67.000000000,""
"Antimicrobial resistance","Pseudomonas aeruginosa|Carbapenems","R - resistant isolates","N","2023","AT","Austria",101.000000000,""
"Antimicrobial resistance","Pseudomonas aeruginosa|Carbapenems","R - resistant isolates","N","2023","BE","Belgium",54.000000000,""
"Antimicrobial resistance","Pseudomonas aeruginosa|Carbapenems","R - resistant isolates","N","2023","BG","Bulgaria",28.000000000,""
"Antimicrobial resistance","Pseudomonas aeruginosa|Carbapenems","R - resistant isolates","N","2023","CY","Cyprus",26.000000000,""
"Antimicrobial resistance","Pseudomonas aeruginosa|Carbapenems","R - resistant isolates","N","2023","CZ","Czechia",123.000000000,""
"Antimicrobial resistance","Pseudomonas aeruginosa|Carbapenems","R - resistant isolates","N","2023","DE","Germany",449.000000000,""
"Antimicrobial resistance","Pseudomonas aeruginosa|Carbapenems","R - resistant isolates","N","2023","DK","Denmark",15.000000000,""
"Antimicrobial resistance","Pseudomonas aeruginosa|Carbapenems","R - resistant isolates","N","2023","EE","Estonia",10.000000000,""
"Antimicrobial resistance","Pseudomonas aeruginosa|Carbapenems","R - resistant isolates","N","2023","EL","Greece",691.000000000,""
"Antimicrobial resistance","Pseudomonas aeruginosa|Carbapenems","R - resistant isolates","N","2023","ES","Spain",207.000000000,""
"Antimicrobial resistance","Pseudomonas aeruginosa|Carbapenems","R - resistant isolates","N","2023","FI","Finland",25.000000000,""
"Antimicrobial resistance","Pseudomonas aeruginosa|Carbapenems","R - resistant isolates","N","2023","HR","Croatia",105.000000000,""
"Antimicrobial resistance","Pseudomonas aeruginosa|Carbapenems","R - resistant isolates","N","2023","HU","Hungary",294.000000000,""
"Antimicrobial resistance","Pseudomonas aeruginosa|Carbapenems","R - resistant isolates","N","2023","IE","Ireland",19.000000000,""
"Antimicrobial resistance","Pseudomonas aeruginosa|Carbapenems","R - resistant isolates","N","2023","IS","Iceland",1.000000000,""
"Antimicrobial resistance","Pseudomonas aeruginosa|Carbapenems","R - resistant isolates","N","2023","IT","Italy",1061.000000000,""
"Antimicrobial resistance","Pseudomonas aeruginosa|Carbapenems","R - resistant isolates","N","2023","LI","Liechtenstein",0.000000000,""
"Antimicrobial resistance","Pseudomonas aeruginosa|Carbapenems","R - resistant isolates","N","2023","LT","Lithuania",20.000000000,""
"Antimicrobial resistance","Pseudomonas aeruginosa|Carbapenems","R - resistant isolates","N","2023","LU","Luxembourg",6.000000000,""
"Antimicrobial resistance","Pseudomonas aeruginosa|Carbapenems","R - resistant isolates","N","2023","LV","Latvia",10.000000000,""
"Antimicrobial resistance","Pseudomonas aeruginosa|Carbapenems","R - resistant isolates","N","2023","MT","Malta",2.000000000,""
"Antimicrobial resistance","Pseudomonas aeruginosa|Carbapenems","R - resistant isolates","N","2023","NL","Netherlands",51.000000000,""
"Antimicrobial resistance","Pseudomonas aeruginosa|Carbapenems","R - resistant isolates","N","2023","NO","Norway",21.000000000,""
"Antimicrobial resistance","Pseudomonas aeruginosa|Carbapenems","R - resistant isolates","N","2023","PL","Poland",122.000000000,""
"Antimicrobial resistance","Pseudomonas aeruginosa|Carbapenems","R - resistant isolates","N","2023","PT","Portugal",120.000000000,""
"Antimicrobial resistance","Pseudomonas aeruginosa|Carbapenems","R - resistant isolates","N","2023","RO","Romania",138.000000000,""
"Antimicrobial resistance","Pseudomonas aeruginosa|Carbapenems","R - resistant isolates","N","2023","SE","Sweden",83.000000000,""
"Antimicrobial resistance","Pseudomonas aeruginosa|Carbapenems","R - resistant isolates","N","2023","SI","Slovenia",28.000000000,""
"Antimicrobial resistance","Pseudomonas aeruginosa|Carbapenems","R - resistant isolates","N","2023","SK","Slovakia",99.000000000,""
"Antimicrobial resistance","Pseudomonas aeruginosa|Carbapenems","R - resistant isolates","N","2024","AT","Austria",114.000000000,""
"Antimicrobial resistance","Pseudomonas aeruginosa|Carbapenems","R - resistant isolates","N","2024","BE","Belgium",38.000000000,""
"Antimicrobial resistance","Pseudomonas aeruginosa|Carbapenems","R - resistant isolates","N","2024","BG","Bulgaria",25.000000000,""
"Antimicrobial resistance","Pseudomonas aeruginosa|Carbapenems","R - resistant isolates","N","2024","CY","Cyprus",38.000000000,""
"Antimicrobial resistance","Pseudomonas aeruginosa|Carbapenems","R - resistant isolates","N","2024","CZ","Czechia",112.000000000,""
"Antimicrobial resistance","Pseudomonas aeruginosa|Carbapenems","R - resistant isolates","N","2024","DE","Germany",607.000000000,""
"Antimicrobial resistance","Pseudomonas aeruginosa|Carbapenems","R - resistant isolates","N","2024","DK","Denmark",7.000000000,""
"Antimicrobial resistance","Pseudomonas aeruginosa|Carbapenems","R - resistant isolates","N","2024","EE","Estonia",8.000000000,""
"Antimicrobial resistance","Pseudomonas aeruginosa|Carbapenems","R - resistant isolates","N","2024","EL","Greece",590.000000000,""
"Antimicrobial resistance","Pseudomonas aeruginosa|Carbapenems","R - resistant isolates","N","2024","ES","Spain",229.000000000,""
"Antimicrobial resistance","Pseudomonas aeruginosa|Carbapenems","R - resistant isolates","N","2024","FI","Finland",9.000000000,""
"Antimicrobial resistance","Pseudomonas aeruginosa|Carbapenems","R - resistant isolates","N","2024","FR","France",415.000000000,""
"Antimicrobial resistance","Pseudomonas aeruginosa|Carbapenems","R - resistant isolates","N","2024","HR","Croatia",83.000000000,""
"Antimicrobial resistance","Pseudomonas aeruginosa|Carbapenems","R - resistant isolates","N","2024","HU","Hungary",312.000000000,""
"Antimicrobial resistance","Pseudomonas aeruginosa|Carbapenems","R - resistant isolates","N","2024","IE","Ireland",14.000000000,""
"Antimicrobial resistance","Pseudomonas aeruginosa|Carbapenems","R - resistant isolates","N","2024","IS","Iceland",1.000000000,""
"Antimicrobial resistance","Pseudomonas aeruginosa|Carbapenems","R - resistant isolates","N","2024","IT","Italy",1014.000000000,""
"Antimicrobial resistance","Pseudomonas aeruginosa|Carbapenems","R - resistant isolates","N","2024","LT","Lithuania",44.000000000,""
"Antimicrobial resistance","Pseudomonas aeruginosa|Carbapenems","R - resistant isolates","N","2024","LU","Luxembourg",9.000000000,""
"Antimicrobial resistance","Pseudomonas aeruginosa|Carbapenems","R - resistant isolates","N","2024","LV","Latvia",9.000000000,""
"Antimicrobial resistance","Pseudomonas aeruginosa|Carbapenems","R - resistant isolates","N","2024","MT","Malta",4.000000000,""
"Antimicrobial resistance","Pseudomonas aeruginosa|Carbapenems","R - resistant isolates","N","2024","NL","Netherlands",46.000000000,""
"Antimicrobial resistance","Pseudomonas aeruginosa|Carbapenems","R - resistant isolates","N","2024","NO","Norway",15.000000000,""
"Antimicrobial resistance","Pseudomonas aeruginosa|Carbapenems","R - resistant isolates","N","2024","PL","Poland",139.000000000,""
"Antimicrobial resistance","Pseudomonas aeruginosa|Carbapenems","R - resistant isolates","N","2024","PT","Portugal",133.000000000,""
"Antimicrobial resistance","Pseudomonas aeruginosa|Carbapenems","R - resistant isolates","N","2024","RO","Romania",88.000000000,""
"Antimicrobial resistance","Pseudomonas aeruginosa|Carbapenems","R - resistant isolates","N","2024","SE","Sweden",84.000000000,""
"Antimicrobial resistance","Pseudomonas aeruginosa|Carbapenems","R - resistant isolates","N","2024","SI","Slovenia",25.000000000,""
"Antimicrobial resistance","Pseudomonas aeruginosa|Carbapenems","R - resistant isolates","N","2024","SK","Slovakia",80.000000000,""
"Antimicrobial resistance","Pseudomonas aeruginosa|Carbapenems","R - resistant isolates, percentage  ","%","2005","AT","Austria",10.389610380,""
"Antimicrobial resistance","Pseudomonas aeruginosa|Carbapenems","R - resistant isolates, percentage  ","%","2005","BG","Bulgaria",37.500000000,""
"Antimicrobial resistance","Pseudomonas aeruginosa|Carbapenems","R - resistant isolates, percentage  ","%","2005","CY","Cyprus",-,""
"Antimicrobial resistance","Pseudomonas aeruginosa|Carbapenems","R - resistant isolates, percentage  ","%","2005","CZ","Czechia",31.128404660,""
"Antimicrobial resistance","Pseudomonas aeruginosa|Carbapenems","R - resistant isolates, percentage  ","%","2005","DE","Germany",24.786324780,""
"Antimicrobial resistance","Pseudomonas aeruginosa|Carbapenems","R - resistant isolates, percentage  ","%","2005","EE","Estonia",37.837837830,""
"Antimicrobial resistance","Pseudomonas aeruginosa|Carbapenems","R - resistant isolates, percentage  ","%","2005","EL","Greece",38.681948420,""
"Antimicrobial resistance","Pseudomonas aeruginosa|Carbapenems","R - resistant isolates, percentage  ","%","2005","ES","Spain",17.142857140,""
"Antimicrobial resistance","Pseudomonas aeruginosa|Carbapenems","R - resistant isolates, percentage  ","%","2005","FI","Finland",15.306122440,""
"Antimicrobial resistance","Pseudomonas aeruginosa|Carbapenems","R - resistant isolates, percentage  ","%","2005","FR","France",14.227642270,""
"Antimicrobial resistance","Pseudomonas aeruginosa|Carbapenems","R - resistant isolates, percentage  ","%","2005","HR","Croatia",23.611111110,""
"Antimicrobial resistance","Pseudomonas aeruginosa|Carbapenems","R - resistant isolates, percentage  ","%","2005","HU","Hungary",18.346774190,""
"Antimicrobial resistance","Pseudomonas aeruginosa|Carbapenems","R - resistant isolates, percentage  ","%","2005","IE","Ireland",11.111111110,""
"Antimicrobial resistance","Pseudomonas aeruginosa|Carbapenems","R - resistant isolates, percentage  ","%","2005","IS","Iceland",-,""
"Antimicrobial resistance","Pseudomonas aeruginosa|Carbapenems","R - resistant isolates, percentage  ","%","2005","LU","Luxembourg",-,""
"Antimicrobial resistance","Pseudomonas aeruginosa|Carbapenems","R - resistant isolates, percentage  ","%","2005","MT","Malta",17.777777770,""
"Antimicrobial resistance","Pseudomonas aeruginosa|Carbapenems","R - resistant isolates, percentage  ","%","2005","NL","Netherlands",4.812834220,""
"Antimicrobial resistance","Pseudomonas aeruginosa|Carbapenems","R - resistant isolates, percentage  ","%","2005","NO","Norway",3.448275860,""
"Antimicrobial resistance","Pseudomonas aeruginosa|Carbapenems","R - resistant isolates, percentage  ","%","2005","PL","Poland",26.923076920,""
"Antimicrobial resistance","Pseudomonas aeruginosa|Carbapenems","R - resistant isolates, percentage  ","%","2005","RO","Romania",60.869565210,""
"Antimicrobial resistance","Pseudomonas aeruginosa|Carbapenems","R - resistant isolates, percentage  ","%","2005","SE","Sweden",17.543859640,""
"Antimicrobial resistance","Pseudomonas aeruginosa|Carbapenems","R - resistant isolates, percentage  ","%","2005","SI","Slovenia",13.157894730,""
"Antimicrobial resistance","Pseudomonas aeruginosa|Carbapenems","R - resistant isolates, percentage  ","%","2005","UK","United Kingdom",9.217877090,""
"Antimicrobial resistance","Pseudomonas aeruginosa|Carbapenems","R - resistant isolates, percentage  ","%","2006","AT","Austria",14.861460950,""
"Antimicrobial resistance","Pseudomonas aeruginosa|Carbapenems","R - resistant isolates, percentage  ","%","2006","BG","Bulgaria",14.285714280,""
"Antimicrobial resistance","Pseudomonas aeruginosa|Carbapenems","R - resistant isolates, percentage  ","%","2006","CY","Cyprus",11.111111110,""
"Antimicrobial resistance","Pseudomonas aeruginosa|Carbapenems","R - resistant isolates, percentage  ","%","2006","CZ","Czechia",32.719836400,""
"Antimicrobial resistance","Pseudomonas aeruginosa|Carbapenems","R - resistant isolates, percentage  ","%","2006","DE","Germany",16.666666660,""
"Antimicrobial resistance","Pseudomonas aeruginosa|Carbapenems","R - resistant isolates, percentage  ","%","2006","EE","Estonia",28.571428570,""
"Antimicrobial resistance","Pseudomonas aeruginosa|Carbapenems","R - resistant isolates, percentage  ","%","2006","EL","Greece",47.607361960,""
"Antimicrobial resistance","Pseudomonas aeruginosa|Carbapenems","R - resistant isolates, percentage  ","%","2006","ES","Spain",11.568123390,""
"Antimicrobial resistance","Pseudomonas aeruginosa|Carbapenems","R - resistant isolates, percentage  ","%","2006","FI","Finland",7.594936700,""
"Antimicrobial resistance","Pseudomonas aeruginosa|Carbapenems","R - resistant isolates, percentage  ","%","2006","FR","France",12.151394420,""
"Antimicrobial resistance","Pseudomonas aeruginosa|Carbapenems","R - resistant isolates, percentage  ","%","2006","HR","Croatia",24.705882350,""
"Antimicrobial resistance","Pseudomonas aeruginosa|Carbapenems","R - resistant isolates, percentage  ","%","2006","HU","Hungary",16.135084420,""
"Antimicrobial resistance","Pseudomonas aeruginosa|Carbapenems","R - resistant isolates, percentage  ","%","2006","IE","Ireland",9.243697470,""
"Antimicrobial resistance","Pseudomonas aeruginosa|Carbapenems","R - resistant isolates, percentage  ","%","2006","IS","Iceland",-,""
"Antimicrobial resistance","Pseudomonas aeruginosa|Carbapenems","R - resistant isolates, percentage  ","%","2006","IT","Italy",21.311475400,""
"Antimicrobial resistance","Pseudomonas aeruginosa|Carbapenems","R - resistant isolates, percentage  ","%","2006","LT","Lithuania",-,""
"Antimicrobial resistance","Pseudomonas aeruginosa|Carbapenems","R - resistant isolates, percentage  ","%","2006","LU","Luxembourg",-,""
"Antimicrobial resistance","Pseudomonas aeruginosa|Carbapenems","R - resistant isolates, percentage  ","%","2006","LV","Latvia",-,""
"Antimicrobial resistance","Pseudomonas aeruginosa|Carbapenems","R - resistant isolates, percentage  ","%","2006","MT","Malta",20.000000000,""
"Antimicrobial resistance","Pseudomonas aeruginosa|Carbapenems","R - resistant isolates, percentage  ","%","2006","NL","Netherlands",2.061855670,""
"Antimicrobial resistance","Pseudomonas aeruginosa|Carbapenems","R - resistant isolates, percentage  ","%","2006","NO","Norway",9.411764700,""
"Antimicrobial resistance","Pseudomonas aeruginosa|Carbapenems","R - resistant isolates, percentage  ","%","2006","PL","Poland",29.729729720,""
"Antimicrobial resistance","Pseudomonas aeruginosa|Carbapenems","R - resistant isolates, percentage  ","%","2006","PT","Portugal",20.717131470,""
"Antimicrobial resistance","Pseudomonas aeruginosa|Carbapenems","R - resistant isolates, percentage  ","%","2006","RO","Romania",-,""
"Antimicrobial resistance","Pseudomonas aeruginosa|Carbapenems","R - resistant isolates, percentage  ","%","2006","SE","Sweden",4.680851060,""
"Antimicrobial resistance","Pseudomonas aeruginosa|Carbapenems","R - resistant isolates, percentage  ","%","2006","SI","Slovenia",5.555555550,""
"Antimicrobial resistance","Pseudomonas aeruginosa|Carbapenems","R - resistant isolates, percentage  ","%","2006","UK","United Kingdom",6.201550380,""
"Antimicrobial resistance","Pseudomonas aeruginosa|Carbapenems","R - resistant isolates, percentage  ","%","2007","AT","Austria",11.519607840,""
"Antimicrobial resistance","Pseudomonas aeruginosa|Carbapenems","R - resistant isolates, percentage  ","%","2007","BG","Bulgaria",-,""
"Antimicrobial resistance","Pseudomonas aeruginosa|Carbapenems","R - resistant isolates, percentage  ","%","2007","CY","Cyprus",19.230769230,""
"Antimicrobial resistance","Pseudomonas aeruginosa|Carbapenems","R - resistant isolates, percentage  ","%","2007","CZ","Czechia",35.976789160,""
"Antimicrobial resistance","Pseudomonas aeruginosa|Carbapenems","R - resistant isolates, percentage  ","%","2007","DE","Germany",22.335025380,""
"Antimicrobial resistance","Pseudomonas aeruginosa|Carbapenems","R - resistant isolates, percentage  ","%","2007","DK","Denmark",2.265372160,""
"Antimicrobial resistance","Pseudomonas aeruginosa|Carbapenems","R - resistant isolates, percentage  ","%","2007","EE","Estonia",17.777777770,""
"Antimicrobial resistance","Pseudomonas aeruginosa|Carbapenems","R - resistant isolates, percentage  ","%","2007","EL","Greece",46.741854630,""
"Antimicrobial resistance","Pseudomonas aeruginosa|Carbapenems","R - resistant isolates, percentage  ","%","2007","ES","Spain",15.192743760,""
"Antimicrobial resistance","Pseudomonas aeruginosa|Carbapenems","R - resistant isolates, percentage  ","%","2007","FI","Finland",8.522727270,""
"Antimicrobial resistance","Pseudomonas aeruginosa|Carbapenems","R - resistant isolates, percentage  ","%","2007","FR","France",14.132104450,""
"Antimicrobial resistance","Pseudomonas aeruginosa|Carbapenems","R - resistant isolates, percentage  ","%","2007","HR","Croatia",26.455026450,""
"Antimicrobial resistance","Pseudomonas aeruginosa|Carbapenems","R - resistant isolates, percentage  ","%","2007","HU","Hungary",18.540433920,""
"Antimicrobial resistance","Pseudomonas aeruginosa|Carbapenems","R - resistant isolates, percentage  ","%","2007","IE","Ireland",8.750000000,""
"Antimicrobial resistance","Pseudomonas aeruginosa|Carbapenems","R - resistant isolates, percentage  ","%","2007","IS","Iceland",-,""
"Antimicrobial resistance","Pseudomonas aeruginosa|Carbapenems","R - resistant isolates, percentage  ","%","2007","IT","Italy",26.630434780,""
"Antimicrobial resistance","Pseudomonas aeruginosa|Carbapenems","R - resistant isolates, percentage  ","%","2007","LT","Lithuania",30.000000000,""
"Antimicrobial resistance","Pseudomonas aeruginosa|Carbapenems","R - resistant isolates, percentage  ","%","2007","LU","Luxembourg",-,""
"Antimicrobial resistance","Pseudomonas aeruginosa|Carbapenems","R - resistant isolates, percentage  ","%","2007","LV","Latvia",-,""
"Antimicrobial resistance","Pseudomonas aeruginosa|Carbapenems","R - resistant isolates, percentage  ","%","2007","MT","Malta",11.111111110,""
"Antimicrobial resistance","Pseudomonas aeruginosa|Carbapenems","R - resistant isolates, percentage  ","%","2007","NL","Netherlands",2.348993280,""
"Antimicrobial resistance","Pseudomonas aeruginosa|Carbapenems","R - resistant isolates, percentage  ","%","2007","NO","Norway",9.278350510,""
"Antimicrobial resistance","Pseudomonas aeruginosa|Carbapenems","R - resistant isolates, percentage  ","%","2007","PL","Poland",17.910447760,""
"Antimicrobial resistance","Pseudomonas aeruginosa|Carbapenems","R - resistant isolates, percentage  ","%","2007","PT","Portugal",14.860681110,""
"Antimicrobial resistance","Pseudomonas aeruginosa|Carbapenems","R - resistant isolates, percentage  ","%","2007","RO","Romania",-,""
"Antimicrobial resistance","Pseudomonas aeruginosa|Carbapenems","R - resistant isolates, percentage  ","%","2007","SE","Sweden",7.098765430,""
"Antimicrobial resistance","Pseudomonas aeruginosa|Carbapenems","R - resistant isolates, percentage  ","%","2007","SI","Slovenia",19.318181810,""
"Antimicrobial resistance","Pseudomonas aeruginosa|Carbapenems","R - resistant isolates, percentage  ","%","2007","UK","United Kingdom",9.961685820,""
"Antimicrobial resistance","Pseudomonas aeruginosa|Carbapenems","R - resistant isolates, percentage  ","%","2008","AT","Austria",10.848126230,""
"Antimicrobial resistance","Pseudomonas aeruginosa|Carbapenems","R - resistant isolates, percentage  ","%","2008","BG","Bulgaria",17.391304340,""
"Antimicrobial resistance","Pseudomonas aeruginosa|Carbapenems","R - resistant isolates, percentage  ","%","2008","CY","Cyprus",18.604651160,""
"Antimicrobial resistance","Pseudomonas aeruginosa|Carbapenems","R - resistant isolates, percentage  ","%","2008","CZ","Czechia",29.078014180,""
"Antimicrobial resistance","Pseudomonas aeruginosa|Carbapenems","R - resistant isolates, percentage  ","%","2008","DE","Germany",10.778443110,""
"Antimicrobial resistance","Pseudomonas aeruginosa|Carbapenems","R - resistant isolates, percentage  ","%","2008","DK","Denmark",1.176470580,""
"Antimicrobial resistance","Pseudomonas aeruginosa|Carbapenems","R - resistant isolates, percentage  ","%","2008","EE","Estonia",30.000000000,""
"Antimicrobial resistance","Pseudomonas aeruginosa|Carbapenems","R - resistant isolates, percentage  ","%","2008","EL","Greece",48.689956330,""
"Antimicrobial resistance","Pseudomonas aeruginosa|Carbapenems","R - resistant isolates, percentage  ","%","2008","ES","Spain",13.162705660,""
"Antimicrobial resistance","Pseudomonas aeruginosa|Carbapenems","R - resistant isolates, percentage  ","%","2008","FI","Finland",6.285714280,""
"Antimicrobial resistance","Pseudomonas aeruginosa|Carbapenems","R - resistant isolates, percentage  ","%","2008","FR","France",14.227309890,""
"Antimicrobial resistance","Pseudomonas aeruginosa|Carbapenems","R - resistant isolates, percentage  ","%","2008","HR","Croatia",30.000000000,""
"Antimicrobial resistance","Pseudomonas aeruginosa|Carbapenems","R - resistant isolates, percentage  ","%","2008","HU","Hungary",25.910931170,""
"Antimicrobial resistance","Pseudomonas aeruginosa|Carbapenems","R - resistant isolates, percentage  ","%","2008","IE","Ireland",6.285714280,""
"Antimicrobial resistance","Pseudomonas aeruginosa|Carbapenems","R - resistant isolates, percentage  ","%","2008","IS","Iceland",-,""
"Antimicrobial resistance","Pseudomonas aeruginosa|Carbapenems","R - resistant isolates, percentage  ","%","2008","IT","Italy",32.919254650,""
"Antimicrobial resistance","Pseudomonas aeruginosa|Carbapenems","R - resistant isolates, percentage  ","%","2008","LT","Lithuania",23.809523800,""
"Antimicrobial resistance","Pseudomonas aeruginosa|Carbapenems","R - resistant isolates, percentage  ","%","2008","LU","Luxembourg",-,""
"Antimicrobial resistance","Pseudomonas aeruginosa|Carbapenems","R - resistant isolates, percentage  ","%","2008","LV","Latvia",-,""
"Antimicrobial resistance","Pseudomonas aeruginosa|Carbapenems","R - resistant isolates, percentage  ","%","2008","MT","Malta",30.000000000,""
"Antimicrobial resistance","Pseudomonas aeruginosa|Carbapenems","R - resistant isolates, percentage  ","%","2008","NL","Netherlands",6.376811590,""
"Antimicrobial resistance","Pseudomonas aeruginosa|Carbapenems","R - resistant isolates, percentage  ","%","2008","NO","Norway",6.849315060,""
"Antimicrobial resistance","Pseudomonas aeruginosa|Carbapenems","R - resistant isolates, percentage  ","%","2008","PL","Poland",13.636363630,""
"Antimicrobial resistance","Pseudomonas aeruginosa|Carbapenems","R - resistant isolates, percentage  ","%","2008","PT","Portugal",17.674418600,""
"Antimicrobial resistance","Pseudomonas aeruginosa|Carbapenems","R - resistant isolates, percentage  ","%","2008","RO","Romania",-,""
"Antimicrobial resistance","Pseudomonas aeruginosa|Carbapenems","R - resistant isolates, percentage  ","%","2008","SE","Sweden",3.942652320,""
"Antimicrobial resistance","Pseudomonas aeruginosa|Carbapenems","R - resistant isolates, percentage  ","%","2008","SI","Slovenia",15.789473680,""
"Antimicrobial resistance","Pseudomonas aeruginosa|Carbapenems","R - resistant isolates, percentage  ","%","2008","UK","United Kingdom",6.374501990,""
"Antimicrobial resistance","Pseudomonas aeruginosa|Carbapenems","R - resistant isolates, percentage  ","%","2009","AT","Austria",8.771929820,""
"Antimicrobial resistance","Pseudomonas aeruginosa|Carbapenems","R - resistant isolates, percentage  ","%","2009","BE","Belgium",8.955223880,""
"Antimicrobial resistance","Pseudomonas aeruginosa|Carbapenems","R - resistant isolates, percentage  ","%","2009","BG","Bulgaria",23.529411760,""
"Antimicrobial resistance","Pseudomonas aeruginosa|Carbapenems","R - resistant isolates, percentage  ","%","2009","CY","Cyprus",8.196721310,""
"Antimicrobial resistance","Pseudomonas aeruginosa|Carbapenems","R - resistant isolates, percentage  ","%","2009","CZ","Czechia",28.869565210,""
"Antimicrobial resistance","Pseudomonas aeruginosa|Carbapenems","R - resistant isolates, percentage  ","%","2009","DE","Germany",10.600706710,""
"Antimicrobial resistance","Pseudomonas aeruginosa|Carbapenems","R - resistant isolates, percentage  ","%","2009","DK","Denmark",2.881844380,""
"Antimicrobial resistance","Pseudomonas aeruginosa|Carbapenems","R - resistant isolates, percentage  ","%","2009","EE","Estonia",17.241379310,""
"Antimicrobial resistance","Pseudomonas aeruginosa|Carbapenems","R - resistant isolates, percentage  ","%","2009","EL","Greece",44.018264840,""
"Antimicrobial resistance","Pseudomonas aeruginosa|Carbapenems","R - resistant isolates, percentage  ","%","2009","ES","Spain",16.111111110,""
"Antimicrobial resistance","Pseudomonas aeruginosa|Carbapenems","R - resistant isolates, percentage  ","%","2009","FI","Finland",7.860262000,""
"Antimicrobial resistance","Pseudomonas aeruginosa|Carbapenems","R - resistant isolates, percentage  ","%","2009","FR","France",17.391304340,""
"Antimicrobial resistance","Pseudomonas aeruginosa|Carbapenems","R - resistant isolates, percentage  ","%","2009","HU","Hungary",26.550387590,""
"Antimicrobial resistance","Pseudomonas aeruginosa|Carbapenems","R - resistant isolates, percentage  ","%","2009","IE","Ireland",8.482142850,""
"Antimicrobial resistance","Pseudomonas aeruginosa|Carbapenems","R - resistant isolates, percentage  ","%","2009","IS","Iceland",-,""
"Antimicrobial resistance","Pseudomonas aeruginosa|Carbapenems","R - resistant isolates, percentage  ","%","2009","IT","Italy",30.851063820,""
"Antimicrobial resistance","Pseudomonas aeruginosa|Carbapenems","R - resistant isolates, percentage  ","%","2009","LT","Lithuania",19.047619040,""
"Antimicrobial resistance","Pseudomonas aeruginosa|Carbapenems","R - resistant isolates, percentage  ","%","2009","LU","Luxembourg",15.151515150,""
"Antimicrobial resistance","Pseudomonas aeruginosa|Carbapenems","R - resistant isolates, percentage  ","%","2009","LV","Latvia",-,""
"Antimicrobial resistance","Pseudomonas aeruginosa|Carbapenems","R - resistant isolates, percentage  ","%","2009","MT","Malta",20.689655170,""
"Antimicrobial resistance","Pseudomonas aeruginosa|Carbapenems","R - resistant isolates, percentage  ","%","2009","NL","Netherlands",2.991452990,""
"Antimicrobial resistance","Pseudomonas aeruginosa|Carbapenems","R - resistant isolates, percentage  ","%","2009","NO","Norway",5.421686740,""
"Antimicrobial resistance","Pseudomonas aeruginosa|Carbapenems","R - resistant isolates, percentage  ","%","2009","PL","Poland",25.352112670,""
"Antimicrobial resistance","Pseudomonas aeruginosa|Carbapenems","R - resistant isolates, percentage  ","%","2009","PT","Portugal",16.346153840,""
"Antimicrobial resistance","Pseudomonas aeruginosa|Carbapenems","R - resistant isolates, percentage  ","%","2009","RO","Romania",-,""
"Antimicrobial resistance","Pseudomonas aeruginosa|Carbapenems","R - resistant isolates, percentage  ","%","2009","SI","Slovenia",14.953271020,""
"Antimicrobial resistance","Pseudomonas aeruginosa|Carbapenems","R - resistant isolates, percentage  ","%","2009","UK","United Kingdom",8.070866140,""
"Antimicrobial resistance","Pseudomonas aeruginosa|Carbapenems","R - resistant isolates, percentage  ","%","2010","AT","Austria",14.376321350,""
"Antimicrobial resistance","Pseudomonas aeruginosa|Carbapenems","R - resistant isolates, percentage  ","%","2010","BE","Belgium",4.615384610,""
"Antimicrobial resistance","Pseudomonas aeruginosa|Carbapenems","R - resistant isolates, percentage  ","%","2010","BG","Bulgaria",30.952380950,""
"Antimicrobial resistance","Pseudomonas aeruginosa|Carbapenems","R - resistant isolates, percentage  ","%","2010","CY","Cyprus",29.166666660,""
"Antimicrobial resistance","Pseudomonas aeruginosa|Carbapenems","R - resistant isolates, percentage  ","%","2010","CZ","Czechia",16.470588230,""
"Antimicrobial resistance","Pseudomonas aeruginosa|Carbapenems","R - resistant isolates, percentage  ","%","2010","DE","Germany",12.540192920,""
"Antimicrobial resistance","Pseudomonas aeruginosa|Carbapenems","R - resistant isolates, percentage  ","%","2010","DK","Denmark",3.089887640,""
"Antimicrobial resistance","Pseudomonas aeruginosa|Carbapenems","R - resistant isolates, percentage  ","%","2010","EE","Estonia",21.428571420,""
"Antimicrobial resistance","Pseudomonas aeruginosa|Carbapenems","R - resistant isolates, percentage  ","%","2010","EL","Greece",43.143143140,""
"Antimicrobial resistance","Pseudomonas aeruginosa|Carbapenems","R - resistant isolates, percentage  ","%","2010","ES","Spain",17.757009340,""
"Antimicrobial resistance","Pseudomonas aeruginosa|Carbapenems","R - resistant isolates, percentage  ","%","2010","FI","Finland",9.818181810,""
"Antimicrobial resistance","Pseudomonas aeruginosa|Carbapenems","R - resistant isolates, percentage  ","%","2010","FR","France",17.790893760,""
"Antimicrobial resistance","Pseudomonas aeruginosa|Carbapenems","R - resistant isolates, percentage  ","%","2010","HR","Croatia",28.571428570,""
"Antimicrobial resistance","Pseudomonas aeruginosa|Carbapenems","R - resistant isolates, percentage  ","%","2010","HU","Hungary",24.881889760,""
"Antimicrobial resistance","Pseudomonas aeruginosa|Carbapenems","R - resistant isolates, percentage  ","%","2010","IE","Ireland",6.481481480,""
"Antimicrobial resistance","Pseudomonas aeruginosa|Carbapenems","R - resistant isolates, percentage  ","%","2010","IS","Iceland",-,""
"Antimicrobial resistance","Pseudomonas aeruginosa|Carbapenems","R - resistant isolates, percentage  ","%","2010","IT","Italy",22.003929270,""
"Antimicrobial resistance","Pseudomonas aeruginosa|Carbapenems","R - resistant isolates, percentage  ","%","2010","LT","Lithuania",26.666666660,""
"Antimicrobial resistance","Pseudomonas aeruginosa|Carbapenems","R - resistant isolates, percentage  ","%","2010","LU","Luxembourg",9.375000000,""
"Antimicrobial resistance","Pseudomonas aeruginosa|Carbapenems","R - resistant isolates, percentage  ","%","2010","LV","Latvia",14.285714280,""
"Antimicrobial resistance","Pseudomonas aeruginosa|Carbapenems","R - resistant isolates, percentage  ","%","2010","MT","Malta",23.809523800,""
"Antimicrobial resistance","Pseudomonas aeruginosa|Carbapenems","R - resistant isolates, percentage  ","%","2010","NL","Netherlands",3.853564540,""
"Antimicrobial resistance","Pseudomonas aeruginosa|Carbapenems","R - resistant isolates, percentage  ","%","2010","NO","Norway",1.190476190,""
"Antimicrobial resistance","Pseudomonas aeruginosa|Carbapenems","R - resistant isolates, percentage  ","%","2010","PL","Poland",24.550898200,""
"Antimicrobial resistance","Pseudomonas aeruginosa|Carbapenems","R - resistant isolates, percentage  ","%","2010","PT","Portugal",16.104868910,""
"Antimicrobial resistance","Pseudomonas aeruginosa|Carbapenems","R - resistant isolates, percentage  ","%","2010","RO","Romania",-,""
"Antimicrobial resistance","Pseudomonas aeruginosa|Carbapenems","R - resistant isolates, percentage  ","%","2010","SE","Sweden",5.524861870,""
"Antimicrobial resistance","Pseudomonas aeruginosa|Carbapenems","R - resistant isolates, percentage  ","%","2010","SI","Slovenia",19.101123590,""
"Antimicrobial resistance","Pseudomonas aeruginosa|Carbapenems","R - resistant isolates, percentage  ","%","2010","UK","United Kingdom",6.490872210,""
"Antimicrobial resistance","Pseudomonas aeruginosa|Carbapenems","R - resistant isolates, percentage  ","%","2011","AT","Austria",13.568773230,""
"Antimicrobial resistance","Pseudomonas aeruginosa|Carbapenems","R - resistant isolates, percentage  ","%","2011","BE","Belgium",10.675381260,""
"Antimicrobial resistance","Pseudomonas aeruginosa|Carbapenems","R - resistant isolates, percentage  ","%","2011","BG","Bulgaria",29.166666660,""
"Antimicrobial resistance","Pseudomonas aeruginosa|Carbapenems","R - resistant isolates, percentage  ","%","2011","CY","Cyprus",43.137254900,""
"Antimicrobial resistance","Pseudomonas aeruginosa|Carbapenems","R - resistant isolates, percentage  ","%","2011","CZ","Czechia",13.169642850,""
"Antimicrobial resistance","Pseudomonas aeruginosa|Carbapenems","R - resistant isolates, percentage  ","%","2011","DE","Germany",9.844559580,""
"Antimicrobial resistance","Pseudomonas aeruginosa|Carbapenems","R - resistant isolates, percentage  ","%","2011","DK","Denmark",5.459057070,""
"Antimicrobial resistance","Pseudomonas aeruginosa|Carbapenems","R - resistant isolates, percentage  ","%","2011","EE","Estonia",-,""
"Antimicrobial resistance","Pseudomonas aeruginosa|Carbapenems","R - resistant isolates, percentage  ","%","2011","EL","Greece",54.000000000,""
"Antimicrobial resistance","Pseudomonas aeruginosa|Carbapenems","R - resistant isolates, percentage  ","%","2011","ES","Spain",16.328963050,""
"Antimicrobial resistance","Pseudomonas aeruginosa|Carbapenems","R - resistant isolates, percentage  ","%","2011","FI","Finland",10.780669140,""
"Antimicrobial resistance","Pseudomonas aeruginosa|Carbapenems","R - resistant isolates, percentage  ","%","2011","FR","France",19.975339080,""
"Antimicrobial resistance","Pseudomonas aeruginosa|Carbapenems","R - resistant isolates, percentage  ","%","2011","HR","Croatia",29.646017690,""
"Antimicrobial resistance","Pseudomonas aeruginosa|Carbapenems","R - resistant isolates, percentage  ","%","2011","HU","Hungary",21.192052980,""
"Antimicrobial resistance","Pseudomonas aeruginosa|Carbapenems","R - resistant isolates, percentage  ","%","2011","IE","Ireland",6.111111110,""
"Antimicrobial resistance","Pseudomonas aeruginosa|Carbapenems","R - resistant isolates, percentage  ","%","2011","IS","Iceland",-,""
"Antimicrobial resistance","Pseudomonas aeruginosa|Carbapenems","R - resistant isolates, percentage  ","%","2011","IT","Italy",20.569620250,""
"Antimicrobial resistance","Pseudomonas aeruginosa|Carbapenems","R - resistant isolates, percentage  ","%","2011","LT","Lithuania",20.000000000,""
"Antimicrobial resistance","Pseudomonas aeruginosa|Carbapenems","R - resistant isolates, percentage  ","%","2011","LU","Luxembourg",15.625000000,""
"Antimicrobial resistance","Pseudomonas aeruginosa|Carbapenems","R - resistant isolates, percentage  ","%","2011","LV","Latvia",-,""
"Antimicrobial resistance","Pseudomonas aeruginosa|Carbapenems","R - resistant isolates, percentage  ","%","2011","MT","Malta",23.809523800,""
"Antimicrobial resistance","Pseudomonas aeruginosa|Carbapenems","R - resistant isolates, percentage  ","%","2011","NL","Netherlands",4.104477610,""
"Antimicrobial resistance","Pseudomonas aeruginosa|Carbapenems","R - resistant isolates, percentage  ","%","2011","NO","Norway",4.054054050,""
"Antimicrobial resistance","Pseudomonas aeruginosa|Carbapenems","R - resistant isolates, percentage  ","%","2011","PL","Poland",24.456521730,""
"Antimicrobial resistance","Pseudomonas aeruginosa|Carbapenems","R - resistant isolates, percentage  ","%","2011","PT","Portugal",19.801980190,""
"Antimicrobial resistance","Pseudomonas aeruginosa|Carbapenems","R - resistant isolates, percentage  ","%","2011","RO","Romania",-,""
"Antimicrobial resistance","Pseudomonas aeruginosa|Carbapenems","R - resistant isolates, percentage  ","%","2011","SE","Sweden",6.987951800,""
"Antimicrobial resistance","Pseudomonas aeruginosa|Carbapenems","R - resistant isolates, percentage  ","%","2011","SI","Slovenia",23.728813550,""
"Antimicrobial resistance","Pseudomonas aeruginosa|Carbapenems","R - resistant isolates, percentage  ","%","2011","SK","Slovakia",30.522088350,""
"Antimicrobial resistance","Pseudomonas aeruginosa|Carbapenems","R - resistant isolates, percentage  ","%","2011","UK","United Kingdom",5.555555550,""
"Antimicrobial resistance","Pseudomonas aeruginosa|Carbapenems","R - resistant isolates, percentage  ","%","2012","AT","Austria",14.590747330,""
"Antimicrobial resistance","Pseudomonas aeruginosa|Carbapenems","R - resistant isolates, percentage  ","%","2012","BE","Belgium",9.718670070,""
"Antimicrobial resistance","Pseudomonas aeruginosa|Carbapenems","R - resistant isolates, percentage  ","%","2012","BG","Bulgaria",31.372549010,""
"Antimicrobial resistance","Pseudomonas aeruginosa|Carbapenems","R - resistant isolates, percentage  ","%","2012","CY","Cyprus",19.230769230,""
"Antimicrobial resistance","Pseudomonas aeruginosa|Carbapenems","R - resistant isolates, percentage  ","%","2012","CZ","Czechia",15.132924330,""
"Antimicrobial resistance","Pseudomonas aeruginosa|Carbapenems","R - resistant isolates, percentage  ","%","2012","DE","Germany",10.730593600,""
"Antimicrobial resistance","Pseudomonas aeruginosa|Carbapenems","R - resistant isolates, percentage  ","%","2012","DK","Denmark",3.661971830,""
"Antimicrobial resistance","Pseudomonas aeruginosa|Carbapenems","R - resistant isolates, percentage  ","%","2012","EE","Estonia",12.500000000,""
"Antimicrobial resistance","Pseudomonas aeruginosa|Carbapenems","R - resistant isolates, percentage  ","%","2012","EL","Greece",47.739801540,""
"Antimicrobial resistance","Pseudomonas aeruginosa|Carbapenems","R - resistant isolates, percentage  ","%","2012","ES","Spain",16.412661190,""
"Antimicrobial resistance","Pseudomonas aeruginosa|Carbapenems","R - resistant isolates, percentage  ","%","2012","FI","Finland",6.422018340,""
"Antimicrobial resistance","Pseudomonas aeruginosa|Carbapenems","R - resistant isolates, percentage  ","%","2012","FR","France",18.002322880,""
"Antimicrobial resistance","Pseudomonas aeruginosa|Carbapenems","R - resistant isolates, percentage  ","%","2012","HR","Croatia",29.230769230,""
"Antimicrobial resistance","Pseudomonas aeruginosa|Carbapenems","R - resistant isolates, percentage  ","%","2012","HU","Hungary",27.463651050,""
"Antimicrobial resistance","Pseudomonas aeruginosa|Carbapenems","R - resistant isolates, percentage  ","%","2012","IE","Ireland",11.267605630,""
"Antimicrobial resistance","Pseudomonas aeruginosa|Carbapenems","R - resistant isolates, percentage  ","%","2012","IS","Iceland",-,""
"Antimicrobial resistance","Pseudomonas aeruginosa|Carbapenems","R - resistant isolates, percentage  ","%","2012","IT","Italy",25.073313780,""
"Antimicrobial resistance","Pseudomonas aeruginosa|Carbapenems","R - resistant isolates, percentage  ","%","2012","LT","Lithuania",17.857142850,""
"Antimicrobial resistance","Pseudomonas aeruginosa|Carbapenems","R - resistant isolates, percentage  ","%","2012","LU","Luxembourg",6.451612900,""
"Antimicrobial resistance","Pseudomonas aeruginosa|Carbapenems","R - resistant isolates, percentage  ","%","2012","LV","Latvia",-,""
"Antimicrobial resistance","Pseudomonas aeruginosa|Carbapenems","R - resistant isolates, percentage  ","%","2012","MT","Malta",3.333333330,""
"Antimicrobial resistance","Pseudomonas aeruginosa|Carbapenems","R - resistant isolates, percentage  ","%","2012","NL","Netherlands",2.540834840,""
"Antimicrobial resistance","Pseudomonas aeruginosa|Carbapenems","R - resistant isolates, percentage  ","%","2012","NO","Norway",6.730769230,""
"Antimicrobial resistance","Pseudomonas aeruginosa|Carbapenems","R - resistant isolates, percentage  ","%","2012","PL","Poland",22.674418600,""
"Antimicrobial resistance","Pseudomonas aeruginosa|Carbapenems","R - resistant isolates, percentage  ","%","2012","PT","Portugal",20.422535210,""
"Antimicrobial resistance","Pseudomonas aeruginosa|Carbapenems","R - resistant isolates, percentage  ","%","2012","RO","Romania",57.777777770,""
"Antimicrobial resistance","Pseudomonas aeruginosa|Carbapenems","R - resistant isolates, percentage  ","%","2012","SE","Sweden",5.882352940,""
"Antimicrobial resistance","Pseudomonas aeruginosa|Carbapenems","R - resistant isolates, percentage  ","%","2012","SI","Slovenia",21.641791040,""
"Antimicrobial resistance","Pseudomonas aeruginosa|Carbapenems","R - resistant isolates, percentage  ","%","2012","SK","Slovakia",40.782122900,""
"Antimicrobial resistance","Pseudomonas aeruginosa|Carbapenems","R - resistant isolates, percentage  ","%","2012","UK","United Kingdom",6.301824210,""
"Antimicrobial resistance","Pseudomonas aeruginosa|Carbapenems","R - resistant isolates, percentage  ","%","2013","AT","Austria",12.337662330,""
"Antimicrobial resistance","Pseudomonas aeruginosa|Carbapenems","R - resistant isolates, percentage  ","%","2013","BE","Belgium",11.003861000,""
"Antimicrobial resistance","Pseudomonas aeruginosa|Carbapenems","R - resistant isolates, percentage  ","%","2013","BG","Bulgaria",13.559322030,""
"Antimicrobial resistance","Pseudomonas aeruginosa|Carbapenems","R - resistant isolates, percentage  ","%","2013","CY","Cyprus",19.148936170,""
"Antimicrobial resistance","Pseudomonas aeruginosa|Carbapenems","R - resistant isolates, percentage  ","%","2013","CZ","Czechia",15.697674410,""
"Antimicrobial resistance","Pseudomonas aeruginosa|Carbapenems","R - resistant isolates, percentage  ","%","2013","DE","Germany",15.396825390,""
"Antimicrobial resistance","Pseudomonas aeruginosa|Carbapenems","R - resistant isolates, percentage  ","%","2013","DK","Denmark",2.926829260,""
"Antimicrobial resistance","Pseudomonas aeruginosa|Carbapenems","R - resistant isolates, percentage  ","%","2013","EE","Estonia",10.000000000,""
"Antimicrobial resistance","Pseudomonas aeruginosa|Carbapenems","R - resistant isolates, percentage  ","%","2013","EL","Greece",49.258836940,""
"Antimicrobial resistance","Pseudomonas aeruginosa|Carbapenems","R - resistant isolates, percentage  ","%","2013","ES","Spain",17.575757570,""
"Antimicrobial resistance","Pseudomonas aeruginosa|Carbapenems","R - resistant isolates, percentage  ","%","2013","FI","Finland",10.397553510,""
"Antimicrobial resistance","Pseudomonas aeruginosa|Carbapenems","R - resistant isolates, percentage  ","%","2013","FR","France",17.185821690,""
"Antimicrobial resistance","Pseudomonas aeruginosa|Carbapenems","R - resistant isolates, percentage  ","%","2013","HR","Croatia",25.311203310,""
"Antimicrobial resistance","Pseudomonas aeruginosa|Carbapenems","R - resistant isolates, percentage  ","%","2013","HU","Hungary",30.239520950,""
"Antimicrobial resistance","Pseudomonas aeruginosa|Carbapenems","R - resistant isolates, percentage  ","%","2013","IE","Ireland",9.313725490,""
"Antimicrobial resistance","Pseudomonas aeruginosa|Carbapenems","R - resistant isolates, percentage  ","%","2013","IS","Iceland",-,""
"Antimicrobial resistance","Pseudomonas aeruginosa|Carbapenems","R - resistant isolates, percentage  ","%","2013","IT","Italy",25.888324870,""
"Antimicrobial resistance","Pseudomonas aeruginosa|Carbapenems","R - resistant isolates, percentage  ","%","2013","LT","Lithuania",18.918918910,""
"Antimicrobial resistance","Pseudomonas aeruginosa|Carbapenems","R - resistant isolates, percentage  ","%","2013","LU","Luxembourg",17.647058820,""
"Antimicrobial resistance","Pseudomonas aeruginosa|Carbapenems","R - resistant isolates, percentage  ","%","2013","LV","Latvia",28.000000000,""
"Antimicrobial resistance","Pseudomonas aeruginosa|Carbapenems","R - resistant isolates, percentage  ","%","2013","MT","Malta",16.000000000,""
"Antimicrobial resistance","Pseudomonas aeruginosa|Carbapenems","R - resistant isolates, percentage  ","%","2013","NL","Netherlands",3.911564620,""
"Antimicrobial resistance","Pseudomonas aeruginosa|Carbapenems","R - resistant isolates, percentage  ","%","2013","NO","Norway",5.825242710,""
"Antimicrobial resistance","Pseudomonas aeruginosa|Carbapenems","R - resistant isolates, percentage  ","%","2013","PL","Poland",32.275132270,""
"Antimicrobial resistance","Pseudomonas aeruginosa|Carbapenems","R - resistant isolates, percentage  ","%","2013","PT","Portugal",20.600272850,""
"Antimicrobial resistance","Pseudomonas aeruginosa|Carbapenems","R - resistant isolates, percentage  ","%","2013","RO","Romania",60.465116270,""
"Antimicrobial resistance","Pseudomonas aeruginosa|Carbapenems","R - resistant isolates, percentage  ","%","2013","SE","Sweden",7.156673110,""
"Antimicrobial resistance","Pseudomonas aeruginosa|Carbapenems","R - resistant isolates, percentage  ","%","2013","SI","Slovenia",25.563909770,""
"Antimicrobial resistance","Pseudomonas aeruginosa|Carbapenems","R - resistant isolates, percentage  ","%","2013","SK","Slovakia",58.878504670,""
"Antimicrobial resistance","Pseudomonas aeruginosa|Carbapenems","R - resistant isolates, percentage  ","%","2013","UK","United Kingdom",5.216095380,""
"Antimicrobial resistance","Pseudomonas aeruginosa|Carbapenems","R - resistant isolates, percentage  ","%","2014","AT","Austria",12.735849050,""
"Antimicrobial resistance","Pseudomonas aeruginosa|Carbapenems","R - resistant isolates, percentage  ","%","2014","BE","Belgium",10.174418600,""
"Antimicrobial resistance","Pseudomonas aeruginosa|Carbapenems","R - resistant isolates, percentage  ","%","2014","BG","Bulgaria",29.166666660,""
"Antimicrobial resistance","Pseudomonas aeruginosa|Carbapenems","R - resistant isolates, percentage  ","%","2014","CY","Cyprus",33.333333330,""
"Antimicrobial resistance","Pseudomonas aeruginosa|Carbapenems","R - resistant isolates, percentage  ","%","2014","CZ","Czechia",14.062500000,""
"Antimicrobial resistance","Pseudomonas aeruginosa|Carbapenems","R - resistant isolates, percentage  ","%","2014","DE","Germany",16.978193140,""
"Antimicrobial resistance","Pseudomonas aeruginosa|Carbapenems","R - resistant isolates, percentage  ","%","2014","DK","Denmark",4.663212430,""
"Antimicrobial resistance","Pseudomonas aeruginosa|Carbapenems","R - resistant isolates, percentage  ","%","2014","EE","Estonia",15.384615380,""
"Antimicrobial resistance","Pseudomonas aeruginosa|Carbapenems","R - resistant isolates, percentage  ","%","2014","EL","Greece",42.918454930,""
"Antimicrobial resistance","Pseudomonas aeruginosa|Carbapenems","R - resistant isolates, percentage  ","%","2014","ES","Spain",18.463302750,""
"Antimicrobial resistance","Pseudomonas aeruginosa|Carbapenems","R - resistant isolates, percentage  ","%","2014","FI","Finland",7.166123770,""
"Antimicrobial resistance","Pseudomonas aeruginosa|Carbapenems","R - resistant isolates, percentage  ","%","2014","FR","France",18.707865160,""
"Antimicrobial resistance","Pseudomonas aeruginosa|Carbapenems","R - resistant isolates, percentage  ","%","2014","HR","Croatia",35.344827580,""
"Antimicrobial resistance","Pseudomonas aeruginosa|Carbapenems","R - resistant isolates, percentage  ","%","2014","HU","Hungary",33.467741930,""
"Antimicrobial resistance","Pseudomonas aeruginosa|Carbapenems","R - resistant isolates, percentage  ","%","2014","IE","Ireland",8.474576270,""
"Antimicrobial resistance","Pseudomonas aeruginosa|Carbapenems","R - resistant isolates, percentage  ","%","2014","IS","Iceland",-,""
"Antimicrobial resistance","Pseudomonas aeruginosa|Carbapenems","R - resistant isolates, percentage  ","%","2014","IT","Italy",25.099601590,""
"Antimicrobial resistance","Pseudomonas aeruginosa|Carbapenems","R - resistant isolates, percentage  ","%","2014","LT","Lithuania",29.032258060,""
"Antimicrobial resistance","Pseudomonas aeruginosa|Carbapenems","R - resistant isolates, percentage  ","%","2014","LU","Luxembourg",4.761904760,""
"Antimicrobial resistance","Pseudomonas aeruginosa|Carbapenems","R - resistant isolates, percentage  ","%","2014","LV","Latvia",-,""
"Antimicrobial resistance","Pseudomonas aeruginosa|Carbapenems","R - resistant isolates, percentage  ","%","2014","MT","Malta",13.888888880,""
"Antimicrobial resistance","Pseudomonas aeruginosa|Carbapenems","R - resistant isolates, percentage  ","%","2014","NL","Netherlands",4.418262150,""
"Antimicrobial resistance","Pseudomonas aeruginosa|Carbapenems","R - resistant isolates, percentage  ","%","2014","NO","Norway",5.859375000,""
"Antimicrobial resistance","Pseudomonas aeruginosa|Carbapenems","R - resistant isolates, percentage  ","%","2014","PL","Poland",27.567567560,""
"Antimicrobial resistance","Pseudomonas aeruginosa|Carbapenems","R - resistant isolates, percentage  ","%","2014","PT","Portugal",22.462406010,""
"Antimicrobial resistance","Pseudomonas aeruginosa|Carbapenems","R - resistant isolates, percentage  ","%","2014","RO","Romania",58.510638290,""
"Antimicrobial resistance","Pseudomonas aeruginosa|Carbapenems","R - resistant isolates, percentage  ","%","2014","SE","Sweden",7.107843130,""
"Antimicrobial resistance","Pseudomonas aeruginosa|Carbapenems","R - resistant isolates, percentage  ","%","2014","SI","Slovenia",31.250000000,""
"Antimicrobial resistance","Pseudomonas aeruginosa|Carbapenems","R - resistant isolates, percentage  ","%","2014","SK","Slovakia",38.400000000,""
"Antimicrobial resistance","Pseudomonas aeruginosa|Carbapenems","R - resistant isolates, percentage  ","%","2014","UK","United Kingdom",6.271186440,""
"Antimicrobial resistance","Pseudomonas aeruginosa|Carbapenems","R - resistant isolates, percentage  ","%","2015","AT","Austria",12.205882350,""
"Antimicrobial resistance","Pseudomonas aeruginosa|Carbapenems","R - resistant isolates, percentage  ","%","2015","BE","Belgium",3.906250000,""
"Antimicrobial resistance","Pseudomonas aeruginosa|Carbapenems","R - resistant isolates, percentage  ","%","2015","BG","Bulgaria",25.454545450,""
"Antimicrobial resistance","Pseudomonas aeruginosa|Carbapenems","R - resistant isolates, percentage  ","%","2015","CY","Cyprus",20.930232550,""
"Antimicrobial resistance","Pseudomonas aeruginosa|Carbapenems","R - resistant isolates, percentage  ","%","2015","CZ","Czechia",10.560344820,""
"Antimicrobial resistance","Pseudomonas aeruginosa|Carbapenems","R - resistant isolates, percentage  ","%","2015","DE","Germany",14.727085470,""
"Antimicrobial resistance","Pseudomonas aeruginosa|Carbapenems","R - resistant isolates, percentage  ","%","2015","DK","Denmark",4.576659030,""
"Antimicrobial resistance","Pseudomonas aeruginosa|Carbapenems","R - resistant isolates, percentage  ","%","2015","EE","Estonia",-,""
"Antimicrobial resistance","Pseudomonas aeruginosa|Carbapenems","R - resistant isolates, percentage  ","%","2015","EL","Greece",40.444444440,""
"Antimicrobial resistance","Pseudomonas aeruginosa|Carbapenems","R - resistant isolates, percentage  ","%","2015","ES","Spain",22.706422010,""
"Antimicrobial resistance","Pseudomonas aeruginosa|Carbapenems","R - resistant isolates, percentage  ","%","2015","FI","Finland",4.692082110,""
"Antimicrobial resistance","Pseudomonas aeruginosa|Carbapenems","R - resistant isolates, percentage  ","%","2015","FR","France",16.415584410,""
"Antimicrobial resistance","Pseudomonas aeruginosa|Carbapenems","R - resistant isolates, percentage  ","%","2015","HR","Croatia",38.521400770,""
"Antimicrobial resistance","Pseudomonas aeruginosa|Carbapenems","R - resistant isolates, percentage  ","%","2015","HU","Hungary",35.844155840,""
"Antimicrobial resistance","Pseudomonas aeruginosa|Carbapenems","R - resistant isolates, percentage  ","%","2015","IE","Ireland",9.230769230,""
"Antimicrobial resistance","Pseudomonas aeruginosa|Carbapenems","R - resistant isolates, percentage  ","%","2015","IS","Iceland",-,""
"Antimicrobial resistance","Pseudomonas aeruginosa|Carbapenems","R - resistant isolates, percentage  ","%","2015","IT","Italy",23.012939000,""
"Antimicrobial resistance","Pseudomonas aeruginosa|Carbapenems","R - resistant isolates, percentage  ","%","2015","LT","Lithuania",26.829268290,""
"Antimicrobial resistance","Pseudomonas aeruginosa|Carbapenems","R - resistant isolates, percentage  ","%","2015","LU","Luxembourg",8.333333330,""
"Antimicrobial resistance","Pseudomonas aeruginosa|Carbapenems","R - resistant isolates, percentage  ","%","2015","LV","Latvia",-,""
"Antimicrobial resistance","Pseudomonas aeruginosa|Carbapenems","R - resistant isolates, percentage  ","%","2015","MT","Malta",16.000000000,""
"Antimicrobial resistance","Pseudomonas aeruginosa|Carbapenems","R - resistant isolates, percentage  ","%","2015","NL","Netherlands",3.697749190,""
"Antimicrobial resistance","Pseudomonas aeruginosa|Carbapenems","R - resistant isolates, percentage  ","%","2015","NO","Norway",5.701754380,""
"Antimicrobial resistance","Pseudomonas aeruginosa|Carbapenems","R - resistant isolates, percentage  ","%","2015","PL","Poland",37.007874010,""
"Antimicrobial resistance","Pseudomonas aeruginosa|Carbapenems","R - resistant isolates, percentage  ","%","2015","PT","Portugal",19.815281270,""
"Antimicrobial resistance","Pseudomonas aeruginosa|Carbapenems","R - resistant isolates, percentage  ","%","2015","RO","Romania",66.304347820,""
"Antimicrobial resistance","Pseudomonas aeruginosa|Carbapenems","R - resistant isolates, percentage  ","%","2015","SE","Sweden",6.532663310,""
"Antimicrobial resistance","Pseudomonas aeruginosa|Carbapenems","R - resistant isolates, percentage  ","%","2015","SI","Slovenia",15.602836870,""
"Antimicrobial resistance","Pseudomonas aeruginosa|Carbapenems","R - resistant isolates, percentage  ","%","2015","SK","Slovakia",51.908396940,""
"Antimicrobial resistance","Pseudomonas aeruginosa|Carbapenems","R - resistant isolates, percentage  ","%","2015","UK","United Kingdom",2.404809610,""
"Antimicrobial resistance","Pseudomonas aeruginosa|Carbapenems","R - resistant isolates, percentage  ","%","2016","AT","Austria",12.931034480,""
"Antimicrobial resistance","Pseudomonas aeruginosa|Carbapenems","R - resistant isolates, percentage  ","%","2016","BE","Belgium",9.589041090,""
"Antimicrobial resistance","Pseudomonas aeruginosa|Carbapenems","R - resistant isolates, percentage  ","%","2016","BG","Bulgaria",30.357142850,""
"Antimicrobial resistance","Pseudomonas aeruginosa|Carbapenems","R - resistant isolates, percentage  ","%","2016","CY","Cyprus",18.750000000,""
"Antimicrobial resistance","Pseudomonas aeruginosa|Carbapenems","R - resistant isolates, percentage  ","%","2016","CZ","Czechia",8.836206890,""
"Antimicrobial resistance","Pseudomonas aeruginosa|Carbapenems","R - resistant isolates, percentage  ","%","2016","DE","Germany",14.486638530,""
"Antimicrobial resistance","Pseudomonas aeruginosa|Carbapenems","R - resistant isolates, percentage  ","%","2016","DK","Denmark",2.401746720,""
"Antimicrobial resistance","Pseudomonas aeruginosa|Carbapenems","R - resistant isolates, percentage  ","%","2016","EE","Estonia",20.370370370,""
"Antimicrobial resistance","Pseudomonas aeruginosa|Carbapenems","R - resistant isolates, percentage  ","%","2016","EL","Greece",42.060085830,""
"Antimicrobial resistance","Pseudomonas aeruginosa|Carbapenems","R - resistant isolates, percentage  ","%","2016","ES","Spain",21.377672200,""
"Antimicrobial resistance","Pseudomonas aeruginosa|Carbapenems","R - resistant isolates, percentage  ","%","2016","FI","Finland",5.965909090,""
"Antimicrobial resistance","Pseudomonas aeruginosa|Carbapenems","R - resistant isolates, percentage  ","%","2016","FR","France",15.599593490,""
"Antimicrobial resistance","Pseudomonas aeruginosa|Carbapenems","R - resistant isolates, percentage  ","%","2016","HR","Croatia",42.307692300,""
"Antimicrobial resistance","Pseudomonas aeruginosa|Carbapenems","R - resistant isolates, percentage  ","%","2016","HU","Hungary",33.288227330,""
"Antimicrobial resistance","Pseudomonas aeruginosa|Carbapenems","R - resistant isolates, percentage  ","%","2016","IE","Ireland",6.172839500,""
"Antimicrobial resistance","Pseudomonas aeruginosa|Carbapenems","R - resistant isolates, percentage  ","%","2016","IS","Iceland",-,""
"Antimicrobial resistance","Pseudomonas aeruginosa|Carbapenems","R - resistant isolates, percentage  ","%","2016","IT","Italy",23.466003310,""
"Antimicrobial resistance","Pseudomonas aeruginosa|Carbapenems","R - resistant isolates, percentage  ","%","2016","LT","Lithuania",16.216216210,""
"Antimicrobial resistance","Pseudomonas aeruginosa|Carbapenems","R - resistant isolates, percentage  ","%","2016","LU","Luxembourg",6.451612900,""
"Antimicrobial resistance","Pseudomonas aeruginosa|Carbapenems","R - resistant isolates, percentage  ","%","2016","LV","Latvia",-,""
"Antimicrobial resistance","Pseudomonas aeruginosa|Carbapenems","R - resistant isolates, percentage  ","%","2016","MT","Malta",12.500000000,""
"Antimicrobial resistance","Pseudomonas aeruginosa|Carbapenems","R - resistant isolates, percentage  ","%","2016","NL","Netherlands",4.393939390,""
"Antimicrobial resistance","Pseudomonas aeruginosa|Carbapenems","R - resistant isolates, percentage  ","%","2016","NO","Norway",6.666666660,""
"Antimicrobial resistance","Pseudomonas aeruginosa|Carbapenems","R - resistant isolates, percentage  ","%","2016","PL","Poland",26.196473550,""
"Antimicrobial resistance","Pseudomonas aeruginosa|Carbapenems","R - resistant isolates, percentage  ","%","2016","PT","Portugal",19.152404230,""
"Antimicrobial resistance","Pseudomonas aeruginosa|Carbapenems","R - resistant isolates, percentage  ","%","2016","RO","Romania",51.612903220,""
"Antimicrobial resistance","Pseudomonas aeruginosa|Carbapenems","R - resistant isolates, percentage  ","%","2016","SE","Sweden",11.016949150,""
"Antimicrobial resistance","Pseudomonas aeruginosa|Carbapenems","R - resistant isolates, percentage  ","%","2016","SI","Slovenia",19.580419580,""
"Antimicrobial resistance","Pseudomonas aeruginosa|Carbapenems","R - resistant isolates, percentage  ","%","2016","SK","Slovakia",42.307692300,""
"Antimicrobial resistance","Pseudomonas aeruginosa|Carbapenems","R - resistant isolates, percentage  ","%","2016","UK","United Kingdom",5.123339650,""
"Antimicrobial resistance","Pseudomonas aeruginosa|Carbapenems","R - resistant isolates, percentage  ","%","2017","AT","Austria",13.931034480,""
"Antimicrobial resistance","Pseudomonas aeruginosa|Carbapenems","R - resistant isolates, percentage  ","%","2017","BE","Belgium",8.227848100,""
"Antimicrobial resistance","Pseudomonas aeruginosa|Carbapenems","R - resistant isolates, percentage  ","%","2017","BG","Bulgaria",25.352112670,""
"Antimicrobial resistance","Pseudomonas aeruginosa|Carbapenems","R - resistant isolates, percentage  ","%","2017","CY","Cyprus",16.981132070,""
"Antimicrobial resistance","Pseudomonas aeruginosa|Carbapenems","R - resistant isolates, percentage  ","%","2017","CZ","Czechia",14.841849140,""
"Antimicrobial resistance","Pseudomonas aeruginosa|Carbapenems","R - resistant isolates, percentage  ","%","2017","DE","Germany",12.579281180,""
"Antimicrobial resistance","Pseudomonas aeruginosa|Carbapenems","R - resistant isolates, percentage  ","%","2017","DK","Denmark",2.479338840,""
"Antimicrobial resistance","Pseudomonas aeruginosa|Carbapenems","R - resistant isolates, percentage  ","%","2017","EE","Estonia",9.090909090,""
"Antimicrobial resistance","Pseudomonas aeruginosa|Carbapenems","R - resistant isolates, percentage  ","%","2017","EL","Greece",39.342265520,""
"Antimicrobial resistance","Pseudomonas aeruginosa|Carbapenems","R - resistant isolates, percentage  ","%","2017","ES","Spain",18.350754930,""
"Antimicrobial resistance","Pseudomonas aeruginosa|Carbapenems","R - resistant isolates, percentage  ","%","2017","FI","Finland",6.100795750,""
"Antimicrobial resistance","Pseudomonas aeruginosa|Carbapenems","R - resistant isolates, percentage  ","%","2017","FR","France",13.918128650,""
"Antimicrobial resistance","Pseudomonas aeruginosa|Carbapenems","R - resistant isolates, percentage  ","%","2017","HR","Croatia",30.672268900,""
"Antimicrobial resistance","Pseudomonas aeruginosa|Carbapenems","R - resistant isolates, percentage  ","%","2017","HU","Hungary",36.562073660,""
"Antimicrobial resistance","Pseudomonas aeruginosa|Carbapenems","R - resistant isolates, percentage  ","%","2017","IE","Ireland",9.027777770,""
"Antimicrobial resistance","Pseudomonas aeruginosa|Carbapenems","R - resistant isolates, percentage  ","%","2017","IS","Iceland",-,""
"Antimicrobial resistance","Pseudomonas aeruginosa|Carbapenems","R - resistant isolates, percentage  ","%","2017","IT","Italy",19.874476980,""
"Antimicrobial resistance","Pseudomonas aeruginosa|Carbapenems","R - resistant isolates, percentage  ","%","2017","LT","Lithuania",24.719101120,""
"Antimicrobial resistance","Pseudomonas aeruginosa|Carbapenems","R - resistant isolates, percentage  ","%","2017","LU","Luxembourg",10.714285710,""
"Antimicrobial resistance","Pseudomonas aeruginosa|Carbapenems","R - resistant isolates, percentage  ","%","2017","LV","Latvia",-,""
"Antimicrobial resistance","Pseudomonas aeruginosa|Carbapenems","R - resistant isolates, percentage  ","%","2017","MT","Malta",10.810810810,""
"Antimicrobial resistance","Pseudomonas aeruginosa|Carbapenems","R - resistant isolates, percentage  ","%","2017","NL","Netherlands",4.483695650,""
"Antimicrobial resistance","Pseudomonas aeruginosa|Carbapenems","R - resistant isolates, percentage  ","%","2017","NO","Norway",3.414634140,""
"Antimicrobial resistance","Pseudomonas aeruginosa|Carbapenems","R - resistant isolates, percentage  ","%","2017","PL","Poland",24.173027980,""
"Antimicrobial resistance","Pseudomonas aeruginosa|Carbapenems","R - resistant isolates, percentage  ","%","2017","PT","Portugal",18.271604930,""
"Antimicrobial resistance","Pseudomonas aeruginosa|Carbapenems","R - resistant isolates, percentage  ","%","2017","RO","Romania",63.358778620,""
"Antimicrobial resistance","Pseudomonas aeruginosa|Carbapenems","R - resistant isolates, percentage  ","%","2017","SE","Sweden",8.968609860,""
"Antimicrobial resistance","Pseudomonas aeruginosa|Carbapenems","R - resistant isolates, percentage  ","%","2017","SI","Slovenia",17.391304340,""
"Antimicrobial resistance","Pseudomonas aeruginosa|Carbapenems","R - resistant isolates, percentage  ","%","2017","SK","Slovakia",47.029702970,""
"Antimicrobial resistance","Pseudomonas aeruginosa|Carbapenems","R - resistant isolates, percentage  ","%","2017","UK","United Kingdom",5.706134090,""
"Antimicrobial resistance","Pseudomonas aeruginosa|Carbapenems","R - resistant isolates, percentage  ","%","2018","AT","Austria",12.771739130,""
"Antimicrobial resistance","Pseudomonas aeruginosa|Carbapenems","R - resistant isolates, percentage  ","%","2018","BE","Belgium",7.392197120,""
"Antimicrobial resistance","Pseudomonas aeruginosa|Carbapenems","R - resistant isolates, percentage  ","%","2018","BG","Bulgaria",25.555555550,""
"Antimicrobial resistance","Pseudomonas aeruginosa|Carbapenems","R - resistant isolates, percentage  ","%","2018","CY","Cyprus",12.727272720,""
"Antimicrobial resistance","Pseudomonas aeruginosa|Carbapenems","R - resistant isolates, percentage  ","%","2018","CZ","Czechia",17.996289420,""
"Antimicrobial resistance","Pseudomonas aeruginosa|Carbapenems","R - resistant isolates, percentage  ","%","2018","DE","Germany",12.067039100,""
"Antimicrobial resistance","Pseudomonas aeruginosa|Carbapenems","R - resistant isolates, percentage  ","%","2018","DK","Denmark",5.213270140,""
"Antimicrobial resistance","Pseudomonas aeruginosa|Carbapenems","R - resistant isolates, percentage  ","%","2018","EE","Estonia",16.666666660,""
"Antimicrobial resistance","Pseudomonas aeruginosa|Carbapenems","R - resistant isolates, percentage  ","%","2018","EL","Greece",37.500000000,""
"Antimicrobial resistance","Pseudomonas aeruginosa|Carbapenems","R - resistant isolates, percentage  ","%","2018","ES","Spain",18.571428570,""
"Antimicrobial resistance","Pseudomonas aeruginosa|Carbapenems","R - resistant isolates, percentage  ","%","2018","FI","Finland",4.859335030,""
"Antimicrobial resistance","Pseudomonas aeruginosa|Carbapenems","R - resistant isolates, percentage  ","%","2018","FR","France",15.981012650,""
"Antimicrobial resistance","Pseudomonas aeruginosa|Carbapenems","R - resistant isolates, percentage  ","%","2018","HR","Croatia",27.638190950,""
"Antimicrobial resistance","Pseudomonas aeruginosa|Carbapenems","R - resistant isolates, percentage  ","%","2018","HU","Hungary",37.298636920,""
"Antimicrobial resistance","Pseudomonas aeruginosa|Carbapenems","R - resistant isolates, percentage  ","%","2018","IE","Ireland",6.593406590,""
"Antimicrobial resistance","Pseudomonas aeruginosa|Carbapenems","R - resistant isolates, percentage  ","%","2018","IS","Iceland",-,""
"Antimicrobial resistance","Pseudomonas aeruginosa|Carbapenems","R - resistant isolates, percentage  ","%","2018","IT","Italy",15.792966150,""
"Antimicrobial resistance","Pseudomonas aeruginosa|Carbapenems","R - resistant isolates, percentage  ","%","2018","LT","Lithuania",21.782178210,""
"Antimicrobial resistance","Pseudomonas aeruginosa|Carbapenems","R - resistant isolates, percentage  ","%","2018","LU","Luxembourg",11.111111110,""
"Antimicrobial resistance","Pseudomonas aeruginosa|Carbapenems","R - resistant isolates, percentage  ","%","2018","LV","Latvia",28.205128200,""
"Antimicrobial resistance","Pseudomonas aeruginosa|Carbapenems","R - resistant isolates, percentage  ","%","2018","MT","Malta",3.448275860,""
"Antimicrobial resistance","Pseudomonas aeruginosa|Carbapenems","R - resistant isolates, percentage  ","%","2018","NL","Netherlands",5.093167700,""
"Antimicrobial resistance","Pseudomonas aeruginosa|Carbapenems","R - resistant isolates, percentage  ","%","2018","NO","Norway",4.800000000,""
"Antimicrobial resistance","Pseudomonas aeruginosa|Carbapenems","R - resistant isolates, percentage  ","%","2018","PL","Poland",33.155080210,""
"Antimicrobial resistance","Pseudomonas aeruginosa|Carbapenems","R - resistant isolates, percentage  ","%","2018","PT","Portugal",15.703971110,""
"Antimicrobial resistance","Pseudomonas aeruginosa|Carbapenems","R - resistant isolates, percentage  ","%","2018","RO","Romania",55.128205120,""
"Antimicrobial resistance","Pseudomonas aeruginosa|Carbapenems","R - resistant isolates, percentage  ","%","2018","SE","Sweden",4.368932030,""
"Antimicrobial resistance","Pseudomonas aeruginosa|Carbapenems","R - resistant isolates, percentage  ","%","2018","SI","Slovenia",14.942528730,""
"Antimicrobial resistance","Pseudomonas aeruginosa|Carbapenems","R - resistant isolates, percentage  ","%","2018","SK","Slovakia",43.951612900,""
"Antimicrobial resistance","Pseudomonas aeruginosa|Carbapenems","R - resistant isolates, percentage  ","%","2018","UK","United Kingdom",5.967976710,""
"Antimicrobial resistance","Pseudomonas aeruginosa|Carbapenems","R - resistant isolates, percentage  ","%","2019","AT","Austria",13.358778620,""
"Antimicrobial resistance","Pseudomonas aeruginosa|Carbapenems","R - resistant isolates, percentage  ","%","2019","BE","Belgium",10.681818180,""
"Antimicrobial resistance","Pseudomonas aeruginosa|Carbapenems","R - resistant isolates, percentage  ","%","2019","BG","Bulgaria",25.233644850,""
"Antimicrobial resistance","Pseudomonas aeruginosa|Carbapenems","R - resistant isolates, percentage  ","%","2019","CY","Cyprus",21.212121210,""
"Antimicrobial resistance","Pseudomonas aeruginosa|Carbapenems","R - resistant isolates, percentage  ","%","2019","CZ","Czechia",14.453781510,""
"Antimicrobial resistance","Pseudomonas aeruginosa|Carbapenems","R - resistant isolates, percentage  ","%","2019","DE","Germany",12.855787470,""
"Antimicrobial resistance","Pseudomonas aeruginosa|Carbapenems","R - resistant isolates, percentage  ","%","2019","DK","Denmark",3.258655800,""
"Antimicrobial resistance","Pseudomonas aeruginosa|Carbapenems","R - resistant isolates, percentage  ","%","2019","EE","Estonia",5.797101440,""
"Antimicrobial resistance","Pseudomonas aeruginosa|Carbapenems","R - resistant isolates, percentage  ","%","2019","EL","Greece",48.936170210,""
"Antimicrobial resistance","Pseudomonas aeruginosa|Carbapenems","R - resistant isolates, percentage  ","%","2019","ES","Spain",21.770551030,""
"Antimicrobial resistance","Pseudomonas aeruginosa|Carbapenems","R - resistant isolates, percentage  ","%","2019","FI","Finland",6.277056270,""
"Antimicrobial resistance","Pseudomonas aeruginosa|Carbapenems","R - resistant isolates, percentage  ","%","2019","FR","France",12.716763000,""
"Antimicrobial resistance","Pseudomonas aeruginosa|Carbapenems","R - resistant isolates, percentage  ","%","2019","HR","Croatia",26.229508190,""
"Antimicrobial resistance","Pseudomonas aeruginosa|Carbapenems","R - resistant isolates, percentage  ","%","2019","HU","Hungary",33.182332950,""
"Antimicrobial resistance","Pseudomonas aeruginosa|Carbapenems","R - resistant isolates, percentage  ","%","2019","IE","Ireland",6.545454540,""
"Antimicrobial resistance","Pseudomonas aeruginosa|Carbapenems","R - resistant isolates, percentage  ","%","2019","IS","Iceland",0.000000000,""
"Antimicrobial resistance","Pseudomonas aeruginosa|Carbapenems","R - resistant isolates, percentage  ","%","2019","IT","Italy",13.732208750,""
"Antimicrobial resistance","Pseudomonas aeruginosa|Carbapenems","R - resistant isolates, percentage  ","%","2019","LT","Lithuania",16.346153840,""
"Antimicrobial resistance","Pseudomonas aeruginosa|Carbapenems","R - resistant isolates, percentage  ","%","2019","LU","Luxembourg",9.677419350,""
"Antimicrobial resistance","Pseudomonas aeruginosa|Carbapenems","R - resistant isolates, percentage  ","%","2019","LV","Latvia",32.653061220,""
"Antimicrobial resistance","Pseudomonas aeruginosa|Carbapenems","R - resistant isolates, percentage  ","%","2019","MT","Malta",7.692307690,""
"Antimicrobial resistance","Pseudomonas aeruginosa|Carbapenems","R - resistant isolates, percentage  ","%","2019","NL","Netherlands",5.131964800,""
"Antimicrobial resistance","Pseudomonas aeruginosa|Carbapenems","R - resistant isolates, percentage  ","%","2019","NO","Norway",7.432432430,""
"Antimicrobial resistance","Pseudomonas aeruginosa|Carbapenems","R - resistant isolates, percentage  ","%","2019","PL","Poland",24.449877750,""
"Antimicrobial resistance","Pseudomonas aeruginosa|Carbapenems","R - resistant isolates, percentage  ","%","2019","PT","Portugal",17.775665390,""
"Antimicrobial resistance","Pseudomonas aeruginosa|Carbapenems","R - resistant isolates, percentage  ","%","2019","RO","Romania",55.434782600,""
"Antimicrobial resistance","Pseudomonas aeruginosa|Carbapenems","R - resistant isolates, percentage  ","%","2019","SE","Sweden",9.773371100,""
"Antimicrobial resistance","Pseudomonas aeruginosa|Carbapenems","R - resistant isolates, percentage  ","%","2019","SI","Slovenia",20.000000000,""
"Antimicrobial resistance","Pseudomonas aeruginosa|Carbapenems","R - resistant isolates, percentage  ","%","2019","SK","Slovakia",39.086294410,""
"Antimicrobial resistance","Pseudomonas aeruginosa|Carbapenems","R - resistant isolates, percentage  ","%","2019","UK","United Kingdom",5.944566010,""
"Antimicrobial resistance","Pseudomonas aeruginosa|Carbapenems","R - resistant isolates, percentage  ","%","2020","AT","Austria",15.080527080,""
"Antimicrobial resistance","Pseudomonas aeruginosa|Carbapenems","R - resistant isolates, percentage  ","%","2020","BE","Belgium",12.447257380,""
"Antimicrobial resistance","Pseudomonas aeruginosa|Carbapenems","R - resistant isolates, percentage  ","%","2020","BG","Bulgaria",42.857142850,""
"Antimicrobial resistance","Pseudomonas aeruginosa|Carbapenems","R - resistant isolates, percentage  ","%","2020","CY","Cyprus",20.634920630,""
"Antimicrobial resistance","Pseudomonas aeruginosa|Carbapenems","R - resistant isolates, percentage  ","%","2020","CZ","Czechia",15.742397130,""
"Antimicrobial resistance","Pseudomonas aeruginosa|Carbapenems","R - resistant isolates, percentage  ","%","2020","DE","Germany",13.936889550,""
"Antimicrobial resistance","Pseudomonas aeruginosa|Carbapenems","R - resistant isolates, percentage  ","%","2020","DK","Denmark",4.373757450,""
"Antimicrobial resistance","Pseudomonas aeruginosa|Carbapenems","R - resistant isolates, percentage  ","%","2020","EE","Estonia",12.658227840,""
"Antimicrobial resistance","Pseudomonas aeruginosa|Carbapenems","R - resistant isolates, percentage  ","%","2020","EL","Greece",35.714285710,""
"Antimicrobial resistance","Pseudomonas aeruginosa|Carbapenems","R - resistant isolates, percentage  ","%","2020","ES","Spain",16.802610110,""
"Antimicrobial resistance","Pseudomonas aeruginosa|Carbapenems","R - resistant isolates, percentage  ","%","2020","FI","Finland",3.695150110,""
"Antimicrobial resistance","Pseudomonas aeruginosa|Carbapenems","R - resistant isolates, percentage  ","%","2020","FR","France",12.643036560,""
"Antimicrobial resistance","Pseudomonas aeruginosa|Carbapenems","R - resistant isolates, percentage  ","%","2020","HR","Croatia",30.303030300,""
"Antimicrobial resistance","Pseudomonas aeruginosa|Carbapenems","R - resistant isolates, percentage  ","%","2020","HU","Hungary",33.761232340,""
"Antimicrobial resistance","Pseudomonas aeruginosa|Carbapenems","R - resistant isolates, percentage  ","%","2020","IE","Ireland",7.279693480,""
"Antimicrobial resistance","Pseudomonas aeruginosa|Carbapenems","R - resistant isolates, percentage  ","%","2020","IS","Iceland",12.000000000,""
"Antimicrobial resistance","Pseudomonas aeruginosa|Carbapenems","R - resistant isolates, percentage  ","%","2020","IT","Italy",15.947995660,""
"Antimicrobial resistance","Pseudomonas aeruginosa|Carbapenems","R - resistant isolates, percentage  ","%","2020","LT","Lithuania",25.619834710,""
"Antimicrobial resistance","Pseudomonas aeruginosa|Carbapenems","R - resistant isolates, percentage  ","%","2020","LU","Luxembourg",8.510638290,""
"Antimicrobial resistance","Pseudomonas aeruginosa|Carbapenems","R - resistant isolates, percentage  ","%","2020","LV","Latvia",25.581395340,""
"Antimicrobial resistance","Pseudomonas aeruginosa|Carbapenems","R - resistant isolates, percentage  ","%","2020","MT","Malta",8.163265300,""
"Antimicrobial resistance","Pseudomonas aeruginosa|Carbapenems","R - resistant isolates, percentage  ","%","2020","NL","Netherlands",3.619302940,""
"Antimicrobial resistance","Pseudomonas aeruginosa|Carbapenems","R - resistant isolates, percentage  ","%","2020","NO","Norway",6.382978720,""
"Antimicrobial resistance","Pseudomonas aeruginosa|Carbapenems","R - resistant isolates, percentage  ","%","2020","PL","Poland",28.481012650,""
"Antimicrobial resistance","Pseudomonas aeruginosa|Carbapenems","R - resistant isolates, percentage  ","%","2020","PT","Portugal",13.434247870,""
"Antimicrobial resistance","Pseudomonas aeruginosa|Carbapenems","R - resistant isolates, percentage  ","%","2020","RO","Romania",43.918918910,""
"Antimicrobial resistance","Pseudomonas aeruginosa|Carbapenems","R - resistant isolates, percentage  ","%","2020","SE","Sweden",4.229195080,""
"Antimicrobial resistance","Pseudomonas aeruginosa|Carbapenems","R - resistant isolates, percentage  ","%","2020","SI","Slovenia",13.440860210,""
"Antimicrobial resistance","Pseudomonas aeruginosa|Carbapenems","R - resistant isolates, percentage  ","%","2020","SK","Slovakia",48.917748910,""
"Antimicrobial resistance","Pseudomonas aeruginosa|Carbapenems","R - resistant isolates, percentage  ","%","2021","AT","Austria",15.875169600,""
"Antimicrobial resistance","Pseudomonas aeruginosa|Carbapenems","R - resistant isolates, percentage  ","%","2021","BE","Belgium",10.647181620,""
"Antimicrobial resistance","Pseudomonas aeruginosa|Carbapenems","R - resistant isolates, percentage  ","%","2021","BG","Bulgaria",32.530120480,""
"Antimicrobial resistance","Pseudomonas aeruginosa|Carbapenems","R - resistant isolates, percentage  ","%","2021","CY","Cyprus",24.509803920,""
"Antimicrobial resistance","Pseudomonas aeruginosa|Carbapenems","R - resistant isolates, percentage  ","%","2021","CZ","Czechia",16.302521000,""
"Antimicrobial resistance","Pseudomonas aeruginosa|Carbapenems","R - resistant isolates, percentage  ","%","2021","DE","Germany",14.839385470,""
"Antimicrobial resistance","Pseudomonas aeruginosa|Carbapenems","R - resistant isolates, percentage  ","%","2021","DK","Denmark",3.501945520,""
"Antimicrobial resistance","Pseudomonas aeruginosa|Carbapenems","R - resistant isolates, percentage  ","%","2021","EE","Estonia",14.942528730,""
"Antimicrobial resistance","Pseudomonas aeruginosa|Carbapenems","R - resistant isolates, percentage  ","%","2021","EL","Greece",33.333333330,""
"Antimicrobial resistance","Pseudomonas aeruginosa|Carbapenems","R - resistant isolates, percentage  ","%","2021","ES","Spain",17.021276590,""
"Antimicrobial resistance","Pseudomonas aeruginosa|Carbapenems","R - resistant isolates, percentage  ","%","2021","FI","Finland",4.212860310,""
"Antimicrobial resistance","Pseudomonas aeruginosa|Carbapenems","R - resistant isolates, percentage  ","%","2021","FR","France",12.129870120,""
"Antimicrobial resistance","Pseudomonas aeruginosa|Carbapenems","R - resistant isolates, percentage  ","%","2021","HR","Croatia",31.308411210,""
"Antimicrobial resistance","Pseudomonas aeruginosa|Carbapenems","R - resistant isolates, percentage  ","%","2021","HU","Hungary",34.339314840,""
"Antimicrobial resistance","Pseudomonas aeruginosa|Carbapenems","R - resistant isolates, percentage  ","%","2021","IE","Ireland",8.214285710,""
"Antimicrobial resistance","Pseudomonas aeruginosa|Carbapenems","R - resistant isolates, percentage  ","%","2021","IS","Iceland",9.375000000,""
"Antimicrobial resistance","Pseudomonas aeruginosa|Carbapenems","R - resistant isolates, percentage  ","%","2021","IT","Italy",17.203019460,""
"Antimicrobial resistance","Pseudomonas aeruginosa|Carbapenems","R - resistant isolates, percentage  ","%","2021","LT","Lithuania",25.465838500,""
"Antimicrobial resistance","Pseudomonas aeruginosa|Carbapenems","R - resistant isolates, percentage  ","%","2021","LU","Luxembourg",8.108108100,""
"Antimicrobial resistance","Pseudomonas aeruginosa|Carbapenems","R - resistant isolates, percentage  ","%","2021","LV","Latvia",29.487179480,""
"Antimicrobial resistance","Pseudomonas aeruginosa|Carbapenems","R - resistant isolates, percentage  ","%","2021","MT","Malta",11.428571420,""
"Antimicrobial resistance","Pseudomonas aeruginosa|Carbapenems","R - resistant isolates, percentage  ","%","2021","NL","Netherlands",5.205479450,""
"Antimicrobial resistance","Pseudomonas aeruginosa|Carbapenems","R - resistant isolates, percentage  ","%","2021","NO","Norway",6.796116500,""
"Antimicrobial resistance","Pseudomonas aeruginosa|Carbapenems","R - resistant isolates, percentage  ","%","2021","PL","Poland",27.954545450,""
"Antimicrobial resistance","Pseudomonas aeruginosa|Carbapenems","R - resistant isolates, percentage  ","%","2021","PT","Portugal",14.088669950,""
"Antimicrobial resistance","Pseudomonas aeruginosa|Carbapenems","R - resistant isolates, percentage  ","%","2021","RO","Romania",45.893719800,""
"Antimicrobial resistance","Pseudomonas aeruginosa|Carbapenems","R - resistant isolates, percentage  ","%","2021","SE","Sweden",11.830635110,""
"Antimicrobial resistance","Pseudomonas aeruginosa|Carbapenems","R - resistant isolates, percentage  ","%","2021","SI","Slovenia",13.229571980,""
"Antimicrobial resistance","Pseudomonas aeruginosa|Carbapenems","R - resistant isolates, percentage  ","%","2021","SK","Slovakia",44.186046510,""
"Antimicrobial resistance","Pseudomonas aeruginosa|Carbapenems","R - resistant isolates, percentage  ","%","2022","AT","Austria",16.395864100,""
"Antimicrobial resistance","Pseudomonas aeruginosa|Carbapenems","R - resistant isolates, percentage  ","%","2022","BE","Belgium",14.823008840,""
"Antimicrobial resistance","Pseudomonas aeruginosa|Carbapenems","R - resistant isolates, percentage  ","%","2022","BG","Bulgaria",40.789473680,""
"Antimicrobial resistance","Pseudomonas aeruginosa|Carbapenems","R - resistant isolates, percentage  ","%","2022","CY","Cyprus",32.989690720,""
"Antimicrobial resistance","Pseudomonas aeruginosa|Carbapenems","R - resistant isolates, percentage  ","%","2022","CZ","Czechia",20.620155030,""
"Antimicrobial resistance","Pseudomonas aeruginosa|Carbapenems","R - resistant isolates, percentage  ","%","2022","DE","Germany",13.244001240,""
"Antimicrobial resistance","Pseudomonas aeruginosa|Carbapenems","R - resistant isolates, percentage  ","%","2022","DK","Denmark",2.429149790,""
"Antimicrobial resistance","Pseudomonas aeruginosa|Carbapenems","R - resistant isolates, percentage  ","%","2022","EE","Estonia",15.294117640,""
"Antimicrobial resistance","Pseudomonas aeruginosa|Carbapenems","R - resistant isolates, percentage  ","%","2022","EL","Greece",48.703494920,""
"Antimicrobial resistance","Pseudomonas aeruginosa|Carbapenems","R - resistant isolates, percentage  ","%","2022","ES","Spain",22.557471260,""
"Antimicrobial resistance","Pseudomonas aeruginosa|Carbapenems","R - resistant isolates, percentage  ","%","2022","FI","Finland",4.976303310,""
"Antimicrobial resistance","Pseudomonas aeruginosa|Carbapenems","R - resistant isolates, percentage  ","%","2022","FR","France",11.320754710,""
"Antimicrobial resistance","Pseudomonas aeruginosa|Carbapenems","R - resistant isolates, percentage  ","%","2022","HR","Croatia",34.980988590,""
"Antimicrobial resistance","Pseudomonas aeruginosa|Carbapenems","R - resistant isolates, percentage  ","%","2022","HU","Hungary",31.200787400,""
"Antimicrobial resistance","Pseudomonas aeruginosa|Carbapenems","R - resistant isolates, percentage  ","%","2022","IE","Ireland",8.609271520,""
"Antimicrobial resistance","Pseudomonas aeruginosa|Carbapenems","R - resistant isolates, percentage  ","%","2022","IS","Iceland",11.428571420,""
"Antimicrobial resistance","Pseudomonas aeruginosa|Carbapenems","R - resistant isolates, percentage  ","%","2022","IT","Italy",16.434680520,""
"Antimicrobial resistance","Pseudomonas aeruginosa|Carbapenems","R - resistant isolates, percentage  ","%","2022","LT","Lithuania",24.260355020,""
"Antimicrobial resistance","Pseudomonas aeruginosa|Carbapenems","R - resistant isolates, percentage  ","%","2022","LU","Luxembourg",6.666666660,""
"Antimicrobial resistance","Pseudomonas aeruginosa|Carbapenems","R - resistant isolates, percentage  ","%","2022","LV","Latvia",20.833333330,""
"Antimicrobial resistance","Pseudomonas aeruginosa|Carbapenems","R - resistant isolates, percentage  ","%","2022","MT","Malta",10.638297870,""
"Antimicrobial resistance","Pseudomonas aeruginosa|Carbapenems","R - resistant isolates, percentage  ","%","2022","NL","Netherlands",5.952380950,""
"Antimicrobial resistance","Pseudomonas aeruginosa|Carbapenems","R - resistant isolates, percentage  ","%","2022","NO","Norway",6.077348060,""
"Antimicrobial resistance","Pseudomonas aeruginosa|Carbapenems","R - resistant isolates, percentage  ","%","2022","PL","Poland",24.572649570,""
"Antimicrobial resistance","Pseudomonas aeruginosa|Carbapenems","R - resistant isolates, percentage  ","%","2022","PT","Portugal",11.780336580,""
"Antimicrobial resistance","Pseudomonas aeruginosa|Carbapenems","R - resistant isolates, percentage  ","%","2022","RO","Romania",53.913043470,""
"Antimicrobial resistance","Pseudomonas aeruginosa|Carbapenems","R - resistant isolates, percentage  ","%","2022","SE","Sweden",11.019929660,""
"Antimicrobial resistance","Pseudomonas aeruginosa|Carbapenems","R - resistant isolates, percentage  ","%","2022","SI","Slovenia",14.545454540,""
"Antimicrobial resistance","Pseudomonas aeruginosa|Carbapenems","R - resistant isolates, percentage  ","%","2022","SK","Slovakia",30.733944950,""
"Antimicrobial resistance","Pseudomonas aeruginosa|Carbapenems","R - resistant isolates, percentage  ","%","2023","AT","Austria",14.205344580,""
"Antimicrobial resistance","Pseudomonas aeruginosa|Carbapenems","R - resistant isolates, percentage  ","%","2023","BE","Belgium",11.612903220,""
"Antimicrobial resistance","Pseudomonas aeruginosa|Carbapenems","R - resistant isolates, percentage  ","%","2023","BG","Bulgaria",33.333333330,""
"Antimicrobial resistance","Pseudomonas aeruginosa|Carbapenems","R - resistant isolates, percentage  ","%","2023","CY","Cyprus",24.761904760,""
"Antimicrobial resistance","Pseudomonas aeruginosa|Carbapenems","R - resistant isolates, percentage  ","%","2023","CZ","Czechia",20.163934420,""
"Antimicrobial resistance","Pseudomonas aeruginosa|Carbapenems","R - resistant isolates, percentage  ","%","2023","DE","Germany",12.545403740,""
"Antimicrobial resistance","Pseudomonas aeruginosa|Carbapenems","R - resistant isolates, percentage  ","%","2023","DK","Denmark",3.282275710,""
"Antimicrobial resistance","Pseudomonas aeruginosa|Carbapenems","R - resistant isolates, percentage  ","%","2023","EE","Estonia",13.698630130,""
"Antimicrobial resistance","Pseudomonas aeruginosa|Carbapenems","R - resistant isolates, percentage  ","%","2023","EL","Greece",53.400309110,""
"Antimicrobial resistance","Pseudomonas aeruginosa|Carbapenems","R - resistant isolates, percentage  ","%","2023","ES","Spain",15.098468270,""
"Antimicrobial resistance","Pseudomonas aeruginosa|Carbapenems","R - resistant isolates, percentage  ","%","2023","FI","Finland",6.811989100,""
"Antimicrobial resistance","Pseudomonas aeruginosa|Carbapenems","R - resistant isolates, percentage  ","%","2023","HR","Croatia",28.688524590,""
"Antimicrobial resistance","Pseudomonas aeruginosa|Carbapenems","R - resistant isolates, percentage  ","%","2023","HU","Hungary",30.947368420,""
"Antimicrobial resistance","Pseudomonas aeruginosa|Carbapenems","R - resistant isolates, percentage  ","%","2023","IE","Ireland",6.620209050,""
"Antimicrobial resistance","Pseudomonas aeruginosa|Carbapenems","R - resistant isolates, percentage  ","%","2023","IS","Iceland",3.703703700,""
"Antimicrobial resistance","Pseudomonas aeruginosa|Carbapenems","R - resistant isolates, percentage  ","%","2023","IT","Italy",15.988547310,""
"Antimicrobial resistance","Pseudomonas aeruginosa|Carbapenems","R - resistant isolates, percentage  ","%","2023","LI","Liechtenstein",-,""
"Antimicrobial resistance","Pseudomonas aeruginosa|Carbapenems","R - resistant isolates, percentage  ","%","2023","LT","Lithuania",14.084507040,""
"Antimicrobial resistance","Pseudomonas aeruginosa|Carbapenems","R - resistant isolates, percentage  ","%","2023","LU","Luxembourg",12.765957440,""
"Antimicrobial resistance","Pseudomonas aeruginosa|Carbapenems","R - resistant isolates, percentage  ","%","2023","LV","Latvia",22.727272720,""
"Antimicrobial resistance","Pseudomonas aeruginosa|Carbapenems","R - resistant isolates, percentage  ","%","2023","MT","Malta",5.000000000,""
"Antimicrobial resistance","Pseudomonas aeruginosa|Carbapenems","R - resistant isolates, percentage  ","%","2023","NL","Netherlands",6.597671410,""
"Antimicrobial resistance","Pseudomonas aeruginosa|Carbapenems","R - resistant isolates, percentage  ","%","2023","NO","Norway",7.142857140,""
"Antimicrobial resistance","Pseudomonas aeruginosa|Carbapenems","R - resistant isolates, percentage  ","%","2023","PL","Poland",25.630252100,""
"Antimicrobial resistance","Pseudomonas aeruginosa|Carbapenems","R - resistant isolates, percentage  ","%","2023","PT","Portugal",10.160880600,""
"Antimicrobial resistance","Pseudomonas aeruginosa|Carbapenems","R - resistant isolates, percentage  ","%","2023","RO","Romania",52.671755720,""
"Antimicrobial resistance","Pseudomonas aeruginosa|Carbapenems","R - resistant isolates, percentage  ","%","2023","SE","Sweden",9.684947490,""
"Antimicrobial resistance","Pseudomonas aeruginosa|Carbapenems","R - resistant isolates, percentage  ","%","2023","SI","Slovenia",11.965811960,""
"Antimicrobial resistance","Pseudomonas aeruginosa|Carbapenems","R - resistant isolates, percentage  ","%","2023","SK","Slovakia",43.421052630,""
"Antimicrobial resistance","Pseudomonas aeruginosa|Carbapenems","R - resistant isolates, percentage  ","%","2024","AT","Austria",13.784764200,""
"Antimicrobial resistance","Pseudomonas aeruginosa|Carbapenems","R - resistant isolates, percentage  ","%","2024","BE","Belgium",6.959706950,""
"Antimicrobial resistance","Pseudomonas aeruginosa|Carbapenems","R - resistant isolates, percentage  ","%","2024","BG","Bulgaria",28.735632180,""
"Antimicrobial resistance","Pseudomonas aeruginosa|Carbapenems","R - resistant isolates, percentage  ","%","2024","CY","Cyprus",23.750000000,""
"Antimicrobial resistance","Pseudomonas aeruginosa|Carbapenems","R - resistant isolates, percentage  ","%","2024","CZ","Czechia",15.730337070,""
"Antimicrobial resistance","Pseudomonas aeruginosa|Carbapenems","R - resistant isolates, percentage  ","%","2024","DE","Germany",13.144218270,""
"Antimicrobial resistance","Pseudomonas aeruginosa|Carbapenems","R - resistant isolates, percentage  ","%","2024","DK","Denmark",1.452282150,""
"Antimicrobial resistance","Pseudomonas aeruginosa|Carbapenems","R - resistant isolates, percentage  ","%","2024","EE","Estonia",7.339449540,""
"Antimicrobial resistance","Pseudomonas aeruginosa|Carbapenems","R - resistant isolates, percentage  ","%","2024","EL","Greece",53.393665150,""
"Antimicrobial resistance","Pseudomonas aeruginosa|Carbapenems","R - resistant isolates, percentage  ","%","2024","ES","Spain",16.900369000,""
"Antimicrobial resistance","Pseudomonas aeruginosa|Carbapenems","R - resistant isolates, percentage  ","%","2024","FI","Finland",2.356020940,""
"Antimicrobial resistance","Pseudomonas aeruginosa|Carbapenems","R - resistant isolates, percentage  ","%","2024","FR","France",10.619242570,""
"Antimicrobial resistance","Pseudomonas aeruginosa|Carbapenems","R - resistant isolates, percentage  ","%","2024","HR","Croatia",33.603238860,""
"Antimicrobial resistance","Pseudomonas aeruginosa|Carbapenems","R - resistant isolates, percentage  ","%","2024","HU","Hungary",30.708661410,""
"Antimicrobial resistance","Pseudomonas aeruginosa|Carbapenems","R - resistant isolates, percentage  ","%","2024","IE","Ireland",5.343511450,""
"Antimicrobial resistance","Pseudomonas aeruginosa|Carbapenems","R - resistant isolates, percentage  ","%","2024","IS","Iceland",5.000000000,""
"Antimicrobial resistance","Pseudomonas aeruginosa|Carbapenems","R - resistant isolates, percentage  ","%","2024","IT","Italy",13.756613750,""
"Antimicrobial resistance","Pseudomonas aeruginosa|Carbapenems","R - resistant isolates, percentage  ","%","2024","LT","Lithuania",25.433526010,""
"Antimicrobial resistance","Pseudomonas aeruginosa|Carbapenems","R - resistant isolates, percentage  ","%","2024","LU","Luxembourg",15.789473680,""
"Antimicrobial resistance","Pseudomonas aeruginosa|Carbapenems","R - resistant isolates, percentage  ","%","2024","LV","Latvia",13.846153840,""
"Antimicrobial resistance","Pseudomonas aeruginosa|Carbapenems","R - resistant isolates, percentage  ","%","2024","MT","Malta",7.843137250,""
"Antimicrobial resistance","Pseudomonas aeruginosa|Carbapenems","R - resistant isolates, percentage  ","%","2024","NL","Netherlands",5.077262690,""
"Antimicrobial resistance","Pseudomonas aeruginosa|Carbapenems","R - resistant isolates, percentage  ","%","2024","NO","Norway",5.084745760,""
"Antimicrobial resistance","Pseudomonas aeruginosa|Carbapenems","R - resistant isolates, percentage  ","%","2024","PL","Poland",21.517027860,""
"Antimicrobial resistance","Pseudomonas aeruginosa|Carbapenems","R - resistant isolates, percentage  ","%","2024","PT","Portugal",10.439560430,""
"Antimicrobial resistance","Pseudomonas aeruginosa|Carbapenems","R - resistant isolates, percentage  ","%","2024","RO","Romania",34.108527130,""
"Antimicrobial resistance","Pseudomonas aeruginosa|Carbapenems","R - resistant isolates, percentage  ","%","2024","SE","Sweden",9.905660370,""
"Antimicrobial resistance","Pseudomonas aeruginosa|Carbapenems","R - resistant isolates, percentage  ","%","2024","SI","Slovenia",13.440860210,""
"Antimicrobial resistance","Pseudomonas aeruginosa|Carbapenems","R - resistant isolates, percentage  ","%","2024","SK","Slovakia",39.800995020,""
"Antimicrobial resistance","Pseudomonas aeruginosa|Carbapenems","S - susceptible isolates","N","2005","AT","Austria",67.000000000,""
"Antimicrobial resistance","Pseudomonas aeruginosa|Carbapenems","S - susceptible isolates","N","2005","BG","Bulgaria",20.000000000,""
"Antimicrobial resistance","Pseudomonas aeruginosa|Carbapenems","S - susceptible isolates","N","2005","CY","Cyprus",7.000000000,""
"Antimicrobial resistance","Pseudomonas aeruginosa|Carbapenems","S - susceptible isolates","N","2005","CZ","Czechia",177.000000000,""
"Antimicrobial resistance","Pseudomonas aeruginosa|Carbapenems","S - susceptible isolates","N","2005","DE","Germany",82.000000000,""
"Antimicrobial resistance","Pseudomonas aeruginosa|Carbapenems","S - susceptible isolates","N","2005","EE","Estonia",23.000000000,""
"Antimicrobial resistance","Pseudomonas aeruginosa|Carbapenems","S - susceptible isolates","N","2005","EL","Greece",389.000000000,""
"Antimicrobial resistance","Pseudomonas aeruginosa|Carbapenems","S - susceptible isolates","N","2005","ES","Spain",57.000000000,""
"Antimicrobial resistance","Pseudomonas aeruginosa|Carbapenems","S - susceptible isolates","N","2005","FI","Finland",83.000000000,""
"Antimicrobial resistance","Pseudomonas aeruginosa|Carbapenems","S - susceptible isolates","N","2005","FR","France",780.000000000,""
"Antimicrobial resistance","Pseudomonas aeruginosa|Carbapenems","S - susceptible isolates","N","2005","HR","Croatia",53.000000000,""
"Antimicrobial resistance","Pseudomonas aeruginosa|Carbapenems","S - susceptible isolates","N","2005","HU","Hungary",383.000000000,""
"Antimicrobial resistance","Pseudomonas aeruginosa|Carbapenems","S - susceptible isolates","N","2005","IE","Ireland",24.000000000,""
"Antimicrobial resistance","Pseudomonas aeruginosa|Carbapenems","S - susceptible isolates","N","2005","IS","Iceland",12.000000000,""
"Antimicrobial resistance","Pseudomonas aeruginosa|Carbapenems","S - susceptible isolates","N","2005","LU","Luxembourg",1.000000000,""
"Antimicrobial resistance","Pseudomonas aeruginosa|Carbapenems","S - susceptible isolates","N","2005","MT","Malta",36.000000000,""
"Antimicrobial resistance","Pseudomonas aeruginosa|Carbapenems","S - susceptible isolates","N","2005","NL","Netherlands",175.000000000,""
"Antimicrobial resistance","Pseudomonas aeruginosa|Carbapenems","S - susceptible isolates","N","2005","NO","Norway",75.000000000,""
"Antimicrobial resistance","Pseudomonas aeruginosa|Carbapenems","S - susceptible isolates","N","2005","PL","Poland",19.000000000,""
"Antimicrobial resistance","Pseudomonas aeruginosa|Carbapenems","S - susceptible isolates","N","2005","RO","Romania",9.000000000,""
"Antimicrobial resistance","Pseudomonas aeruginosa|Carbapenems","S - susceptible isolates","N","2005","SE","Sweden",46.000000000,""
"Antimicrobial resistance","Pseudomonas aeruginosa|Carbapenems","S - susceptible isolates","N","2005","SI","Slovenia",32.000000000,""
"Antimicrobial resistance","Pseudomonas aeruginosa|Carbapenems","S - susceptible isolates","N","2005","UK","United Kingdom",325.000000000,""
"Antimicrobial resistance","Pseudomonas aeruginosa|Carbapenems","S - susceptible isolates","N","2006","AT","Austria",326.000000000,""
"Antimicrobial resistance","Pseudomonas aeruginosa|Carbapenems","S - susceptible isolates","N","2006","BG","Bulgaria",22.000000000,""
"Antimicrobial resistance","Pseudomonas aeruginosa|Carbapenems","S - susceptible isolates","N","2006","CY","Cyprus",30.000000000,""
"Antimicrobial resistance","Pseudomonas aeruginosa|Carbapenems","S - susceptible isolates","N","2006","CZ","Czechia",329.000000000,""
"Antimicrobial resistance","Pseudomonas aeruginosa|Carbapenems","S - susceptible isolates","N","2006","DE","Germany",118.000000000,""
"Antimicrobial resistance","Pseudomonas aeruginosa|Carbapenems","S - susceptible isolates","N","2006","EE","Estonia",27.000000000,""
"Antimicrobial resistance","Pseudomonas aeruginosa|Carbapenems","S - susceptible isolates","N","2006","EL","Greece",378.000000000,""
"Antimicrobial resistance","Pseudomonas aeruginosa|Carbapenems","S - susceptible isolates","N","2006","ES","Spain",333.000000000,""
"Antimicrobial resistance","Pseudomonas aeruginosa|Carbapenems","S - susceptible isolates","N","2006","FI","Finland",144.000000000,""
"Antimicrobial resistance","Pseudomonas aeruginosa|Carbapenems","S - susceptible isolates","N","2006","FR","France",842.000000000,""
"Antimicrobial resistance","Pseudomonas aeruginosa|Carbapenems","S - susceptible isolates","N","2006","HR","Croatia",127.000000000,""
"Antimicrobial resistance","Pseudomonas aeruginosa|Carbapenems","S - susceptible isolates","N","2006","HU","Hungary",431.000000000,""
"Antimicrobial resistance","Pseudomonas aeruginosa|Carbapenems","S - susceptible isolates","N","2006","IE","Ireland",105.000000000,""
"Antimicrobial resistance","Pseudomonas aeruginosa|Carbapenems","S - susceptible isolates","N","2006","IS","Iceland",9.000000000,""
"Antimicrobial resistance","Pseudomonas aeruginosa|Carbapenems","S - susceptible isolates","N","2006","IT","Italy",136.000000000,""
"Antimicrobial resistance","Pseudomonas aeruginosa|Carbapenems","S - susceptible isolates","N","2006","LT","Lithuania",11.000000000,""
"Antimicrobial resistance","Pseudomonas aeruginosa|Carbapenems","S - susceptible isolates","N","2006","LU","Luxembourg",13.000000000,""
"Antimicrobial resistance","Pseudomonas aeruginosa|Carbapenems","S - susceptible isolates","N","2006","LV","Latvia",12.000000000,""
"Antimicrobial resistance","Pseudomonas aeruginosa|Carbapenems","S - susceptible isolates","N","2006","MT","Malta",40.000000000,""
"Antimicrobial resistance","Pseudomonas aeruginosa|Carbapenems","S - susceptible isolates","N","2006","NL","Netherlands",279.000000000,""
"Antimicrobial resistance","Pseudomonas aeruginosa|Carbapenems","S - susceptible isolates","N","2006","NO","Norway",73.000000000,""
"Antimicrobial resistance","Pseudomonas aeruginosa|Carbapenems","S - susceptible isolates","N","2006","PL","Poland",26.000000000,""
"Antimicrobial resistance","Pseudomonas aeruginosa|Carbapenems","S - susceptible isolates","N","2006","PT","Portugal",196.000000000,""
"Antimicrobial resistance","Pseudomonas aeruginosa|Carbapenems","S - susceptible isolates","N","2006","RO","Romania",2.000000000,""
"Antimicrobial resistance","Pseudomonas aeruginosa|Carbapenems","S - susceptible isolates","N","2006","SE","Sweden",221.000000000,""
"Antimicrobial resistance","Pseudomonas aeruginosa|Carbapenems","S - susceptible isolates","N","2006","SI","Slovenia",67.000000000,""
"Antimicrobial resistance","Pseudomonas aeruginosa|Carbapenems","S - susceptible isolates","N","2006","UK","United Kingdom",242.000000000,""
"Antimicrobial resistance","Pseudomonas aeruginosa|Carbapenems","S - susceptible isolates","N","2007","AT","Austria",352.000000000,""
"Antimicrobial resistance","Pseudomonas aeruginosa|Carbapenems","S - susceptible isolates","N","2007","BG","Bulgaria",11.000000000,""
"Antimicrobial resistance","Pseudomonas aeruginosa|Carbapenems","S - susceptible isolates","N","2007","CY","Cyprus",41.000000000,""
"Antimicrobial resistance","Pseudomonas aeruginosa|Carbapenems","S - susceptible isolates","N","2007","CZ","Czechia",331.000000000,""
"Antimicrobial resistance","Pseudomonas aeruginosa|Carbapenems","S - susceptible isolates","N","2007","DE","Germany",134.000000000,""
"Antimicrobial resistance","Pseudomonas aeruginosa|Carbapenems","S - susceptible isolates","N","2007","DK","Denmark",296.000000000,""
"Antimicrobial resistance","Pseudomonas aeruginosa|Carbapenems","S - susceptible isolates","N","2007","EE","Estonia",33.000000000,""
"Antimicrobial resistance","Pseudomonas aeruginosa|Carbapenems","S - susceptible isolates","N","2007","EL","Greece",395.000000000,""
"Antimicrobial resistance","Pseudomonas aeruginosa|Carbapenems","S - susceptible isolates","N","2007","ES","Spain",360.000000000,""
"Antimicrobial resistance","Pseudomonas aeruginosa|Carbapenems","S - susceptible isolates","N","2007","FI","Finland",159.000000000,""
"Antimicrobial resistance","Pseudomonas aeruginosa|Carbapenems","S - susceptible isolates","N","2007","FR","France",1062.000000000,""
"Antimicrobial resistance","Pseudomonas aeruginosa|Carbapenems","S - susceptible isolates","N","2007","HR","Croatia",136.000000000,""
"Antimicrobial resistance","Pseudomonas aeruginosa|Carbapenems","S - susceptible isolates","N","2007","HU","Hungary",399.000000000,""
"Antimicrobial resistance","Pseudomonas aeruginosa|Carbapenems","S - susceptible isolates","N","2007","IE","Ireland",142.000000000,""
"Antimicrobial resistance","Pseudomonas aeruginosa|Carbapenems","S - susceptible isolates","N","2007","IS","Iceland",9.000000000,""
"Antimicrobial resistance","Pseudomonas aeruginosa|Carbapenems","S - susceptible isolates","N","2007","IT","Italy",125.000000000,""
"Antimicrobial resistance","Pseudomonas aeruginosa|Carbapenems","S - susceptible isolates","N","2007","LT","Lithuania",14.000000000,""
"Antimicrobial resistance","Pseudomonas aeruginosa|Carbapenems","S - susceptible isolates","N","2007","LU","Luxembourg",7.000000000,""
"Antimicrobial resistance","Pseudomonas aeruginosa|Carbapenems","S - susceptible isolates","N","2007","LV","Latvia",15.000000000,""
"Antimicrobial resistance","Pseudomonas aeruginosa|Carbapenems","S - susceptible isolates","N","2007","MT","Malta",32.000000000,""
"Antimicrobial resistance","Pseudomonas aeruginosa|Carbapenems","S - susceptible isolates","N","2007","NL","Netherlands",280.000000000,""
"Antimicrobial resistance","Pseudomonas aeruginosa|Carbapenems","S - susceptible isolates","N","2007","NO","Norway",83.000000000,""
"Antimicrobial resistance","Pseudomonas aeruginosa|Carbapenems","S - susceptible isolates","N","2007","PL","Poland",52.000000000,""
"Antimicrobial resistance","Pseudomonas aeruginosa|Carbapenems","S - susceptible isolates","N","2007","PT","Portugal",271.000000000,""
"Antimicrobial resistance","Pseudomonas aeruginosa|Carbapenems","S - susceptible isolates","N","2007","RO","Romania",3.000000000,""
"Antimicrobial resistance","Pseudomonas aeruginosa|Carbapenems","S - susceptible isolates","N","2007","SE","Sweden",295.000000000,""
"Antimicrobial resistance","Pseudomonas aeruginosa|Carbapenems","S - susceptible isolates","N","2007","SI","Slovenia",70.000000000,""
"Antimicrobial resistance","Pseudomonas aeruginosa|Carbapenems","S - susceptible isolates","N","2007","UK","United Kingdom",216.000000000,""
"Antimicrobial resistance","Pseudomonas aeruginosa|Carbapenems","S - susceptible isolates","N","2008","AT","Austria",443.000000000,""
"Antimicrobial resistance","Pseudomonas aeruginosa|Carbapenems","S - susceptible isolates","N","2008","BG","Bulgaria",18.000000000,""
"Antimicrobial resistance","Pseudomonas aeruginosa|Carbapenems","S - susceptible isolates","N","2008","CY","Cyprus",32.000000000,""
"Antimicrobial resistance","Pseudomonas aeruginosa|Carbapenems","S - susceptible isolates","N","2008","CZ","Czechia",400.000000000,""
"Antimicrobial resistance","Pseudomonas aeruginosa|Carbapenems","S - susceptible isolates","N","2008","DE","Germany",144.000000000,""
"Antimicrobial resistance","Pseudomonas aeruginosa|Carbapenems","S - susceptible isolates","N","2008","DK","Denmark",333.000000000,""
"Antimicrobial resistance","Pseudomonas aeruginosa|Carbapenems","S - susceptible isolates","N","2008","EE","Estonia",28.000000000,""
"Antimicrobial resistance","Pseudomonas aeruginosa|Carbapenems","S - susceptible isolates","N","2008","EL","Greece",442.000000000,""
"Antimicrobial resistance","Pseudomonas aeruginosa|Carbapenems","S - susceptible isolates","N","2008","ES","Spain",462.000000000,""
"Antimicrobial resistance","Pseudomonas aeruginosa|Carbapenems","S - susceptible isolates","N","2008","FI","Finland",163.000000000,""
"Antimicrobial resistance","Pseudomonas aeruginosa|Carbapenems","S - susceptible isolates","N","2008","FR","France",985.000000000,""
"Antimicrobial resistance","Pseudomonas aeruginosa|Carbapenems","S - susceptible isolates","N","2008","HR","Croatia",146.000000000,""
"Antimicrobial resistance","Pseudomonas aeruginosa|Carbapenems","S - susceptible isolates","N","2008","HU","Hungary",355.000000000,""
"Antimicrobial resistance","Pseudomonas aeruginosa|Carbapenems","S - susceptible isolates","N","2008","IE","Ireland",162.000000000,""
"Antimicrobial resistance","Pseudomonas aeruginosa|Carbapenems","S - susceptible isolates","N","2008","IS","Iceland",7.000000000,""
"Antimicrobial resistance","Pseudomonas aeruginosa|Carbapenems","S - susceptible isolates","N","2008","IT","Italy",102.000000000,""
"Antimicrobial resistance","Pseudomonas aeruginosa|Carbapenems","S - susceptible isolates","N","2008","LT","Lithuania",16.000000000,""
"Antimicrobial resistance","Pseudomonas aeruginosa|Carbapenems","S - susceptible isolates","N","2008","LU","Luxembourg",6.000000000,""
"Antimicrobial resistance","Pseudomonas aeruginosa|Carbapenems","S - susceptible isolates","N","2008","LV","Latvia",6.000000000,""
"Antimicrobial resistance","Pseudomonas aeruginosa|Carbapenems","S - susceptible isolates","N","2008","MT","Malta",20.000000000,""
"Antimicrobial resistance","Pseudomonas aeruginosa|Carbapenems","S - susceptible isolates","N","2008","NL","Netherlands",316.000000000,""
"Antimicrobial resistance","Pseudomonas aeruginosa|Carbapenems","S - susceptible isolates","N","2008","NO","Norway",129.000000000,""
"Antimicrobial resistance","Pseudomonas aeruginosa|Carbapenems","S - susceptible isolates","N","2008","PL","Poland",18.000000000,""
"Antimicrobial resistance","Pseudomonas aeruginosa|Carbapenems","S - susceptible isolates","N","2008","PT","Portugal",342.000000000,""
"Antimicrobial resistance","Pseudomonas aeruginosa|Carbapenems","S - susceptible isolates","N","2008","RO","Romania",7.000000000,""
"Antimicrobial resistance","Pseudomonas aeruginosa|Carbapenems","S - susceptible isolates","N","2008","SE","Sweden",264.000000000,""
"Antimicrobial resistance","Pseudomonas aeruginosa|Carbapenems","S - susceptible isolates","N","2008","SI","Slovenia",77.000000000,""
"Antimicrobial resistance","Pseudomonas aeruginosa|Carbapenems","S - susceptible isolates","N","2008","UK","United Kingdom",223.000000000,""
"Antimicrobial resistance","Pseudomonas aeruginosa|Carbapenems","S - susceptible isolates","N","2009","AT","Austria",462.000000000,""
"Antimicrobial resistance","Pseudomonas aeruginosa|Carbapenems","S - susceptible isolates","N","2009","BE","Belgium",118.000000000,""
"Antimicrobial resistance","Pseudomonas aeruginosa|Carbapenems","S - susceptible isolates","N","2009","BG","Bulgaria",24.000000000,""
"Antimicrobial resistance","Pseudomonas aeruginosa|Carbapenems","S - susceptible isolates","N","2009","CY","Cyprus",53.000000000,""
"Antimicrobial resistance","Pseudomonas aeruginosa|Carbapenems","S - susceptible isolates","N","2009","CZ","Czechia",409.000000000,""
"Antimicrobial resistance","Pseudomonas aeruginosa|Carbapenems","S - susceptible isolates","N","2009","DE","Germany",244.000000000,""
"Antimicrobial resistance","Pseudomonas aeruginosa|Carbapenems","S - susceptible isolates","N","2009","DK","Denmark",334.000000000,""
"Antimicrobial resistance","Pseudomonas aeruginosa|Carbapenems","S - susceptible isolates","N","2009","EE","Estonia",22.000000000,""
"Antimicrobial resistance","Pseudomonas aeruginosa|Carbapenems","S - susceptible isolates","N","2009","EL","Greece",579.000000000,""
"Antimicrobial resistance","Pseudomonas aeruginosa|Carbapenems","S - susceptible isolates","N","2009","ES","Spain",435.000000000,""
"Antimicrobial resistance","Pseudomonas aeruginosa|Carbapenems","S - susceptible isolates","N","2009","FI","Finland",207.000000000,""
"Antimicrobial resistance","Pseudomonas aeruginosa|Carbapenems","S - susceptible isolates","N","2009","FR","France",923.000000000,""
"Antimicrobial resistance","Pseudomonas aeruginosa|Carbapenems","S - susceptible isolates","N","2009","HU","Hungary",363.000000000,""
"Antimicrobial resistance","Pseudomonas aeruginosa|Carbapenems","S - susceptible isolates","N","2009","IE","Ireland",201.000000000,""
"Antimicrobial resistance","Pseudomonas aeruginosa|Carbapenems","S - susceptible isolates","N","2009","IS","Iceland",15.000000000,""
"Antimicrobial resistance","Pseudomonas aeruginosa|Carbapenems","S - susceptible isolates","N","2009","IT","Italy",123.000000000,""
"Antimicrobial resistance","Pseudomonas aeruginosa|Carbapenems","S - susceptible isolates","N","2009","LT","Lithuania",17.000000000,""
"Antimicrobial resistance","Pseudomonas aeruginosa|Carbapenems","S - susceptible isolates","N","2009","LU","Luxembourg",28.000000000,""
"Antimicrobial resistance","Pseudomonas aeruginosa|Carbapenems","S - susceptible isolates","N","2009","LV","Latvia",12.000000000,""
"Antimicrobial resistance","Pseudomonas aeruginosa|Carbapenems","S - susceptible isolates","N","2009","MT","Malta",45.000000000,""
"Antimicrobial resistance","Pseudomonas aeruginosa|Carbapenems","S - susceptible isolates","N","2009","NL","Netherlands",223.000000000,""
"Antimicrobial resistance","Pseudomonas aeruginosa|Carbapenems","S - susceptible isolates","N","2009","NO","Norway",151.000000000,""
"Antimicrobial resistance","Pseudomonas aeruginosa|Carbapenems","S - susceptible isolates","N","2009","PL","Poland",105.000000000,""
"Antimicrobial resistance","Pseudomonas aeruginosa|Carbapenems","S - susceptible isolates","N","2009","PT","Portugal",415.000000000,""
"Antimicrobial resistance","Pseudomonas aeruginosa|Carbapenems","S - susceptible isolates","N","2009","RO","Romania",7.000000000,""
"Antimicrobial resistance","Pseudomonas aeruginosa|Carbapenems","S - susceptible isolates","N","2009","SI","Slovenia",90.000000000,""
"Antimicrobial resistance","Pseudomonas aeruginosa|Carbapenems","S - susceptible isolates","N","2009","UK","United Kingdom",432.000000000,""
"Antimicrobial resistance","Pseudomonas aeruginosa|Carbapenems","S - susceptible isolates","N","2010","AT","Austria",398.000000000,""
"Antimicrobial resistance","Pseudomonas aeruginosa|Carbapenems","S - susceptible isolates","N","2010","BE","Belgium",121.000000000,""
"Antimicrobial resistance","Pseudomonas aeruginosa|Carbapenems","S - susceptible isolates","N","2010","BG","Bulgaria",29.000000000,""
"Antimicrobial resistance","Pseudomonas aeruginosa|Carbapenems","S - susceptible isolates","N","2010","CY","Cyprus",17.000000000,""
"Antimicrobial resistance","Pseudomonas aeruginosa|Carbapenems","S - susceptible isolates","N","2010","CZ","Czechia",328.000000000,""
"Antimicrobial resistance","Pseudomonas aeruginosa|Carbapenems","S - susceptible isolates","N","2010","DE","Germany",256.000000000,""
"Antimicrobial resistance","Pseudomonas aeruginosa|Carbapenems","S - susceptible isolates","N","2010","DK","Denmark",342.000000000,""
"Antimicrobial resistance","Pseudomonas aeruginosa|Carbapenems","S - susceptible isolates","N","2010","EE","Estonia",30.000000000,""
"Antimicrobial resistance","Pseudomonas aeruginosa|Carbapenems","S - susceptible isolates","N","2010","EL","Greece",535.000000000,""
"Antimicrobial resistance","Pseudomonas aeruginosa|Carbapenems","S - susceptible isolates","N","2010","ES","Spain",595.000000000,""
"Antimicrobial resistance","Pseudomonas aeruginosa|Carbapenems","S - susceptible isolates","N","2010","FI","Finland",246.000000000,""
"Antimicrobial resistance","Pseudomonas aeruginosa|Carbapenems","S - susceptible isolates","N","2010","FR","France",914.000000000,""
"Antimicrobial resistance","Pseudomonas aeruginosa|Carbapenems","S - susceptible isolates","N","2010","HR","Croatia",140.000000000,""
"Antimicrobial resistance","Pseudomonas aeruginosa|Carbapenems","S - susceptible isolates","N","2010","HU","Hungary",457.000000000,""
"Antimicrobial resistance","Pseudomonas aeruginosa|Carbapenems","S - susceptible isolates","N","2010","IE","Ireland",198.000000000,""
"Antimicrobial resistance","Pseudomonas aeruginosa|Carbapenems","S - susceptible isolates","N","2010","IS","Iceland",12.000000000,""
"Antimicrobial resistance","Pseudomonas aeruginosa|Carbapenems","S - susceptible isolates","N","2010","IT","Italy",375.000000000,""
"Antimicrobial resistance","Pseudomonas aeruginosa|Carbapenems","S - susceptible isolates","N","2010","LT","Lithuania",22.000000000,""
"Antimicrobial resistance","Pseudomonas aeruginosa|Carbapenems","S - susceptible isolates","N","2010","LU","Luxembourg",27.000000000,""
"Antimicrobial resistance","Pseudomonas aeruginosa|Carbapenems","S - susceptible isolates","N","2010","LV","Latvia",18.000000000,""
"Antimicrobial resistance","Pseudomonas aeruginosa|Carbapenems","S - susceptible isolates","N","2010","MT","Malta",31.000000000,""
"Antimicrobial resistance","Pseudomonas aeruginosa|Carbapenems","S - susceptible isolates","N","2010","NL","Netherlands",490.000000000,""
"Antimicrobial resistance","Pseudomonas aeruginosa|Carbapenems","S - susceptible isolates","N","2010","NO","Norway",163.000000000,""
"Antimicrobial resistance","Pseudomonas aeruginosa|Carbapenems","S - susceptible isolates","N","2010","PL","Poland",124.000000000,""
"Antimicrobial resistance","Pseudomonas aeruginosa|Carbapenems","S - susceptible isolates","N","2010","PT","Portugal",428.000000000,""
"Antimicrobial resistance","Pseudomonas aeruginosa|Carbapenems","S - susceptible isolates","N","2010","RO","Romania",3.000000000,""
"Antimicrobial resistance","Pseudomonas aeruginosa|Carbapenems","S - susceptible isolates","N","2010","SE","Sweden",335.000000000,""
"Antimicrobial resistance","Pseudomonas aeruginosa|Carbapenems","S - susceptible isolates","N","2010","SI","Slovenia",71.000000000,""
"Antimicrobial resistance","Pseudomonas aeruginosa|Carbapenems","S - susceptible isolates","N","2010","UK","United Kingdom",434.000000000,""
"Antimicrobial resistance","Pseudomonas aeruginosa|Carbapenems","S - susceptible isolates","N","2011","AT","Austria",460.000000000,""
"Antimicrobial resistance","Pseudomonas aeruginosa|Carbapenems","S - susceptible isolates","N","2011","BE","Belgium",387.000000000,""
"Antimicrobial resistance","Pseudomonas aeruginosa|Carbapenems","S - susceptible isolates","N","2011","BG","Bulgaria",31.000000000,""
"Antimicrobial resistance","Pseudomonas aeruginosa|Carbapenems","S - susceptible isolates","N","2011","CY","Cyprus",18.000000000,""
"Antimicrobial resistance","Pseudomonas aeruginosa|Carbapenems","S - susceptible isolates","N","2011","CZ","Czechia",319.000000000,""
"Antimicrobial resistance","Pseudomonas aeruginosa|Carbapenems","S - susceptible isolates","N","2011","DE","Germany",328.000000000,""
"Antimicrobial resistance","Pseudomonas aeruginosa|Carbapenems","S - susceptible isolates","N","2011","DK","Denmark",364.000000000,""
"Antimicrobial resistance","Pseudomonas aeruginosa|Carbapenems","S - susceptible isolates","N","2011","EE","Estonia",10.000000000,""
"Antimicrobial resistance","Pseudomonas aeruginosa|Carbapenems","S - susceptible isolates","N","2011","EL","Greece",267.000000000,""
"Antimicrobial resistance","Pseudomonas aeruginosa|Carbapenems","S - susceptible isolates","N","2011","ES","Spain",677.000000000,""
"Antimicrobial resistance","Pseudomonas aeruginosa|Carbapenems","S - susceptible isolates","N","2011","FI","Finland",221.000000000,""
"Antimicrobial resistance","Pseudomonas aeruginosa|Carbapenems","S - susceptible isolates","N","2011","FR","France",1216.000000000,""
"Antimicrobial resistance","Pseudomonas aeruginosa|Carbapenems","S - susceptible isolates","N","2011","HR","Croatia",132.000000000,""
"Antimicrobial resistance","Pseudomonas aeruginosa|Carbapenems","S - susceptible isolates","N","2011","HU","Hungary",459.000000000,""
"Antimicrobial resistance","Pseudomonas aeruginosa|Carbapenems","S - susceptible isolates","N","2011","IE","Ireland",159.000000000,""
"Antimicrobial resistance","Pseudomonas aeruginosa|Carbapenems","S - susceptible isolates","N","2011","IS","Iceland",16.000000000,""
"Antimicrobial resistance","Pseudomonas aeruginosa|Carbapenems","S - susceptible isolates","N","2011","IT","Italy",234.000000000,""
"Antimicrobial resistance","Pseudomonas aeruginosa|Carbapenems","S - susceptible isolates","N","2011","LT","Lithuania",24.000000000,""
"Antimicrobial resistance","Pseudomonas aeruginosa|Carbapenems","S - susceptible isolates","N","2011","LU","Luxembourg",26.000000000,""
"Antimicrobial resistance","Pseudomonas aeruginosa|Carbapenems","S - susceptible isolates","N","2011","LV","Latvia",10.000000000,""
"Antimicrobial resistance","Pseudomonas aeruginosa|Carbapenems","S - susceptible isolates","N","2011","MT","Malta",29.000000000,""
"Antimicrobial resistance","Pseudomonas aeruginosa|Carbapenems","S - susceptible isolates","N","2011","NL","Netherlands",502.000000000,""
"Antimicrobial resistance","Pseudomonas aeruginosa|Carbapenems","S - susceptible isolates","N","2011","NO","Norway",137.000000000,""
"Antimicrobial resistance","Pseudomonas aeruginosa|Carbapenems","S - susceptible isolates","N","2011","PL","Poland",127.000000000,""
"Antimicrobial resistance","Pseudomonas aeruginosa|Carbapenems","S - susceptible isolates","N","2011","PT","Portugal",388.000000000,""
"Antimicrobial resistance","Pseudomonas aeruginosa|Carbapenems","S - susceptible isolates","N","2011","RO","Romania",4.000000000,""
"Antimicrobial resistance","Pseudomonas aeruginosa|Carbapenems","S - susceptible isolates","N","2011","SE","Sweden",370.000000000,""
"Antimicrobial resistance","Pseudomonas aeruginosa|Carbapenems","S - susceptible isolates","N","2011","SI","Slovenia",88.000000000,""
"Antimicrobial resistance","Pseudomonas aeruginosa|Carbapenems","S - susceptible isolates","N","2011","SK","Slovakia",158.000000000,""
"Antimicrobial resistance","Pseudomonas aeruginosa|Carbapenems","S - susceptible isolates","N","2011","UK","United Kingdom",503.000000000,""
"Antimicrobial resistance","Pseudomonas aeruginosa|Carbapenems","S - susceptible isolates","N","2012","AT","Austria",468.000000000,""
"Antimicrobial resistance","Pseudomonas aeruginosa|Carbapenems","S - susceptible isolates","N","2012","BE","Belgium",339.000000000,""
"Antimicrobial resistance","Pseudomonas aeruginosa|Carbapenems","S - susceptible isolates","N","2012","BG","Bulgaria",31.000000000,""
"Antimicrobial resistance","Pseudomonas aeruginosa|Carbapenems","S - susceptible isolates","N","2012","CY","Cyprus",17.000000000,""
"Antimicrobial resistance","Pseudomonas aeruginosa|Carbapenems","S - susceptible isolates","N","2012","CZ","Czechia",345.000000000,""
"Antimicrobial resistance","Pseudomonas aeruginosa|Carbapenems","S - susceptible isolates","N","2012","DE","Germany",368.000000000,""
"Antimicrobial resistance","Pseudomonas aeruginosa|Carbapenems","S - susceptible isolates","N","2012","DK","Denmark",334.000000000,""
"Antimicrobial resistance","Pseudomonas aeruginosa|Carbapenems","S - susceptible isolates","N","2012","EE","Estonia",28.000000000,""
"Antimicrobial resistance","Pseudomonas aeruginosa|Carbapenems","S - susceptible isolates","N","2012","EL","Greece",442.000000000,""
"Antimicrobial resistance","Pseudomonas aeruginosa|Carbapenems","S - susceptible isolates","N","2012","ES","Spain",678.000000000,""
"Antimicrobial resistance","Pseudomonas aeruginosa|Carbapenems","S - susceptible isolates","N","2012","FI","Finland",287.000000000,""
"Antimicrobial resistance","Pseudomonas aeruginosa|Carbapenems","S - susceptible isolates","N","2012","FR","France",1336.000000000,""
"Antimicrobial resistance","Pseudomonas aeruginosa|Carbapenems","S - susceptible isolates","N","2012","HR","Croatia",128.000000000,""
"Antimicrobial resistance","Pseudomonas aeruginosa|Carbapenems","S - susceptible isolates","N","2012","HU","Hungary",431.000000000,""
"Antimicrobial resistance","Pseudomonas aeruginosa|Carbapenems","S - susceptible isolates","N","2012","IE","Ireland",174.000000000,""
"Antimicrobial resistance","Pseudomonas aeruginosa|Carbapenems","S - susceptible isolates","N","2012","IS","Iceland",9.000000000,""
"Antimicrobial resistance","Pseudomonas aeruginosa|Carbapenems","S - susceptible isolates","N","2012","IT","Italy",482.000000000,""
"Antimicrobial resistance","Pseudomonas aeruginosa|Carbapenems","S - susceptible isolates","N","2012","LT","Lithuania",22.000000000,""
"Antimicrobial resistance","Pseudomonas aeruginosa|Carbapenems","S - susceptible isolates","N","2012","LU","Luxembourg",25.000000000,""
"Antimicrobial resistance","Pseudomonas aeruginosa|Carbapenems","S - susceptible isolates","N","2012","LV","Latvia",16.000000000,""
"Antimicrobial resistance","Pseudomonas aeruginosa|Carbapenems","S - susceptible isolates","N","2012","MT","Malta",28.000000000,""
"Antimicrobial resistance","Pseudomonas aeruginosa|Carbapenems","S - susceptible isolates","N","2012","NL","Netherlands",525.000000000,""
"Antimicrobial resistance","Pseudomonas aeruginosa|Carbapenems","S - susceptible isolates","N","2012","NO","Norway",188.000000000,""
"Antimicrobial resistance","Pseudomonas aeruginosa|Carbapenems","S - susceptible isolates","N","2012","PL","Poland",122.000000000,""
"Antimicrobial resistance","Pseudomonas aeruginosa|Carbapenems","S - susceptible isolates","N","2012","PT","Portugal",430.000000000,""
"Antimicrobial resistance","Pseudomonas aeruginosa|Carbapenems","S - susceptible isolates","N","2012","RO","Romania",18.000000000,""
"Antimicrobial resistance","Pseudomonas aeruginosa|Carbapenems","S - susceptible isolates","N","2012","SE","Sweden",322.000000000,""
"Antimicrobial resistance","Pseudomonas aeruginosa|Carbapenems","S - susceptible isolates","N","2012","SI","Slovenia",100.000000000,""
"Antimicrobial resistance","Pseudomonas aeruginosa|Carbapenems","S - susceptible isolates","N","2012","SK","Slovakia",101.000000000,""
"Antimicrobial resistance","Pseudomonas aeruginosa|Carbapenems","S - susceptible isolates","N","2012","UK","United Kingdom",559.000000000,""
"Antimicrobial resistance","Pseudomonas aeruginosa|Carbapenems","S - susceptible isolates","N","2013","AT","Austria",523.000000000,""
"Antimicrobial resistance","Pseudomonas aeruginosa|Carbapenems","S - susceptible isolates","N","2013","BE","Belgium",446.000000000,""
"Antimicrobial resistance","Pseudomonas aeruginosa|Carbapenems","S - susceptible isolates","N","2013","BG","Bulgaria",48.000000000,""
"Antimicrobial resistance","Pseudomonas aeruginosa|Carbapenems","S - susceptible isolates","N","2013","CY","Cyprus",38.000000000,""
"Antimicrobial resistance","Pseudomonas aeruginosa|Carbapenems","S - susceptible isolates","N","2013","CZ","Czechia",359.000000000,""
"Antimicrobial resistance","Pseudomonas aeruginosa|Carbapenems","S - susceptible isolates","N","2013","DE","Germany",512.000000000,""
"Antimicrobial resistance","Pseudomonas aeruginosa|Carbapenems","S - susceptible isolates","N","2013","DK","Denmark",394.000000000,""
"Antimicrobial resistance","Pseudomonas aeruginosa|Carbapenems","S - susceptible isolates","N","2013","EE","Estonia",18.000000000,""
"Antimicrobial resistance","Pseudomonas aeruginosa|Carbapenems","S - susceptible isolates","N","2013","EL","Greece",405.000000000,""
"Antimicrobial resistance","Pseudomonas aeruginosa|Carbapenems","S - susceptible isolates","N","2013","ES","Spain",648.000000000,""
"Antimicrobial resistance","Pseudomonas aeruginosa|Carbapenems","S - susceptible isolates","N","2013","FI","Finland",269.000000000,""
"Antimicrobial resistance","Pseudomonas aeruginosa|Carbapenems","S - susceptible isolates","N","2013","FR","France",1455.000000000,""
"Antimicrobial resistance","Pseudomonas aeruginosa|Carbapenems","S - susceptible isolates","N","2013","HR","Croatia",171.000000000,""
"Antimicrobial resistance","Pseudomonas aeruginosa|Carbapenems","S - susceptible isolates","N","2013","HU","Hungary",433.000000000,""
"Antimicrobial resistance","Pseudomonas aeruginosa|Carbapenems","S - susceptible isolates","N","2013","IE","Ireland",176.000000000,""
"Antimicrobial resistance","Pseudomonas aeruginosa|Carbapenems","S - susceptible isolates","N","2013","IS","Iceland",10.000000000,""
"Antimicrobial resistance","Pseudomonas aeruginosa|Carbapenems","S - susceptible isolates","N","2013","IT","Italy",545.000000000,""
"Antimicrobial resistance","Pseudomonas aeruginosa|Carbapenems","S - susceptible isolates","N","2013","LT","Lithuania",27.000000000,""
"Antimicrobial resistance","Pseudomonas aeruginosa|Carbapenems","S - susceptible isolates","N","2013","LU","Luxembourg",25.000000000,""
"Antimicrobial resistance","Pseudomonas aeruginosa|Carbapenems","S - susceptible isolates","N","2013","LV","Latvia",16.000000000,""
"Antimicrobial resistance","Pseudomonas aeruginosa|Carbapenems","S - susceptible isolates","N","2013","MT","Malta",21.000000000,""
"Antimicrobial resistance","Pseudomonas aeruginosa|Carbapenems","S - susceptible isolates","N","2013","NL","Netherlands",548.000000000,""
"Antimicrobial resistance","Pseudomonas aeruginosa|Carbapenems","S - susceptible isolates","N","2013","NO","Norway",183.000000000,""
"Antimicrobial resistance","Pseudomonas aeruginosa|Carbapenems","S - susceptible isolates","N","2013","PL","Poland",118.000000000,""
"Antimicrobial resistance","Pseudomonas aeruginosa|Carbapenems","S - susceptible isolates","N","2013","PT","Portugal",569.000000000,""
"Antimicrobial resistance","Pseudomonas aeruginosa|Carbapenems","S - susceptible isolates","N","2013","RO","Romania",32.000000000,""
"Antimicrobial resistance","Pseudomonas aeruginosa|Carbapenems","S - susceptible isolates","N","2013","SE","Sweden",459.000000000,""
"Antimicrobial resistance","Pseudomonas aeruginosa|Carbapenems","S - susceptible isolates","N","2013","SI","Slovenia",88.000000000,""
"Antimicrobial resistance","Pseudomonas aeruginosa|Carbapenems","S - susceptible isolates","N","2013","SK","Slovakia",80.000000000,""
"Antimicrobial resistance","Pseudomonas aeruginosa|Carbapenems","S - susceptible isolates","N","2013","UK","United Kingdom",621.000000000,""
"Antimicrobial resistance","Pseudomonas aeruginosa|Carbapenems","S - susceptible isolates","N","2014","AT","Austria",531.000000000,""
"Antimicrobial resistance","Pseudomonas aeruginosa|Carbapenems","S - susceptible isolates","N","2014","BE","Belgium",295.000000000,""
"Antimicrobial resistance","Pseudomonas aeruginosa|Carbapenems","S - susceptible isolates","N","2014","BG","Bulgaria",32.000000000,""
"Antimicrobial resistance","Pseudomonas aeruginosa|Carbapenems","S - susceptible isolates","N","2014","CY","Cyprus",26.000000000,""
"Antimicrobial resistance","Pseudomonas aeruginosa|Carbapenems","S - susceptible isolates","N","2014","CZ","Czechia",319.000000000,""
"Antimicrobial resistance","Pseudomonas aeruginosa|Carbapenems","S - susceptible isolates","N","2014","DE","Germany",515.000000000,""
"Antimicrobial resistance","Pseudomonas aeruginosa|Carbapenems","S - susceptible isolates","N","2014","DK","Denmark",363.000000000,""
"Antimicrobial resistance","Pseudomonas aeruginosa|Carbapenems","S - susceptible isolates","N","2014","EE","Estonia",31.000000000,""
"Antimicrobial resistance","Pseudomonas aeruginosa|Carbapenems","S - susceptible isolates","N","2014","EL","Greece",379.000000000,""
"Antimicrobial resistance","Pseudomonas aeruginosa|Carbapenems","S - susceptible isolates","N","2014","ES","Spain",683.000000000,""
"Antimicrobial resistance","Pseudomonas aeruginosa|Carbapenems","S - susceptible isolates","N","2014","FI","Finland",271.000000000,""
"Antimicrobial resistance","Pseudomonas aeruginosa|Carbapenems","S - susceptible isolates","N","2014","FR","France",1366.000000000,""
"Antimicrobial resistance","Pseudomonas aeruginosa|Carbapenems","S - susceptible isolates","N","2014","HR","Croatia",134.000000000,""
"Antimicrobial resistance","Pseudomonas aeruginosa|Carbapenems","S - susceptible isolates","N","2014","HU","Hungary",481.000000000,""
"Antimicrobial resistance","Pseudomonas aeruginosa|Carbapenems","S - susceptible isolates","N","2014","IE","Ireland",157.000000000,""
"Antimicrobial resistance","Pseudomonas aeruginosa|Carbapenems","S - susceptible isolates","N","2014","IS","Iceland",9.000000000,""
"Antimicrobial resistance","Pseudomonas aeruginosa|Carbapenems","S - susceptible isolates","N","2014","IT","Italy",530.000000000,""
"Antimicrobial resistance","Pseudomonas aeruginosa|Carbapenems","S - susceptible isolates","N","2014","LT","Lithuania",22.000000000,""
"Antimicrobial resistance","Pseudomonas aeruginosa|Carbapenems","S - susceptible isolates","N","2014","LU","Luxembourg",38.000000000,""
"Antimicrobial resistance","Pseudomonas aeruginosa|Carbapenems","S - susceptible isolates","N","2014","LV","Latvia",14.000000000,""
"Antimicrobial resistance","Pseudomonas aeruginosa|Carbapenems","S - susceptible isolates","N","2014","MT","Malta",28.000000000,""
"Antimicrobial resistance","Pseudomonas aeruginosa|Carbapenems","S - susceptible isolates","N","2014","NL","Netherlands",629.000000000,""
"Antimicrobial resistance","Pseudomonas aeruginosa|Carbapenems","S - susceptible isolates","N","2014","NO","Norway",221.000000000,""
"Antimicrobial resistance","Pseudomonas aeruginosa|Carbapenems","S - susceptible isolates","N","2014","PL","Poland",125.000000000,""
"Antimicrobial resistance","Pseudomonas aeruginosa|Carbapenems","S - susceptible isolates","N","2014","PT","Portugal",770.000000000,""
"Antimicrobial resistance","Pseudomonas aeruginosa|Carbapenems","S - susceptible isolates","N","2014","RO","Romania",38.000000000,""
"Antimicrobial resistance","Pseudomonas aeruginosa|Carbapenems","S - susceptible isolates","N","2014","SE","Sweden",365.000000000,""
"Antimicrobial resistance","Pseudomonas aeruginosa|Carbapenems","S - susceptible isolates","N","2014","SI","Slovenia",66.000000000,""
"Antimicrobial resistance","Pseudomonas aeruginosa|Carbapenems","S - susceptible isolates","N","2014","SK","Slovakia",149.000000000,""
"Antimicrobial resistance","Pseudomonas aeruginosa|Carbapenems","S - susceptible isolates","N","2014","UK","United Kingdom",542.000000000,""
"Antimicrobial resistance","Pseudomonas aeruginosa|Carbapenems","S - susceptible isolates","N","2015","AT","Austria",581.000000000,""
"Antimicrobial resistance","Pseudomonas aeruginosa|Carbapenems","S - susceptible isolates","N","2015","BE","Belgium",239.000000000,""
"Antimicrobial resistance","Pseudomonas aeruginosa|Carbapenems","S - susceptible isolates","N","2015","BG","Bulgaria",40.000000000,""
"Antimicrobial resistance","Pseudomonas aeruginosa|Carbapenems","S - susceptible isolates","N","2015","CY","Cyprus",34.000000000,""
"Antimicrobial resistance","Pseudomonas aeruginosa|Carbapenems","S - susceptible isolates","N","2015","CZ","Czechia",356.000000000,""
"Antimicrobial resistance","Pseudomonas aeruginosa|Carbapenems","S - susceptible isolates","N","2015","DE","Germany",796.000000000,""
"Antimicrobial resistance","Pseudomonas aeruginosa|Carbapenems","S - susceptible isolates","N","2015","DK","Denmark",406.000000000,""
"Antimicrobial resistance","Pseudomonas aeruginosa|Carbapenems","S - susceptible isolates","N","2015","EE","Estonia",14.000000000,""
"Antimicrobial resistance","Pseudomonas aeruginosa|Carbapenems","S - susceptible isolates","N","2015","EL","Greece",379.000000000,""
"Antimicrobial resistance","Pseudomonas aeruginosa|Carbapenems","S - susceptible isolates","N","2015","ES","Spain",640.000000000,""
"Antimicrobial resistance","Pseudomonas aeruginosa|Carbapenems","S - susceptible isolates","N","2015","FI","Finland",310.000000000,""
"Antimicrobial resistance","Pseudomonas aeruginosa|Carbapenems","S - susceptible isolates","N","2015","FR","France",1523.000000000,""
"Antimicrobial resistance","Pseudomonas aeruginosa|Carbapenems","S - susceptible isolates","N","2015","HR","Croatia",146.000000000,""
"Antimicrobial resistance","Pseudomonas aeruginosa|Carbapenems","S - susceptible isolates","N","2015","HU","Hungary",480.000000000,""
"Antimicrobial resistance","Pseudomonas aeruginosa|Carbapenems","S - susceptible isolates","N","2015","IE","Ireland",163.000000000,""
"Antimicrobial resistance","Pseudomonas aeruginosa|Carbapenems","S - susceptible isolates","N","2015","IS","Iceland",12.000000000,""
"Antimicrobial resistance","Pseudomonas aeruginosa|Carbapenems","S - susceptible isolates","N","2015","IT","Italy",797.000000000,""
"Antimicrobial resistance","Pseudomonas aeruginosa|Carbapenems","S - susceptible isolates","N","2015","LT","Lithuania",28.000000000,""
"Antimicrobial resistance","Pseudomonas aeruginosa|Carbapenems","S - susceptible isolates","N","2015","LU","Luxembourg",22.000000000,""
"Antimicrobial resistance","Pseudomonas aeruginosa|Carbapenems","S - susceptible isolates","N","2015","LV","Latvia",10.000000000,""
"Antimicrobial resistance","Pseudomonas aeruginosa|Carbapenems","S - susceptible isolates","N","2015","MT","Malta",20.000000000,""
"Antimicrobial resistance","Pseudomonas aeruginosa|Carbapenems","S - susceptible isolates","N","2015","NL","Netherlands",574.000000000,""
"Antimicrobial resistance","Pseudomonas aeruginosa|Carbapenems","S - susceptible isolates","N","2015","NO","Norway",198.000000000,""
"Antimicrobial resistance","Pseudomonas aeruginosa|Carbapenems","S - susceptible isolates","N","2015","PL","Poland",146.000000000,""
"Antimicrobial resistance","Pseudomonas aeruginosa|Carbapenems","S - susceptible isolates","N","2015","PT","Portugal",909.000000000,""
"Antimicrobial resistance","Pseudomonas aeruginosa|Carbapenems","S - susceptible isolates","N","2015","RO","Romania",29.000000000,""
"Antimicrobial resistance","Pseudomonas aeruginosa|Carbapenems","S - susceptible isolates","N","2015","SE","Sweden",364.000000000,""
"Antimicrobial resistance","Pseudomonas aeruginosa|Carbapenems","S - susceptible isolates","N","2015","SI","Slovenia",109.000000000,""
"Antimicrobial resistance","Pseudomonas aeruginosa|Carbapenems","S - susceptible isolates","N","2015","SK","Slovakia",109.000000000,""
"Antimicrobial resistance","Pseudomonas aeruginosa|Carbapenems","S - susceptible isolates","N","2015","UK","United Kingdom",484.000000000,""
"Antimicrobial resistance","Pseudomonas aeruginosa|Carbapenems","S - susceptible isolates","N","2016","AT","Austria",578.000000000,""
"Antimicrobial resistance","Pseudomonas aeruginosa|Carbapenems","S - susceptible isolates","N","2016","BE","Belgium",319.000000000,""
"Antimicrobial resistance","Pseudomonas aeruginosa|Carbapenems","S - susceptible isolates","N","2016","BG","Bulgaria",37.000000000,""
"Antimicrobial resistance","Pseudomonas aeruginosa|Carbapenems","S - susceptible isolates","N","2016","CY","Cyprus",47.000000000,""
"Antimicrobial resistance","Pseudomonas aeruginosa|Carbapenems","S - susceptible isolates","N","2016","CZ","Czechia",364.000000000,""
"Antimicrobial resistance","Pseudomonas aeruginosa|Carbapenems","S - susceptible isolates","N","2016","DE","Germany",1173.000000000,""
"Antimicrobial resistance","Pseudomonas aeruginosa|Carbapenems","S - susceptible isolates","N","2016","DK","Denmark",437.000000000,""
"Antimicrobial resistance","Pseudomonas aeruginosa|Carbapenems","S - susceptible isolates","N","2016","EE","Estonia",42.000000000,""
"Antimicrobial resistance","Pseudomonas aeruginosa|Carbapenems","S - susceptible isolates","N","2016","EL","Greece",175.000000000,""
"Antimicrobial resistance","Pseudomonas aeruginosa|Carbapenems","S - susceptible isolates","N","2016","ES","Spain",634.000000000,""
"Antimicrobial resistance","Pseudomonas aeruginosa|Carbapenems","S - susceptible isolates","N","2016","FI","Finland",314.000000000,""
"Antimicrobial resistance","Pseudomonas aeruginosa|Carbapenems","S - susceptible isolates","N","2016","FR","France",1591.000000000,""
"Antimicrobial resistance","Pseudomonas aeruginosa|Carbapenems","S - susceptible isolates","N","2016","HR","Croatia",136.000000000,""
"Antimicrobial resistance","Pseudomonas aeruginosa|Carbapenems","S - susceptible isolates","N","2016","HU","Hungary",469.000000000,""
"Antimicrobial resistance","Pseudomonas aeruginosa|Carbapenems","S - susceptible isolates","N","2016","IE","Ireland",214.000000000,""
"Antimicrobial resistance","Pseudomonas aeruginosa|Carbapenems","S - susceptible isolates","N","2016","IS","Iceland",16.000000000,""
"Antimicrobial resistance","Pseudomonas aeruginosa|Carbapenems","S - susceptible isolates","N","2016","IT","Italy",865.000000000,""
"Antimicrobial resistance","Pseudomonas aeruginosa|Carbapenems","S - susceptible isolates","N","2016","LT","Lithuania",58.000000000,""
"Antimicrobial resistance","Pseudomonas aeruginosa|Carbapenems","S - susceptible isolates","N","2016","LU","Luxembourg",25.000000000,""
"Antimicrobial resistance","Pseudomonas aeruginosa|Carbapenems","S - susceptible isolates","N","2016","LV","Latvia",10.000000000,""
"Antimicrobial resistance","Pseudomonas aeruginosa|Carbapenems","S - susceptible isolates","N","2016","MT","Malta",35.000000000,""
"Antimicrobial resistance","Pseudomonas aeruginosa|Carbapenems","S - susceptible isolates","N","2016","NL","Netherlands",611.000000000,""
"Antimicrobial resistance","Pseudomonas aeruginosa|Carbapenems","S - susceptible isolates","N","2016","NO","Norway",199.000000000,""
"Antimicrobial resistance","Pseudomonas aeruginosa|Carbapenems","S - susceptible isolates","N","2016","PL","Poland",272.000000000,""
"Antimicrobial resistance","Pseudomonas aeruginosa|Carbapenems","S - susceptible isolates","N","2016","PT","Portugal",952.000000000,""
"Antimicrobial resistance","Pseudomonas aeruginosa|Carbapenems","S - susceptible isolates","N","2016","RO","Romania",41.000000000,""
"Antimicrobial resistance","Pseudomonas aeruginosa|Carbapenems","S - susceptible isolates","N","2016","SE","Sweden",408.000000000,""
"Antimicrobial resistance","Pseudomonas aeruginosa|Carbapenems","S - susceptible isolates","N","2016","SI","Slovenia",109.000000000,""
"Antimicrobial resistance","Pseudomonas aeruginosa|Carbapenems","S - susceptible isolates","N","2016","SK","Slovakia",98.000000000,""
"Antimicrobial resistance","Pseudomonas aeruginosa|Carbapenems","S - susceptible isolates","N","2016","UK","United Kingdom",1954.000000000,""
"Antimicrobial resistance","Pseudomonas aeruginosa|Carbapenems","S - susceptible isolates","N","2017","AT","Austria",603.000000000,""
"Antimicrobial resistance","Pseudomonas aeruginosa|Carbapenems","S - susceptible isolates","N","2017","BE","Belgium",421.000000000,""
"Antimicrobial resistance","Pseudomonas aeruginosa|Carbapenems","S - susceptible isolates","N","2017","BG","Bulgaria",50.000000000,""
"Antimicrobial resistance","Pseudomonas aeruginosa|Carbapenems","S - susceptible isolates","N","2017","CY","Cyprus",43.000000000,""
"Antimicrobial resistance","Pseudomonas aeruginosa|Carbapenems","S - susceptible isolates","N","2017","CZ","Czechia",342.000000000,""
"Antimicrobial resistance","Pseudomonas aeruginosa|Carbapenems","S - susceptible isolates","N","2017","DE","Germany",1610.000000000,""
"Antimicrobial resistance","Pseudomonas aeruginosa|Carbapenems","S - susceptible isolates","N","2017","DK","Denmark",459.000000000,""
"Antimicrobial resistance","Pseudomonas aeruginosa|Carbapenems","S - susceptible isolates","N","2017","EE","Estonia",48.000000000,""
"Antimicrobial resistance","Pseudomonas aeruginosa|Carbapenems","S - susceptible isolates","N","2017","EL","Greece",486.000000000,""
"Antimicrobial resistance","Pseudomonas aeruginosa|Carbapenems","S - susceptible isolates","N","2017","ES","Spain",683.000000000,""
"Antimicrobial resistance","Pseudomonas aeruginosa|Carbapenems","S - susceptible isolates","N","2017","FI","Finland",341.000000000,""
"Antimicrobial resistance","Pseudomonas aeruginosa|Carbapenems","S - susceptible isolates","N","2017","FR","France",1415.000000000,""
"Antimicrobial resistance","Pseudomonas aeruginosa|Carbapenems","S - susceptible isolates","N","2017","HR","Croatia",155.000000000,""
"Antimicrobial resistance","Pseudomonas aeruginosa|Carbapenems","S - susceptible isolates","N","2017","HU","Hungary",446.000000000,""
"Antimicrobial resistance","Pseudomonas aeruginosa|Carbapenems","S - susceptible isolates","N","2017","IE","Ireland",250.000000000,""
"Antimicrobial resistance","Pseudomonas aeruginosa|Carbapenems","S - susceptible isolates","N","2017","IS","Iceland",16.000000000,""
"Antimicrobial resistance","Pseudomonas aeruginosa|Carbapenems","S - susceptible isolates","N","2017","IT","Italy",1095.000000000,""
"Antimicrobial resistance","Pseudomonas aeruginosa|Carbapenems","S - susceptible isolates","N","2017","LT","Lithuania",64.000000000,""
"Antimicrobial resistance","Pseudomonas aeruginosa|Carbapenems","S - susceptible isolates","N","2017","LU","Luxembourg",50.000000000,""
"Antimicrobial resistance","Pseudomonas aeruginosa|Carbapenems","S - susceptible isolates","N","2017","LV","Latvia",4.000000000,""
"Antimicrobial resistance","Pseudomonas aeruginosa|Carbapenems","S - susceptible isolates","N","2017","MT","Malta",32.000000000,""
"Antimicrobial resistance","Pseudomonas aeruginosa|Carbapenems","S - susceptible isolates","N","2017","NL","Netherlands",688.000000000,""
"Antimicrobial resistance","Pseudomonas aeruginosa|Carbapenems","S - susceptible isolates","N","2017","NO","Norway",188.000000000,""
"Antimicrobial resistance","Pseudomonas aeruginosa|Carbapenems","S - susceptible isolates","N","2017","PL","Poland",279.000000000,""
"Antimicrobial resistance","Pseudomonas aeruginosa|Carbapenems","S - susceptible isolates","N","2017","PT","Portugal",961.000000000,""
"Antimicrobial resistance","Pseudomonas aeruginosa|Carbapenems","S - susceptible isolates","N","2017","RO","Romania",47.000000000,""
"Antimicrobial resistance","Pseudomonas aeruginosa|Carbapenems","S - susceptible isolates","N","2017","SE","Sweden",393.000000000,""
"Antimicrobial resistance","Pseudomonas aeruginosa|Carbapenems","S - susceptible isolates","N","2017","SI","Slovenia",111.000000000,""
"Antimicrobial resistance","Pseudomonas aeruginosa|Carbapenems","S - susceptible isolates","N","2017","SK","Slovakia",98.000000000,""
"Antimicrobial resistance","Pseudomonas aeruginosa|Carbapenems","S - susceptible isolates","N","2017","UK","United Kingdom",2568.000000000,""
"Antimicrobial resistance","Pseudomonas aeruginosa|Carbapenems","S - susceptible isolates","N","2018","AT","Austria",614.000000000,""
"Antimicrobial resistance","Pseudomonas aeruginosa|Carbapenems","S - susceptible isolates","N","2018","BE","Belgium",422.000000000,""
"Antimicrobial resistance","Pseudomonas aeruginosa|Carbapenems","S - susceptible isolates","N","2018","BG","Bulgaria",63.000000000,""
"Antimicrobial resistance","Pseudomonas aeruginosa|Carbapenems","S - susceptible isolates","N","2018","CY","Cyprus",46.000000000,""
"Antimicrobial resistance","Pseudomonas aeruginosa|Carbapenems","S - susceptible isolates","N","2018","CZ","Czechia",414.000000000,""
"Antimicrobial resistance","Pseudomonas aeruginosa|Carbapenems","S - susceptible isolates","N","2018","DE","Germany",1531.000000000,""
"Antimicrobial resistance","Pseudomonas aeruginosa|Carbapenems","S - susceptible isolates","N","2018","DK","Denmark",388.000000000,""
"Antimicrobial resistance","Pseudomonas aeruginosa|Carbapenems","S - susceptible isolates","N","2018","EE","Estonia",37.000000000,""
"Antimicrobial resistance","Pseudomonas aeruginosa|Carbapenems","S - susceptible isolates","N","2018","EL","Greece",517.000000000,""
"Antimicrobial resistance","Pseudomonas aeruginosa|Carbapenems","S - susceptible isolates","N","2018","ES","Spain",881.000000000,""
"Antimicrobial resistance","Pseudomonas aeruginosa|Carbapenems","S - susceptible isolates","N","2018","FI","Finland",360.000000000,""
"Antimicrobial resistance","Pseudomonas aeruginosa|Carbapenems","S - susceptible isolates","N","2018","FR","France",1534.000000000,""
"Antimicrobial resistance","Pseudomonas aeruginosa|Carbapenems","S - susceptible isolates","N","2018","HR","Croatia",135.000000000,""
"Antimicrobial resistance","Pseudomonas aeruginosa|Carbapenems","S - susceptible isolates","N","2018","HU","Hungary",475.000000000,""
"Antimicrobial resistance","Pseudomonas aeruginosa|Carbapenems","S - susceptible isolates","N","2018","IE","Ireland",247.000000000,""
"Antimicrobial resistance","Pseudomonas aeruginosa|Carbapenems","S - susceptible isolates","N","2018","IS","Iceland",10.000000000,""
"Antimicrobial resistance","Pseudomonas aeruginosa|Carbapenems","S - susceptible isolates","N","2018","IT","Italy",2364.000000000,""
"Antimicrobial resistance","Pseudomonas aeruginosa|Carbapenems","S - susceptible isolates","N","2018","LT","Lithuania",78.000000000,""
"Antimicrobial resistance","Pseudomonas aeruginosa|Carbapenems","S - susceptible isolates","N","2018","LU","Luxembourg",48.000000000,""
"Antimicrobial resistance","Pseudomonas aeruginosa|Carbapenems","S - susceptible isolates","N","2018","LV","Latvia",25.000000000,""
"Antimicrobial resistance","Pseudomonas aeruginosa|Carbapenems","S - susceptible isolates","N","2018","MT","Malta",28.000000000,""
"Antimicrobial resistance","Pseudomonas aeruginosa|Carbapenems","S - susceptible isolates","N","2018","NL","Netherlands",744.000000000,""
"Antimicrobial resistance","Pseudomonas aeruginosa|Carbapenems","S - susceptible isolates","N","2018","NO","Norway",220.000000000,""
"Antimicrobial resistance","Pseudomonas aeruginosa|Carbapenems","S - susceptible isolates","N","2018","PL","Poland",241.000000000,""
"Antimicrobial resistance","Pseudomonas aeruginosa|Carbapenems","S - susceptible isolates","N","2018","PT","Portugal",906.000000000,""
"Antimicrobial resistance","Pseudomonas aeruginosa|Carbapenems","S - susceptible isolates","N","2018","RO","Romania",64.000000000,""
"Antimicrobial resistance","Pseudomonas aeruginosa|Carbapenems","S - susceptible isolates","N","2018","SE","Sweden",380.000000000,""
"Antimicrobial resistance","Pseudomonas aeruginosa|Carbapenems","S - susceptible isolates","N","2018","SI","Slovenia",140.000000000,""
"Antimicrobial resistance","Pseudomonas aeruginosa|Carbapenems","S - susceptible isolates","N","2018","SK","Slovakia",131.000000000,""
"Antimicrobial resistance","Pseudomonas aeruginosa|Carbapenems","S - susceptible isolates","N","2018","UK","United Kingdom",2520.000000000,""
"Antimicrobial resistance","Pseudomonas aeruginosa|Carbapenems","S - susceptible isolates","N","2019","AT","Austria",661.000000000,""
"Antimicrobial resistance","Pseudomonas aeruginosa|Carbapenems","S - susceptible isolates","N","2019","BE","Belgium",369.000000000,""
"Antimicrobial resistance","Pseudomonas aeruginosa|Carbapenems","S - susceptible isolates","N","2019","BG","Bulgaria",79.000000000,""
"Antimicrobial resistance","Pseudomonas aeruginosa|Carbapenems","S - susceptible isolates","N","2019","CY","Cyprus",26.000000000,""
"Antimicrobial resistance","Pseudomonas aeruginosa|Carbapenems","S - susceptible isolates","N","2019","CZ","Czechia",448.000000000,""
"Antimicrobial resistance","Pseudomonas aeruginosa|Carbapenems","S - susceptible isolates","N","2019","DE","Germany",1277.000000000,""
"Antimicrobial resistance","Pseudomonas aeruginosa|Carbapenems","S - susceptible isolates","N","2019","DK","Denmark",470.000000000,""
"Antimicrobial resistance","Pseudomonas aeruginosa|Carbapenems","S - susceptible isolates","N","2019","EE","Estonia",62.000000000,""
"Antimicrobial resistance","Pseudomonas aeruginosa|Carbapenems","S - susceptible isolates","N","2019","EL","Greece",72.000000000,""
"Antimicrobial resistance","Pseudomonas aeruginosa|Carbapenems","S - susceptible isolates","N","2019","ES","Spain",829.000000000,""
"Antimicrobial resistance","Pseudomonas aeruginosa|Carbapenems","S - susceptible isolates","N","2019","FI","Finland",410.000000000,""
"Antimicrobial resistance","Pseudomonas aeruginosa|Carbapenems","S - susceptible isolates","N","2019","FR","France",1682.000000000,""
"Antimicrobial resistance","Pseudomonas aeruginosa|Carbapenems","S - susceptible isolates","N","2019","HR","Croatia",125.000000000,""
"Antimicrobial resistance","Pseudomonas aeruginosa|Carbapenems","S - susceptible isolates","N","2019","HU","Hungary",579.000000000,""
"Antimicrobial resistance","Pseudomonas aeruginosa|Carbapenems","S - susceptible isolates","N","2019","IE","Ireland",251.000000000,""
"Antimicrobial resistance","Pseudomonas aeruginosa|Carbapenems","S - susceptible isolates","N","2019","IS","Iceland",22.000000000,""
"Antimicrobial resistance","Pseudomonas aeruginosa|Carbapenems","S - susceptible isolates","N","2019","IT","Italy",3073.000000000,""
"Antimicrobial resistance","Pseudomonas aeruginosa|Carbapenems","S - susceptible isolates","N","2019","LT","Lithuania",83.000000000,""
"Antimicrobial resistance","Pseudomonas aeruginosa|Carbapenems","S - susceptible isolates","N","2019","LU","Luxembourg",28.000000000,""
"Antimicrobial resistance","Pseudomonas aeruginosa|Carbapenems","S - susceptible isolates","N","2019","LV","Latvia",27.000000000,""
"Antimicrobial resistance","Pseudomonas aeruginosa|Carbapenems","S - susceptible isolates","N","2019","MT","Malta",34.000000000,""
"Antimicrobial resistance","Pseudomonas aeruginosa|Carbapenems","S - susceptible isolates","N","2019","NL","Netherlands",635.000000000,""
"Antimicrobial resistance","Pseudomonas aeruginosa|Carbapenems","S - susceptible isolates","N","2019","NO","Norway",267.000000000,""
"Antimicrobial resistance","Pseudomonas aeruginosa|Carbapenems","S - susceptible isolates","N","2019","PL","Poland",298.000000000,""
"Antimicrobial resistance","Pseudomonas aeruginosa|Carbapenems","S - susceptible isolates","N","2019","PT","Portugal",849.000000000,""
"Antimicrobial resistance","Pseudomonas aeruginosa|Carbapenems","S - susceptible isolates","N","2019","RO","Romania",82.000000000,""
"Antimicrobial resistance","Pseudomonas aeruginosa|Carbapenems","S - susceptible isolates","N","2019","SE","Sweden",600.000000000,""
"Antimicrobial resistance","Pseudomonas aeruginosa|Carbapenems","S - susceptible isolates","N","2019","SI","Slovenia",135.000000000,""
"Antimicrobial resistance","Pseudomonas aeruginosa|Carbapenems","S - susceptible isolates","N","2019","SK","Slovakia",114.000000000,""
"Antimicrobial resistance","Pseudomonas aeruginosa|Carbapenems","S - susceptible isolates","N","2019","UK","United Kingdom",2510.000000000,""
"Antimicrobial resistance","Pseudomonas aeruginosa|Carbapenems","S - susceptible isolates","N","2020","AT","Austria",311.000000000,""
"Antimicrobial resistance","Pseudomonas aeruginosa|Carbapenems","S - susceptible isolates","N","2020","BE","Belgium",396.000000000,""
"Antimicrobial resistance","Pseudomonas aeruginosa|Carbapenems","S - susceptible isolates","N","2020","BG","Bulgaria",5.000000000,""
"Antimicrobial resistance","Pseudomonas aeruginosa|Carbapenems","S - susceptible isolates","N","2020","CY","Cyprus",49.000000000,""
"Antimicrobial resistance","Pseudomonas aeruginosa|Carbapenems","S - susceptible isolates","N","2020","CZ","Czechia",426.000000000,""
"Antimicrobial resistance","Pseudomonas aeruginosa|Carbapenems","S - susceptible isolates","N","2020","DE","Germany",269.000000000,""
"Antimicrobial resistance","Pseudomonas aeruginosa|Carbapenems","S - susceptible isolates","N","2020","DK","Denmark",466.000000000,""
"Antimicrobial resistance","Pseudomonas aeruginosa|Carbapenems","S - susceptible isolates","N","2020","EE","Estonia",20.000000000,""
"Antimicrobial resistance","Pseudomonas aeruginosa|Carbapenems","S - susceptible isolates","N","2020","EL","Greece",45.000000000,""
"Antimicrobial resistance","Pseudomonas aeruginosa|Carbapenems","S - susceptible isolates","N","2020","ES","Spain",982.000000000,""
"Antimicrobial resistance","Pseudomonas aeruginosa|Carbapenems","S - susceptible isolates","N","2020","FI","Finland",399.000000000,""
"Antimicrobial resistance","Pseudomonas aeruginosa|Carbapenems","S - susceptible isolates","N","2020","FR","France",2907.000000000,""
"Antimicrobial resistance","Pseudomonas aeruginosa|Carbapenems","S - susceptible isolates","N","2020","HR","Croatia",106.000000000,""
"Antimicrobial resistance","Pseudomonas aeruginosa|Carbapenems","S - susceptible isolates","N","2020","HU","Hungary",6.000000000,""
"Antimicrobial resistance","Pseudomonas aeruginosa|Carbapenems","S - susceptible isolates","N","2020","IE","Ireland",209.000000000,""
"Antimicrobial resistance","Pseudomonas aeruginosa|Carbapenems","S - susceptible isolates","N","2020","IS","Iceland",21.000000000,""
"Antimicrobial resistance","Pseudomonas aeruginosa|Carbapenems","S - susceptible isolates","N","2020","IT","Italy",2617.000000000,""
"Antimicrobial resistance","Pseudomonas aeruginosa|Carbapenems","S - susceptible isolates","N","2020","LT","Lithuania",20.000000000,""
"Antimicrobial resistance","Pseudomonas aeruginosa|Carbapenems","S - susceptible isolates","N","2020","LU","Luxembourg",41.000000000,""
"Antimicrobial resistance","Pseudomonas aeruginosa|Carbapenems","S - susceptible isolates","N","2020","LV","Latvia",18.000000000,""
"Antimicrobial resistance","Pseudomonas aeruginosa|Carbapenems","S - susceptible isolates","N","2020","MT","Malta",7.000000000,""
"Antimicrobial resistance","Pseudomonas aeruginosa|Carbapenems","S - susceptible isolates","N","2020","NL","Netherlands",13.000000000,""
"Antimicrobial resistance","Pseudomonas aeruginosa|Carbapenems","S - susceptible isolates","N","2020","NO","Norway",201.000000000,""
"Antimicrobial resistance","Pseudomonas aeruginosa|Carbapenems","S - susceptible isolates","N","2020","PL","Poland",29.000000000,""
"Antimicrobial resistance","Pseudomonas aeruginosa|Carbapenems","S - susceptible isolates","N","2020","PT","Portugal",736.000000000,""
"Antimicrobial resistance","Pseudomonas aeruginosa|Carbapenems","S - susceptible isolates","N","2020","RO","Romania",66.000000000,""
"Antimicrobial resistance","Pseudomonas aeruginosa|Carbapenems","S - susceptible isolates","N","2020","SE","Sweden",673.000000000,""
"Antimicrobial resistance","Pseudomonas aeruginosa|Carbapenems","S - susceptible isolates","N","2020","SI","Slovenia",1.000000000,""
"Antimicrobial resistance","Pseudomonas aeruginosa|Carbapenems","S - susceptible isolates","N","2020","SK","Slovakia",13.000000000,""
"Antimicrobial resistance","Pseudomonas aeruginosa|Carbapenems","S - susceptible isolates","N","2021","AT","Austria",263.000000000,""
"Antimicrobial resistance","Pseudomonas aeruginosa|Carbapenems","S - susceptible isolates","N","2021","BE","Belgium",365.000000000,""
"Antimicrobial resistance","Pseudomonas aeruginosa|Carbapenems","S - susceptible isolates","N","2021","BG","Bulgaria",0.000000000,""
"Antimicrobial resistance","Pseudomonas aeruginosa|Carbapenems","S - susceptible isolates","N","2021","CY","Cyprus",6.000000000,""
"Antimicrobial resistance","Pseudomonas aeruginosa|Carbapenems","S - susceptible isolates","N","2021","CZ","Czechia",437.000000000,""
"Antimicrobial resistance","Pseudomonas aeruginosa|Carbapenems","S - susceptible isolates","N","2021","DE","Germany",61.000000000,""
"Antimicrobial resistance","Pseudomonas aeruginosa|Carbapenems","S - susceptible isolates","N","2021","DK","Denmark",480.000000000,""
"Antimicrobial resistance","Pseudomonas aeruginosa|Carbapenems","S - susceptible isolates","N","2021","EE","Estonia",20.000000000,""
"Antimicrobial resistance","Pseudomonas aeruginosa|Carbapenems","S - susceptible isolates","N","2021","EL","Greece",91.000000000,""
"Antimicrobial resistance","Pseudomonas aeruginosa|Carbapenems","S - susceptible isolates","N","2021","ES","Spain",859.000000000,""
"Antimicrobial resistance","Pseudomonas aeruginosa|Carbapenems","S - susceptible isolates","N","2021","FI","Finland",418.000000000,""
"Antimicrobial resistance","Pseudomonas aeruginosa|Carbapenems","S - susceptible isolates","N","2021","FR","France",3238.000000000,""
"Antimicrobial resistance","Pseudomonas aeruginosa|Carbapenems","S - susceptible isolates","N","2021","HR","Croatia",128.000000000,""
"Antimicrobial resistance","Pseudomonas aeruginosa|Carbapenems","S - susceptible isolates","N","2021","HU","Hungary",5.000000000,""
"Antimicrobial resistance","Pseudomonas aeruginosa|Carbapenems","S - susceptible isolates","N","2021","IE","Ireland",182.000000000,""
"Antimicrobial resistance","Pseudomonas aeruginosa|Carbapenems","S - susceptible isolates","N","2021","IS","Iceland",29.000000000,""
"Antimicrobial resistance","Pseudomonas aeruginosa|Carbapenems","S - susceptible isolates","N","2021","IT","Italy",1808.000000000,""
"Antimicrobial resistance","Pseudomonas aeruginosa|Carbapenems","S - susceptible isolates","N","2021","LT","Lithuania",24.000000000,""
"Antimicrobial resistance","Pseudomonas aeruginosa|Carbapenems","S - susceptible isolates","N","2021","LU","Luxembourg",34.000000000,""
"Antimicrobial resistance","Pseudomonas aeruginosa|Carbapenems","S - susceptible isolates","N","2021","LV","Latvia",51.000000000,""
"Antimicrobial resistance","Pseudomonas aeruginosa|Carbapenems","S - susceptible isolates","N","2021","MT","Malta",0.000000000,""
"Antimicrobial resistance","Pseudomonas aeruginosa|Carbapenems","S - susceptible isolates","N","2021","NL","Netherlands",10.000000000,""
"Antimicrobial resistance","Pseudomonas aeruginosa|Carbapenems","S - susceptible isolates","N","2021","NO","Norway",185.000000000,""
"Antimicrobial resistance","Pseudomonas aeruginosa|Carbapenems","S - susceptible isolates","N","2021","PL","Poland",26.000000000,""
"Antimicrobial resistance","Pseudomonas aeruginosa|Carbapenems","S - susceptible isolates","N","2021","PT","Portugal",416.000000000,""
"Antimicrobial resistance","Pseudomonas aeruginosa|Carbapenems","S - susceptible isolates","N","2021","RO","Romania",3.000000000,""
"Antimicrobial resistance","Pseudomonas aeruginosa|Carbapenems","S - susceptible isolates","N","2021","SE","Sweden",218.000000000,""
"Antimicrobial resistance","Pseudomonas aeruginosa|Carbapenems","S - susceptible isolates","N","2021","SI","Slovenia",215.000000000,""
"Antimicrobial resistance","Pseudomonas aeruginosa|Carbapenems","S - susceptible isolates","N","2021","SK","Slovakia",21.000000000,""
"Antimicrobial resistance","Pseudomonas aeruginosa|Carbapenems","S - susceptible isolates","N","2022","AT","Austria",130.000000000,""
"Antimicrobial resistance","Pseudomonas aeruginosa|Carbapenems","S - susceptible isolates","N","2022","BE","Belgium",274.000000000,""
"Antimicrobial resistance","Pseudomonas aeruginosa|Carbapenems","S - susceptible isolates","N","2022","BG","Bulgaria",11.000000000,""
"Antimicrobial resistance","Pseudomonas aeruginosa|Carbapenems","S - susceptible isolates","N","2022","CY","Cyprus",3.000000000,""
"Antimicrobial resistance","Pseudomonas aeruginosa|Carbapenems","S - susceptible isolates","N","2022","CZ","Czechia",411.000000000,""
"Antimicrobial resistance","Pseudomonas aeruginosa|Carbapenems","S - susceptible isolates","N","2022","DE","Germany",46.000000000,""
"Antimicrobial resistance","Pseudomonas aeruginosa|Carbapenems","S - susceptible isolates","N","2022","DK","Denmark",470.000000000,""
"Antimicrobial resistance","Pseudomonas aeruginosa|Carbapenems","S - susceptible isolates","N","2022","EE","Estonia",13.000000000,""
"Antimicrobial resistance","Pseudomonas aeruginosa|Carbapenems","S - susceptible isolates","N","2022","EL","Greece",101.000000000,""
"Antimicrobial resistance","Pseudomonas aeruginosa|Carbapenems","S - susceptible isolates","N","2022","ES","Spain",814.000000000,""
"Antimicrobial resistance","Pseudomonas aeruginosa|Carbapenems","S - susceptible isolates","N","2022","FI","Finland",395.000000000,""
"Antimicrobial resistance","Pseudomonas aeruginosa|Carbapenems","S - susceptible isolates","N","2022","FR","France",3035.000000000,""
"Antimicrobial resistance","Pseudomonas aeruginosa|Carbapenems","S - susceptible isolates","N","2022","HR","Croatia",0.000000000,""
"Antimicrobial resistance","Pseudomonas aeruginosa|Carbapenems","S - susceptible isolates","N","2022","HU","Hungary",0.000000000,""
"Antimicrobial resistance","Pseudomonas aeruginosa|Carbapenems","S - susceptible isolates","N","2022","IE","Ireland",205.000000000,""
"Antimicrobial resistance","Pseudomonas aeruginosa|Carbapenems","S - susceptible isolates","N","2022","IS","Iceland",31.000000000,""
"Antimicrobial resistance","Pseudomonas aeruginosa|Carbapenems","S - susceptible isolates","N","2022","IT","Italy",1480.000000000,""
"Antimicrobial resistance","Pseudomonas aeruginosa|Carbapenems","S - susceptible isolates","N","2022","LT","Lithuania",31.000000000,""
"Antimicrobial resistance","Pseudomonas aeruginosa|Carbapenems","S - susceptible isolates","N","2022","LU","Luxembourg",16.000000000,""
"Antimicrobial resistance","Pseudomonas aeruginosa|Carbapenems","S - susceptible isolates","N","2022","LV","Latvia",9.000000000,""
"Antimicrobial resistance","Pseudomonas aeruginosa|Carbapenems","S - susceptible isolates","N","2022","MT","Malta",0.000000000,""
"Antimicrobial resistance","Pseudomonas aeruginosa|Carbapenems","S - susceptible isolates","N","2022","NL","Netherlands",8.000000000,""
"Antimicrobial resistance","Pseudomonas aeruginosa|Carbapenems","S - susceptible isolates","N","2022","NO","Norway",207.000000000,""
"Antimicrobial resistance","Pseudomonas aeruginosa|Carbapenems","S - susceptible isolates","N","2022","PL","Poland",39.000000000,""
"Antimicrobial resistance","Pseudomonas aeruginosa|Carbapenems","S - susceptible isolates","N","2022","PT","Portugal",267.000000000,""
"Antimicrobial resistance","Pseudomonas aeruginosa|Carbapenems","S - susceptible isolates","N","2022","RO","Romania",3.000000000,""
"Antimicrobial resistance","Pseudomonas aeruginosa|Carbapenems","S - susceptible isolates","N","2022","SE","Sweden",158.000000000,""
"Antimicrobial resistance","Pseudomonas aeruginosa|Carbapenems","S - susceptible isolates","N","2022","SI","Slovenia",0.000000000,""
"Antimicrobial resistance","Pseudomonas aeruginosa|Carbapenems","S - susceptible isolates","N","2022","SK","Slovakia",29.000000000,""
"Antimicrobial resistance","Pseudomonas aeruginosa|Carbapenems","S - susceptible isolates","N","2023","AT","Austria",113.000000000,""
"Antimicrobial resistance","Pseudomonas aeruginosa|Carbapenems","S - susceptible isolates","N","2023","BE","Belgium",205.000000000,""
"Antimicrobial resistance","Pseudomonas aeruginosa|Carbapenems","S - susceptible isolates","N","2023","BG","Bulgaria",0.000000000,""
"Antimicrobial resistance","Pseudomonas aeruginosa|Carbapenems","S - susceptible isolates","N","2023","CY","Cyprus",2.000000000,""
"Antimicrobial resistance","Pseudomonas aeruginosa|Carbapenems","S - susceptible isolates","N","2023","CZ","Czechia",395.000000000,""
"Antimicrobial resistance","Pseudomonas aeruginosa|Carbapenems","S - susceptible isolates","N","2023","DE","Germany",19.000000000,""
"Antimicrobial resistance","Pseudomonas aeruginosa|Carbapenems","S - susceptible isolates","N","2023","DK","Denmark",430.000000000,""
"Antimicrobial resistance","Pseudomonas aeruginosa|Carbapenems","S - susceptible isolates","N","2023","EE","Estonia",8.000000000,""
"Antimicrobial resistance","Pseudomonas aeruginosa|Carbapenems","S - susceptible isolates","N","2023","EL","Greece",97.000000000,""
"Antimicrobial resistance","Pseudomonas aeruginosa|Carbapenems","S - susceptible isolates","N","2023","ES","Spain",909.000000000,""
"Antimicrobial resistance","Pseudomonas aeruginosa|Carbapenems","S - susceptible isolates","N","2023","FI","Finland",333.000000000,""
"Antimicrobial resistance","Pseudomonas aeruginosa|Carbapenems","S - susceptible isolates","N","2023","HR","Croatia",1.000000000,""
"Antimicrobial resistance","Pseudomonas aeruginosa|Carbapenems","S - susceptible isolates","N","2023","HU","Hungary",3.000000000,""
"Antimicrobial resistance","Pseudomonas aeruginosa|Carbapenems","S - susceptible isolates","N","2023","IE","Ireland",202.000000000,""
"Antimicrobial resistance","Pseudomonas aeruginosa|Carbapenems","S - susceptible isolates","N","2023","IS","Iceland",25.000000000,""
"Antimicrobial resistance","Pseudomonas aeruginosa|Carbapenems","S - susceptible isolates","N","2023","IT","Italy",1175.000000000,""
"Antimicrobial resistance","Pseudomonas aeruginosa|Carbapenems","S - susceptible isolates","N","2023","LI","Liechtenstein",0.000000000,""
"Antimicrobial resistance","Pseudomonas aeruginosa|Carbapenems","S - susceptible isolates","N","2023","LT","Lithuania",35.000000000,""
"Antimicrobial resistance","Pseudomonas aeruginosa|Carbapenems","S - susceptible isolates","N","2023","LU","Luxembourg",1.000000000,""
"Antimicrobial resistance","Pseudomonas aeruginosa|Carbapenems","S - susceptible isolates","N","2023","LV","Latvia",5.000000000,""
"Antimicrobial resistance","Pseudomonas aeruginosa|Carbapenems","S - susceptible isolates","N","2023","MT","Malta",0.000000000,""
"Antimicrobial resistance","Pseudomonas aeruginosa|Carbapenems","S - susceptible isolates","N","2023","NL","Netherlands",8.000000000,""
"Antimicrobial resistance","Pseudomonas aeruginosa|Carbapenems","S - susceptible isolates","N","2023","NO","Norway",111.000000000,""
"Antimicrobial resistance","Pseudomonas aeruginosa|Carbapenems","S - susceptible isolates","N","2023","PL","Poland",50.000000000,""
"Antimicrobial resistance","Pseudomonas aeruginosa|Carbapenems","S - susceptible isolates","N","2023","PT","Portugal",266.000000000,""
"Antimicrobial resistance","Pseudomonas aeruginosa|Carbapenems","S - susceptible isolates","N","2023","RO","Romania",5.000000000,""
"Antimicrobial resistance","Pseudomonas aeruginosa|Carbapenems","S - susceptible isolates","N","2023","SE","Sweden",153.000000000,""
"Antimicrobial resistance","Pseudomonas aeruginosa|Carbapenems","S - susceptible isolates","N","2023","SI","Slovenia",1.000000000,""
"Antimicrobial resistance","Pseudomonas aeruginosa|Carbapenems","S - susceptible isolates","N","2023","SK","Slovakia",42.000000000,""
"Antimicrobial resistance","Pseudomonas aeruginosa|Carbapenems","S - susceptible isolates","N","2024","AT","Austria",152.000000000,""
"Antimicrobial resistance","Pseudomonas aeruginosa|Carbapenems","S - susceptible isolates","N","2024","BE","Belgium",298.000000000,""
"Antimicrobial resistance","Pseudomonas aeruginosa|Carbapenems","S - susceptible isolates","N","2024","BG","Bulgaria",6.000000000,""
"Antimicrobial resistance","Pseudomonas aeruginosa|Carbapenems","S - susceptible isolates","N","2024","CY","Cyprus",41.000000000,""
"Antimicrobial resistance","Pseudomonas aeruginosa|Carbapenems","S - susceptible isolates","N","2024","CZ","Czechia",479.000000000,""
"Antimicrobial resistance","Pseudomonas aeruginosa|Carbapenems","S - susceptible isolates","N","2024","DE","Germany",71.000000000,""
"Antimicrobial resistance","Pseudomonas aeruginosa|Carbapenems","S - susceptible isolates","N","2024","DK","Denmark",470.000000000,""
"Antimicrobial resistance","Pseudomonas aeruginosa|Carbapenems","S - susceptible isolates","N","2024","EE","Estonia",19.000000000,""
"Antimicrobial resistance","Pseudomonas aeruginosa|Carbapenems","S - susceptible isolates","N","2024","EL","Greece",46.000000000,""
"Antimicrobial resistance","Pseudomonas aeruginosa|Carbapenems","S - susceptible isolates","N","2024","ES","Spain",838.000000000,""
"Antimicrobial resistance","Pseudomonas aeruginosa|Carbapenems","S - susceptible isolates","N","2024","FI","Finland",367.000000000,""
"Antimicrobial resistance","Pseudomonas aeruginosa|Carbapenems","S - susceptible isolates","N","2024","FR","France",403.000000000,""
"Antimicrobial resistance","Pseudomonas aeruginosa|Carbapenems","S - susceptible isolates","N","2024","HR","Croatia",5.000000000,""
"Antimicrobial resistance","Pseudomonas aeruginosa|Carbapenems","S - susceptible isolates","N","2024","HU","Hungary",1.000000000,""
"Antimicrobial resistance","Pseudomonas aeruginosa|Carbapenems","S - susceptible isolates","N","2024","IE","Ireland",175.000000000,""
"Antimicrobial resistance","Pseudomonas aeruginosa|Carbapenems","S - susceptible isolates","N","2024","IS","Iceland",19.000000000,""
"Antimicrobial resistance","Pseudomonas aeruginosa|Carbapenems","S - susceptible isolates","N","2024","IT","Italy",1974.000000000,""
"Antimicrobial resistance","Pseudomonas aeruginosa|Carbapenems","S - susceptible isolates","N","2024","LT","Lithuania",40.000000000,""
"Antimicrobial resistance","Pseudomonas aeruginosa|Carbapenems","S - susceptible isolates","N","2024","LU","Luxembourg",6.000000000,""
"Antimicrobial resistance","Pseudomonas aeruginosa|Carbapenems","S - susceptible isolates","N","2024","LV","Latvia",9.000000000,""
"Antimicrobial resistance","Pseudomonas aeruginosa|Carbapenems","S - susceptible isolates","N","2024","MT","Malta",0.000000000,""
"Antimicrobial resistance","Pseudomonas aeruginosa|Carbapenems","S - susceptible isolates","N","2024","NL","Netherlands",28.000000000,""
"Antimicrobial resistance","Pseudomonas aeruginosa|Carbapenems","S - susceptible isolates","N","2024","NO","Norway",147.000000000,""
"Antimicrobial resistance","Pseudomonas aeruginosa|Carbapenems","S - susceptible isolates","N","2024","PL","Poland",61.000000000,""
"Antimicrobial resistance","Pseudomonas aeruginosa|Carbapenems","S - susceptible isolates","N","2024","PT","Portugal",105.000000000,""
"Antimicrobial resistance","Pseudomonas aeruginosa|Carbapenems","S - susceptible isolates","N","2024","RO","Romania",4.000000000,""
"Antimicrobial resistance","Pseudomonas aeruginosa|Carbapenems","S - susceptible isolates","N","2024","SE","Sweden",172.000000000,""
"Antimicrobial resistance","Pseudomonas aeruginosa|Carbapenems","S - susceptible isolates","N","2024","SI","Slovenia",0.000000000,""
"Antimicrobial resistance","Pseudomonas aeruginosa|Carbapenems","S - susceptible isolates","N","2024","SK","Slovakia",48.000000000,""
"Antimicrobial resistance","Pseudomonas aeruginosa|Carbapenems","Total tested isolates","N","2005","AT","Austria",77.000000000,""
"Antimicrobial resistance","Pseudomonas aeruginosa|Carbapenems","Total tested isolates","N","2005","BG","Bulgaria",32.000000000,""
"Antimicrobial resistance","Pseudomonas aeruginosa|Carbapenems","Total tested isolates","N","2005","CY","Cyprus",8.000000000,""
"Antimicrobial resistance","Pseudomonas aeruginosa|Carbapenems","Total tested isolates","N","2005","CZ","Czechia",257.000000000,""
"Antimicrobial resistance","Pseudomonas aeruginosa|Carbapenems","Total tested isolates","N","2005","DE","Germany",117.000000000,""
"Antimicrobial resistance","Pseudomonas aeruginosa|Carbapenems","Total tested isolates","N","2005","EE","Estonia",37.000000000,""
"Antimicrobial resistance","Pseudomonas aeruginosa|Carbapenems","Total tested isolates","N","2005","EL","Greece",698.000000000,""
"Antimicrobial resistance","Pseudomonas aeruginosa|Carbapenems","Total tested isolates","N","2005","ES","Spain",70.000000000,""
"Antimicrobial resistance","Pseudomonas aeruginosa|Carbapenems","Total tested isolates","N","2005","FI","Finland",98.000000000,""
"Antimicrobial resistance","Pseudomonas aeruginosa|Carbapenems","Total tested isolates","N","2005","FR","France",984.000000000,""
"Antimicrobial resistance","Pseudomonas aeruginosa|Carbapenems","Total tested isolates","N","2005","HR","Croatia",72.000000000,""
"Antimicrobial resistance","Pseudomonas aeruginosa|Carbapenems","Total tested isolates","N","2005","HU","Hungary",496.000000000,""
"Antimicrobial resistance","Pseudomonas aeruginosa|Carbapenems","Total tested isolates","N","2005","IE","Ireland",27.000000000,""
"Antimicrobial resistance","Pseudomonas aeruginosa|Carbapenems","Total tested isolates","N","2005","IS","Iceland",13.000000000,""
"Antimicrobial resistance","Pseudomonas aeruginosa|Carbapenems","Total tested isolates","N","2005","LU","Luxembourg",1.000000000,""
"Antimicrobial resistance","Pseudomonas aeruginosa|Carbapenems","Total tested isolates","N","2005","MT","Malta",45.000000000,""
"Antimicrobial resistance","Pseudomonas aeruginosa|Carbapenems","Total tested isolates","N","2005","NL","Netherlands",187.000000000,""
"Antimicrobial resistance","Pseudomonas aeruginosa|Carbapenems","Total tested isolates","N","2005","NO","Norway",87.000000000,""
"Antimicrobial resistance","Pseudomonas aeruginosa|Carbapenems","Total tested isolates","N","2005","PL","Poland",26.000000000,""
"Antimicrobial resistance","Pseudomonas aeruginosa|Carbapenems","Total tested isolates","N","2005","RO","Romania",23.000000000,""
"Antimicrobial resistance","Pseudomonas aeruginosa|Carbapenems","Total tested isolates","N","2005","SE","Sweden",57.000000000,""
"Antimicrobial resistance","Pseudomonas aeruginosa|Carbapenems","Total tested isolates","N","2005","SI","Slovenia",38.000000000,""
"Antimicrobial resistance","Pseudomonas aeruginosa|Carbapenems","Total tested isolates","N","2005","UK","United Kingdom",358.000000000,""
"Antimicrobial resistance","Pseudomonas aeruginosa|Carbapenems","Total tested isolates","N","2006","AT","Austria",397.000000000,""
"Antimicrobial resistance","Pseudomonas aeruginosa|Carbapenems","Total tested isolates","N","2006","BG","Bulgaria",28.000000000,""
"Antimicrobial resistance","Pseudomonas aeruginosa|Carbapenems","Total tested isolates","N","2006","CY","Cyprus",36.000000000,""
"Antimicrobial resistance","Pseudomonas aeruginosa|Carbapenems","Total tested isolates","N","2006","CZ","Czechia",489.000000000,""
"Antimicrobial resistance","Pseudomonas aeruginosa|Carbapenems","Total tested isolates","N","2006","DE","Germany",162.000000000,""
"Antimicrobial resistance","Pseudomonas aeruginosa|Carbapenems","Total tested isolates","N","2006","EE","Estonia",42.000000000,""
"Antimicrobial resistance","Pseudomonas aeruginosa|Carbapenems","Total tested isolates","N","2006","EL","Greece",815.000000000,""
"Antimicrobial resistance","Pseudomonas aeruginosa|Carbapenems","Total tested isolates","N","2006","ES","Spain",389.000000000,""
"Antimicrobial resistance","Pseudomonas aeruginosa|Carbapenems","Total tested isolates","N","2006","FI","Finland",158.000000000,""
"Antimicrobial resistance","Pseudomonas aeruginosa|Carbapenems","Total tested isolates","N","2006","FR","France",1004.000000000,""
"Antimicrobial resistance","Pseudomonas aeruginosa|Carbapenems","Total tested isolates","N","2006","HR","Croatia",170.000000000,""
"Antimicrobial resistance","Pseudomonas aeruginosa|Carbapenems","Total tested isolates","N","2006","HU","Hungary",533.000000000,""
"Antimicrobial resistance","Pseudomonas aeruginosa|Carbapenems","Total tested isolates","N","2006","IE","Ireland",119.000000000,""
"Antimicrobial resistance","Pseudomonas aeruginosa|Carbapenems","Total tested isolates","N","2006","IS","Iceland",9.000000000,""
"Antimicrobial resistance","Pseudomonas aeruginosa|Carbapenems","Total tested isolates","N","2006","IT","Italy",183.000000000,""
"Antimicrobial resistance","Pseudomonas aeruginosa|Carbapenems","Total tested isolates","N","2006","LT","Lithuania",14.000000000,""
"Antimicrobial resistance","Pseudomonas aeruginosa|Carbapenems","Total tested isolates","N","2006","LU","Luxembourg",14.000000000,""
"Antimicrobial resistance","Pseudomonas aeruginosa|Carbapenems","Total tested isolates","N","2006","LV","Latvia",16.000000000,""
"Antimicrobial resistance","Pseudomonas aeruginosa|Carbapenems","Total tested isolates","N","2006","MT","Malta",50.000000000,""
"Antimicrobial resistance","Pseudomonas aeruginosa|Carbapenems","Total tested isolates","N","2006","NL","Netherlands",291.000000000,""
"Antimicrobial resistance","Pseudomonas aeruginosa|Carbapenems","Total tested isolates","N","2006","NO","Norway",85.000000000,""
"Antimicrobial resistance","Pseudomonas aeruginosa|Carbapenems","Total tested isolates","N","2006","PL","Poland",37.000000000,""
"Antimicrobial resistance","Pseudomonas aeruginosa|Carbapenems","Total tested isolates","N","2006","PT","Portugal",251.000000000,""
"Antimicrobial resistance","Pseudomonas aeruginosa|Carbapenems","Total tested isolates","N","2006","RO","Romania",3.000000000,""
"Antimicrobial resistance","Pseudomonas aeruginosa|Carbapenems","Total tested isolates","N","2006","SE","Sweden",235.000000000,""
"Antimicrobial resistance","Pseudomonas aeruginosa|Carbapenems","Total tested isolates","N","2006","SI","Slovenia",72.000000000,""
"Antimicrobial resistance","Pseudomonas aeruginosa|Carbapenems","Total tested isolates","N","2006","UK","United Kingdom",258.000000000,""
"Antimicrobial resistance","Pseudomonas aeruginosa|Carbapenems","Total tested isolates","N","2007","AT","Austria",408.000000000,""
"Antimicrobial resistance","Pseudomonas aeruginosa|Carbapenems","Total tested isolates","N","2007","BG","Bulgaria",14.000000000,""
"Antimicrobial resistance","Pseudomonas aeruginosa|Carbapenems","Total tested isolates","N","2007","CY","Cyprus",52.000000000,""
"Antimicrobial resistance","Pseudomonas aeruginosa|Carbapenems","Total tested isolates","N","2007","CZ","Czechia",517.000000000,""
"Antimicrobial resistance","Pseudomonas aeruginosa|Carbapenems","Total tested isolates","N","2007","DE","Germany",197.000000000,""
"Antimicrobial resistance","Pseudomonas aeruginosa|Carbapenems","Total tested isolates","N","2007","DK","Denmark",309.000000000,""
"Antimicrobial resistance","Pseudomonas aeruginosa|Carbapenems","Total tested isolates","N","2007","EE","Estonia",45.000000000,""
"Antimicrobial resistance","Pseudomonas aeruginosa|Carbapenems","Total tested isolates","N","2007","EL","Greece",798.000000000,""
"Antimicrobial resistance","Pseudomonas aeruginosa|Carbapenems","Total tested isolates","N","2007","ES","Spain",441.000000000,""
"Antimicrobial resistance","Pseudomonas aeruginosa|Carbapenems","Total tested isolates","N","2007","FI","Finland",176.000000000,""
"Antimicrobial resistance","Pseudomonas aeruginosa|Carbapenems","Total tested isolates","N","2007","FR","France",1302.000000000,""
"Antimicrobial resistance","Pseudomonas aeruginosa|Carbapenems","Total tested isolates","N","2007","HR","Croatia",189.000000000,""
"Antimicrobial resistance","Pseudomonas aeruginosa|Carbapenems","Total tested isolates","N","2007","HU","Hungary",507.000000000,""
"Antimicrobial resistance","Pseudomonas aeruginosa|Carbapenems","Total tested isolates","N","2007","IE","Ireland",160.000000000,""
"Antimicrobial resistance","Pseudomonas aeruginosa|Carbapenems","Total tested isolates","N","2007","IS","Iceland",11.000000000,""
"Antimicrobial resistance","Pseudomonas aeruginosa|Carbapenems","Total tested isolates","N","2007","IT","Italy",184.000000000,""
"Antimicrobial resistance","Pseudomonas aeruginosa|Carbapenems","Total tested isolates","N","2007","LT","Lithuania",20.000000000,""
"Antimicrobial resistance","Pseudomonas aeruginosa|Carbapenems","Total tested isolates","N","2007","LU","Luxembourg",10.000000000,""
"Antimicrobial resistance","Pseudomonas aeruginosa|Carbapenems","Total tested isolates","N","2007","LV","Latvia",16.000000000,""
"Antimicrobial resistance","Pseudomonas aeruginosa|Carbapenems","Total tested isolates","N","2007","MT","Malta",36.000000000,""
"Antimicrobial resistance","Pseudomonas aeruginosa|Carbapenems","Total tested isolates","N","2007","NL","Netherlands",298.000000000,""
"Antimicrobial resistance","Pseudomonas aeruginosa|Carbapenems","Total tested isolates","N","2007","NO","Norway",97.000000000,""
"Antimicrobial resistance","Pseudomonas aeruginosa|Carbapenems","Total tested isolates","N","2007","PL","Poland",67.000000000,""
"Antimicrobial resistance","Pseudomonas aeruginosa|Carbapenems","Total tested isolates","N","2007","PT","Portugal",323.000000000,""
"Antimicrobial resistance","Pseudomonas aeruginosa|Carbapenems","Total tested isolates","N","2007","RO","Romania",4.000000000,""
"Antimicrobial resistance","Pseudomonas aeruginosa|Carbapenems","Total tested isolates","N","2007","SE","Sweden",324.000000000,""
"Antimicrobial resistance","Pseudomonas aeruginosa|Carbapenems","Total tested isolates","N","2007","SI","Slovenia",88.000000000,""
"Antimicrobial resistance","Pseudomonas aeruginosa|Carbapenems","Total tested isolates","N","2007","UK","United Kingdom",261.000000000,""
"Antimicrobial resistance","Pseudomonas aeruginosa|Carbapenems","Total tested isolates","N","2008","AT","Austria",507.000000000,""
"Antimicrobial resistance","Pseudomonas aeruginosa|Carbapenems","Total tested isolates","N","2008","BG","Bulgaria",23.000000000,""
"Antimicrobial resistance","Pseudomonas aeruginosa|Carbapenems","Total tested isolates","N","2008","CY","Cyprus",43.000000000,""
"Antimicrobial resistance","Pseudomonas aeruginosa|Carbapenems","Total tested isolates","N","2008","CZ","Czechia",564.000000000,""
"Antimicrobial resistance","Pseudomonas aeruginosa|Carbapenems","Total tested isolates","N","2008","DE","Germany",167.000000000,""
"Antimicrobial resistance","Pseudomonas aeruginosa|Carbapenems","Total tested isolates","N","2008","DK","Denmark",340.000000000,""
"Antimicrobial resistance","Pseudomonas aeruginosa|Carbapenems","Total tested isolates","N","2008","EE","Estonia",40.000000000,""
"Antimicrobial resistance","Pseudomonas aeruginosa|Carbapenems","Total tested isolates","N","2008","EL","Greece",916.000000000,""
"Antimicrobial resistance","Pseudomonas aeruginosa|Carbapenems","Total tested isolates","N","2008","ES","Spain",547.000000000,""
"Antimicrobial resistance","Pseudomonas aeruginosa|Carbapenems","Total tested isolates","N","2008","FI","Finland",175.000000000,""
"Antimicrobial resistance","Pseudomonas aeruginosa|Carbapenems","Total tested isolates","N","2008","FR","France",1223.000000000,""
"Antimicrobial resistance","Pseudomonas aeruginosa|Carbapenems","Total tested isolates","N","2008","HR","Croatia",220.000000000,""
"Antimicrobial resistance","Pseudomonas aeruginosa|Carbapenems","Total tested isolates","N","2008","HU","Hungary",494.000000000,""
"Antimicrobial resistance","Pseudomonas aeruginosa|Carbapenems","Total tested isolates","N","2008","IE","Ireland",175.000000000,""
"Antimicrobial resistance","Pseudomonas aeruginosa|Carbapenems","Total tested isolates","N","2008","IS","Iceland",7.000000000,""
"Antimicrobial resistance","Pseudomonas aeruginosa|Carbapenems","Total tested isolates","N","2008","IT","Italy",161.000000000,""
"Antimicrobial resistance","Pseudomonas aeruginosa|Carbapenems","Total tested isolates","N","2008","LT","Lithuania",21.000000000,""
"Antimicrobial resistance","Pseudomonas aeruginosa|Carbapenems","Total tested isolates","N","2008","LU","Luxembourg",8.000000000,""
"Antimicrobial resistance","Pseudomonas aeruginosa|Carbapenems","Total tested isolates","N","2008","LV","Latvia",10.000000000,""
"Antimicrobial resistance","Pseudomonas aeruginosa|Carbapenems","Total tested isolates","N","2008","MT","Malta",30.000000000,""
"Antimicrobial resistance","Pseudomonas aeruginosa|Carbapenems","Total tested isolates","N","2008","NL","Netherlands",345.000000000,""
"Antimicrobial resistance","Pseudomonas aeruginosa|Carbapenems","Total tested isolates","N","2008","NO","Norway",146.000000000,""
"Antimicrobial resistance","Pseudomonas aeruginosa|Carbapenems","Total tested isolates","N","2008","PL","Poland",22.000000000,""
"Antimicrobial resistance","Pseudomonas aeruginosa|Carbapenems","Total tested isolates","N","2008","PT","Portugal",430.000000000,""
"Antimicrobial resistance","Pseudomonas aeruginosa|Carbapenems","Total tested isolates","N","2008","RO","Romania",8.000000000,""
"Antimicrobial resistance","Pseudomonas aeruginosa|Carbapenems","Total tested isolates","N","2008","SE","Sweden",279.000000000,""
"Antimicrobial resistance","Pseudomonas aeruginosa|Carbapenems","Total tested isolates","N","2008","SI","Slovenia",95.000000000,""
"Antimicrobial resistance","Pseudomonas aeruginosa|Carbapenems","Total tested isolates","N","2008","UK","United Kingdom",251.000000000,""
"Antimicrobial resistance","Pseudomonas aeruginosa|Carbapenems","Total tested isolates","N","2009","AT","Austria",513.000000000,""
"Antimicrobial resistance","Pseudomonas aeruginosa|Carbapenems","Total tested isolates","N","2009","BE","Belgium",134.000000000,""
"Antimicrobial resistance","Pseudomonas aeruginosa|Carbapenems","Total tested isolates","N","2009","BG","Bulgaria",34.000000000,""
"Antimicrobial resistance","Pseudomonas aeruginosa|Carbapenems","Total tested isolates","N","2009","CY","Cyprus",61.000000000,""
"Antimicrobial resistance","Pseudomonas aeruginosa|Carbapenems","Total tested isolates","N","2009","CZ","Czechia",575.000000000,""
"Antimicrobial resistance","Pseudomonas aeruginosa|Carbapenems","Total tested isolates","N","2009","DE","Germany",283.000000000,""
"Antimicrobial resistance","Pseudomonas aeruginosa|Carbapenems","Total tested isolates","N","2009","DK","Denmark",347.000000000,""
"Antimicrobial resistance","Pseudomonas aeruginosa|Carbapenems","Total tested isolates","N","2009","EE","Estonia",29.000000000,""
"Antimicrobial resistance","Pseudomonas aeruginosa|Carbapenems","Total tested isolates","N","2009","EL","Greece",1095.000000000,""
"Antimicrobial resistance","Pseudomonas aeruginosa|Carbapenems","Total tested isolates","N","2009","ES","Spain",540.000000000,""
"Antimicrobial resistance","Pseudomonas aeruginosa|Carbapenems","Total tested isolates","N","2009","FI","Finland",229.000000000,""
"Antimicrobial resistance","Pseudomonas aeruginosa|Carbapenems","Total tested isolates","N","2009","FR","France",1219.000000000,""
"Antimicrobial resistance","Pseudomonas aeruginosa|Carbapenems","Total tested isolates","N","2009","HU","Hungary",516.000000000,""
"Antimicrobial resistance","Pseudomonas aeruginosa|Carbapenems","Total tested isolates","N","2009","IE","Ireland",224.000000000,""
"Antimicrobial resistance","Pseudomonas aeruginosa|Carbapenems","Total tested isolates","N","2009","IS","Iceland",16.000000000,""
"Antimicrobial resistance","Pseudomonas aeruginosa|Carbapenems","Total tested isolates","N","2009","IT","Italy",188.000000000,""
"Antimicrobial resistance","Pseudomonas aeruginosa|Carbapenems","Total tested isolates","N","2009","LT","Lithuania",21.000000000,""
"Antimicrobial resistance","Pseudomonas aeruginosa|Carbapenems","Total tested isolates","N","2009","LU","Luxembourg",33.000000000,""
"Antimicrobial resistance","Pseudomonas aeruginosa|Carbapenems","Total tested isolates","N","2009","LV","Latvia",14.000000000,""
"Antimicrobial resistance","Pseudomonas aeruginosa|Carbapenems","Total tested isolates","N","2009","MT","Malta",58.000000000,""
"Antimicrobial resistance","Pseudomonas aeruginosa|Carbapenems","Total tested isolates","N","2009","NL","Netherlands",234.000000000,""
"Antimicrobial resistance","Pseudomonas aeruginosa|Carbapenems","Total tested isolates","N","2009","NO","Norway",166.000000000,""
"Antimicrobial resistance","Pseudomonas aeruginosa|Carbapenems","Total tested isolates","N","2009","PL","Poland",142.000000000,""
"Antimicrobial resistance","Pseudomonas aeruginosa|Carbapenems","Total tested isolates","N","2009","PT","Portugal",520.000000000,""
"Antimicrobial resistance","Pseudomonas aeruginosa|Carbapenems","Total tested isolates","N","2009","RO","Romania",13.000000000,""
"Antimicrobial resistance","Pseudomonas aeruginosa|Carbapenems","Total tested isolates","N","2009","SI","Slovenia",107.000000000,""
"Antimicrobial resistance","Pseudomonas aeruginosa|Carbapenems","Total tested isolates","N","2009","UK","United Kingdom",508.000000000,""
"Antimicrobial resistance","Pseudomonas aeruginosa|Carbapenems","Total tested isolates","N","2010","AT","Austria",473.000000000,""
"Antimicrobial resistance","Pseudomonas aeruginosa|Carbapenems","Total tested isolates","N","2010","BE","Belgium",130.000000000,""
"Antimicrobial resistance","Pseudomonas aeruginosa|Carbapenems","Total tested isolates","N","2010","BG","Bulgaria",42.000000000,""
"Antimicrobial resistance","Pseudomonas aeruginosa|Carbapenems","Total tested isolates","N","2010","CY","Cyprus",48.000000000,""
"Antimicrobial resistance","Pseudomonas aeruginosa|Carbapenems","Total tested isolates","N","2010","CZ","Czechia",510.000000000,""
"Antimicrobial resistance","Pseudomonas aeruginosa|Carbapenems","Total tested isolates","N","2010","DE","Germany",311.000000000,""
"Antimicrobial resistance","Pseudomonas aeruginosa|Carbapenems","Total tested isolates","N","2010","DK","Denmark",356.000000000,""
"Antimicrobial resistance","Pseudomonas aeruginosa|Carbapenems","Total tested isolates","N","2010","EE","Estonia",42.000000000,""
"Antimicrobial resistance","Pseudomonas aeruginosa|Carbapenems","Total tested isolates","N","2010","EL","Greece",999.000000000,""
"Antimicrobial resistance","Pseudomonas aeruginosa|Carbapenems","Total tested isolates","N","2010","ES","Spain",749.000000000,""
"Antimicrobial resistance","Pseudomonas aeruginosa|Carbapenems","Total tested isolates","N","2010","FI","Finland",275.000000000,""
"Antimicrobial resistance","Pseudomonas aeruginosa|Carbapenems","Total tested isolates","N","2010","FR","France",1186.000000000,""
"Antimicrobial resistance","Pseudomonas aeruginosa|Carbapenems","Total tested isolates","N","2010","HR","Croatia",210.000000000,""
"Antimicrobial resistance","Pseudomonas aeruginosa|Carbapenems","Total tested isolates","N","2010","HU","Hungary",635.000000000,""
"Antimicrobial resistance","Pseudomonas aeruginosa|Carbapenems","Total tested isolates","N","2010","IE","Ireland",216.000000000,""
"Antimicrobial resistance","Pseudomonas aeruginosa|Carbapenems","Total tested isolates","N","2010","IS","Iceland",12.000000000,""
"Antimicrobial resistance","Pseudomonas aeruginosa|Carbapenems","Total tested isolates","N","2010","IT","Italy",509.000000000,""
"Antimicrobial resistance","Pseudomonas aeruginosa|Carbapenems","Total tested isolates","N","2010","LT","Lithuania",30.000000000,""
"Antimicrobial resistance","Pseudomonas aeruginosa|Carbapenems","Total tested isolates","N","2010","LU","Luxembourg",32.000000000,""
"Antimicrobial resistance","Pseudomonas aeruginosa|Carbapenems","Total tested isolates","N","2010","LV","Latvia",21.000000000,""
"Antimicrobial resistance","Pseudomonas aeruginosa|Carbapenems","Total tested isolates","N","2010","MT","Malta",42.000000000,""
"Antimicrobial resistance","Pseudomonas aeruginosa|Carbapenems","Total tested isolates","N","2010","NL","Netherlands",519.000000000,""
"Antimicrobial resistance","Pseudomonas aeruginosa|Carbapenems","Total tested isolates","N","2010","NO","Norway",168.000000000,""
"Antimicrobial resistance","Pseudomonas aeruginosa|Carbapenems","Total tested isolates","N","2010","PL","Poland",167.000000000,""
"Antimicrobial resistance","Pseudomonas aeruginosa|Carbapenems","Total tested isolates","N","2010","PT","Portugal",534.000000000,""
"Antimicrobial resistance","Pseudomonas aeruginosa|Carbapenems","Total tested isolates","N","2010","RO","Romania",10.000000000,""
"Antimicrobial resistance","Pseudomonas aeruginosa|Carbapenems","Total tested isolates","N","2010","SE","Sweden",362.000000000,""
"Antimicrobial resistance","Pseudomonas aeruginosa|Carbapenems","Total tested isolates","N","2010","SI","Slovenia",89.000000000,""
"Antimicrobial resistance","Pseudomonas aeruginosa|Carbapenems","Total tested isolates","N","2010","UK","United Kingdom",493.000000000,""
"Antimicrobial resistance","Pseudomonas aeruginosa|Carbapenems","Total tested isolates","N","2011","AT","Austria",538.000000000,""
"Antimicrobial resistance","Pseudomonas aeruginosa|Carbapenems","Total tested isolates","N","2011","BE","Belgium",459.000000000,""
"Antimicrobial resistance","Pseudomonas aeruginosa|Carbapenems","Total tested isolates","N","2011","BG","Bulgaria",48.000000000,""
"Antimicrobial resistance","Pseudomonas aeruginosa|Carbapenems","Total tested isolates","N","2011","CY","Cyprus",51.000000000,""
"Antimicrobial resistance","Pseudomonas aeruginosa|Carbapenems","Total tested isolates","N","2011","CZ","Czechia",448.000000000,""
"Antimicrobial resistance","Pseudomonas aeruginosa|Carbapenems","Total tested isolates","N","2011","DE","Germany",386.000000000,""
"Antimicrobial resistance","Pseudomonas aeruginosa|Carbapenems","Total tested isolates","N","2011","DK","Denmark",403.000000000,""
"Antimicrobial resistance","Pseudomonas aeruginosa|Carbapenems","Total tested isolates","N","2011","EE","Estonia",12.000000000,""
"Antimicrobial resistance","Pseudomonas aeruginosa|Carbapenems","Total tested isolates","N","2011","EL","Greece",900.000000000,""
"Antimicrobial resistance","Pseudomonas aeruginosa|Carbapenems","Total tested isolates","N","2011","ES","Spain",839.000000000,""
"Antimicrobial resistance","Pseudomonas aeruginosa|Carbapenems","Total tested isolates","N","2011","FI","Finland",269.000000000,""
"Antimicrobial resistance","Pseudomonas aeruginosa|Carbapenems","Total tested isolates","N","2011","FR","France",1622.000000000,""
"Antimicrobial resistance","Pseudomonas aeruginosa|Carbapenems","Total tested isolates","N","2011","HR","Croatia",226.000000000,""
"Antimicrobial resistance","Pseudomonas aeruginosa|Carbapenems","Total tested isolates","N","2011","HU","Hungary",604.000000000,""
"Antimicrobial resistance","Pseudomonas aeruginosa|Carbapenems","Total tested isolates","N","2011","IE","Ireland",180.000000000,""
"Antimicrobial resistance","Pseudomonas aeruginosa|Carbapenems","Total tested isolates","N","2011","IS","Iceland",17.000000000,""
"Antimicrobial resistance","Pseudomonas aeruginosa|Carbapenems","Total tested isolates","N","2011","IT","Italy",316.000000000,""
"Antimicrobial resistance","Pseudomonas aeruginosa|Carbapenems","Total tested isolates","N","2011","LT","Lithuania",30.000000000,""
"Antimicrobial resistance","Pseudomonas aeruginosa|Carbapenems","Total tested isolates","N","2011","LU","Luxembourg",32.000000000,""
"Antimicrobial resistance","Pseudomonas aeruginosa|Carbapenems","Total tested isolates","N","2011","LV","Latvia",12.000000000,""
"Antimicrobial resistance","Pseudomonas aeruginosa|Carbapenems","Total tested isolates","N","2011","MT","Malta",42.000000000,""
"Antimicrobial resistance","Pseudomonas aeruginosa|Carbapenems","Total tested isolates","N","2011","NL","Netherlands",536.000000000,""
"Antimicrobial resistance","Pseudomonas aeruginosa|Carbapenems","Total tested isolates","N","2011","NO","Norway",148.000000000,""
"Antimicrobial resistance","Pseudomonas aeruginosa|Carbapenems","Total tested isolates","N","2011","PL","Poland",184.000000000,""
"Antimicrobial resistance","Pseudomonas aeruginosa|Carbapenems","Total tested isolates","N","2011","PT","Portugal",505.000000000,""
"Antimicrobial resistance","Pseudomonas aeruginosa|Carbapenems","Total tested isolates","N","2011","RO","Romania",10.000000000,""
"Antimicrobial resistance","Pseudomonas aeruginosa|Carbapenems","Total tested isolates","N","2011","SE","Sweden",415.000000000,""
"Antimicrobial resistance","Pseudomonas aeruginosa|Carbapenems","Total tested isolates","N","2011","SI","Slovenia",118.000000000,""
"Antimicrobial resistance","Pseudomonas aeruginosa|Carbapenems","Total tested isolates","N","2011","SK","Slovakia",249.000000000,""
"Antimicrobial resistance","Pseudomonas aeruginosa|Carbapenems","Total tested isolates","N","2011","UK","United Kingdom",540.000000000,""
"Antimicrobial resistance","Pseudomonas aeruginosa|Carbapenems","Total tested isolates","N","2012","AT","Austria",562.000000000,""
"Antimicrobial resistance","Pseudomonas aeruginosa|Carbapenems","Total tested isolates","N","2012","BE","Belgium",391.000000000,""
"Antimicrobial resistance","Pseudomonas aeruginosa|Carbapenems","Total tested isolates","N","2012","BG","Bulgaria",51.000000000,""
"Antimicrobial resistance","Pseudomonas aeruginosa|Carbapenems","Total tested isolates","N","2012","CY","Cyprus",52.000000000,""
"Antimicrobial resistance","Pseudomonas aeruginosa|Carbapenems","Total tested isolates","N","2012","CZ","Czechia",489.000000000,""
"Antimicrobial resistance","Pseudomonas aeruginosa|Carbapenems","Total tested isolates","N","2012","DE","Germany",438.000000000,""
"Antimicrobial resistance","Pseudomonas aeruginosa|Carbapenems","Total tested isolates","N","2012","DK","Denmark",355.000000000,""
"Antimicrobial resistance","Pseudomonas aeruginosa|Carbapenems","Total tested isolates","N","2012","EE","Estonia",32.000000000,""
"Antimicrobial resistance","Pseudomonas aeruginosa|Carbapenems","Total tested isolates","N","2012","EL","Greece",907.000000000,""
"Antimicrobial resistance","Pseudomonas aeruginosa|Carbapenems","Total tested isolates","N","2012","ES","Spain",853.000000000,""
"Antimicrobial resistance","Pseudomonas aeruginosa|Carbapenems","Total tested isolates","N","2012","FI","Finland",327.000000000,""
"Antimicrobial resistance","Pseudomonas aeruginosa|Carbapenems","Total tested isolates","N","2012","FR","France",1722.000000000,""
"Antimicrobial resistance","Pseudomonas aeruginosa|Carbapenems","Total tested isolates","N","2012","HR","Croatia",195.000000000,""
"Antimicrobial resistance","Pseudomonas aeruginosa|Carbapenems","Total tested isolates","N","2012","HU","Hungary",619.000000000,""
"Antimicrobial resistance","Pseudomonas aeruginosa|Carbapenems","Total tested isolates","N","2012","IE","Ireland",213.000000000,""
"Antimicrobial resistance","Pseudomonas aeruginosa|Carbapenems","Total tested isolates","N","2012","IS","Iceland",10.000000000,""
"Antimicrobial resistance","Pseudomonas aeruginosa|Carbapenems","Total tested isolates","N","2012","IT","Italy",682.000000000,""
"Antimicrobial resistance","Pseudomonas aeruginosa|Carbapenems","Total tested isolates","N","2012","LT","Lithuania",28.000000000,""
"Antimicrobial resistance","Pseudomonas aeruginosa|Carbapenems","Total tested isolates","N","2012","LU","Luxembourg",31.000000000,""
"Antimicrobial resistance","Pseudomonas aeruginosa|Carbapenems","Total tested isolates","N","2012","LV","Latvia",18.000000000,""
"Antimicrobial resistance","Pseudomonas aeruginosa|Carbapenems","Total tested isolates","N","2012","MT","Malta",30.000000000,""
"Antimicrobial resistance","Pseudomonas aeruginosa|Carbapenems","Total tested isolates","N","2012","NL","Netherlands",551.000000000,""
"Antimicrobial resistance","Pseudomonas aeruginosa|Carbapenems","Total tested isolates","N","2012","NO","Norway",208.000000000,""
"Antimicrobial resistance","Pseudomonas aeruginosa|Carbapenems","Total tested isolates","N","2012","PL","Poland",172.000000000,""
"Antimicrobial resistance","Pseudomonas aeruginosa|Carbapenems","Total tested isolates","N","2012","PT","Portugal",568.000000000,""
"Antimicrobial resistance","Pseudomonas aeruginosa|Carbapenems","Total tested isolates","N","2012","RO","Romania",45.000000000,""
"Antimicrobial resistance","Pseudomonas aeruginosa|Carbapenems","Total tested isolates","N","2012","SE","Sweden",357.000000000,""
"Antimicrobial resistance","Pseudomonas aeruginosa|Carbapenems","Total tested isolates","N","2012","SI","Slovenia",134.000000000,""
"Antimicrobial resistance","Pseudomonas aeruginosa|Carbapenems","Total tested isolates","N","2012","SK","Slovakia",179.000000000,""
"Antimicrobial resistance","Pseudomonas aeruginosa|Carbapenems","Total tested isolates","N","2012","UK","United Kingdom",603.000000000,""
"Antimicrobial resistance","Pseudomonas aeruginosa|Carbapenems","Total tested isolates","N","2013","AT","Austria",616.000000000,""
"Antimicrobial resistance","Pseudomonas aeruginosa|Carbapenems","Total tested isolates","N","2013","BE","Belgium",518.000000000,""
"Antimicrobial resistance","Pseudomonas aeruginosa|Carbapenems","Total tested isolates","N","2013","BG","Bulgaria",59.000000000,""
"Antimicrobial resistance","Pseudomonas aeruginosa|Carbapenems","Total tested isolates","N","2013","CY","Cyprus",47.000000000,""
"Antimicrobial resistance","Pseudomonas aeruginosa|Carbapenems","Total tested isolates","N","2013","CZ","Czechia",516.000000000,""
"Antimicrobial resistance","Pseudomonas aeruginosa|Carbapenems","Total tested isolates","N","2013","DE","Germany",630.000000000,""
"Antimicrobial resistance","Pseudomonas aeruginosa|Carbapenems","Total tested isolates","N","2013","DK","Denmark",410.000000000,""
"Antimicrobial resistance","Pseudomonas aeruginosa|Carbapenems","Total tested isolates","N","2013","EE","Estonia",20.000000000,""
"Antimicrobial resistance","Pseudomonas aeruginosa|Carbapenems","Total tested isolates","N","2013","EL","Greece",877.000000000,""
"Antimicrobial resistance","Pseudomonas aeruginosa|Carbapenems","Total tested isolates","N","2013","ES","Spain",825.000000000,""
"Antimicrobial resistance","Pseudomonas aeruginosa|Carbapenems","Total tested isolates","N","2013","FI","Finland",327.000000000,""
"Antimicrobial resistance","Pseudomonas aeruginosa|Carbapenems","Total tested isolates","N","2013","FR","France",1862.000000000,""
"Antimicrobial resistance","Pseudomonas aeruginosa|Carbapenems","Total tested isolates","N","2013","HR","Croatia",241.000000000,""
"Antimicrobial resistance","Pseudomonas aeruginosa|Carbapenems","Total tested isolates","N","2013","HU","Hungary",668.000000000,""
"Antimicrobial resistance","Pseudomonas aeruginosa|Carbapenems","Total tested isolates","N","2013","IE","Ireland",204.000000000,""
"Antimicrobial resistance","Pseudomonas aeruginosa|Carbapenems","Total tested isolates","N","2013","IS","Iceland",11.000000000,""
"Antimicrobial resistance","Pseudomonas aeruginosa|Carbapenems","Total tested isolates","N","2013","IT","Italy",788.000000000,""
"Antimicrobial resistance","Pseudomonas aeruginosa|Carbapenems","Total tested isolates","N","2013","LT","Lithuania",37.000000000,""
"Antimicrobial resistance","Pseudomonas aeruginosa|Carbapenems","Total tested isolates","N","2013","LU","Luxembourg",34.000000000,""
"Antimicrobial resistance","Pseudomonas aeruginosa|Carbapenems","Total tested isolates","N","2013","LV","Latvia",25.000000000,""
"Antimicrobial resistance","Pseudomonas aeruginosa|Carbapenems","Total tested isolates","N","2013","MT","Malta",25.000000000,""
"Antimicrobial resistance","Pseudomonas aeruginosa|Carbapenems","Total tested isolates","N","2013","NL","Netherlands",588.000000000,""
"Antimicrobial resistance","Pseudomonas aeruginosa|Carbapenems","Total tested isolates","N","2013","NO","Norway",206.000000000,""
"Antimicrobial resistance","Pseudomonas aeruginosa|Carbapenems","Total tested isolates","N","2013","PL","Poland",189.000000000,""
"Antimicrobial resistance","Pseudomonas aeruginosa|Carbapenems","Total tested isolates","N","2013","PT","Portugal",733.000000000,""
"Antimicrobial resistance","Pseudomonas aeruginosa|Carbapenems","Total tested isolates","N","2013","RO","Romania",86.000000000,""
"Antimicrobial resistance","Pseudomonas aeruginosa|Carbapenems","Total tested isolates","N","2013","SE","Sweden",517.000000000,""
"Antimicrobial resistance","Pseudomonas aeruginosa|Carbapenems","Total tested isolates","N","2013","SI","Slovenia",133.000000000,""
"Antimicrobial resistance","Pseudomonas aeruginosa|Carbapenems","Total tested isolates","N","2013","SK","Slovakia",214.000000000,""
"Antimicrobial resistance","Pseudomonas aeruginosa|Carbapenems","Total tested isolates","N","2013","UK","United Kingdom",671.000000000,""
"Antimicrobial resistance","Pseudomonas aeruginosa|Carbapenems","Total tested isolates","N","2014","AT","Austria",636.000000000,""
"Antimicrobial resistance","Pseudomonas aeruginosa|Carbapenems","Total tested isolates","N","2014","BE","Belgium",344.000000000,""
"Antimicrobial resistance","Pseudomonas aeruginosa|Carbapenems","Total tested isolates","N","2014","BG","Bulgaria",48.000000000,""
"Antimicrobial resistance","Pseudomonas aeruginosa|Carbapenems","Total tested isolates","N","2014","CY","Cyprus",42.000000000,""
"Antimicrobial resistance","Pseudomonas aeruginosa|Carbapenems","Total tested isolates","N","2014","CZ","Czechia",448.000000000,""
"Antimicrobial resistance","Pseudomonas aeruginosa|Carbapenems","Total tested isolates","N","2014","DE","Germany",642.000000000,""
"Antimicrobial resistance","Pseudomonas aeruginosa|Carbapenems","Total tested isolates","N","2014","DK","Denmark",386.000000000,""
"Antimicrobial resistance","Pseudomonas aeruginosa|Carbapenems","Total tested isolates","N","2014","EE","Estonia",39.000000000,""
"Antimicrobial resistance","Pseudomonas aeruginosa|Carbapenems","Total tested isolates","N","2014","EL","Greece",699.000000000,""
"Antimicrobial resistance","Pseudomonas aeruginosa|Carbapenems","Total tested isolates","N","2014","ES","Spain",872.000000000,""
"Antimicrobial resistance","Pseudomonas aeruginosa|Carbapenems","Total tested isolates","N","2014","FI","Finland",307.000000000,""
"Antimicrobial resistance","Pseudomonas aeruginosa|Carbapenems","Total tested isolates","N","2014","FR","France",1780.000000000,""
"Antimicrobial resistance","Pseudomonas aeruginosa|Carbapenems","Total tested isolates","N","2014","HR","Croatia",232.000000000,""
"Antimicrobial resistance","Pseudomonas aeruginosa|Carbapenems","Total tested isolates","N","2014","HU","Hungary",744.000000000,""
"Antimicrobial resistance","Pseudomonas aeruginosa|Carbapenems","Total tested isolates","N","2014","IE","Ireland",177.000000000,""
"Antimicrobial resistance","Pseudomonas aeruginosa|Carbapenems","Total tested isolates","N","2014","IS","Iceland",11.000000000,""
"Antimicrobial resistance","Pseudomonas aeruginosa|Carbapenems","Total tested isolates","N","2014","IT","Italy",753.000000000,""
"Antimicrobial resistance","Pseudomonas aeruginosa|Carbapenems","Total tested isolates","N","2014","LT","Lithuania",31.000000000,""
"Antimicrobial resistance","Pseudomonas aeruginosa|Carbapenems","Total tested isolates","N","2014","LU","Luxembourg",42.000000000,""
"Antimicrobial resistance","Pseudomonas aeruginosa|Carbapenems","Total tested isolates","N","2014","LV","Latvia",18.000000000,""
"Antimicrobial resistance","Pseudomonas aeruginosa|Carbapenems","Total tested isolates","N","2014","MT","Malta",36.000000000,""
"Antimicrobial resistance","Pseudomonas aeruginosa|Carbapenems","Total tested isolates","N","2014","NL","Netherlands",679.000000000,""
"Antimicrobial resistance","Pseudomonas aeruginosa|Carbapenems","Total tested isolates","N","2014","NO","Norway",256.000000000,""
"Antimicrobial resistance","Pseudomonas aeruginosa|Carbapenems","Total tested isolates","N","2014","PL","Poland",185.000000000,""
"Antimicrobial resistance","Pseudomonas aeruginosa|Carbapenems","Total tested isolates","N","2014","PT","Portugal",1064.000000000,""
"Antimicrobial resistance","Pseudomonas aeruginosa|Carbapenems","Total tested isolates","N","2014","RO","Romania",94.000000000,""
"Antimicrobial resistance","Pseudomonas aeruginosa|Carbapenems","Total tested isolates","N","2014","SE","Sweden",408.000000000,""
"Antimicrobial resistance","Pseudomonas aeruginosa|Carbapenems","Total tested isolates","N","2014","SI","Slovenia",112.000000000,""
"Antimicrobial resistance","Pseudomonas aeruginosa|Carbapenems","Total tested isolates","N","2014","SK","Slovakia",250.000000000,""
"Antimicrobial resistance","Pseudomonas aeruginosa|Carbapenems","Total tested isolates","N","2014","UK","United Kingdom",590.000000000,""
"Antimicrobial resistance","Pseudomonas aeruginosa|Carbapenems","Total tested isolates","N","2015","AT","Austria",680.000000000,""
"Antimicrobial resistance","Pseudomonas aeruginosa|Carbapenems","Total tested isolates","N","2015","BE","Belgium",256.000000000,""
"Antimicrobial resistance","Pseudomonas aeruginosa|Carbapenems","Total tested isolates","N","2015","BG","Bulgaria",55.000000000,""
"Antimicrobial resistance","Pseudomonas aeruginosa|Carbapenems","Total tested isolates","N","2015","CY","Cyprus",43.000000000,""
"Antimicrobial resistance","Pseudomonas aeruginosa|Carbapenems","Total tested isolates","N","2015","CZ","Czechia",464.000000000,""
"Antimicrobial resistance","Pseudomonas aeruginosa|Carbapenems","Total tested isolates","N","2015","DE","Germany",971.000000000,""
"Antimicrobial resistance","Pseudomonas aeruginosa|Carbapenems","Total tested isolates","N","2015","DK","Denmark",437.000000000,""
"Antimicrobial resistance","Pseudomonas aeruginosa|Carbapenems","Total tested isolates","N","2015","EE","Estonia",16.000000000,""
"Antimicrobial resistance","Pseudomonas aeruginosa|Carbapenems","Total tested isolates","N","2015","EL","Greece",675.000000000,""
"Antimicrobial resistance","Pseudomonas aeruginosa|Carbapenems","Total tested isolates","N","2015","ES","Spain",872.000000000,""
"Antimicrobial resistance","Pseudomonas aeruginosa|Carbapenems","Total tested isolates","N","2015","FI","Finland",341.000000000,""
"Antimicrobial resistance","Pseudomonas aeruginosa|Carbapenems","Total tested isolates","N","2015","FR","France",1925.000000000,""
"Antimicrobial resistance","Pseudomonas aeruginosa|Carbapenems","Total tested isolates","N","2015","HR","Croatia",257.000000000,""
"Antimicrobial resistance","Pseudomonas aeruginosa|Carbapenems","Total tested isolates","N","2015","HU","Hungary",770.000000000,""
"Antimicrobial resistance","Pseudomonas aeruginosa|Carbapenems","Total tested isolates","N","2015","IE","Ireland",195.000000000,""
"Antimicrobial resistance","Pseudomonas aeruginosa|Carbapenems","Total tested isolates","N","2015","IS","Iceland",12.000000000,""
"Antimicrobial resistance","Pseudomonas aeruginosa|Carbapenems","Total tested isolates","N","2015","IT","Italy",1082.000000000,""
"Antimicrobial resistance","Pseudomonas aeruginosa|Carbapenems","Total tested isolates","N","2015","LT","Lithuania",41.000000000,""
"Antimicrobial resistance","Pseudomonas aeruginosa|Carbapenems","Total tested isolates","N","2015","LU","Luxembourg",24.000000000,""
"Antimicrobial resistance","Pseudomonas aeruginosa|Carbapenems","Total tested isolates","N","2015","LV","Latvia",13.000000000,""
"Antimicrobial resistance","Pseudomonas aeruginosa|Carbapenems","Total tested isolates","N","2015","MT","Malta",25.000000000,""
"Antimicrobial resistance","Pseudomonas aeruginosa|Carbapenems","Total tested isolates","N","2015","NL","Netherlands",622.000000000,""
"Antimicrobial resistance","Pseudomonas aeruginosa|Carbapenems","Total tested isolates","N","2015","NO","Norway",228.000000000,""
"Antimicrobial resistance","Pseudomonas aeruginosa|Carbapenems","Total tested isolates","N","2015","PL","Poland",254.000000000,""
"Antimicrobial resistance","Pseudomonas aeruginosa|Carbapenems","Total tested isolates","N","2015","PT","Portugal",1191.000000000,""
"Antimicrobial resistance","Pseudomonas aeruginosa|Carbapenems","Total tested isolates","N","2015","RO","Romania",92.000000000,""
"Antimicrobial resistance","Pseudomonas aeruginosa|Carbapenems","Total tested isolates","N","2015","SE","Sweden",398.000000000,""
"Antimicrobial resistance","Pseudomonas aeruginosa|Carbapenems","Total tested isolates","N","2015","SI","Slovenia",141.000000000,""
"Antimicrobial resistance","Pseudomonas aeruginosa|Carbapenems","Total tested isolates","N","2015","SK","Slovakia",262.000000000,""
"Antimicrobial resistance","Pseudomonas aeruginosa|Carbapenems","Total tested isolates","N","2015","UK","United Kingdom",499.000000000,""
"Antimicrobial resistance","Pseudomonas aeruginosa|Carbapenems","Total tested isolates","N","2016","AT","Austria",696.000000000,""
"Antimicrobial resistance","Pseudomonas aeruginosa|Carbapenems","Total tested isolates","N","2016","BE","Belgium",365.000000000,""
"Antimicrobial resistance","Pseudomonas aeruginosa|Carbapenems","Total tested isolates","N","2016","BG","Bulgaria",56.000000000,""
"Antimicrobial resistance","Pseudomonas aeruginosa|Carbapenems","Total tested isolates","N","2016","CY","Cyprus",64.000000000,""
"Antimicrobial resistance","Pseudomonas aeruginosa|Carbapenems","Total tested isolates","N","2016","CZ","Czechia",464.000000000,""
"Antimicrobial resistance","Pseudomonas aeruginosa|Carbapenems","Total tested isolates","N","2016","DE","Germany",1422.000000000,""
"Antimicrobial resistance","Pseudomonas aeruginosa|Carbapenems","Total tested isolates","N","2016","DK","Denmark",458.000000000,""
"Antimicrobial resistance","Pseudomonas aeruginosa|Carbapenems","Total tested isolates","N","2016","EE","Estonia",54.000000000,""
"Antimicrobial resistance","Pseudomonas aeruginosa|Carbapenems","Total tested isolates","N","2016","EL","Greece",699.000000000,""
"Antimicrobial resistance","Pseudomonas aeruginosa|Carbapenems","Total tested isolates","N","2016","ES","Spain",842.000000000,""
"Antimicrobial resistance","Pseudomonas aeruginosa|Carbapenems","Total tested isolates","N","2016","FI","Finland",352.000000000,""
"Antimicrobial resistance","Pseudomonas aeruginosa|Carbapenems","Total tested isolates","N","2016","FR","France",1968.000000000,""
"Antimicrobial resistance","Pseudomonas aeruginosa|Carbapenems","Total tested isolates","N","2016","HR","Croatia",260.000000000,""
"Antimicrobial resistance","Pseudomonas aeruginosa|Carbapenems","Total tested isolates","N","2016","HU","Hungary",739.000000000,""
"Antimicrobial resistance","Pseudomonas aeruginosa|Carbapenems","Total tested isolates","N","2016","IE","Ireland",243.000000000,""
"Antimicrobial resistance","Pseudomonas aeruginosa|Carbapenems","Total tested isolates","N","2016","IS","Iceland",17.000000000,""
"Antimicrobial resistance","Pseudomonas aeruginosa|Carbapenems","Total tested isolates","N","2016","IT","Italy",1206.000000000,""
"Antimicrobial resistance","Pseudomonas aeruginosa|Carbapenems","Total tested isolates","N","2016","LT","Lithuania",74.000000000,""
"Antimicrobial resistance","Pseudomonas aeruginosa|Carbapenems","Total tested isolates","N","2016","LU","Luxembourg",31.000000000,""
"Antimicrobial resistance","Pseudomonas aeruginosa|Carbapenems","Total tested isolates","N","2016","LV","Latvia",16.000000000,""
"Antimicrobial resistance","Pseudomonas aeruginosa|Carbapenems","Total tested isolates","N","2016","MT","Malta",40.000000000,""
"Antimicrobial resistance","Pseudomonas aeruginosa|Carbapenems","Total tested isolates","N","2016","NL","Netherlands",660.000000000,""
"Antimicrobial resistance","Pseudomonas aeruginosa|Carbapenems","Total tested isolates","N","2016","NO","Norway",225.000000000,""
"Antimicrobial resistance","Pseudomonas aeruginosa|Carbapenems","Total tested isolates","N","2016","PL","Poland",397.000000000,""
"Antimicrobial resistance","Pseudomonas aeruginosa|Carbapenems","Total tested isolates","N","2016","PT","Portugal",1227.000000000,""
"Antimicrobial resistance","Pseudomonas aeruginosa|Carbapenems","Total tested isolates","N","2016","RO","Romania",93.000000000,""
"Antimicrobial resistance","Pseudomonas aeruginosa|Carbapenems","Total tested isolates","N","2016","SE","Sweden",472.000000000,""
"Antimicrobial resistance","Pseudomonas aeruginosa|Carbapenems","Total tested isolates","N","2016","SI","Slovenia",143.000000000,""
"Antimicrobial resistance","Pseudomonas aeruginosa|Carbapenems","Total tested isolates","N","2016","SK","Slovakia",182.000000000,""
"Antimicrobial resistance","Pseudomonas aeruginosa|Carbapenems","Total tested isolates","N","2016","UK","United Kingdom",2108.000000000,""
"Antimicrobial resistance","Pseudomonas aeruginosa|Carbapenems","Total tested isolates","N","2017","AT","Austria",725.000000000,""
"Antimicrobial resistance","Pseudomonas aeruginosa|Carbapenems","Total tested isolates","N","2017","BE","Belgium",474.000000000,""
"Antimicrobial resistance","Pseudomonas aeruginosa|Carbapenems","Total tested isolates","N","2017","BG","Bulgaria",71.000000000,""
"Antimicrobial resistance","Pseudomonas aeruginosa|Carbapenems","Total tested isolates","N","2017","CY","Cyprus",53.000000000,""
"Antimicrobial resistance","Pseudomonas aeruginosa|Carbapenems","Total tested isolates","N","2017","CZ","Czechia",411.000000000,""
"Antimicrobial resistance","Pseudomonas aeruginosa|Carbapenems","Total tested isolates","N","2017","DE","Germany",1892.000000000,""
"Antimicrobial resistance","Pseudomonas aeruginosa|Carbapenems","Total tested isolates","N","2017","DK","Denmark",484.000000000,""
"Antimicrobial resistance","Pseudomonas aeruginosa|Carbapenems","Total tested isolates","N","2017","EE","Estonia",55.000000000,""
"Antimicrobial resistance","Pseudomonas aeruginosa|Carbapenems","Total tested isolates","N","2017","EL","Greece",821.000000000,""
"Antimicrobial resistance","Pseudomonas aeruginosa|Carbapenems","Total tested isolates","N","2017","ES","Spain",861.000000000,""
"Antimicrobial resistance","Pseudomonas aeruginosa|Carbapenems","Total tested isolates","N","2017","FI","Finland",377.000000000,""
"Antimicrobial resistance","Pseudomonas aeruginosa|Carbapenems","Total tested isolates","N","2017","FR","France",1710.000000000,""
"Antimicrobial resistance","Pseudomonas aeruginosa|Carbapenems","Total tested isolates","N","2017","HR","Croatia",238.000000000,""
"Antimicrobial resistance","Pseudomonas aeruginosa|Carbapenems","Total tested isolates","N","2017","HU","Hungary",733.000000000,""
"Antimicrobial resistance","Pseudomonas aeruginosa|Carbapenems","Total tested isolates","N","2017","IE","Ireland",288.000000000,""
"Antimicrobial resistance","Pseudomonas aeruginosa|Carbapenems","Total tested isolates","N","2017","IS","Iceland",17.000000000,""
"Antimicrobial resistance","Pseudomonas aeruginosa|Carbapenems","Total tested isolates","N","2017","IT","Italy",1434.000000000,""
"Antimicrobial resistance","Pseudomonas aeruginosa|Carbapenems","Total tested isolates","N","2017","LT","Lithuania",89.000000000,""
"Antimicrobial resistance","Pseudomonas aeruginosa|Carbapenems","Total tested isolates","N","2017","LU","Luxembourg",56.000000000,""
"Antimicrobial resistance","Pseudomonas aeruginosa|Carbapenems","Total tested isolates","N","2017","LV","Latvia",14.000000000,""
"Antimicrobial resistance","Pseudomonas aeruginosa|Carbapenems","Total tested isolates","N","2017","MT","Malta",37.000000000,""
"Antimicrobial resistance","Pseudomonas aeruginosa|Carbapenems","Total tested isolates","N","2017","NL","Netherlands",736.000000000,""
"Antimicrobial resistance","Pseudomonas aeruginosa|Carbapenems","Total tested isolates","N","2017","NO","Norway",205.000000000,""
"Antimicrobial resistance","Pseudomonas aeruginosa|Carbapenems","Total tested isolates","N","2017","PL","Poland",393.000000000,""
"Antimicrobial resistance","Pseudomonas aeruginosa|Carbapenems","Total tested isolates","N","2017","PT","Portugal",1215.000000000,""
"Antimicrobial resistance","Pseudomonas aeruginosa|Carbapenems","Total tested isolates","N","2017","RO","Romania",131.000000000,""
"Antimicrobial resistance","Pseudomonas aeruginosa|Carbapenems","Total tested isolates","N","2017","SE","Sweden",446.000000000,""
"Antimicrobial resistance","Pseudomonas aeruginosa|Carbapenems","Total tested isolates","N","2017","SI","Slovenia",138.000000000,""
"Antimicrobial resistance","Pseudomonas aeruginosa|Carbapenems","Total tested isolates","N","2017","SK","Slovakia",202.000000000,""
"Antimicrobial resistance","Pseudomonas aeruginosa|Carbapenems","Total tested isolates","N","2017","UK","United Kingdom",2804.000000000,""
"Antimicrobial resistance","Pseudomonas aeruginosa|Carbapenems","Total tested isolates","N","2018","AT","Austria",736.000000000,""
"Antimicrobial resistance","Pseudomonas aeruginosa|Carbapenems","Total tested isolates","N","2018","BE","Belgium",487.000000000,""
"Antimicrobial resistance","Pseudomonas aeruginosa|Carbapenems","Total tested isolates","N","2018","BG","Bulgaria",90.000000000,""
"Antimicrobial resistance","Pseudomonas aeruginosa|Carbapenems","Total tested isolates","N","2018","CY","Cyprus",55.000000000,""
"Antimicrobial resistance","Pseudomonas aeruginosa|Carbapenems","Total tested isolates","N","2018","CZ","Czechia",539.000000000,""
"Antimicrobial resistance","Pseudomonas aeruginosa|Carbapenems","Total tested isolates","N","2018","DE","Germany",1790.000000000,""
"Antimicrobial resistance","Pseudomonas aeruginosa|Carbapenems","Total tested isolates","N","2018","DK","Denmark",422.000000000,""
"Antimicrobial resistance","Pseudomonas aeruginosa|Carbapenems","Total tested isolates","N","2018","EE","Estonia",48.000000000,""
"Antimicrobial resistance","Pseudomonas aeruginosa|Carbapenems","Total tested isolates","N","2018","EL","Greece",856.000000000,""
"Antimicrobial resistance","Pseudomonas aeruginosa|Carbapenems","Total tested isolates","N","2018","ES","Spain",1120.000000000,""
"Antimicrobial resistance","Pseudomonas aeruginosa|Carbapenems","Total tested isolates","N","2018","FI","Finland",391.000000000,""
"Antimicrobial resistance","Pseudomonas aeruginosa|Carbapenems","Total tested isolates","N","2018","FR","France",1896.000000000,""
"Antimicrobial resistance","Pseudomonas aeruginosa|Carbapenems","Total tested isolates","N","2018","HR","Croatia",199.000000000,""
"Antimicrobial resistance","Pseudomonas aeruginosa|Carbapenems","Total tested isolates","N","2018","HU","Hungary",807.000000000,""
"Antimicrobial resistance","Pseudomonas aeruginosa|Carbapenems","Total tested isolates","N","2018","IE","Ireland",273.000000000,""
"Antimicrobial resistance","Pseudomonas aeruginosa|Carbapenems","Total tested isolates","N","2018","IS","Iceland",12.000000000,""
"Antimicrobial resistance","Pseudomonas aeruginosa|Carbapenems","Total tested isolates","N","2018","IT","Italy",3014.000000000,""
"Antimicrobial resistance","Pseudomonas aeruginosa|Carbapenems","Total tested isolates","N","2018","LT","Lithuania",101.000000000,""
"Antimicrobial resistance","Pseudomonas aeruginosa|Carbapenems","Total tested isolates","N","2018","LU","Luxembourg",54.000000000,""
"Antimicrobial resistance","Pseudomonas aeruginosa|Carbapenems","Total tested isolates","N","2018","LV","Latvia",39.000000000,""
"Antimicrobial resistance","Pseudomonas aeruginosa|Carbapenems","Total tested isolates","N","2018","MT","Malta",29.000000000,""
"Antimicrobial resistance","Pseudomonas aeruginosa|Carbapenems","Total tested isolates","N","2018","NL","Netherlands",805.000000000,""
"Antimicrobial resistance","Pseudomonas aeruginosa|Carbapenems","Total tested isolates","N","2018","NO","Norway",250.000000000,""
"Antimicrobial resistance","Pseudomonas aeruginosa|Carbapenems","Total tested isolates","N","2018","PL","Poland",374.000000000,""
"Antimicrobial resistance","Pseudomonas aeruginosa|Carbapenems","Total tested isolates","N","2018","PT","Portugal",1108.000000000,""
"Antimicrobial resistance","Pseudomonas aeruginosa|Carbapenems","Total tested isolates","N","2018","RO","Romania",156.000000000,""
"Antimicrobial resistance","Pseudomonas aeruginosa|Carbapenems","Total tested isolates","N","2018","SE","Sweden",412.000000000,""
"Antimicrobial resistance","Pseudomonas aeruginosa|Carbapenems","Total tested isolates","N","2018","SI","Slovenia",174.000000000,""
"Antimicrobial resistance","Pseudomonas aeruginosa|Carbapenems","Total tested isolates","N","2018","SK","Slovakia",248.000000000,""
"Antimicrobial resistance","Pseudomonas aeruginosa|Carbapenems","Total tested isolates","N","2018","UK","United Kingdom",2748.000000000,""
"Antimicrobial resistance","Pseudomonas aeruginosa|Carbapenems","Total tested isolates","N","2019","AT","Austria",786.000000000,""
"Antimicrobial resistance","Pseudomonas aeruginosa|Carbapenems","Total tested isolates","N","2019","BE","Belgium",440.000000000,""
"Antimicrobial resistance","Pseudomonas aeruginosa|Carbapenems","Total tested isolates","N","2019","BG","Bulgaria",107.000000000,""
"Antimicrobial resistance","Pseudomonas aeruginosa|Carbapenems","Total tested isolates","N","2019","CY","Cyprus",33.000000000,""
"Antimicrobial resistance","Pseudomonas aeruginosa|Carbapenems","Total tested isolates","N","2019","CZ","Czechia",595.000000000,""
"Antimicrobial resistance","Pseudomonas aeruginosa|Carbapenems","Total tested isolates","N","2019","DE","Germany",2108.000000000,""
"Antimicrobial resistance","Pseudomonas aeruginosa|Carbapenems","Total tested isolates","N","2019","DK","Denmark",491.000000000,""
"Antimicrobial resistance","Pseudomonas aeruginosa|Carbapenems","Total tested isolates","N","2019","EE","Estonia",69.000000000,""
"Antimicrobial resistance","Pseudomonas aeruginosa|Carbapenems","Total tested isolates","N","2019","EL","Greece",141.000000000,""
"Antimicrobial resistance","Pseudomonas aeruginosa|Carbapenems","Total tested isolates","N","2019","ES","Spain",1107.000000000,""
"Antimicrobial resistance","Pseudomonas aeruginosa|Carbapenems","Total tested isolates","N","2019","FI","Finland",462.000000000,""
"Antimicrobial resistance","Pseudomonas aeruginosa|Carbapenems","Total tested isolates","N","2019","FR","France",2076.000000000,""
"Antimicrobial resistance","Pseudomonas aeruginosa|Carbapenems","Total tested isolates","N","2019","HR","Croatia",183.000000000,""
"Antimicrobial resistance","Pseudomonas aeruginosa|Carbapenems","Total tested isolates","N","2019","HU","Hungary",883.000000000,""
"Antimicrobial resistance","Pseudomonas aeruginosa|Carbapenems","Total tested isolates","N","2019","IE","Ireland",275.000000000,""
"Antimicrobial resistance","Pseudomonas aeruginosa|Carbapenems","Total tested isolates","N","2019","IS","Iceland",22.000000000,""
"Antimicrobial resistance","Pseudomonas aeruginosa|Carbapenems","Total tested isolates","N","2019","IT","Italy",3794.000000000,""
"Antimicrobial resistance","Pseudomonas aeruginosa|Carbapenems","Total tested isolates","N","2019","LT","Lithuania",104.000000000,""
"Antimicrobial resistance","Pseudomonas aeruginosa|Carbapenems","Total tested isolates","N","2019","LU","Luxembourg",31.000000000,""
"Antimicrobial resistance","Pseudomonas aeruginosa|Carbapenems","Total tested isolates","N","2019","LV","Latvia",49.000000000,""
"Antimicrobial resistance","Pseudomonas aeruginosa|Carbapenems","Total tested isolates","N","2019","MT","Malta",39.000000000,""
"Antimicrobial resistance","Pseudomonas aeruginosa|Carbapenems","Total tested isolates","N","2019","NL","Netherlands",682.000000000,""
"Antimicrobial resistance","Pseudomonas aeruginosa|Carbapenems","Total tested isolates","N","2019","NO","Norway",296.000000000,""
"Antimicrobial resistance","Pseudomonas aeruginosa|Carbapenems","Total tested isolates","N","2019","PL","Poland",409.000000000,""
"Antimicrobial resistance","Pseudomonas aeruginosa|Carbapenems","Total tested isolates","N","2019","PT","Portugal",1052.000000000,""
"Antimicrobial resistance","Pseudomonas aeruginosa|Carbapenems","Total tested isolates","N","2019","RO","Romania",184.000000000,""
"Antimicrobial resistance","Pseudomonas aeruginosa|Carbapenems","Total tested isolates","N","2019","SE","Sweden",706.000000000,""
"Antimicrobial resistance","Pseudomonas aeruginosa|Carbapenems","Total tested isolates","N","2019","SI","Slovenia",175.000000000,""
"Antimicrobial resistance","Pseudomonas aeruginosa|Carbapenems","Total tested isolates","N","2019","SK","Slovakia",197.000000000,""
"Antimicrobial resistance","Pseudomonas aeruginosa|Carbapenems","Total tested isolates","N","2019","UK","United Kingdom",2742.000000000,""
"Antimicrobial resistance","Pseudomonas aeruginosa|Carbapenems","Total tested isolates","N","2020","AT","Austria",683.000000000,""
"Antimicrobial resistance","Pseudomonas aeruginosa|Carbapenems","Total tested isolates","N","2020","BE","Belgium",474.000000000,""
"Antimicrobial resistance","Pseudomonas aeruginosa|Carbapenems","Total tested isolates","N","2020","BG","Bulgaria",70.000000000,""
"Antimicrobial resistance","Pseudomonas aeruginosa|Carbapenems","Total tested isolates","N","2020","CY","Cyprus",63.000000000,""
"Antimicrobial resistance","Pseudomonas aeruginosa|Carbapenems","Total tested isolates","N","2020","CZ","Czechia",559.000000000,""
"Antimicrobial resistance","Pseudomonas aeruginosa|Carbapenems","Total tested isolates","N","2020","DE","Germany",2662.000000000,""
"Antimicrobial resistance","Pseudomonas aeruginosa|Carbapenems","Total tested isolates","N","2020","DK","Denmark",503.000000000,""
"Antimicrobial resistance","Pseudomonas aeruginosa|Carbapenems","Total tested isolates","N","2020","EE","Estonia",79.000000000,""
"Antimicrobial resistance","Pseudomonas aeruginosa|Carbapenems","Total tested isolates","N","2020","EL","Greece",378.000000000,""
"Antimicrobial resistance","Pseudomonas aeruginosa|Carbapenems","Total tested isolates","N","2020","ES","Spain",1226.000000000,""
"Antimicrobial resistance","Pseudomonas aeruginosa|Carbapenems","Total tested isolates","N","2020","FI","Finland",433.000000000,""
"Antimicrobial resistance","Pseudomonas aeruginosa|Carbapenems","Total tested isolates","N","2020","FR","France",3583.000000000,""
"Antimicrobial resistance","Pseudomonas aeruginosa|Carbapenems","Total tested isolates","N","2020","HR","Croatia",165.000000000,""
"Antimicrobial resistance","Pseudomonas aeruginosa|Carbapenems","Total tested isolates","N","2020","HU","Hungary",779.000000000,""
"Antimicrobial resistance","Pseudomonas aeruginosa|Carbapenems","Total tested isolates","N","2020","IE","Ireland",261.000000000,""
"Antimicrobial resistance","Pseudomonas aeruginosa|Carbapenems","Total tested isolates","N","2020","IS","Iceland",25.000000000,""
"Antimicrobial resistance","Pseudomonas aeruginosa|Carbapenems","Total tested isolates","N","2020","IT","Italy",4615.000000000,""
"Antimicrobial resistance","Pseudomonas aeruginosa|Carbapenems","Total tested isolates","N","2020","LT","Lithuania",121.000000000,""
"Antimicrobial resistance","Pseudomonas aeruginosa|Carbapenems","Total tested isolates","N","2020","LU","Luxembourg",47.000000000,""
"Antimicrobial resistance","Pseudomonas aeruginosa|Carbapenems","Total tested isolates","N","2020","LV","Latvia",43.000000000,""
"Antimicrobial resistance","Pseudomonas aeruginosa|Carbapenems","Total tested isolates","N","2020","MT","Malta",49.000000000,""
"Antimicrobial resistance","Pseudomonas aeruginosa|Carbapenems","Total tested isolates","N","2020","NL","Netherlands",746.000000000,""
"Antimicrobial resistance","Pseudomonas aeruginosa|Carbapenems","Total tested isolates","N","2020","NO","Norway",282.000000000,""
"Antimicrobial resistance","Pseudomonas aeruginosa|Carbapenems","Total tested isolates","N","2020","PL","Poland",316.000000000,""
"Antimicrobial resistance","Pseudomonas aeruginosa|Carbapenems","Total tested isolates","N","2020","PT","Portugal",1057.000000000,""
"Antimicrobial resistance","Pseudomonas aeruginosa|Carbapenems","Total tested isolates","N","2020","RO","Romania",148.000000000,""
"Antimicrobial resistance","Pseudomonas aeruginosa|Carbapenems","Total tested isolates","N","2020","SE","Sweden",733.000000000,""
"Antimicrobial resistance","Pseudomonas aeruginosa|Carbapenems","Total tested isolates","N","2020","SI","Slovenia",186.000000000,""
"Antimicrobial resistance","Pseudomonas aeruginosa|Carbapenems","Total tested isolates","N","2020","SK","Slovakia",231.000000000,""
"Antimicrobial resistance","Pseudomonas aeruginosa|Carbapenems","Total tested isolates","N","2021","AT","Austria",737.000000000,""
"Antimicrobial resistance","Pseudomonas aeruginosa|Carbapenems","Total tested isolates","N","2021","BE","Belgium",479.000000000,""
"Antimicrobial resistance","Pseudomonas aeruginosa|Carbapenems","Total tested isolates","N","2021","BG","Bulgaria",83.000000000,""
"Antimicrobial resistance","Pseudomonas aeruginosa|Carbapenems","Total tested isolates","N","2021","CY","Cyprus",102.000000000,""
"Antimicrobial resistance","Pseudomonas aeruginosa|Carbapenems","Total tested isolates","N","2021","CZ","Czechia",595.000000000,""
"Antimicrobial resistance","Pseudomonas aeruginosa|Carbapenems","Total tested isolates","N","2021","DE","Germany",2864.000000000,""
"Antimicrobial resistance","Pseudomonas aeruginosa|Carbapenems","Total tested isolates","N","2021","DK","Denmark",514.000000000,""
"Antimicrobial resistance","Pseudomonas aeruginosa|Carbapenems","Total tested isolates","N","2021","EE","Estonia",87.000000000,""
"Antimicrobial resistance","Pseudomonas aeruginosa|Carbapenems","Total tested isolates","N","2021","EL","Greece",576.000000000,""
"Antimicrobial resistance","Pseudomonas aeruginosa|Carbapenems","Total tested isolates","N","2021","ES","Spain",1175.000000000,""
"Antimicrobial resistance","Pseudomonas aeruginosa|Carbapenems","Total tested isolates","N","2021","FI","Finland",451.000000000,""
"Antimicrobial resistance","Pseudomonas aeruginosa|Carbapenems","Total tested isolates","N","2021","FR","France",3850.000000000,""
"Antimicrobial resistance","Pseudomonas aeruginosa|Carbapenems","Total tested isolates","N","2021","HR","Croatia",214.000000000,""
"Antimicrobial resistance","Pseudomonas aeruginosa|Carbapenems","Total tested isolates","N","2021","HU","Hungary",1226.000000000,""
"Antimicrobial resistance","Pseudomonas aeruginosa|Carbapenems","Total tested isolates","N","2021","IE","Ireland",280.000000000,""
"Antimicrobial resistance","Pseudomonas aeruginosa|Carbapenems","Total tested isolates","N","2021","IS","Iceland",32.000000000,""
"Antimicrobial resistance","Pseudomonas aeruginosa|Carbapenems","Total tested isolates","N","2021","IT","Italy",5034.000000000,""
"Antimicrobial resistance","Pseudomonas aeruginosa|Carbapenems","Total tested isolates","N","2021","LT","Lithuania",161.000000000,""
"Antimicrobial resistance","Pseudomonas aeruginosa|Carbapenems","Total tested isolates","N","2021","LU","Luxembourg",37.000000000,""
"Antimicrobial resistance","Pseudomonas aeruginosa|Carbapenems","Total tested isolates","N","2021","LV","Latvia",78.000000000,""
"Antimicrobial resistance","Pseudomonas aeruginosa|Carbapenems","Total tested isolates","N","2021","MT","Malta",35.000000000,""
"Antimicrobial resistance","Pseudomonas aeruginosa|Carbapenems","Total tested isolates","N","2021","NL","Netherlands",730.000000000,""
"Antimicrobial resistance","Pseudomonas aeruginosa|Carbapenems","Total tested isolates","N","2021","NO","Norway",309.000000000,""
"Antimicrobial resistance","Pseudomonas aeruginosa|Carbapenems","Total tested isolates","N","2021","PL","Poland",440.000000000,""
"Antimicrobial resistance","Pseudomonas aeruginosa|Carbapenems","Total tested isolates","N","2021","PT","Portugal",1015.000000000,""
"Antimicrobial resistance","Pseudomonas aeruginosa|Carbapenems","Total tested isolates","N","2021","RO","Romania",207.000000000,""
"Antimicrobial resistance","Pseudomonas aeruginosa|Carbapenems","Total tested isolates","N","2021","SE","Sweden",803.000000000,""
"Antimicrobial resistance","Pseudomonas aeruginosa|Carbapenems","Total tested isolates","N","2021","SI","Slovenia",257.000000000,""
"Antimicrobial resistance","Pseudomonas aeruginosa|Carbapenems","Total tested isolates","N","2021","SK","Slovakia",258.000000000,""
"Antimicrobial resistance","Pseudomonas aeruginosa|Carbapenems","Total tested isolates","N","2022","AT","Austria",677.000000000,""
"Antimicrobial resistance","Pseudomonas aeruginosa|Carbapenems","Total tested isolates","N","2022","BE","Belgium",452.000000000,""
"Antimicrobial resistance","Pseudomonas aeruginosa|Carbapenems","Total tested isolates","N","2022","BG","Bulgaria",76.000000000,""
"Antimicrobial resistance","Pseudomonas aeruginosa|Carbapenems","Total tested isolates","N","2022","CY","Cyprus",97.000000000,""
"Antimicrobial resistance","Pseudomonas aeruginosa|Carbapenems","Total tested isolates","N","2022","CZ","Czechia",645.000000000,""
"Antimicrobial resistance","Pseudomonas aeruginosa|Carbapenems","Total tested isolates","N","2022","DE","Germany",3209.000000000,""
"Antimicrobial resistance","Pseudomonas aeruginosa|Carbapenems","Total tested isolates","N","2022","DK","Denmark",494.000000000,""
"Antimicrobial resistance","Pseudomonas aeruginosa|Carbapenems","Total tested isolates","N","2022","EE","Estonia",85.000000000,""
"Antimicrobial resistance","Pseudomonas aeruginosa|Carbapenems","Total tested isolates","N","2022","EL","Greece",887.000000000,""
"Antimicrobial resistance","Pseudomonas aeruginosa|Carbapenems","Total tested isolates","N","2022","ES","Spain",1392.000000000,""
"Antimicrobial resistance","Pseudomonas aeruginosa|Carbapenems","Total tested isolates","N","2022","FI","Finland",422.000000000,""
"Antimicrobial resistance","Pseudomonas aeruginosa|Carbapenems","Total tested isolates","N","2022","FR","France",3498.000000000,""
"Antimicrobial resistance","Pseudomonas aeruginosa|Carbapenems","Total tested isolates","N","2022","HR","Croatia",263.000000000,""
"Antimicrobial resistance","Pseudomonas aeruginosa|Carbapenems","Total tested isolates","N","2022","HU","Hungary",1016.000000000,""
"Antimicrobial resistance","Pseudomonas aeruginosa|Carbapenems","Total tested isolates","N","2022","IE","Ireland",302.000000000,""
"Antimicrobial resistance","Pseudomonas aeruginosa|Carbapenems","Total tested isolates","N","2022","IS","Iceland",35.000000000,""
"Antimicrobial resistance","Pseudomonas aeruginosa|Carbapenems","Total tested isolates","N","2022","IT","Italy",5963.000000000,""
"Antimicrobial resistance","Pseudomonas aeruginosa|Carbapenems","Total tested isolates","N","2022","LT","Lithuania",169.000000000,""
"Antimicrobial resistance","Pseudomonas aeruginosa|Carbapenems","Total tested isolates","N","2022","LU","Luxembourg",45.000000000,""
"Antimicrobial resistance","Pseudomonas aeruginosa|Carbapenems","Total tested isolates","N","2022","LV","Latvia",72.000000000,""
"Antimicrobial resistance","Pseudomonas aeruginosa|Carbapenems","Total tested isolates","N","2022","MT","Malta",47.000000000,""
"Antimicrobial resistance","Pseudomonas aeruginosa|Carbapenems","Total tested isolates","N","2022","NL","Netherlands",756.000000000,""
"Antimicrobial resistance","Pseudomonas aeruginosa|Carbapenems","Total tested isolates","N","2022","NO","Norway",362.000000000,""
"Antimicrobial resistance","Pseudomonas aeruginosa|Carbapenems","Total tested isolates","N","2022","PL","Poland",468.000000000,""
"Antimicrobial resistance","Pseudomonas aeruginosa|Carbapenems","Total tested isolates","N","2022","PT","Portugal",1129.000000000,""
"Antimicrobial resistance","Pseudomonas aeruginosa|Carbapenems","Total tested isolates","N","2022","RO","Romania",230.000000000,""
"Antimicrobial resistance","Pseudomonas aeruginosa|Carbapenems","Total tested isolates","N","2022","SE","Sweden",853.000000000,""
"Antimicrobial resistance","Pseudomonas aeruginosa|Carbapenems","Total tested isolates","N","2022","SI","Slovenia",220.000000000,""
"Antimicrobial resistance","Pseudomonas aeruginosa|Carbapenems","Total tested isolates","N","2022","SK","Slovakia",218.000000000,""
"Antimicrobial resistance","Pseudomonas aeruginosa|Carbapenems","Total tested isolates","N","2023","AT","Austria",711.000000000,""
"Antimicrobial resistance","Pseudomonas aeruginosa|Carbapenems","Total tested isolates","N","2023","BE","Belgium",465.000000000,""
"Antimicrobial resistance","Pseudomonas aeruginosa|Carbapenems","Total tested isolates","N","2023","BG","Bulgaria",84.000000000,""
"Antimicrobial resistance","Pseudomonas aeruginosa|Carbapenems","Total tested isolates","N","2023","CY","Cyprus",105.000000000,""
"Antimicrobial resistance","Pseudomonas aeruginosa|Carbapenems","Total tested isolates","N","2023","CZ","Czechia",610.000000000,""
"Antimicrobial resistance","Pseudomonas aeruginosa|Carbapenems","Total tested isolates","N","2023","DE","Germany",3579.000000000,""
"Antimicrobial resistance","Pseudomonas aeruginosa|Carbapenems","Total tested isolates","N","2023","DK","Denmark",457.000000000,""
"Antimicrobial resistance","Pseudomonas aeruginosa|Carbapenems","Total tested isolates","N","2023","EE","Estonia",73.000000000,""
"Antimicrobial resistance","Pseudomonas aeruginosa|Carbapenems","Total tested isolates","N","2023","EL","Greece",1294.000000000,""
"Antimicrobial resistance","Pseudomonas aeruginosa|Carbapenems","Total tested isolates","N","2023","ES","Spain",1371.000000000,""
"Antimicrobial resistance","Pseudomonas aeruginosa|Carbapenems","Total tested isolates","N","2023","FI","Finland",367.000000000,""
"Antimicrobial resistance","Pseudomonas aeruginosa|Carbapenems","Total tested isolates","N","2023","HR","Croatia",366.000000000,""
"Antimicrobial resistance","Pseudomonas aeruginosa|Carbapenems","Total tested isolates","N","2023","HU","Hungary",950.000000000,""
"Antimicrobial resistance","Pseudomonas aeruginosa|Carbapenems","Total tested isolates","N","2023","IE","Ireland",287.000000000,""
"Antimicrobial resistance","Pseudomonas aeruginosa|Carbapenems","Total tested isolates","N","2023","IS","Iceland",27.000000000,""
"Antimicrobial resistance","Pseudomonas aeruginosa|Carbapenems","Total tested isolates","N","2023","IT","Italy",6636.000000000,""
"Antimicrobial resistance","Pseudomonas aeruginosa|Carbapenems","Total tested isolates","N","2023","LI","Liechtenstein",2.000000000,""
"Antimicrobial resistance","Pseudomonas aeruginosa|Carbapenems","Total tested isolates","N","2023","LT","Lithuania",142.000000000,""
"Antimicrobial resistance","Pseudomonas aeruginosa|Carbapenems","Total tested isolates","N","2023","LU","Luxembourg",47.000000000,""
"Antimicrobial resistance","Pseudomonas aeruginosa|Carbapenems","Total tested isolates","N","2023","LV","Latvia",44.000000000,""
"Antimicrobial resistance","Pseudomonas aeruginosa|Carbapenems","Total tested isolates","N","2023","MT","Malta",40.000000000,""
"Antimicrobial resistance","Pseudomonas aeruginosa|Carbapenems","Total tested isolates","N","2023","NL","Netherlands",773.000000000,""
"Antimicrobial resistance","Pseudomonas aeruginosa|Carbapenems","Total tested isolates","N","2023","NO","Norway",294.000000000,""
"Antimicrobial resistance","Pseudomonas aeruginosa|Carbapenems","Total tested isolates","N","2023","PL","Poland",476.000000000,""
"Antimicrobial resistance","Pseudomonas aeruginosa|Carbapenems","Total tested isolates","N","2023","PT","Portugal",1181.000000000,""
"Antimicrobial resistance","Pseudomonas aeruginosa|Carbapenems","Total tested isolates","N","2023","RO","Romania",262.000000000,""
"Antimicrobial resistance","Pseudomonas aeruginosa|Carbapenems","Total tested isolates","N","2023","SE","Sweden",857.000000000,""
"Antimicrobial resistance","Pseudomonas aeruginosa|Carbapenems","Total tested isolates","N","2023","SI","Slovenia",234.000000000,""
"Antimicrobial resistance","Pseudomonas aeruginosa|Carbapenems","Total tested isolates","N","2023","SK","Slovakia",228.000000000,""
"Antimicrobial resistance","Pseudomonas aeruginosa|Carbapenems","Total tested isolates","N","2024","AT","Austria",827.000000000,""
"Antimicrobial resistance","Pseudomonas aeruginosa|Carbapenems","Total tested isolates","N","2024","BE","Belgium",546.000000000,""
"Antimicrobial resistance","Pseudomonas aeruginosa|Carbapenems","Total tested isolates","N","2024","BG","Bulgaria",87.000000000,""
"Antimicrobial resistance","Pseudomonas aeruginosa|Carbapenems","Total tested isolates","N","2024","CY","Cyprus",160.000000000,""
"Antimicrobial resistance","Pseudomonas aeruginosa|Carbapenems","Total tested isolates","N","2024","CZ","Czechia",712.000000000,""
"Antimicrobial resistance","Pseudomonas aeruginosa|Carbapenems","Total tested isolates","N","2024","DE","Germany",4618.000000000,""
"Antimicrobial resistance","Pseudomonas aeruginosa|Carbapenems","Total tested isolates","N","2024","DK","Denmark",482.000000000,""
"Antimicrobial resistance","Pseudomonas aeruginosa|Carbapenems","Total tested isolates","N","2024","EE","Estonia",109.000000000,""
"Antimicrobial resistance","Pseudomonas aeruginosa|Carbapenems","Total tested isolates","N","2024","EL","Greece",1105.000000000,""
"Antimicrobial resistance","Pseudomonas aeruginosa|Carbapenems","Total tested isolates","N","2024","ES","Spain",1355.000000000,""
"Antimicrobial resistance","Pseudomonas aeruginosa|Carbapenems","Total tested isolates","N","2024","FI","Finland",382.000000000,""
"Antimicrobial resistance","Pseudomonas aeruginosa|Carbapenems","Total tested isolates","N","2024","FR","France",3908.000000000,""
"Antimicrobial resistance","Pseudomonas aeruginosa|Carbapenems","Total tested isolates","N","2024","HR","Croatia",247.000000000,""
"Antimicrobial resistance","Pseudomonas aeruginosa|Carbapenems","Total tested isolates","N","2024","HU","Hungary",1016.000000000,""
"Antimicrobial resistance","Pseudomonas aeruginosa|Carbapenems","Total tested isolates","N","2024","IE","Ireland",262.000000000,""
"Antimicrobial resistance","Pseudomonas aeruginosa|Carbapenems","Total tested isolates","N","2024","IS","Iceland",20.000000000,""
"Antimicrobial resistance","Pseudomonas aeruginosa|Carbapenems","Total tested isolates","N","2024","IT","Italy",7371.000000000,""
"Antimicrobial resistance","Pseudomonas aeruginosa|Carbapenems","Total tested isolates","N","2024","LT","Lithuania",173.000000000,""
"Antimicrobial resistance","Pseudomonas aeruginosa|Carbapenems","Total tested isolates","N","2024","LU","Luxembourg",57.000000000,""
"Antimicrobial resistance","Pseudomonas aeruginosa|Carbapenems","Total tested isolates","N","2024","LV","Latvia",65.000000000,""
"Antimicrobial resistance","Pseudomonas aeruginosa|Carbapenems","Total tested isolates","N","2024","MT","Malta",51.000000000,""
"Antimicrobial resistance","Pseudomonas aeruginosa|Carbapenems","Total tested isolates","N","2024","NL","Netherlands",906.000000000,""
"Antimicrobial resistance","Pseudomonas aeruginosa|Carbapenems","Total tested isolates","N","2024","NO","Norway",295.000000000,""
"Antimicrobial resistance","Pseudomonas aeruginosa|Carbapenems","Total tested isolates","N","2024","PL","Poland",646.000000000,""
"Antimicrobial resistance","Pseudomonas aeruginosa|Carbapenems","Total tested isolates","N","2024","PT","Portugal",1274.000000000,""
"Antimicrobial resistance","Pseudomonas aeruginosa|Carbapenems","Total tested isolates","N","2024","RO","Romania",258.000000000,""
"Antimicrobial resistance","Pseudomonas aeruginosa|Carbapenems","Total tested isolates","N","2024","SE","Sweden",848.000000000,""
"Antimicrobial resistance","Pseudomonas aeruginosa|Carbapenems","Total tested isolates","N","2024","SI","Slovenia",186.000000000,""
"Antimicrobial resistance","Pseudomonas aeruginosa|Carbapenems","Total tested isolates","N","2024","SK","Slovakia",201.000000000,""
