"HealthTopic","Population","Indicator","Unit","Time","RegionCode","RegionName","NumValue","TxtValue"
"Antimicrobial resistance","Enterococcus faecium|Aminopenicillins","I - 'susceptible, increased exposure' isolates ","N","2000","DE","Germany",1.000000000,""
"Antimicrobial resistance","Enterococcus faecium|Aminopenicillins","I - 'susceptible, increased exposure' isolates ","N","2000","EL","Greece",0.000000000,""
"Antimicrobial resistance","Enterococcus faecium|Aminopenicillins","I - 'susceptible, increased exposure' isolates ","N","2000","NL","Netherlands",0.000000000,""
"Antimicrobial resistance","Enterococcus faecium|Aminopenicillins","I - 'susceptible, increased exposure' isolates ","N","2000","NO","Norway",2.000000000,""
"Antimicrobial resistance","Enterococcus faecium|Aminopenicillins","I - 'susceptible, increased exposure' isolates ","N","2001","AT","Austria",0.000000000,""
"Antimicrobial resistance","Enterococcus faecium|Aminopenicillins","I - 'susceptible, increased exposure' isolates ","N","2001","BE","Belgium",1.000000000,""
"Antimicrobial resistance","Enterococcus faecium|Aminopenicillins","I - 'susceptible, increased exposure' isolates ","N","2001","BG","Bulgaria",0.000000000,""
"Antimicrobial resistance","Enterococcus faecium|Aminopenicillins","I - 'susceptible, increased exposure' isolates ","N","2001","CZ","Czechia",0.000000000,""
"Antimicrobial resistance","Enterococcus faecium|Aminopenicillins","I - 'susceptible, increased exposure' isolates ","N","2001","DE","Germany",6.000000000,""
"Antimicrobial resistance","Enterococcus faecium|Aminopenicillins","I - 'susceptible, increased exposure' isolates ","N","2001","EE","Estonia",0.000000000,""
"Antimicrobial resistance","Enterococcus faecium|Aminopenicillins","I - 'susceptible, increased exposure' isolates ","N","2001","EL","Greece",0.000000000,""
"Antimicrobial resistance","Enterococcus faecium|Aminopenicillins","I - 'susceptible, increased exposure' isolates ","N","2001","ES","Spain",0.000000000,""
"Antimicrobial resistance","Enterococcus faecium|Aminopenicillins","I - 'susceptible, increased exposure' isolates ","N","2001","FI","Finland",0.000000000,""
"Antimicrobial resistance","Enterococcus faecium|Aminopenicillins","I - 'susceptible, increased exposure' isolates ","N","2001","HR","Croatia",0.000000000,""
"Antimicrobial resistance","Enterococcus faecium|Aminopenicillins","I - 'susceptible, increased exposure' isolates ","N","2001","HU","Hungary",0.000000000,""
"Antimicrobial resistance","Enterococcus faecium|Aminopenicillins","I - 'susceptible, increased exposure' isolates ","N","2001","IS","Iceland",0.000000000,""
"Antimicrobial resistance","Enterococcus faecium|Aminopenicillins","I - 'susceptible, increased exposure' isolates ","N","2001","IT","Italy",0.000000000,""
"Antimicrobial resistance","Enterococcus faecium|Aminopenicillins","I - 'susceptible, increased exposure' isolates ","N","2001","LU","Luxembourg",0.000000000,""
"Antimicrobial resistance","Enterococcus faecium|Aminopenicillins","I - 'susceptible, increased exposure' isolates ","N","2001","MT","Malta",0.000000000,""
"Antimicrobial resistance","Enterococcus faecium|Aminopenicillins","I - 'susceptible, increased exposure' isolates ","N","2001","NL","Netherlands",2.000000000,""
"Antimicrobial resistance","Enterococcus faecium|Aminopenicillins","I - 'susceptible, increased exposure' isolates ","N","2001","NO","Norway",2.000000000,""
"Antimicrobial resistance","Enterococcus faecium|Aminopenicillins","I - 'susceptible, increased exposure' isolates ","N","2001","PL","Poland",0.000000000,""
"Antimicrobial resistance","Enterococcus faecium|Aminopenicillins","I - 'susceptible, increased exposure' isolates ","N","2001","PT","Portugal",1.000000000,""
"Antimicrobial resistance","Enterococcus faecium|Aminopenicillins","I - 'susceptible, increased exposure' isolates ","N","2001","SE","Sweden",7.000000000,""
"Antimicrobial resistance","Enterococcus faecium|Aminopenicillins","I - 'susceptible, increased exposure' isolates ","N","2001","SI","Slovenia",0.000000000,""
"Antimicrobial resistance","Enterococcus faecium|Aminopenicillins","I - 'susceptible, increased exposure' isolates ","N","2001","SK","Slovakia",0.000000000,""
"Antimicrobial resistance","Enterococcus faecium|Aminopenicillins","I - 'susceptible, increased exposure' isolates ","N","2002","AT","Austria",0.000000000,""
"Antimicrobial resistance","Enterococcus faecium|Aminopenicillins","I - 'susceptible, increased exposure' isolates ","N","2002","BE","Belgium",0.000000000,""
"Antimicrobial resistance","Enterococcus faecium|Aminopenicillins","I - 'susceptible, increased exposure' isolates ","N","2002","BG","Bulgaria",0.000000000,""
"Antimicrobial resistance","Enterococcus faecium|Aminopenicillins","I - 'susceptible, increased exposure' isolates ","N","2002","CZ","Czechia",0.000000000,""
"Antimicrobial resistance","Enterococcus faecium|Aminopenicillins","I - 'susceptible, increased exposure' isolates ","N","2002","DE","Germany",6.000000000,""
"Antimicrobial resistance","Enterococcus faecium|Aminopenicillins","I - 'susceptible, increased exposure' isolates ","N","2002","EE","Estonia",0.000000000,""
"Antimicrobial resistance","Enterococcus faecium|Aminopenicillins","I - 'susceptible, increased exposure' isolates ","N","2002","EL","Greece",0.000000000,""
"Antimicrobial resistance","Enterococcus faecium|Aminopenicillins","I - 'susceptible, increased exposure' isolates ","N","2002","ES","Spain",0.000000000,""
"Antimicrobial resistance","Enterococcus faecium|Aminopenicillins","I - 'susceptible, increased exposure' isolates ","N","2002","FI","Finland",0.000000000,""
"Antimicrobial resistance","Enterococcus faecium|Aminopenicillins","I - 'susceptible, increased exposure' isolates ","N","2002","FR","France",5.000000000,""
"Antimicrobial resistance","Enterococcus faecium|Aminopenicillins","I - 'susceptible, increased exposure' isolates ","N","2002","HR","Croatia",0.000000000,""
"Antimicrobial resistance","Enterococcus faecium|Aminopenicillins","I - 'susceptible, increased exposure' isolates ","N","2002","HU","Hungary",0.000000000,""
"Antimicrobial resistance","Enterococcus faecium|Aminopenicillins","I - 'susceptible, increased exposure' isolates ","N","2002","IE","Ireland",2.000000000,""
"Antimicrobial resistance","Enterococcus faecium|Aminopenicillins","I - 'susceptible, increased exposure' isolates ","N","2002","IS","Iceland",0.000000000,""
"Antimicrobial resistance","Enterococcus faecium|Aminopenicillins","I - 'susceptible, increased exposure' isolates ","N","2002","IT","Italy",0.000000000,""
"Antimicrobial resistance","Enterococcus faecium|Aminopenicillins","I - 'susceptible, increased exposure' isolates ","N","2002","LU","Luxembourg",0.000000000,""
"Antimicrobial resistance","Enterococcus faecium|Aminopenicillins","I - 'susceptible, increased exposure' isolates ","N","2002","MT","Malta",0.000000000,""
"Antimicrobial resistance","Enterococcus faecium|Aminopenicillins","I - 'susceptible, increased exposure' isolates ","N","2002","NL","Netherlands",0.000000000,""
"Antimicrobial resistance","Enterococcus faecium|Aminopenicillins","I - 'susceptible, increased exposure' isolates ","N","2002","NO","Norway",9.000000000,""
"Antimicrobial resistance","Enterococcus faecium|Aminopenicillins","I - 'susceptible, increased exposure' isolates ","N","2002","PL","Poland",0.000000000,""
"Antimicrobial resistance","Enterococcus faecium|Aminopenicillins","I - 'susceptible, increased exposure' isolates ","N","2002","PT","Portugal",0.000000000,""
"Antimicrobial resistance","Enterococcus faecium|Aminopenicillins","I - 'susceptible, increased exposure' isolates ","N","2002","RO","Romania",0.000000000,""
"Antimicrobial resistance","Enterococcus faecium|Aminopenicillins","I - 'susceptible, increased exposure' isolates ","N","2002","SE","Sweden",3.000000000,""
"Antimicrobial resistance","Enterococcus faecium|Aminopenicillins","I - 'susceptible, increased exposure' isolates ","N","2002","SI","Slovenia",0.000000000,""
"Antimicrobial resistance","Enterococcus faecium|Aminopenicillins","I - 'susceptible, increased exposure' isolates ","N","2002","SK","Slovakia",0.000000000,""
"Antimicrobial resistance","Enterococcus faecium|Aminopenicillins","I - 'susceptible, increased exposure' isolates ","N","2003","AT","Austria",0.000000000,""
"Antimicrobial resistance","Enterococcus faecium|Aminopenicillins","I - 'susceptible, increased exposure' isolates ","N","2003","BE","Belgium",0.000000000,""
"Antimicrobial resistance","Enterococcus faecium|Aminopenicillins","I - 'susceptible, increased exposure' isolates ","N","2003","BG","Bulgaria",0.000000000,""
"Antimicrobial resistance","Enterococcus faecium|Aminopenicillins","I - 'susceptible, increased exposure' isolates ","N","2003","CY","Cyprus",0.000000000,""
"Antimicrobial resistance","Enterococcus faecium|Aminopenicillins","I - 'susceptible, increased exposure' isolates ","N","2003","CZ","Czechia",0.000000000,""
"Antimicrobial resistance","Enterococcus faecium|Aminopenicillins","I - 'susceptible, increased exposure' isolates ","N","2003","DE","Germany",7.000000000,""
"Antimicrobial resistance","Enterococcus faecium|Aminopenicillins","I - 'susceptible, increased exposure' isolates ","N","2003","EE","Estonia",0.000000000,""
"Antimicrobial resistance","Enterococcus faecium|Aminopenicillins","I - 'susceptible, increased exposure' isolates ","N","2003","EL","Greece",0.000000000,""
"Antimicrobial resistance","Enterococcus faecium|Aminopenicillins","I - 'susceptible, increased exposure' isolates ","N","2003","ES","Spain",0.000000000,""
"Antimicrobial resistance","Enterococcus faecium|Aminopenicillins","I - 'susceptible, increased exposure' isolates ","N","2003","FI","Finland",0.000000000,""
"Antimicrobial resistance","Enterococcus faecium|Aminopenicillins","I - 'susceptible, increased exposure' isolates ","N","2003","FR","France",3.000000000,""
"Antimicrobial resistance","Enterococcus faecium|Aminopenicillins","I - 'susceptible, increased exposure' isolates ","N","2003","HR","Croatia",0.000000000,""
"Antimicrobial resistance","Enterococcus faecium|Aminopenicillins","I - 'susceptible, increased exposure' isolates ","N","2003","HU","Hungary",0.000000000,""
"Antimicrobial resistance","Enterococcus faecium|Aminopenicillins","I - 'susceptible, increased exposure' isolates ","N","2003","IE","Ireland",0.000000000,""
"Antimicrobial resistance","Enterococcus faecium|Aminopenicillins","I - 'susceptible, increased exposure' isolates ","N","2003","IS","Iceland",0.000000000,""
"Antimicrobial resistance","Enterococcus faecium|Aminopenicillins","I - 'susceptible, increased exposure' isolates ","N","2003","IT","Italy",0.000000000,""
"Antimicrobial resistance","Enterococcus faecium|Aminopenicillins","I - 'susceptible, increased exposure' isolates ","N","2003","LU","Luxembourg",0.000000000,""
"Antimicrobial resistance","Enterococcus faecium|Aminopenicillins","I - 'susceptible, increased exposure' isolates ","N","2003","MT","Malta",0.000000000,""
"Antimicrobial resistance","Enterococcus faecium|Aminopenicillins","I - 'susceptible, increased exposure' isolates ","N","2003","NL","Netherlands",3.000000000,""
"Antimicrobial resistance","Enterococcus faecium|Aminopenicillins","I - 'susceptible, increased exposure' isolates ","N","2003","NO","Norway",3.000000000,""
"Antimicrobial resistance","Enterococcus faecium|Aminopenicillins","I - 'susceptible, increased exposure' isolates ","N","2003","PL","Poland",0.000000000,""
"Antimicrobial resistance","Enterococcus faecium|Aminopenicillins","I - 'susceptible, increased exposure' isolates ","N","2003","PT","Portugal",0.000000000,""
"Antimicrobial resistance","Enterococcus faecium|Aminopenicillins","I - 'susceptible, increased exposure' isolates ","N","2003","RO","Romania",1.000000000,""
"Antimicrobial resistance","Enterococcus faecium|Aminopenicillins","I - 'susceptible, increased exposure' isolates ","N","2003","SE","Sweden",3.000000000,""
"Antimicrobial resistance","Enterococcus faecium|Aminopenicillins","I - 'susceptible, increased exposure' isolates ","N","2003","SI","Slovenia",0.000000000,""
"Antimicrobial resistance","Enterococcus faecium|Aminopenicillins","I - 'susceptible, increased exposure' isolates ","N","2003","SK","Slovakia",0.000000000,""
"Antimicrobial resistance","Enterococcus faecium|Aminopenicillins","I - 'susceptible, increased exposure' isolates ","N","2004","AT","Austria",0.000000000,""
"Antimicrobial resistance","Enterococcus faecium|Aminopenicillins","I - 'susceptible, increased exposure' isolates ","N","2004","BE","Belgium",0.000000000,""
"Antimicrobial resistance","Enterococcus faecium|Aminopenicillins","I - 'susceptible, increased exposure' isolates ","N","2004","BG","Bulgaria",0.000000000,""
"Antimicrobial resistance","Enterococcus faecium|Aminopenicillins","I - 'susceptible, increased exposure' isolates ","N","2004","CY","Cyprus",0.000000000,""
"Antimicrobial resistance","Enterococcus faecium|Aminopenicillins","I - 'susceptible, increased exposure' isolates ","N","2004","CZ","Czechia",0.000000000,""
"Antimicrobial resistance","Enterococcus faecium|Aminopenicillins","I - 'susceptible, increased exposure' isolates ","N","2004","DE","Germany",9.000000000,""
"Antimicrobial resistance","Enterococcus faecium|Aminopenicillins","I - 'susceptible, increased exposure' isolates ","N","2004","EE","Estonia",0.000000000,""
"Antimicrobial resistance","Enterococcus faecium|Aminopenicillins","I - 'susceptible, increased exposure' isolates ","N","2004","EL","Greece",0.000000000,""
"Antimicrobial resistance","Enterococcus faecium|Aminopenicillins","I - 'susceptible, increased exposure' isolates ","N","2004","ES","Spain",0.000000000,""
"Antimicrobial resistance","Enterococcus faecium|Aminopenicillins","I - 'susceptible, increased exposure' isolates ","N","2004","FI","Finland",0.000000000,""
"Antimicrobial resistance","Enterococcus faecium|Aminopenicillins","I - 'susceptible, increased exposure' isolates ","N","2004","FR","France",14.000000000,""
"Antimicrobial resistance","Enterococcus faecium|Aminopenicillins","I - 'susceptible, increased exposure' isolates ","N","2004","HR","Croatia",0.000000000,""
"Antimicrobial resistance","Enterococcus faecium|Aminopenicillins","I - 'susceptible, increased exposure' isolates ","N","2004","HU","Hungary",0.000000000,""
"Antimicrobial resistance","Enterococcus faecium|Aminopenicillins","I - 'susceptible, increased exposure' isolates ","N","2004","IE","Ireland",0.000000000,""
"Antimicrobial resistance","Enterococcus faecium|Aminopenicillins","I - 'susceptible, increased exposure' isolates ","N","2004","IS","Iceland",0.000000000,""
"Antimicrobial resistance","Enterococcus faecium|Aminopenicillins","I - 'susceptible, increased exposure' isolates ","N","2004","IT","Italy",0.000000000,""
"Antimicrobial resistance","Enterococcus faecium|Aminopenicillins","I - 'susceptible, increased exposure' isolates ","N","2004","LU","Luxembourg",0.000000000,""
"Antimicrobial resistance","Enterococcus faecium|Aminopenicillins","I - 'susceptible, increased exposure' isolates ","N","2004","MT","Malta",0.000000000,""
"Antimicrobial resistance","Enterococcus faecium|Aminopenicillins","I - 'susceptible, increased exposure' isolates ","N","2004","NL","Netherlands",3.000000000,""
"Antimicrobial resistance","Enterococcus faecium|Aminopenicillins","I - 'susceptible, increased exposure' isolates ","N","2004","NO","Norway",2.000000000,""
"Antimicrobial resistance","Enterococcus faecium|Aminopenicillins","I - 'susceptible, increased exposure' isolates ","N","2004","PL","Poland",0.000000000,""
"Antimicrobial resistance","Enterococcus faecium|Aminopenicillins","I - 'susceptible, increased exposure' isolates ","N","2004","PT","Portugal",0.000000000,""
"Antimicrobial resistance","Enterococcus faecium|Aminopenicillins","I - 'susceptible, increased exposure' isolates ","N","2004","RO","Romania",0.000000000,""
"Antimicrobial resistance","Enterococcus faecium|Aminopenicillins","I - 'susceptible, increased exposure' isolates ","N","2004","SE","Sweden",1.000000000,""
"Antimicrobial resistance","Enterococcus faecium|Aminopenicillins","I - 'susceptible, increased exposure' isolates ","N","2004","SI","Slovenia",0.000000000,""
"Antimicrobial resistance","Enterococcus faecium|Aminopenicillins","I - 'susceptible, increased exposure' isolates ","N","2004","SK","Slovakia",0.000000000,""
"Antimicrobial resistance","Enterococcus faecium|Aminopenicillins","I - 'susceptible, increased exposure' isolates ","N","2005","AT","Austria",1.000000000,""
"Antimicrobial resistance","Enterococcus faecium|Aminopenicillins","I - 'susceptible, increased exposure' isolates ","N","2005","BE","Belgium",0.000000000,""
"Antimicrobial resistance","Enterococcus faecium|Aminopenicillins","I - 'susceptible, increased exposure' isolates ","N","2005","BG","Bulgaria",0.000000000,""
"Antimicrobial resistance","Enterococcus faecium|Aminopenicillins","I - 'susceptible, increased exposure' isolates ","N","2005","CY","Cyprus",0.000000000,""
"Antimicrobial resistance","Enterococcus faecium|Aminopenicillins","I - 'susceptible, increased exposure' isolates ","N","2005","CZ","Czechia",0.000000000,""
"Antimicrobial resistance","Enterococcus faecium|Aminopenicillins","I - 'susceptible, increased exposure' isolates ","N","2005","DE","Germany",13.000000000,""
"Antimicrobial resistance","Enterococcus faecium|Aminopenicillins","I - 'susceptible, increased exposure' isolates ","N","2005","EE","Estonia",0.000000000,""
"Antimicrobial resistance","Enterococcus faecium|Aminopenicillins","I - 'susceptible, increased exposure' isolates ","N","2005","EL","Greece",0.000000000,""
"Antimicrobial resistance","Enterococcus faecium|Aminopenicillins","I - 'susceptible, increased exposure' isolates ","N","2005","ES","Spain",0.000000000,""
"Antimicrobial resistance","Enterococcus faecium|Aminopenicillins","I - 'susceptible, increased exposure' isolates ","N","2005","FI","Finland",0.000000000,""
"Antimicrobial resistance","Enterococcus faecium|Aminopenicillins","I - 'susceptible, increased exposure' isolates ","N","2005","FR","France",12.000000000,""
"Antimicrobial resistance","Enterococcus faecium|Aminopenicillins","I - 'susceptible, increased exposure' isolates ","N","2005","HR","Croatia",0.000000000,""
"Antimicrobial resistance","Enterococcus faecium|Aminopenicillins","I - 'susceptible, increased exposure' isolates ","N","2005","HU","Hungary",0.000000000,""
"Antimicrobial resistance","Enterococcus faecium|Aminopenicillins","I - 'susceptible, increased exposure' isolates ","N","2005","IE","Ireland",0.000000000,""
"Antimicrobial resistance","Enterococcus faecium|Aminopenicillins","I - 'susceptible, increased exposure' isolates ","N","2005","IS","Iceland",0.000000000,""
"Antimicrobial resistance","Enterococcus faecium|Aminopenicillins","I - 'susceptible, increased exposure' isolates ","N","2005","IT","Italy",0.000000000,""
"Antimicrobial resistance","Enterococcus faecium|Aminopenicillins","I - 'susceptible, increased exposure' isolates ","N","2005","LU","Luxembourg",0.000000000,""
"Antimicrobial resistance","Enterococcus faecium|Aminopenicillins","I - 'susceptible, increased exposure' isolates ","N","2005","MT","Malta",0.000000000,""
"Antimicrobial resistance","Enterococcus faecium|Aminopenicillins","I - 'susceptible, increased exposure' isolates ","N","2005","NL","Netherlands",9.000000000,""
"Antimicrobial resistance","Enterococcus faecium|Aminopenicillins","I - 'susceptible, increased exposure' isolates ","N","2005","NO","Norway",6.000000000,""
"Antimicrobial resistance","Enterococcus faecium|Aminopenicillins","I - 'susceptible, increased exposure' isolates ","N","2005","PL","Poland",0.000000000,""
"Antimicrobial resistance","Enterococcus faecium|Aminopenicillins","I - 'susceptible, increased exposure' isolates ","N","2005","PT","Portugal",0.000000000,""
"Antimicrobial resistance","Enterococcus faecium|Aminopenicillins","I - 'susceptible, increased exposure' isolates ","N","2005","RO","Romania",0.000000000,""
"Antimicrobial resistance","Enterococcus faecium|Aminopenicillins","I - 'susceptible, increased exposure' isolates ","N","2005","SE","Sweden",2.000000000,""
"Antimicrobial resistance","Enterococcus faecium|Aminopenicillins","I - 'susceptible, increased exposure' isolates ","N","2005","SI","Slovenia",0.000000000,""
"Antimicrobial resistance","Enterococcus faecium|Aminopenicillins","I - 'susceptible, increased exposure' isolates ","N","2005","SK","Slovakia",0.000000000,""
"Antimicrobial resistance","Enterococcus faecium|Aminopenicillins","I - 'susceptible, increased exposure' isolates ","N","2005","UK","United Kingdom",0.000000000,""
"Antimicrobial resistance","Enterococcus faecium|Aminopenicillins","I - 'susceptible, increased exposure' isolates ","N","2006","AT","Austria",0.000000000,""
"Antimicrobial resistance","Enterococcus faecium|Aminopenicillins","I - 'susceptible, increased exposure' isolates ","N","2006","BE","Belgium",0.000000000,""
"Antimicrobial resistance","Enterococcus faecium|Aminopenicillins","I - 'susceptible, increased exposure' isolates ","N","2006","BG","Bulgaria",0.000000000,""
"Antimicrobial resistance","Enterococcus faecium|Aminopenicillins","I - 'susceptible, increased exposure' isolates ","N","2006","CY","Cyprus",0.000000000,""
"Antimicrobial resistance","Enterococcus faecium|Aminopenicillins","I - 'susceptible, increased exposure' isolates ","N","2006","CZ","Czechia",0.000000000,""
"Antimicrobial resistance","Enterococcus faecium|Aminopenicillins","I - 'susceptible, increased exposure' isolates ","N","2006","DE","Germany",7.000000000,""
"Antimicrobial resistance","Enterococcus faecium|Aminopenicillins","I - 'susceptible, increased exposure' isolates ","N","2006","DK","Denmark",5.000000000,""
"Antimicrobial resistance","Enterococcus faecium|Aminopenicillins","I - 'susceptible, increased exposure' isolates ","N","2006","EE","Estonia",0.000000000,""
"Antimicrobial resistance","Enterococcus faecium|Aminopenicillins","I - 'susceptible, increased exposure' isolates ","N","2006","EL","Greece",0.000000000,""
"Antimicrobial resistance","Enterococcus faecium|Aminopenicillins","I - 'susceptible, increased exposure' isolates ","N","2006","ES","Spain",0.000000000,""
"Antimicrobial resistance","Enterococcus faecium|Aminopenicillins","I - 'susceptible, increased exposure' isolates ","N","2006","FI","Finland",0.000000000,""
"Antimicrobial resistance","Enterococcus faecium|Aminopenicillins","I - 'susceptible, increased exposure' isolates ","N","2006","FR","France",15.000000000,""
"Antimicrobial resistance","Enterococcus faecium|Aminopenicillins","I - 'susceptible, increased exposure' isolates ","N","2006","HR","Croatia",0.000000000,""
"Antimicrobial resistance","Enterococcus faecium|Aminopenicillins","I - 'susceptible, increased exposure' isolates ","N","2006","HU","Hungary",0.000000000,""
"Antimicrobial resistance","Enterococcus faecium|Aminopenicillins","I - 'susceptible, increased exposure' isolates ","N","2006","IE","Ireland",0.000000000,""
"Antimicrobial resistance","Enterococcus faecium|Aminopenicillins","I - 'susceptible, increased exposure' isolates ","N","2006","IS","Iceland",0.000000000,""
"Antimicrobial resistance","Enterococcus faecium|Aminopenicillins","I - 'susceptible, increased exposure' isolates ","N","2006","IT","Italy",0.000000000,""
"Antimicrobial resistance","Enterococcus faecium|Aminopenicillins","I - 'susceptible, increased exposure' isolates ","N","2006","LT","Lithuania",0.000000000,""
"Antimicrobial resistance","Enterococcus faecium|Aminopenicillins","I - 'susceptible, increased exposure' isolates ","N","2006","LU","Luxembourg",0.000000000,""
"Antimicrobial resistance","Enterococcus faecium|Aminopenicillins","I - 'susceptible, increased exposure' isolates ","N","2006","LV","Latvia",0.000000000,""
"Antimicrobial resistance","Enterococcus faecium|Aminopenicillins","I - 'susceptible, increased exposure' isolates ","N","2006","MT","Malta",0.000000000,""
"Antimicrobial resistance","Enterococcus faecium|Aminopenicillins","I - 'susceptible, increased exposure' isolates ","N","2006","NL","Netherlands",4.000000000,""
"Antimicrobial resistance","Enterococcus faecium|Aminopenicillins","I - 'susceptible, increased exposure' isolates ","N","2006","NO","Norway",0.000000000,""
"Antimicrobial resistance","Enterococcus faecium|Aminopenicillins","I - 'susceptible, increased exposure' isolates ","N","2006","PL","Poland",0.000000000,""
"Antimicrobial resistance","Enterococcus faecium|Aminopenicillins","I - 'susceptible, increased exposure' isolates ","N","2006","PT","Portugal",0.000000000,""
"Antimicrobial resistance","Enterococcus faecium|Aminopenicillins","I - 'susceptible, increased exposure' isolates ","N","2006","RO","Romania",0.000000000,""
"Antimicrobial resistance","Enterococcus faecium|Aminopenicillins","I - 'susceptible, increased exposure' isolates ","N","2006","SE","Sweden",4.000000000,""
"Antimicrobial resistance","Enterococcus faecium|Aminopenicillins","I - 'susceptible, increased exposure' isolates ","N","2006","SI","Slovenia",0.000000000,""
"Antimicrobial resistance","Enterococcus faecium|Aminopenicillins","I - 'susceptible, increased exposure' isolates ","N","2006","UK","United Kingdom",0.000000000,""
"Antimicrobial resistance","Enterococcus faecium|Aminopenicillins","I - 'susceptible, increased exposure' isolates ","N","2007","AT","Austria",1.000000000,""
"Antimicrobial resistance","Enterococcus faecium|Aminopenicillins","I - 'susceptible, increased exposure' isolates ","N","2007","BE","Belgium",0.000000000,""
"Antimicrobial resistance","Enterococcus faecium|Aminopenicillins","I - 'susceptible, increased exposure' isolates ","N","2007","BG","Bulgaria",0.000000000,""
"Antimicrobial resistance","Enterococcus faecium|Aminopenicillins","I - 'susceptible, increased exposure' isolates ","N","2007","CY","Cyprus",0.000000000,""
"Antimicrobial resistance","Enterococcus faecium|Aminopenicillins","I - 'susceptible, increased exposure' isolates ","N","2007","CZ","Czechia",0.000000000,""
"Antimicrobial resistance","Enterococcus faecium|Aminopenicillins","I - 'susceptible, increased exposure' isolates ","N","2007","DE","Germany",2.000000000,""
"Antimicrobial resistance","Enterococcus faecium|Aminopenicillins","I - 'susceptible, increased exposure' isolates ","N","2007","DK","Denmark",6.000000000,""
"Antimicrobial resistance","Enterococcus faecium|Aminopenicillins","I - 'susceptible, increased exposure' isolates ","N","2007","EE","Estonia",0.000000000,""
"Antimicrobial resistance","Enterococcus faecium|Aminopenicillins","I - 'susceptible, increased exposure' isolates ","N","2007","EL","Greece",0.000000000,""
"Antimicrobial resistance","Enterococcus faecium|Aminopenicillins","I - 'susceptible, increased exposure' isolates ","N","2007","ES","Spain",0.000000000,""
"Antimicrobial resistance","Enterococcus faecium|Aminopenicillins","I - 'susceptible, increased exposure' isolates ","N","2007","FI","Finland",0.000000000,""
"Antimicrobial resistance","Enterococcus faecium|Aminopenicillins","I - 'susceptible, increased exposure' isolates ","N","2007","FR","France",20.000000000,""
"Antimicrobial resistance","Enterococcus faecium|Aminopenicillins","I - 'susceptible, increased exposure' isolates ","N","2007","HR","Croatia",0.000000000,""
"Antimicrobial resistance","Enterococcus faecium|Aminopenicillins","I - 'susceptible, increased exposure' isolates ","N","2007","HU","Hungary",1.000000000,""
"Antimicrobial resistance","Enterococcus faecium|Aminopenicillins","I - 'susceptible, increased exposure' isolates ","N","2007","IE","Ireland",0.000000000,""
"Antimicrobial resistance","Enterococcus faecium|Aminopenicillins","I - 'susceptible, increased exposure' isolates ","N","2007","IS","Iceland",0.000000000,""
"Antimicrobial resistance","Enterococcus faecium|Aminopenicillins","I - 'susceptible, increased exposure' isolates ","N","2007","IT","Italy",0.000000000,""
"Antimicrobial resistance","Enterococcus faecium|Aminopenicillins","I - 'susceptible, increased exposure' isolates ","N","2007","LT","Lithuania",0.000000000,""
"Antimicrobial resistance","Enterococcus faecium|Aminopenicillins","I - 'susceptible, increased exposure' isolates ","N","2007","LU","Luxembourg",0.000000000,""
"Antimicrobial resistance","Enterococcus faecium|Aminopenicillins","I - 'susceptible, increased exposure' isolates ","N","2007","LV","Latvia",0.000000000,""
"Antimicrobial resistance","Enterococcus faecium|Aminopenicillins","I - 'susceptible, increased exposure' isolates ","N","2007","MT","Malta",0.000000000,""
"Antimicrobial resistance","Enterococcus faecium|Aminopenicillins","I - 'susceptible, increased exposure' isolates ","N","2007","NL","Netherlands",2.000000000,""
"Antimicrobial resistance","Enterococcus faecium|Aminopenicillins","I - 'susceptible, increased exposure' isolates ","N","2007","NO","Norway",1.000000000,""
"Antimicrobial resistance","Enterococcus faecium|Aminopenicillins","I - 'susceptible, increased exposure' isolates ","N","2007","PL","Poland",0.000000000,""
"Antimicrobial resistance","Enterococcus faecium|Aminopenicillins","I - 'susceptible, increased exposure' isolates ","N","2007","PT","Portugal",1.000000000,""
"Antimicrobial resistance","Enterococcus faecium|Aminopenicillins","I - 'susceptible, increased exposure' isolates ","N","2007","RO","Romania",0.000000000,""
"Antimicrobial resistance","Enterococcus faecium|Aminopenicillins","I - 'susceptible, increased exposure' isolates ","N","2007","SE","Sweden",2.000000000,""
"Antimicrobial resistance","Enterococcus faecium|Aminopenicillins","I - 'susceptible, increased exposure' isolates ","N","2007","SI","Slovenia",0.000000000,""
"Antimicrobial resistance","Enterococcus faecium|Aminopenicillins","I - 'susceptible, increased exposure' isolates ","N","2007","UK","United Kingdom",0.000000000,""
"Antimicrobial resistance","Enterococcus faecium|Aminopenicillins","I - 'susceptible, increased exposure' isolates ","N","2008","AT","Austria",0.000000000,""
"Antimicrobial resistance","Enterococcus faecium|Aminopenicillins","I - 'susceptible, increased exposure' isolates ","N","2008","BE","Belgium",0.000000000,""
"Antimicrobial resistance","Enterococcus faecium|Aminopenicillins","I - 'susceptible, increased exposure' isolates ","N","2008","BG","Bulgaria",0.000000000,""
"Antimicrobial resistance","Enterococcus faecium|Aminopenicillins","I - 'susceptible, increased exposure' isolates ","N","2008","CY","Cyprus",0.000000000,""
"Antimicrobial resistance","Enterococcus faecium|Aminopenicillins","I - 'susceptible, increased exposure' isolates ","N","2008","CZ","Czechia",0.000000000,""
"Antimicrobial resistance","Enterococcus faecium|Aminopenicillins","I - 'susceptible, increased exposure' isolates ","N","2008","DE","Germany",0.000000000,""
"Antimicrobial resistance","Enterococcus faecium|Aminopenicillins","I - 'susceptible, increased exposure' isolates ","N","2008","DK","Denmark",3.000000000,""
"Antimicrobial resistance","Enterococcus faecium|Aminopenicillins","I - 'susceptible, increased exposure' isolates ","N","2008","EE","Estonia",0.000000000,""
"Antimicrobial resistance","Enterococcus faecium|Aminopenicillins","I - 'susceptible, increased exposure' isolates ","N","2008","EL","Greece",0.000000000,""
"Antimicrobial resistance","Enterococcus faecium|Aminopenicillins","I - 'susceptible, increased exposure' isolates ","N","2008","ES","Spain",0.000000000,""
"Antimicrobial resistance","Enterococcus faecium|Aminopenicillins","I - 'susceptible, increased exposure' isolates ","N","2008","FI","Finland",0.000000000,""
"Antimicrobial resistance","Enterococcus faecium|Aminopenicillins","I - 'susceptible, increased exposure' isolates ","N","2008","FR","France",23.000000000,""
"Antimicrobial resistance","Enterococcus faecium|Aminopenicillins","I - 'susceptible, increased exposure' isolates ","N","2008","HR","Croatia",0.000000000,""
"Antimicrobial resistance","Enterococcus faecium|Aminopenicillins","I - 'susceptible, increased exposure' isolates ","N","2008","HU","Hungary",1.000000000,""
"Antimicrobial resistance","Enterococcus faecium|Aminopenicillins","I - 'susceptible, increased exposure' isolates ","N","2008","IE","Ireland",0.000000000,""
"Antimicrobial resistance","Enterococcus faecium|Aminopenicillins","I - 'susceptible, increased exposure' isolates ","N","2008","IS","Iceland",0.000000000,""
"Antimicrobial resistance","Enterococcus faecium|Aminopenicillins","I - 'susceptible, increased exposure' isolates ","N","2008","IT","Italy",0.000000000,""
"Antimicrobial resistance","Enterococcus faecium|Aminopenicillins","I - 'susceptible, increased exposure' isolates ","N","2008","LT","Lithuania",0.000000000,""
"Antimicrobial resistance","Enterococcus faecium|Aminopenicillins","I - 'susceptible, increased exposure' isolates ","N","2008","LU","Luxembourg",0.000000000,""
"Antimicrobial resistance","Enterococcus faecium|Aminopenicillins","I - 'susceptible, increased exposure' isolates ","N","2008","LV","Latvia",0.000000000,""
"Antimicrobial resistance","Enterococcus faecium|Aminopenicillins","I - 'susceptible, increased exposure' isolates ","N","2008","MT","Malta",0.000000000,""
"Antimicrobial resistance","Enterococcus faecium|Aminopenicillins","I - 'susceptible, increased exposure' isolates ","N","2008","NL","Netherlands",4.000000000,""
"Antimicrobial resistance","Enterococcus faecium|Aminopenicillins","I - 'susceptible, increased exposure' isolates ","N","2008","NO","Norway",2.000000000,""
"Antimicrobial resistance","Enterococcus faecium|Aminopenicillins","I - 'susceptible, increased exposure' isolates ","N","2008","PL","Poland",0.000000000,""
"Antimicrobial resistance","Enterococcus faecium|Aminopenicillins","I - 'susceptible, increased exposure' isolates ","N","2008","PT","Portugal",0.000000000,""
"Antimicrobial resistance","Enterococcus faecium|Aminopenicillins","I - 'susceptible, increased exposure' isolates ","N","2008","RO","Romania",0.000000000,""
"Antimicrobial resistance","Enterococcus faecium|Aminopenicillins","I - 'susceptible, increased exposure' isolates ","N","2008","SE","Sweden",2.000000000,""
"Antimicrobial resistance","Enterococcus faecium|Aminopenicillins","I - 'susceptible, increased exposure' isolates ","N","2008","SI","Slovenia",0.000000000,""
"Antimicrobial resistance","Enterococcus faecium|Aminopenicillins","I - 'susceptible, increased exposure' isolates ","N","2008","UK","United Kingdom",0.000000000,""
"Antimicrobial resistance","Enterococcus faecium|Aminopenicillins","I - 'susceptible, increased exposure' isolates ","N","2009","AT","Austria",0.000000000,""
"Antimicrobial resistance","Enterococcus faecium|Aminopenicillins","I - 'susceptible, increased exposure' isolates ","N","2009","BE","Belgium",0.000000000,""
"Antimicrobial resistance","Enterococcus faecium|Aminopenicillins","I - 'susceptible, increased exposure' isolates ","N","2009","BG","Bulgaria",0.000000000,""
"Antimicrobial resistance","Enterococcus faecium|Aminopenicillins","I - 'susceptible, increased exposure' isolates ","N","2009","CY","Cyprus",0.000000000,""
"Antimicrobial resistance","Enterococcus faecium|Aminopenicillins","I - 'susceptible, increased exposure' isolates ","N","2009","CZ","Czechia",0.000000000,""
"Antimicrobial resistance","Enterococcus faecium|Aminopenicillins","I - 'susceptible, increased exposure' isolates ","N","2009","DE","Germany",0.000000000,""
"Antimicrobial resistance","Enterococcus faecium|Aminopenicillins","I - 'susceptible, increased exposure' isolates ","N","2009","DK","Denmark",5.000000000,""
"Antimicrobial resistance","Enterococcus faecium|Aminopenicillins","I - 'susceptible, increased exposure' isolates ","N","2009","EE","Estonia",0.000000000,""
"Antimicrobial resistance","Enterococcus faecium|Aminopenicillins","I - 'susceptible, increased exposure' isolates ","N","2009","EL","Greece",0.000000000,""
"Antimicrobial resistance","Enterococcus faecium|Aminopenicillins","I - 'susceptible, increased exposure' isolates ","N","2009","ES","Spain",0.000000000,""
"Antimicrobial resistance","Enterococcus faecium|Aminopenicillins","I - 'susceptible, increased exposure' isolates ","N","2009","FI","Finland",0.000000000,""
"Antimicrobial resistance","Enterococcus faecium|Aminopenicillins","I - 'susceptible, increased exposure' isolates ","N","2009","FR","France",12.000000000,""
"Antimicrobial resistance","Enterococcus faecium|Aminopenicillins","I - 'susceptible, increased exposure' isolates ","N","2009","HU","Hungary",0.000000000,""
"Antimicrobial resistance","Enterococcus faecium|Aminopenicillins","I - 'susceptible, increased exposure' isolates ","N","2009","IE","Ireland",0.000000000,""
"Antimicrobial resistance","Enterococcus faecium|Aminopenicillins","I - 'susceptible, increased exposure' isolates ","N","2009","IS","Iceland",0.000000000,""
"Antimicrobial resistance","Enterococcus faecium|Aminopenicillins","I - 'susceptible, increased exposure' isolates ","N","2009","IT","Italy",0.000000000,""
"Antimicrobial resistance","Enterococcus faecium|Aminopenicillins","I - 'susceptible, increased exposure' isolates ","N","2009","LT","Lithuania",0.000000000,""
"Antimicrobial resistance","Enterococcus faecium|Aminopenicillins","I - 'susceptible, increased exposure' isolates ","N","2009","LU","Luxembourg",0.000000000,""
"Antimicrobial resistance","Enterococcus faecium|Aminopenicillins","I - 'susceptible, increased exposure' isolates ","N","2009","LV","Latvia",0.000000000,""
"Antimicrobial resistance","Enterococcus faecium|Aminopenicillins","I - 'susceptible, increased exposure' isolates ","N","2009","MT","Malta",1.000000000,""
"Antimicrobial resistance","Enterococcus faecium|Aminopenicillins","I - 'susceptible, increased exposure' isolates ","N","2009","NL","Netherlands",0.000000000,""
"Antimicrobial resistance","Enterococcus faecium|Aminopenicillins","I - 'susceptible, increased exposure' isolates ","N","2009","NO","Norway",0.000000000,""
"Antimicrobial resistance","Enterococcus faecium|Aminopenicillins","I - 'susceptible, increased exposure' isolates ","N","2009","PL","Poland",0.000000000,""
"Antimicrobial resistance","Enterococcus faecium|Aminopenicillins","I - 'susceptible, increased exposure' isolates ","N","2009","PT","Portugal",0.000000000,""
"Antimicrobial resistance","Enterococcus faecium|Aminopenicillins","I - 'susceptible, increased exposure' isolates ","N","2009","RO","Romania",0.000000000,""
"Antimicrobial resistance","Enterococcus faecium|Aminopenicillins","I - 'susceptible, increased exposure' isolates ","N","2009","SI","Slovenia",0.000000000,""
"Antimicrobial resistance","Enterococcus faecium|Aminopenicillins","I - 'susceptible, increased exposure' isolates ","N","2009","UK","United Kingdom",0.000000000,""
"Antimicrobial resistance","Enterococcus faecium|Aminopenicillins","I - 'susceptible, increased exposure' isolates ","N","2010","AT","Austria",0.000000000,""
"Antimicrobial resistance","Enterococcus faecium|Aminopenicillins","I - 'susceptible, increased exposure' isolates ","N","2010","BE","Belgium",1.000000000,""
"Antimicrobial resistance","Enterococcus faecium|Aminopenicillins","I - 'susceptible, increased exposure' isolates ","N","2010","BG","Bulgaria",0.000000000,""
"Antimicrobial resistance","Enterococcus faecium|Aminopenicillins","I - 'susceptible, increased exposure' isolates ","N","2010","CY","Cyprus",0.000000000,""
"Antimicrobial resistance","Enterococcus faecium|Aminopenicillins","I - 'susceptible, increased exposure' isolates ","N","2010","CZ","Czechia",1.000000000,""
"Antimicrobial resistance","Enterococcus faecium|Aminopenicillins","I - 'susceptible, increased exposure' isolates ","N","2010","DE","Germany",0.000000000,""
"Antimicrobial resistance","Enterococcus faecium|Aminopenicillins","I - 'susceptible, increased exposure' isolates ","N","2010","DK","Denmark",3.000000000,""
"Antimicrobial resistance","Enterococcus faecium|Aminopenicillins","I - 'susceptible, increased exposure' isolates ","N","2010","EE","Estonia",0.000000000,""
"Antimicrobial resistance","Enterococcus faecium|Aminopenicillins","I - 'susceptible, increased exposure' isolates ","N","2010","EL","Greece",0.000000000,""
"Antimicrobial resistance","Enterococcus faecium|Aminopenicillins","I - 'susceptible, increased exposure' isolates ","N","2010","ES","Spain",0.000000000,""
"Antimicrobial resistance","Enterococcus faecium|Aminopenicillins","I - 'susceptible, increased exposure' isolates ","N","2010","FI","Finland",0.000000000,""
"Antimicrobial resistance","Enterococcus faecium|Aminopenicillins","I - 'susceptible, increased exposure' isolates ","N","2010","FR","France",12.000000000,""
"Antimicrobial resistance","Enterococcus faecium|Aminopenicillins","I - 'susceptible, increased exposure' isolates ","N","2010","HR","Croatia",0.000000000,""
"Antimicrobial resistance","Enterococcus faecium|Aminopenicillins","I - 'susceptible, increased exposure' isolates ","N","2010","HU","Hungary",0.000000000,""
"Antimicrobial resistance","Enterococcus faecium|Aminopenicillins","I - 'susceptible, increased exposure' isolates ","N","2010","IE","Ireland",0.000000000,""
"Antimicrobial resistance","Enterococcus faecium|Aminopenicillins","I - 'susceptible, increased exposure' isolates ","N","2010","IS","Iceland",0.000000000,""
"Antimicrobial resistance","Enterococcus faecium|Aminopenicillins","I - 'susceptible, increased exposure' isolates ","N","2010","IT","Italy",0.000000000,""
"Antimicrobial resistance","Enterococcus faecium|Aminopenicillins","I - 'susceptible, increased exposure' isolates ","N","2010","LT","Lithuania",0.000000000,""
"Antimicrobial resistance","Enterococcus faecium|Aminopenicillins","I - 'susceptible, increased exposure' isolates ","N","2010","LU","Luxembourg",0.000000000,""
"Antimicrobial resistance","Enterococcus faecium|Aminopenicillins","I - 'susceptible, increased exposure' isolates ","N","2010","LV","Latvia",0.000000000,""
"Antimicrobial resistance","Enterococcus faecium|Aminopenicillins","I - 'susceptible, increased exposure' isolates ","N","2010","MT","Malta",0.000000000,""
"Antimicrobial resistance","Enterococcus faecium|Aminopenicillins","I - 'susceptible, increased exposure' isolates ","N","2010","NL","Netherlands",4.000000000,""
"Antimicrobial resistance","Enterococcus faecium|Aminopenicillins","I - 'susceptible, increased exposure' isolates ","N","2010","NO","Norway",0.000000000,""
"Antimicrobial resistance","Enterococcus faecium|Aminopenicillins","I - 'susceptible, increased exposure' isolates ","N","2010","PL","Poland",0.000000000,""
"Antimicrobial resistance","Enterococcus faecium|Aminopenicillins","I - 'susceptible, increased exposure' isolates ","N","2010","PT","Portugal",0.000000000,""
"Antimicrobial resistance","Enterococcus faecium|Aminopenicillins","I - 'susceptible, increased exposure' isolates ","N","2010","RO","Romania",0.000000000,""
"Antimicrobial resistance","Enterococcus faecium|Aminopenicillins","I - 'susceptible, increased exposure' isolates ","N","2010","SE","Sweden",1.000000000,""
"Antimicrobial resistance","Enterococcus faecium|Aminopenicillins","I - 'susceptible, increased exposure' isolates ","N","2010","SI","Slovenia",0.000000000,""
"Antimicrobial resistance","Enterococcus faecium|Aminopenicillins","I - 'susceptible, increased exposure' isolates ","N","2010","UK","United Kingdom",0.000000000,""
"Antimicrobial resistance","Enterococcus faecium|Aminopenicillins","I - 'susceptible, increased exposure' isolates ","N","2011","AT","Austria",1.000000000,""
"Antimicrobial resistance","Enterococcus faecium|Aminopenicillins","I - 'susceptible, increased exposure' isolates ","N","2011","BE","Belgium",0.000000000,""
"Antimicrobial resistance","Enterococcus faecium|Aminopenicillins","I - 'susceptible, increased exposure' isolates ","N","2011","BG","Bulgaria",0.000000000,""
"Antimicrobial resistance","Enterococcus faecium|Aminopenicillins","I - 'susceptible, increased exposure' isolates ","N","2011","CY","Cyprus",0.000000000,""
"Antimicrobial resistance","Enterococcus faecium|Aminopenicillins","I - 'susceptible, increased exposure' isolates ","N","2011","CZ","Czechia",0.000000000,""
"Antimicrobial resistance","Enterococcus faecium|Aminopenicillins","I - 'susceptible, increased exposure' isolates ","N","2011","DE","Germany",0.000000000,""
"Antimicrobial resistance","Enterococcus faecium|Aminopenicillins","I - 'susceptible, increased exposure' isolates ","N","2011","DK","Denmark",2.000000000,""
"Antimicrobial resistance","Enterococcus faecium|Aminopenicillins","I - 'susceptible, increased exposure' isolates ","N","2011","EL","Greece",0.000000000,""
"Antimicrobial resistance","Enterococcus faecium|Aminopenicillins","I - 'susceptible, increased exposure' isolates ","N","2011","ES","Spain",0.000000000,""
"Antimicrobial resistance","Enterococcus faecium|Aminopenicillins","I - 'susceptible, increased exposure' isolates ","N","2011","FI","Finland",0.000000000,""
"Antimicrobial resistance","Enterococcus faecium|Aminopenicillins","I - 'susceptible, increased exposure' isolates ","N","2011","FR","France",16.000000000,""
"Antimicrobial resistance","Enterococcus faecium|Aminopenicillins","I - 'susceptible, increased exposure' isolates ","N","2011","HR","Croatia",0.000000000,""
"Antimicrobial resistance","Enterococcus faecium|Aminopenicillins","I - 'susceptible, increased exposure' isolates ","N","2011","HU","Hungary",0.000000000,""
"Antimicrobial resistance","Enterococcus faecium|Aminopenicillins","I - 'susceptible, increased exposure' isolates ","N","2011","IE","Ireland",1.000000000,""
"Antimicrobial resistance","Enterococcus faecium|Aminopenicillins","I - 'susceptible, increased exposure' isolates ","N","2011","IS","Iceland",0.000000000,""
"Antimicrobial resistance","Enterococcus faecium|Aminopenicillins","I - 'susceptible, increased exposure' isolates ","N","2011","IT","Italy",2.000000000,""
"Antimicrobial resistance","Enterococcus faecium|Aminopenicillins","I - 'susceptible, increased exposure' isolates ","N","2011","LT","Lithuania",0.000000000,""
"Antimicrobial resistance","Enterococcus faecium|Aminopenicillins","I - 'susceptible, increased exposure' isolates ","N","2011","LU","Luxembourg",0.000000000,""
"Antimicrobial resistance","Enterococcus faecium|Aminopenicillins","I - 'susceptible, increased exposure' isolates ","N","2011","LV","Latvia",0.000000000,""
"Antimicrobial resistance","Enterococcus faecium|Aminopenicillins","I - 'susceptible, increased exposure' isolates ","N","2011","MT","Malta",0.000000000,""
"Antimicrobial resistance","Enterococcus faecium|Aminopenicillins","I - 'susceptible, increased exposure' isolates ","N","2011","NL","Netherlands",5.000000000,""
"Antimicrobial resistance","Enterococcus faecium|Aminopenicillins","I - 'susceptible, increased exposure' isolates ","N","2011","NO","Norway",0.000000000,""
"Antimicrobial resistance","Enterococcus faecium|Aminopenicillins","I - 'susceptible, increased exposure' isolates ","N","2011","PL","Poland",0.000000000,""
"Antimicrobial resistance","Enterococcus faecium|Aminopenicillins","I - 'susceptible, increased exposure' isolates ","N","2011","PT","Portugal",0.000000000,""
"Antimicrobial resistance","Enterococcus faecium|Aminopenicillins","I - 'susceptible, increased exposure' isolates ","N","2011","RO","Romania",0.000000000,""
"Antimicrobial resistance","Enterococcus faecium|Aminopenicillins","I - 'susceptible, increased exposure' isolates ","N","2011","SE","Sweden",0.000000000,""
"Antimicrobial resistance","Enterococcus faecium|Aminopenicillins","I - 'susceptible, increased exposure' isolates ","N","2011","SI","Slovenia",0.000000000,""
"Antimicrobial resistance","Enterococcus faecium|Aminopenicillins","I - 'susceptible, increased exposure' isolates ","N","2011","SK","Slovakia",0.000000000,""
"Antimicrobial resistance","Enterococcus faecium|Aminopenicillins","I - 'susceptible, increased exposure' isolates ","N","2011","UK","United Kingdom",1.000000000,""
"Antimicrobial resistance","Enterococcus faecium|Aminopenicillins","I - 'susceptible, increased exposure' isolates ","N","2012","AT","Austria",0.000000000,""
"Antimicrobial resistance","Enterococcus faecium|Aminopenicillins","I - 'susceptible, increased exposure' isolates ","N","2012","BE","Belgium",0.000000000,""
"Antimicrobial resistance","Enterococcus faecium|Aminopenicillins","I - 'susceptible, increased exposure' isolates ","N","2012","BG","Bulgaria",0.000000000,""
"Antimicrobial resistance","Enterococcus faecium|Aminopenicillins","I - 'susceptible, increased exposure' isolates ","N","2012","CY","Cyprus",0.000000000,""
"Antimicrobial resistance","Enterococcus faecium|Aminopenicillins","I - 'susceptible, increased exposure' isolates ","N","2012","CZ","Czechia",0.000000000,""
"Antimicrobial resistance","Enterococcus faecium|Aminopenicillins","I - 'susceptible, increased exposure' isolates ","N","2012","DE","Germany",0.000000000,""
"Antimicrobial resistance","Enterococcus faecium|Aminopenicillins","I - 'susceptible, increased exposure' isolates ","N","2012","DK","Denmark",2.000000000,""
"Antimicrobial resistance","Enterococcus faecium|Aminopenicillins","I - 'susceptible, increased exposure' isolates ","N","2012","EE","Estonia",1.000000000,""
"Antimicrobial resistance","Enterococcus faecium|Aminopenicillins","I - 'susceptible, increased exposure' isolates ","N","2012","EL","Greece",0.000000000,""
"Antimicrobial resistance","Enterococcus faecium|Aminopenicillins","I - 'susceptible, increased exposure' isolates ","N","2012","ES","Spain",0.000000000,""
"Antimicrobial resistance","Enterococcus faecium|Aminopenicillins","I - 'susceptible, increased exposure' isolates ","N","2012","FI","Finland",0.000000000,""
"Antimicrobial resistance","Enterococcus faecium|Aminopenicillins","I - 'susceptible, increased exposure' isolates ","N","2012","FR","France",9.000000000,""
"Antimicrobial resistance","Enterococcus faecium|Aminopenicillins","I - 'susceptible, increased exposure' isolates ","N","2012","HR","Croatia",0.000000000,""
"Antimicrobial resistance","Enterococcus faecium|Aminopenicillins","I - 'susceptible, increased exposure' isolates ","N","2012","HU","Hungary",0.000000000,""
"Antimicrobial resistance","Enterococcus faecium|Aminopenicillins","I - 'susceptible, increased exposure' isolates ","N","2012","IE","Ireland",1.000000000,""
"Antimicrobial resistance","Enterococcus faecium|Aminopenicillins","I - 'susceptible, increased exposure' isolates ","N","2012","IS","Iceland",0.000000000,""
"Antimicrobial resistance","Enterococcus faecium|Aminopenicillins","I - 'susceptible, increased exposure' isolates ","N","2012","IT","Italy",3.000000000,""
"Antimicrobial resistance","Enterococcus faecium|Aminopenicillins","I - 'susceptible, increased exposure' isolates ","N","2012","LT","Lithuania",0.000000000,""
"Antimicrobial resistance","Enterococcus faecium|Aminopenicillins","I - 'susceptible, increased exposure' isolates ","N","2012","LU","Luxembourg",0.000000000,""
"Antimicrobial resistance","Enterococcus faecium|Aminopenicillins","I - 'susceptible, increased exposure' isolates ","N","2012","LV","Latvia",0.000000000,""
"Antimicrobial resistance","Enterococcus faecium|Aminopenicillins","I - 'susceptible, increased exposure' isolates ","N","2012","MT","Malta",0.000000000,""
"Antimicrobial resistance","Enterococcus faecium|Aminopenicillins","I - 'susceptible, increased exposure' isolates ","N","2012","NL","Netherlands",4.000000000,""
"Antimicrobial resistance","Enterococcus faecium|Aminopenicillins","I - 'susceptible, increased exposure' isolates ","N","2012","NO","Norway",1.000000000,""
"Antimicrobial resistance","Enterococcus faecium|Aminopenicillins","I - 'susceptible, increased exposure' isolates ","N","2012","PL","Poland",0.000000000,""
"Antimicrobial resistance","Enterococcus faecium|Aminopenicillins","I - 'susceptible, increased exposure' isolates ","N","2012","PT","Portugal",0.000000000,""
"Antimicrobial resistance","Enterococcus faecium|Aminopenicillins","I - 'susceptible, increased exposure' isolates ","N","2012","RO","Romania",0.000000000,""
"Antimicrobial resistance","Enterococcus faecium|Aminopenicillins","I - 'susceptible, increased exposure' isolates ","N","2012","SE","Sweden",0.000000000,""
"Antimicrobial resistance","Enterococcus faecium|Aminopenicillins","I - 'susceptible, increased exposure' isolates ","N","2012","SI","Slovenia",0.000000000,""
"Antimicrobial resistance","Enterococcus faecium|Aminopenicillins","I - 'susceptible, increased exposure' isolates ","N","2012","SK","Slovakia",0.000000000,""
"Antimicrobial resistance","Enterococcus faecium|Aminopenicillins","I - 'susceptible, increased exposure' isolates ","N","2012","UK","United Kingdom",0.000000000,""
"Antimicrobial resistance","Enterococcus faecium|Aminopenicillins","I - 'susceptible, increased exposure' isolates ","N","2013","AT","Austria",1.000000000,""
"Antimicrobial resistance","Enterococcus faecium|Aminopenicillins","I - 'susceptible, increased exposure' isolates ","N","2013","BE","Belgium",2.000000000,""
"Antimicrobial resistance","Enterococcus faecium|Aminopenicillins","I - 'susceptible, increased exposure' isolates ","N","2013","BG","Bulgaria",0.000000000,""
"Antimicrobial resistance","Enterococcus faecium|Aminopenicillins","I - 'susceptible, increased exposure' isolates ","N","2013","CY","Cyprus",0.000000000,""
"Antimicrobial resistance","Enterococcus faecium|Aminopenicillins","I - 'susceptible, increased exposure' isolates ","N","2013","CZ","Czechia",0.000000000,""
"Antimicrobial resistance","Enterococcus faecium|Aminopenicillins","I - 'susceptible, increased exposure' isolates ","N","2013","DE","Germany",0.000000000,""
"Antimicrobial resistance","Enterococcus faecium|Aminopenicillins","I - 'susceptible, increased exposure' isolates ","N","2013","DK","Denmark",2.000000000,""
"Antimicrobial resistance","Enterococcus faecium|Aminopenicillins","I - 'susceptible, increased exposure' isolates ","N","2013","EE","Estonia",0.000000000,""
"Antimicrobial resistance","Enterococcus faecium|Aminopenicillins","I - 'susceptible, increased exposure' isolates ","N","2013","EL","Greece",1.000000000,""
"Antimicrobial resistance","Enterococcus faecium|Aminopenicillins","I - 'susceptible, increased exposure' isolates ","N","2013","ES","Spain",0.000000000,""
"Antimicrobial resistance","Enterococcus faecium|Aminopenicillins","I - 'susceptible, increased exposure' isolates ","N","2013","FI","Finland",0.000000000,""
"Antimicrobial resistance","Enterococcus faecium|Aminopenicillins","I - 'susceptible, increased exposure' isolates ","N","2013","FR","France",14.000000000,""
"Antimicrobial resistance","Enterococcus faecium|Aminopenicillins","I - 'susceptible, increased exposure' isolates ","N","2013","HR","Croatia",0.000000000,""
"Antimicrobial resistance","Enterococcus faecium|Aminopenicillins","I - 'susceptible, increased exposure' isolates ","N","2013","HU","Hungary",1.000000000,""
"Antimicrobial resistance","Enterococcus faecium|Aminopenicillins","I - 'susceptible, increased exposure' isolates ","N","2013","IE","Ireland",4.000000000,""
"Antimicrobial resistance","Enterococcus faecium|Aminopenicillins","I - 'susceptible, increased exposure' isolates ","N","2013","IS","Iceland",0.000000000,""
"Antimicrobial resistance","Enterococcus faecium|Aminopenicillins","I - 'susceptible, increased exposure' isolates ","N","2013","IT","Italy",0.000000000,""
"Antimicrobial resistance","Enterococcus faecium|Aminopenicillins","I - 'susceptible, increased exposure' isolates ","N","2013","LT","Lithuania",0.000000000,""
"Antimicrobial resistance","Enterococcus faecium|Aminopenicillins","I - 'susceptible, increased exposure' isolates ","N","2013","LU","Luxembourg",0.000000000,""
"Antimicrobial resistance","Enterococcus faecium|Aminopenicillins","I - 'susceptible, increased exposure' isolates ","N","2013","LV","Latvia",0.000000000,""
"Antimicrobial resistance","Enterococcus faecium|Aminopenicillins","I - 'susceptible, increased exposure' isolates ","N","2013","MT","Malta",0.000000000,""
"Antimicrobial resistance","Enterococcus faecium|Aminopenicillins","I - 'susceptible, increased exposure' isolates ","N","2013","NL","Netherlands",1.000000000,""
"Antimicrobial resistance","Enterococcus faecium|Aminopenicillins","I - 'susceptible, increased exposure' isolates ","N","2013","NO","Norway",1.000000000,""
"Antimicrobial resistance","Enterococcus faecium|Aminopenicillins","I - 'susceptible, increased exposure' isolates ","N","2013","PL","Poland",1.000000000,""
"Antimicrobial resistance","Enterococcus faecium|Aminopenicillins","I - 'susceptible, increased exposure' isolates ","N","2013","PT","Portugal",0.000000000,""
"Antimicrobial resistance","Enterococcus faecium|Aminopenicillins","I - 'susceptible, increased exposure' isolates ","N","2013","RO","Romania",0.000000000,""
"Antimicrobial resistance","Enterococcus faecium|Aminopenicillins","I - 'susceptible, increased exposure' isolates ","N","2013","SE","Sweden",1.000000000,""
"Antimicrobial resistance","Enterococcus faecium|Aminopenicillins","I - 'susceptible, increased exposure' isolates ","N","2013","SI","Slovenia",0.000000000,""
"Antimicrobial resistance","Enterococcus faecium|Aminopenicillins","I - 'susceptible, increased exposure' isolates ","N","2013","SK","Slovakia",0.000000000,""
"Antimicrobial resistance","Enterococcus faecium|Aminopenicillins","I - 'susceptible, increased exposure' isolates ","N","2013","UK","United Kingdom",1.000000000,""
"Antimicrobial resistance","Enterococcus faecium|Aminopenicillins","I - 'susceptible, increased exposure' isolates ","N","2014","AT","Austria",3.000000000,""
"Antimicrobial resistance","Enterococcus faecium|Aminopenicillins","I - 'susceptible, increased exposure' isolates ","N","2014","BE","Belgium",0.000000000,""
"Antimicrobial resistance","Enterococcus faecium|Aminopenicillins","I - 'susceptible, increased exposure' isolates ","N","2014","BG","Bulgaria",0.000000000,""
"Antimicrobial resistance","Enterococcus faecium|Aminopenicillins","I - 'susceptible, increased exposure' isolates ","N","2014","CY","Cyprus",0.000000000,""
"Antimicrobial resistance","Enterococcus faecium|Aminopenicillins","I - 'susceptible, increased exposure' isolates ","N","2014","CZ","Czechia",0.000000000,""
"Antimicrobial resistance","Enterococcus faecium|Aminopenicillins","I - 'susceptible, increased exposure' isolates ","N","2014","DE","Germany",0.000000000,""
"Antimicrobial resistance","Enterococcus faecium|Aminopenicillins","I - 'susceptible, increased exposure' isolates ","N","2014","DK","Denmark",0.000000000,""
"Antimicrobial resistance","Enterococcus faecium|Aminopenicillins","I - 'susceptible, increased exposure' isolates ","N","2014","EE","Estonia",0.000000000,""
"Antimicrobial resistance","Enterococcus faecium|Aminopenicillins","I - 'susceptible, increased exposure' isolates ","N","2014","EL","Greece",0.000000000,""
"Antimicrobial resistance","Enterococcus faecium|Aminopenicillins","I - 'susceptible, increased exposure' isolates ","N","2014","ES","Spain",0.000000000,""
"Antimicrobial resistance","Enterococcus faecium|Aminopenicillins","I - 'susceptible, increased exposure' isolates ","N","2014","FI","Finland",2.000000000,""
"Antimicrobial resistance","Enterococcus faecium|Aminopenicillins","I - 'susceptible, increased exposure' isolates ","N","2014","FR","France",9.000000000,""
"Antimicrobial resistance","Enterococcus faecium|Aminopenicillins","I - 'susceptible, increased exposure' isolates ","N","2014","HR","Croatia",0.000000000,""
"Antimicrobial resistance","Enterococcus faecium|Aminopenicillins","I - 'susceptible, increased exposure' isolates ","N","2014","HU","Hungary",0.000000000,""
"Antimicrobial resistance","Enterococcus faecium|Aminopenicillins","I - 'susceptible, increased exposure' isolates ","N","2014","IE","Ireland",1.000000000,""
"Antimicrobial resistance","Enterococcus faecium|Aminopenicillins","I - 'susceptible, increased exposure' isolates ","N","2014","IS","Iceland",0.000000000,""
"Antimicrobial resistance","Enterococcus faecium|Aminopenicillins","I - 'susceptible, increased exposure' isolates ","N","2014","IT","Italy",2.000000000,""
"Antimicrobial resistance","Enterococcus faecium|Aminopenicillins","I - 'susceptible, increased exposure' isolates ","N","2014","LT","Lithuania",0.000000000,""
"Antimicrobial resistance","Enterococcus faecium|Aminopenicillins","I - 'susceptible, increased exposure' isolates ","N","2014","LU","Luxembourg",1.000000000,""
"Antimicrobial resistance","Enterococcus faecium|Aminopenicillins","I - 'susceptible, increased exposure' isolates ","N","2014","LV","Latvia",0.000000000,""
"Antimicrobial resistance","Enterococcus faecium|Aminopenicillins","I - 'susceptible, increased exposure' isolates ","N","2014","MT","Malta",0.000000000,""
"Antimicrobial resistance","Enterococcus faecium|Aminopenicillins","I - 'susceptible, increased exposure' isolates ","N","2014","NL","Netherlands",2.000000000,""
"Antimicrobial resistance","Enterococcus faecium|Aminopenicillins","I - 'susceptible, increased exposure' isolates ","N","2014","NO","Norway",0.000000000,""
"Antimicrobial resistance","Enterococcus faecium|Aminopenicillins","I - 'susceptible, increased exposure' isolates ","N","2014","PL","Poland",1.000000000,""
"Antimicrobial resistance","Enterococcus faecium|Aminopenicillins","I - 'susceptible, increased exposure' isolates ","N","2014","PT","Portugal",0.000000000,""
"Antimicrobial resistance","Enterococcus faecium|Aminopenicillins","I - 'susceptible, increased exposure' isolates ","N","2014","RO","Romania",0.000000000,""
"Antimicrobial resistance","Enterococcus faecium|Aminopenicillins","I - 'susceptible, increased exposure' isolates ","N","2014","SE","Sweden",0.000000000,""
"Antimicrobial resistance","Enterococcus faecium|Aminopenicillins","I - 'susceptible, increased exposure' isolates ","N","2014","SI","Slovenia",0.000000000,""
"Antimicrobial resistance","Enterococcus faecium|Aminopenicillins","I - 'susceptible, increased exposure' isolates ","N","2014","SK","Slovakia",0.000000000,""
"Antimicrobial resistance","Enterococcus faecium|Aminopenicillins","I - 'susceptible, increased exposure' isolates ","N","2014","UK","United Kingdom",0.000000000,""
"Antimicrobial resistance","Enterococcus faecium|Aminopenicillins","I - 'susceptible, increased exposure' isolates ","N","2015","AT","Austria",1.000000000,""
"Antimicrobial resistance","Enterococcus faecium|Aminopenicillins","I - 'susceptible, increased exposure' isolates ","N","2015","BE","Belgium",0.000000000,""
"Antimicrobial resistance","Enterococcus faecium|Aminopenicillins","I - 'susceptible, increased exposure' isolates ","N","2015","BG","Bulgaria",0.000000000,""
"Antimicrobial resistance","Enterococcus faecium|Aminopenicillins","I - 'susceptible, increased exposure' isolates ","N","2015","CY","Cyprus",0.000000000,""
"Antimicrobial resistance","Enterococcus faecium|Aminopenicillins","I - 'susceptible, increased exposure' isolates ","N","2015","CZ","Czechia",0.000000000,""
"Antimicrobial resistance","Enterococcus faecium|Aminopenicillins","I - 'susceptible, increased exposure' isolates ","N","2015","DE","Germany",1.000000000,""
"Antimicrobial resistance","Enterococcus faecium|Aminopenicillins","I - 'susceptible, increased exposure' isolates ","N","2015","DK","Denmark",0.000000000,""
"Antimicrobial resistance","Enterococcus faecium|Aminopenicillins","I - 'susceptible, increased exposure' isolates ","N","2015","EE","Estonia",0.000000000,""
"Antimicrobial resistance","Enterococcus faecium|Aminopenicillins","I - 'susceptible, increased exposure' isolates ","N","2015","EL","Greece",0.000000000,""
"Antimicrobial resistance","Enterococcus faecium|Aminopenicillins","I - 'susceptible, increased exposure' isolates ","N","2015","ES","Spain",0.000000000,""
"Antimicrobial resistance","Enterococcus faecium|Aminopenicillins","I - 'susceptible, increased exposure' isolates ","N","2015","FI","Finland",0.000000000,""
"Antimicrobial resistance","Enterococcus faecium|Aminopenicillins","I - 'susceptible, increased exposure' isolates ","N","2015","FR","France",11.000000000,""
"Antimicrobial resistance","Enterococcus faecium|Aminopenicillins","I - 'susceptible, increased exposure' isolates ","N","2015","HR","Croatia",0.000000000,""
"Antimicrobial resistance","Enterococcus faecium|Aminopenicillins","I - 'susceptible, increased exposure' isolates ","N","2015","HU","Hungary",0.000000000,""
"Antimicrobial resistance","Enterococcus faecium|Aminopenicillins","I - 'susceptible, increased exposure' isolates ","N","2015","IE","Ireland",1.000000000,""
"Antimicrobial resistance","Enterococcus faecium|Aminopenicillins","I - 'susceptible, increased exposure' isolates ","N","2015","IS","Iceland",0.000000000,""
"Antimicrobial resistance","Enterococcus faecium|Aminopenicillins","I - 'susceptible, increased exposure' isolates ","N","2015","IT","Italy",13.000000000,""
"Antimicrobial resistance","Enterococcus faecium|Aminopenicillins","I - 'susceptible, increased exposure' isolates ","N","2015","LT","Lithuania",0.000000000,""
"Antimicrobial resistance","Enterococcus faecium|Aminopenicillins","I - 'susceptible, increased exposure' isolates ","N","2015","LU","Luxembourg",0.000000000,""
"Antimicrobial resistance","Enterococcus faecium|Aminopenicillins","I - 'susceptible, increased exposure' isolates ","N","2015","LV","Latvia",0.000000000,""
"Antimicrobial resistance","Enterococcus faecium|Aminopenicillins","I - 'susceptible, increased exposure' isolates ","N","2015","MT","Malta",0.000000000,""
"Antimicrobial resistance","Enterococcus faecium|Aminopenicillins","I - 'susceptible, increased exposure' isolates ","N","2015","NL","Netherlands",3.000000000,""
"Antimicrobial resistance","Enterococcus faecium|Aminopenicillins","I - 'susceptible, increased exposure' isolates ","N","2015","NO","Norway",1.000000000,""
"Antimicrobial resistance","Enterococcus faecium|Aminopenicillins","I - 'susceptible, increased exposure' isolates ","N","2015","PL","Poland",0.000000000,""
"Antimicrobial resistance","Enterococcus faecium|Aminopenicillins","I - 'susceptible, increased exposure' isolates ","N","2015","PT","Portugal",0.000000000,""
"Antimicrobial resistance","Enterococcus faecium|Aminopenicillins","I - 'susceptible, increased exposure' isolates ","N","2015","RO","Romania",3.000000000,""
"Antimicrobial resistance","Enterococcus faecium|Aminopenicillins","I - 'susceptible, increased exposure' isolates ","N","2015","SE","Sweden",1.000000000,""
"Antimicrobial resistance","Enterococcus faecium|Aminopenicillins","I - 'susceptible, increased exposure' isolates ","N","2015","SI","Slovenia",0.000000000,""
"Antimicrobial resistance","Enterococcus faecium|Aminopenicillins","I - 'susceptible, increased exposure' isolates ","N","2015","SK","Slovakia",1.000000000,""
"Antimicrobial resistance","Enterococcus faecium|Aminopenicillins","I - 'susceptible, increased exposure' isolates ","N","2015","UK","United Kingdom",1.000000000,""
"Antimicrobial resistance","Enterococcus faecium|Aminopenicillins","I - 'susceptible, increased exposure' isolates ","N","2016","AT","Austria",2.000000000,""
"Antimicrobial resistance","Enterococcus faecium|Aminopenicillins","I - 'susceptible, increased exposure' isolates ","N","2016","BE","Belgium",1.000000000,""
"Antimicrobial resistance","Enterococcus faecium|Aminopenicillins","I - 'susceptible, increased exposure' isolates ","N","2016","BG","Bulgaria",0.000000000,""
"Antimicrobial resistance","Enterococcus faecium|Aminopenicillins","I - 'susceptible, increased exposure' isolates ","N","2016","CY","Cyprus",0.000000000,""
"Antimicrobial resistance","Enterococcus faecium|Aminopenicillins","I - 'susceptible, increased exposure' isolates ","N","2016","CZ","Czechia",0.000000000,""
"Antimicrobial resistance","Enterococcus faecium|Aminopenicillins","I - 'susceptible, increased exposure' isolates ","N","2016","DE","Germany",4.000000000,""
"Antimicrobial resistance","Enterococcus faecium|Aminopenicillins","I - 'susceptible, increased exposure' isolates ","N","2016","DK","Denmark",0.000000000,""
"Antimicrobial resistance","Enterococcus faecium|Aminopenicillins","I - 'susceptible, increased exposure' isolates ","N","2016","EE","Estonia",0.000000000,""
"Antimicrobial resistance","Enterococcus faecium|Aminopenicillins","I - 'susceptible, increased exposure' isolates ","N","2016","EL","Greece",0.000000000,""
"Antimicrobial resistance","Enterococcus faecium|Aminopenicillins","I - 'susceptible, increased exposure' isolates ","N","2016","ES","Spain",0.000000000,""
"Antimicrobial resistance","Enterococcus faecium|Aminopenicillins","I - 'susceptible, increased exposure' isolates ","N","2016","FI","Finland",0.000000000,""
"Antimicrobial resistance","Enterococcus faecium|Aminopenicillins","I - 'susceptible, increased exposure' isolates ","N","2016","FR","France",10.000000000,""
"Antimicrobial resistance","Enterococcus faecium|Aminopenicillins","I - 'susceptible, increased exposure' isolates ","N","2016","HR","Croatia",0.000000000,""
"Antimicrobial resistance","Enterococcus faecium|Aminopenicillins","I - 'susceptible, increased exposure' isolates ","N","2016","HU","Hungary",0.000000000,""
"Antimicrobial resistance","Enterococcus faecium|Aminopenicillins","I - 'susceptible, increased exposure' isolates ","N","2016","IE","Ireland",1.000000000,""
"Antimicrobial resistance","Enterococcus faecium|Aminopenicillins","I - 'susceptible, increased exposure' isolates ","N","2016","IS","Iceland",0.000000000,""
"Antimicrobial resistance","Enterococcus faecium|Aminopenicillins","I - 'susceptible, increased exposure' isolates ","N","2016","IT","Italy",6.000000000,""
"Antimicrobial resistance","Enterococcus faecium|Aminopenicillins","I - 'susceptible, increased exposure' isolates ","N","2016","LT","Lithuania",0.000000000,""
"Antimicrobial resistance","Enterococcus faecium|Aminopenicillins","I - 'susceptible, increased exposure' isolates ","N","2016","LU","Luxembourg",0.000000000,""
"Antimicrobial resistance","Enterococcus faecium|Aminopenicillins","I - 'susceptible, increased exposure' isolates ","N","2016","LV","Latvia",0.000000000,""
"Antimicrobial resistance","Enterococcus faecium|Aminopenicillins","I - 'susceptible, increased exposure' isolates ","N","2016","MT","Malta",0.000000000,""
"Antimicrobial resistance","Enterococcus faecium|Aminopenicillins","I - 'susceptible, increased exposure' isolates ","N","2016","NL","Netherlands",1.000000000,""
"Antimicrobial resistance","Enterococcus faecium|Aminopenicillins","I - 'susceptible, increased exposure' isolates ","N","2016","NO","Norway",0.000000000,""
"Antimicrobial resistance","Enterococcus faecium|Aminopenicillins","I - 'susceptible, increased exposure' isolates ","N","2016","PL","Poland",0.000000000,""
"Antimicrobial resistance","Enterococcus faecium|Aminopenicillins","I - 'susceptible, increased exposure' isolates ","N","2016","PT","Portugal",2.000000000,""
"Antimicrobial resistance","Enterococcus faecium|Aminopenicillins","I - 'susceptible, increased exposure' isolates ","N","2016","RO","Romania",0.000000000,""
"Antimicrobial resistance","Enterococcus faecium|Aminopenicillins","I - 'susceptible, increased exposure' isolates ","N","2016","SE","Sweden",0.000000000,""
"Antimicrobial resistance","Enterococcus faecium|Aminopenicillins","I - 'susceptible, increased exposure' isolates ","N","2016","SI","Slovenia",0.000000000,""
"Antimicrobial resistance","Enterococcus faecium|Aminopenicillins","I - 'susceptible, increased exposure' isolates ","N","2016","SK","Slovakia",0.000000000,""
"Antimicrobial resistance","Enterococcus faecium|Aminopenicillins","I - 'susceptible, increased exposure' isolates ","N","2016","UK","United Kingdom",0.000000000,""
"Antimicrobial resistance","Enterococcus faecium|Aminopenicillins","I - 'susceptible, increased exposure' isolates ","N","2017","AT","Austria",4.000000000,""
"Antimicrobial resistance","Enterococcus faecium|Aminopenicillins","I - 'susceptible, increased exposure' isolates ","N","2017","BE","Belgium",1.000000000,""
"Antimicrobial resistance","Enterococcus faecium|Aminopenicillins","I - 'susceptible, increased exposure' isolates ","N","2017","BG","Bulgaria",0.000000000,""
"Antimicrobial resistance","Enterococcus faecium|Aminopenicillins","I - 'susceptible, increased exposure' isolates ","N","2017","CY","Cyprus",0.000000000,""
"Antimicrobial resistance","Enterococcus faecium|Aminopenicillins","I - 'susceptible, increased exposure' isolates ","N","2017","CZ","Czechia",0.000000000,""
"Antimicrobial resistance","Enterococcus faecium|Aminopenicillins","I - 'susceptible, increased exposure' isolates ","N","2017","DE","Germany",3.000000000,""
"Antimicrobial resistance","Enterococcus faecium|Aminopenicillins","I - 'susceptible, increased exposure' isolates ","N","2017","DK","Denmark",1.000000000,""
"Antimicrobial resistance","Enterococcus faecium|Aminopenicillins","I - 'susceptible, increased exposure' isolates ","N","2017","EE","Estonia",0.000000000,""
"Antimicrobial resistance","Enterococcus faecium|Aminopenicillins","I - 'susceptible, increased exposure' isolates ","N","2017","EL","Greece",0.000000000,""
"Antimicrobial resistance","Enterococcus faecium|Aminopenicillins","I - 'susceptible, increased exposure' isolates ","N","2017","ES","Spain",0.000000000,""
"Antimicrobial resistance","Enterococcus faecium|Aminopenicillins","I - 'susceptible, increased exposure' isolates ","N","2017","FI","Finland",1.000000000,""
"Antimicrobial resistance","Enterococcus faecium|Aminopenicillins","I - 'susceptible, increased exposure' isolates ","N","2017","FR","France",5.000000000,""
"Antimicrobial resistance","Enterococcus faecium|Aminopenicillins","I - 'susceptible, increased exposure' isolates ","N","2017","HR","Croatia",0.000000000,""
"Antimicrobial resistance","Enterococcus faecium|Aminopenicillins","I - 'susceptible, increased exposure' isolates ","N","2017","HU","Hungary",0.000000000,""
"Antimicrobial resistance","Enterococcus faecium|Aminopenicillins","I - 'susceptible, increased exposure' isolates ","N","2017","IE","Ireland",1.000000000,""
"Antimicrobial resistance","Enterococcus faecium|Aminopenicillins","I - 'susceptible, increased exposure' isolates ","N","2017","IS","Iceland",0.000000000,""
"Antimicrobial resistance","Enterococcus faecium|Aminopenicillins","I - 'susceptible, increased exposure' isolates ","N","2017","IT","Italy",7.000000000,""
"Antimicrobial resistance","Enterococcus faecium|Aminopenicillins","I - 'susceptible, increased exposure' isolates ","N","2017","LT","Lithuania",0.000000000,""
"Antimicrobial resistance","Enterococcus faecium|Aminopenicillins","I - 'susceptible, increased exposure' isolates ","N","2017","LU","Luxembourg",0.000000000,""
"Antimicrobial resistance","Enterococcus faecium|Aminopenicillins","I - 'susceptible, increased exposure' isolates ","N","2017","LV","Latvia",0.000000000,""
"Antimicrobial resistance","Enterococcus faecium|Aminopenicillins","I - 'susceptible, increased exposure' isolates ","N","2017","MT","Malta",0.000000000,""
"Antimicrobial resistance","Enterococcus faecium|Aminopenicillins","I - 'susceptible, increased exposure' isolates ","N","2017","NL","Netherlands",2.000000000,""
"Antimicrobial resistance","Enterococcus faecium|Aminopenicillins","I - 'susceptible, increased exposure' isolates ","N","2017","NO","Norway",0.000000000,""
"Antimicrobial resistance","Enterococcus faecium|Aminopenicillins","I - 'susceptible, increased exposure' isolates ","N","2017","PL","Poland",2.000000000,""
"Antimicrobial resistance","Enterococcus faecium|Aminopenicillins","I - 'susceptible, increased exposure' isolates ","N","2017","PT","Portugal",1.000000000,""
"Antimicrobial resistance","Enterococcus faecium|Aminopenicillins","I - 'susceptible, increased exposure' isolates ","N","2017","RO","Romania",0.000000000,""
"Antimicrobial resistance","Enterococcus faecium|Aminopenicillins","I - 'susceptible, increased exposure' isolates ","N","2017","SE","Sweden",0.000000000,""
"Antimicrobial resistance","Enterococcus faecium|Aminopenicillins","I - 'susceptible, increased exposure' isolates ","N","2017","SI","Slovenia",0.000000000,""
"Antimicrobial resistance","Enterococcus faecium|Aminopenicillins","I - 'susceptible, increased exposure' isolates ","N","2017","SK","Slovakia",0.000000000,""
"Antimicrobial resistance","Enterococcus faecium|Aminopenicillins","I - 'susceptible, increased exposure' isolates ","N","2017","UK","United Kingdom",2.000000000,""
"Antimicrobial resistance","Enterococcus faecium|Aminopenicillins","I - 'susceptible, increased exposure' isolates ","N","2018","AT","Austria",0.000000000,""
"Antimicrobial resistance","Enterococcus faecium|Aminopenicillins","I - 'susceptible, increased exposure' isolates ","N","2018","BE","Belgium",4.000000000,""
"Antimicrobial resistance","Enterococcus faecium|Aminopenicillins","I - 'susceptible, increased exposure' isolates ","N","2018","BG","Bulgaria",0.000000000,""
"Antimicrobial resistance","Enterococcus faecium|Aminopenicillins","I - 'susceptible, increased exposure' isolates ","N","2018","CY","Cyprus",0.000000000,""
"Antimicrobial resistance","Enterococcus faecium|Aminopenicillins","I - 'susceptible, increased exposure' isolates ","N","2018","CZ","Czechia",0.000000000,""
"Antimicrobial resistance","Enterococcus faecium|Aminopenicillins","I - 'susceptible, increased exposure' isolates ","N","2018","DE","Germany",3.000000000,""
"Antimicrobial resistance","Enterococcus faecium|Aminopenicillins","I - 'susceptible, increased exposure' isolates ","N","2018","DK","Denmark",1.000000000,""
"Antimicrobial resistance","Enterococcus faecium|Aminopenicillins","I - 'susceptible, increased exposure' isolates ","N","2018","EE","Estonia",1.000000000,""
"Antimicrobial resistance","Enterococcus faecium|Aminopenicillins","I - 'susceptible, increased exposure' isolates ","N","2018","EL","Greece",0.000000000,""
"Antimicrobial resistance","Enterococcus faecium|Aminopenicillins","I - 'susceptible, increased exposure' isolates ","N","2018","ES","Spain",0.000000000,""
"Antimicrobial resistance","Enterococcus faecium|Aminopenicillins","I - 'susceptible, increased exposure' isolates ","N","2018","FI","Finland",0.000000000,""
"Antimicrobial resistance","Enterococcus faecium|Aminopenicillins","I - 'susceptible, increased exposure' isolates ","N","2018","FR","France",2.000000000,""
"Antimicrobial resistance","Enterococcus faecium|Aminopenicillins","I - 'susceptible, increased exposure' isolates ","N","2018","HR","Croatia",0.000000000,""
"Antimicrobial resistance","Enterococcus faecium|Aminopenicillins","I - 'susceptible, increased exposure' isolates ","N","2018","HU","Hungary",0.000000000,""
"Antimicrobial resistance","Enterococcus faecium|Aminopenicillins","I - 'susceptible, increased exposure' isolates ","N","2018","IE","Ireland",0.000000000,""
"Antimicrobial resistance","Enterococcus faecium|Aminopenicillins","I - 'susceptible, increased exposure' isolates ","N","2018","IS","Iceland",0.000000000,""
"Antimicrobial resistance","Enterococcus faecium|Aminopenicillins","I - 'susceptible, increased exposure' isolates ","N","2018","IT","Italy",17.000000000,""
"Antimicrobial resistance","Enterococcus faecium|Aminopenicillins","I - 'susceptible, increased exposure' isolates ","N","2018","LT","Lithuania",0.000000000,""
"Antimicrobial resistance","Enterococcus faecium|Aminopenicillins","I - 'susceptible, increased exposure' isolates ","N","2018","LU","Luxembourg",0.000000000,""
"Antimicrobial resistance","Enterococcus faecium|Aminopenicillins","I - 'susceptible, increased exposure' isolates ","N","2018","LV","Latvia",0.000000000,""
"Antimicrobial resistance","Enterococcus faecium|Aminopenicillins","I - 'susceptible, increased exposure' isolates ","N","2018","MT","Malta",0.000000000,""
"Antimicrobial resistance","Enterococcus faecium|Aminopenicillins","I - 'susceptible, increased exposure' isolates ","N","2018","NL","Netherlands",5.000000000,""
"Antimicrobial resistance","Enterococcus faecium|Aminopenicillins","I - 'susceptible, increased exposure' isolates ","N","2018","NO","Norway",0.000000000,""
"Antimicrobial resistance","Enterococcus faecium|Aminopenicillins","I - 'susceptible, increased exposure' isolates ","N","2018","PL","Poland",2.000000000,""
"Antimicrobial resistance","Enterococcus faecium|Aminopenicillins","I - 'susceptible, increased exposure' isolates ","N","2018","PT","Portugal",2.000000000,""
"Antimicrobial resistance","Enterococcus faecium|Aminopenicillins","I - 'susceptible, increased exposure' isolates ","N","2018","RO","Romania",0.000000000,""
"Antimicrobial resistance","Enterococcus faecium|Aminopenicillins","I - 'susceptible, increased exposure' isolates ","N","2018","SE","Sweden",0.000000000,""
"Antimicrobial resistance","Enterococcus faecium|Aminopenicillins","I - 'susceptible, increased exposure' isolates ","N","2018","SI","Slovenia",0.000000000,""
"Antimicrobial resistance","Enterococcus faecium|Aminopenicillins","I - 'susceptible, increased exposure' isolates ","N","2018","SK","Slovakia",0.000000000,""
"Antimicrobial resistance","Enterococcus faecium|Aminopenicillins","I - 'susceptible, increased exposure' isolates ","N","2018","UK","United Kingdom",6.000000000,""
"Antimicrobial resistance","Enterococcus faecium|Aminopenicillins","I - 'susceptible, increased exposure' isolates ","N","2019","AT","Austria",2.000000000,""
"Antimicrobial resistance","Enterococcus faecium|Aminopenicillins","I - 'susceptible, increased exposure' isolates ","N","2019","BE","Belgium",0.000000000,""
"Antimicrobial resistance","Enterococcus faecium|Aminopenicillins","I - 'susceptible, increased exposure' isolates ","N","2019","BG","Bulgaria",0.000000000,""
"Antimicrobial resistance","Enterococcus faecium|Aminopenicillins","I - 'susceptible, increased exposure' isolates ","N","2019","CY","Cyprus",0.000000000,""
"Antimicrobial resistance","Enterococcus faecium|Aminopenicillins","I - 'susceptible, increased exposure' isolates ","N","2019","CZ","Czechia",0.000000000,""
"Antimicrobial resistance","Enterococcus faecium|Aminopenicillins","I - 'susceptible, increased exposure' isolates ","N","2019","DE","Germany",3.000000000,""
"Antimicrobial resistance","Enterococcus faecium|Aminopenicillins","I - 'susceptible, increased exposure' isolates ","N","2019","DK","Denmark",0.000000000,""
"Antimicrobial resistance","Enterococcus faecium|Aminopenicillins","I - 'susceptible, increased exposure' isolates ","N","2019","EE","Estonia",0.000000000,""
"Antimicrobial resistance","Enterococcus faecium|Aminopenicillins","I - 'susceptible, increased exposure' isolates ","N","2019","EL","Greece",0.000000000,""
"Antimicrobial resistance","Enterococcus faecium|Aminopenicillins","I - 'susceptible, increased exposure' isolates ","N","2019","ES","Spain",0.000000000,""
"Antimicrobial resistance","Enterococcus faecium|Aminopenicillins","I - 'susceptible, increased exposure' isolates ","N","2019","FI","Finland",2.000000000,""
"Antimicrobial resistance","Enterococcus faecium|Aminopenicillins","I - 'susceptible, increased exposure' isolates ","N","2019","FR","France",6.000000000,""
"Antimicrobial resistance","Enterococcus faecium|Aminopenicillins","I - 'susceptible, increased exposure' isolates ","N","2019","HR","Croatia",0.000000000,""
"Antimicrobial resistance","Enterococcus faecium|Aminopenicillins","I - 'susceptible, increased exposure' isolates ","N","2019","HU","Hungary",0.000000000,""
"Antimicrobial resistance","Enterococcus faecium|Aminopenicillins","I - 'susceptible, increased exposure' isolates ","N","2019","IE","Ireland",1.000000000,""
"Antimicrobial resistance","Enterococcus faecium|Aminopenicillins","I - 'susceptible, increased exposure' isolates ","N","2019","IS","Iceland",0.000000000,""
"Antimicrobial resistance","Enterococcus faecium|Aminopenicillins","I - 'susceptible, increased exposure' isolates ","N","2019","IT","Italy",14.000000000,""
"Antimicrobial resistance","Enterococcus faecium|Aminopenicillins","I - 'susceptible, increased exposure' isolates ","N","2019","LT","Lithuania",0.000000000,""
"Antimicrobial resistance","Enterococcus faecium|Aminopenicillins","I - 'susceptible, increased exposure' isolates ","N","2019","LU","Luxembourg",0.000000000,""
"Antimicrobial resistance","Enterococcus faecium|Aminopenicillins","I - 'susceptible, increased exposure' isolates ","N","2019","LV","Latvia",0.000000000,""
"Antimicrobial resistance","Enterococcus faecium|Aminopenicillins","I - 'susceptible, increased exposure' isolates ","N","2019","MT","Malta",0.000000000,""
"Antimicrobial resistance","Enterococcus faecium|Aminopenicillins","I - 'susceptible, increased exposure' isolates ","N","2019","NL","Netherlands",7.000000000,""
"Antimicrobial resistance","Enterococcus faecium|Aminopenicillins","I - 'susceptible, increased exposure' isolates ","N","2019","NO","Norway",0.000000000,""
"Antimicrobial resistance","Enterococcus faecium|Aminopenicillins","I - 'susceptible, increased exposure' isolates ","N","2019","PL","Poland",1.000000000,""
"Antimicrobial resistance","Enterococcus faecium|Aminopenicillins","I - 'susceptible, increased exposure' isolates ","N","2019","PT","Portugal",0.000000000,""
"Antimicrobial resistance","Enterococcus faecium|Aminopenicillins","I - 'susceptible, increased exposure' isolates ","N","2019","RO","Romania",0.000000000,""
"Antimicrobial resistance","Enterococcus faecium|Aminopenicillins","I - 'susceptible, increased exposure' isolates ","N","2019","SE","Sweden",1.000000000,""
"Antimicrobial resistance","Enterococcus faecium|Aminopenicillins","I - 'susceptible, increased exposure' isolates ","N","2019","SI","Slovenia",1.000000000,""
"Antimicrobial resistance","Enterococcus faecium|Aminopenicillins","I - 'susceptible, increased exposure' isolates ","N","2019","SK","Slovakia",1.000000000,""
"Antimicrobial resistance","Enterococcus faecium|Aminopenicillins","I - 'susceptible, increased exposure' isolates ","N","2019","UK","United Kingdom",0.000000000,""
"Antimicrobial resistance","Enterococcus faecium|Aminopenicillins","I - 'susceptible, increased exposure' isolates ","N","2020","AT","Austria",4.000000000,""
"Antimicrobial resistance","Enterococcus faecium|Aminopenicillins","I - 'susceptible, increased exposure' isolates ","N","2020","BE","Belgium",2.000000000,""
"Antimicrobial resistance","Enterococcus faecium|Aminopenicillins","I - 'susceptible, increased exposure' isolates ","N","2020","BG","Bulgaria",0.000000000,""
"Antimicrobial resistance","Enterococcus faecium|Aminopenicillins","I - 'susceptible, increased exposure' isolates ","N","2020","CY","Cyprus",1.000000000,""
"Antimicrobial resistance","Enterococcus faecium|Aminopenicillins","I - 'susceptible, increased exposure' isolates ","N","2020","CZ","Czechia",1.000000000,""
"Antimicrobial resistance","Enterococcus faecium|Aminopenicillins","I - 'susceptible, increased exposure' isolates ","N","2020","DE","Germany",1.000000000,""
"Antimicrobial resistance","Enterococcus faecium|Aminopenicillins","I - 'susceptible, increased exposure' isolates ","N","2020","DK","Denmark",1.000000000,""
"Antimicrobial resistance","Enterococcus faecium|Aminopenicillins","I - 'susceptible, increased exposure' isolates ","N","2020","EE","Estonia",0.000000000,""
"Antimicrobial resistance","Enterococcus faecium|Aminopenicillins","I - 'susceptible, increased exposure' isolates ","N","2020","EL","Greece",3.000000000,""
"Antimicrobial resistance","Enterococcus faecium|Aminopenicillins","I - 'susceptible, increased exposure' isolates ","N","2020","ES","Spain",0.000000000,""
"Antimicrobial resistance","Enterococcus faecium|Aminopenicillins","I - 'susceptible, increased exposure' isolates ","N","2020","FI","Finland",0.000000000,""
"Antimicrobial resistance","Enterococcus faecium|Aminopenicillins","I - 'susceptible, increased exposure' isolates ","N","2020","FR","France",12.000000000,""
"Antimicrobial resistance","Enterococcus faecium|Aminopenicillins","I - 'susceptible, increased exposure' isolates ","N","2020","HR","Croatia",0.000000000,""
"Antimicrobial resistance","Enterococcus faecium|Aminopenicillins","I - 'susceptible, increased exposure' isolates ","N","2020","HU","Hungary",0.000000000,""
"Antimicrobial resistance","Enterococcus faecium|Aminopenicillins","I - 'susceptible, increased exposure' isolates ","N","2020","IE","Ireland",0.000000000,""
"Antimicrobial resistance","Enterococcus faecium|Aminopenicillins","I - 'susceptible, increased exposure' isolates ","N","2020","IS","Iceland",0.000000000,""
"Antimicrobial resistance","Enterococcus faecium|Aminopenicillins","I - 'susceptible, increased exposure' isolates ","N","2020","IT","Italy",13.000000000,""
"Antimicrobial resistance","Enterococcus faecium|Aminopenicillins","I - 'susceptible, increased exposure' isolates ","N","2020","LT","Lithuania",0.000000000,""
"Antimicrobial resistance","Enterococcus faecium|Aminopenicillins","I - 'susceptible, increased exposure' isolates ","N","2020","LU","Luxembourg",0.000000000,""
"Antimicrobial resistance","Enterococcus faecium|Aminopenicillins","I - 'susceptible, increased exposure' isolates ","N","2020","LV","Latvia",0.000000000,""
"Antimicrobial resistance","Enterococcus faecium|Aminopenicillins","I - 'susceptible, increased exposure' isolates ","N","2020","MT","Malta",0.000000000,""
"Antimicrobial resistance","Enterococcus faecium|Aminopenicillins","I - 'susceptible, increased exposure' isolates ","N","2020","NL","Netherlands",2.000000000,""
"Antimicrobial resistance","Enterococcus faecium|Aminopenicillins","I - 'susceptible, increased exposure' isolates ","N","2020","NO","Norway",1.000000000,""
"Antimicrobial resistance","Enterococcus faecium|Aminopenicillins","I - 'susceptible, increased exposure' isolates ","N","2020","PL","Poland",2.000000000,""
"Antimicrobial resistance","Enterococcus faecium|Aminopenicillins","I - 'susceptible, increased exposure' isolates ","N","2020","PT","Portugal",2.000000000,""
"Antimicrobial resistance","Enterococcus faecium|Aminopenicillins","I - 'susceptible, increased exposure' isolates ","N","2020","RO","Romania",0.000000000,""
"Antimicrobial resistance","Enterococcus faecium|Aminopenicillins","I - 'susceptible, increased exposure' isolates ","N","2020","SE","Sweden",1.000000000,""
"Antimicrobial resistance","Enterococcus faecium|Aminopenicillins","I - 'susceptible, increased exposure' isolates ","N","2020","SI","Slovenia",1.000000000,""
"Antimicrobial resistance","Enterococcus faecium|Aminopenicillins","I - 'susceptible, increased exposure' isolates ","N","2020","SK","Slovakia",0.000000000,""
"Antimicrobial resistance","Enterococcus faecium|Aminopenicillins","I - 'susceptible, increased exposure' isolates ","N","2021","AT","Austria",3.000000000,""
"Antimicrobial resistance","Enterococcus faecium|Aminopenicillins","I - 'susceptible, increased exposure' isolates ","N","2021","BE","Belgium",1.000000000,""
"Antimicrobial resistance","Enterococcus faecium|Aminopenicillins","I - 'susceptible, increased exposure' isolates ","N","2021","BG","Bulgaria",0.000000000,""
"Antimicrobial resistance","Enterococcus faecium|Aminopenicillins","I - 'susceptible, increased exposure' isolates ","N","2021","CY","Cyprus",0.000000000,""
"Antimicrobial resistance","Enterococcus faecium|Aminopenicillins","I - 'susceptible, increased exposure' isolates ","N","2021","CZ","Czechia",0.000000000,""
"Antimicrobial resistance","Enterococcus faecium|Aminopenicillins","I - 'susceptible, increased exposure' isolates ","N","2021","DE","Germany",6.000000000,""
"Antimicrobial resistance","Enterococcus faecium|Aminopenicillins","I - 'susceptible, increased exposure' isolates ","N","2021","DK","Denmark",0.000000000,""
"Antimicrobial resistance","Enterococcus faecium|Aminopenicillins","I - 'susceptible, increased exposure' isolates ","N","2021","EE","Estonia",0.000000000,""
"Antimicrobial resistance","Enterococcus faecium|Aminopenicillins","I - 'susceptible, increased exposure' isolates ","N","2021","EL","Greece",2.000000000,""
"Antimicrobial resistance","Enterococcus faecium|Aminopenicillins","I - 'susceptible, increased exposure' isolates ","N","2021","ES","Spain",11.000000000,""
"Antimicrobial resistance","Enterococcus faecium|Aminopenicillins","I - 'susceptible, increased exposure' isolates ","N","2021","FI","Finland",0.000000000,""
"Antimicrobial resistance","Enterococcus faecium|Aminopenicillins","I - 'susceptible, increased exposure' isolates ","N","2021","FR","France",6.000000000,""
"Antimicrobial resistance","Enterococcus faecium|Aminopenicillins","I - 'susceptible, increased exposure' isolates ","N","2021","HR","Croatia",0.000000000,""
"Antimicrobial resistance","Enterococcus faecium|Aminopenicillins","I - 'susceptible, increased exposure' isolates ","N","2021","HU","Hungary",0.000000000,""
"Antimicrobial resistance","Enterococcus faecium|Aminopenicillins","I - 'susceptible, increased exposure' isolates ","N","2021","IE","Ireland",0.000000000,""
"Antimicrobial resistance","Enterococcus faecium|Aminopenicillins","I - 'susceptible, increased exposure' isolates ","N","2021","IS","Iceland",0.000000000,""
"Antimicrobial resistance","Enterococcus faecium|Aminopenicillins","I - 'susceptible, increased exposure' isolates ","N","2021","IT","Italy",21.000000000,""
"Antimicrobial resistance","Enterococcus faecium|Aminopenicillins","I - 'susceptible, increased exposure' isolates ","N","2021","LT","Lithuania",0.000000000,""
"Antimicrobial resistance","Enterococcus faecium|Aminopenicillins","I - 'susceptible, increased exposure' isolates ","N","2021","LU","Luxembourg",0.000000000,""
"Antimicrobial resistance","Enterococcus faecium|Aminopenicillins","I - 'susceptible, increased exposure' isolates ","N","2021","LV","Latvia",0.000000000,""
"Antimicrobial resistance","Enterococcus faecium|Aminopenicillins","I - 'susceptible, increased exposure' isolates ","N","2021","MT","Malta",0.000000000,""
"Antimicrobial resistance","Enterococcus faecium|Aminopenicillins","I - 'susceptible, increased exposure' isolates ","N","2021","NL","Netherlands",5.000000000,""
"Antimicrobial resistance","Enterococcus faecium|Aminopenicillins","I - 'susceptible, increased exposure' isolates ","N","2021","NO","Norway",1.000000000,""
"Antimicrobial resistance","Enterococcus faecium|Aminopenicillins","I - 'susceptible, increased exposure' isolates ","N","2021","PL","Poland",1.000000000,""
"Antimicrobial resistance","Enterococcus faecium|Aminopenicillins","I - 'susceptible, increased exposure' isolates ","N","2021","PT","Portugal",1.000000000,""
"Antimicrobial resistance","Enterococcus faecium|Aminopenicillins","I - 'susceptible, increased exposure' isolates ","N","2021","RO","Romania",4.000000000,""
"Antimicrobial resistance","Enterococcus faecium|Aminopenicillins","I - 'susceptible, increased exposure' isolates ","N","2021","SE","Sweden",0.000000000,""
"Antimicrobial resistance","Enterococcus faecium|Aminopenicillins","I - 'susceptible, increased exposure' isolates ","N","2021","SI","Slovenia",0.000000000,""
"Antimicrobial resistance","Enterococcus faecium|Aminopenicillins","I - 'susceptible, increased exposure' isolates ","N","2021","SK","Slovakia",1.000000000,""
"Antimicrobial resistance","Enterococcus faecium|Aminopenicillins","I - 'susceptible, increased exposure' isolates ","N","2022","AT","Austria",0.000000000,""
"Antimicrobial resistance","Enterococcus faecium|Aminopenicillins","I - 'susceptible, increased exposure' isolates ","N","2022","BE","Belgium",2.000000000,""
"Antimicrobial resistance","Enterococcus faecium|Aminopenicillins","I - 'susceptible, increased exposure' isolates ","N","2022","BG","Bulgaria",0.000000000,""
"Antimicrobial resistance","Enterococcus faecium|Aminopenicillins","I - 'susceptible, increased exposure' isolates ","N","2022","CY","Cyprus",0.000000000,""
"Antimicrobial resistance","Enterococcus faecium|Aminopenicillins","I - 'susceptible, increased exposure' isolates ","N","2022","CZ","Czechia",0.000000000,""
"Antimicrobial resistance","Enterococcus faecium|Aminopenicillins","I - 'susceptible, increased exposure' isolates ","N","2022","DE","Germany",5.000000000,""
"Antimicrobial resistance","Enterococcus faecium|Aminopenicillins","I - 'susceptible, increased exposure' isolates ","N","2022","DK","Denmark",1.000000000,""
"Antimicrobial resistance","Enterococcus faecium|Aminopenicillins","I - 'susceptible, increased exposure' isolates ","N","2022","EE","Estonia",1.000000000,""
"Antimicrobial resistance","Enterococcus faecium|Aminopenicillins","I - 'susceptible, increased exposure' isolates ","N","2022","EL","Greece",4.000000000,""
"Antimicrobial resistance","Enterococcus faecium|Aminopenicillins","I - 'susceptible, increased exposure' isolates ","N","2022","ES","Spain",4.000000000,""
"Antimicrobial resistance","Enterococcus faecium|Aminopenicillins","I - 'susceptible, increased exposure' isolates ","N","2022","FI","Finland",0.000000000,""
"Antimicrobial resistance","Enterococcus faecium|Aminopenicillins","I - 'susceptible, increased exposure' isolates ","N","2022","FR","France",3.000000000,""
"Antimicrobial resistance","Enterococcus faecium|Aminopenicillins","I - 'susceptible, increased exposure' isolates ","N","2022","HR","Croatia",0.000000000,""
"Antimicrobial resistance","Enterococcus faecium|Aminopenicillins","I - 'susceptible, increased exposure' isolates ","N","2022","HU","Hungary",0.000000000,""
"Antimicrobial resistance","Enterococcus faecium|Aminopenicillins","I - 'susceptible, increased exposure' isolates ","N","2022","IE","Ireland",1.000000000,""
"Antimicrobial resistance","Enterococcus faecium|Aminopenicillins","I - 'susceptible, increased exposure' isolates ","N","2022","IS","Iceland",0.000000000,""
"Antimicrobial resistance","Enterococcus faecium|Aminopenicillins","I - 'susceptible, increased exposure' isolates ","N","2022","IT","Italy",29.000000000,""
"Antimicrobial resistance","Enterococcus faecium|Aminopenicillins","I - 'susceptible, increased exposure' isolates ","N","2022","LT","Lithuania",0.000000000,""
"Antimicrobial resistance","Enterococcus faecium|Aminopenicillins","I - 'susceptible, increased exposure' isolates ","N","2022","LU","Luxembourg",0.000000000,""
"Antimicrobial resistance","Enterococcus faecium|Aminopenicillins","I - 'susceptible, increased exposure' isolates ","N","2022","LV","Latvia",1.000000000,""
"Antimicrobial resistance","Enterococcus faecium|Aminopenicillins","I - 'susceptible, increased exposure' isolates ","N","2022","MT","Malta",0.000000000,""
"Antimicrobial resistance","Enterococcus faecium|Aminopenicillins","I - 'susceptible, increased exposure' isolates ","N","2022","NL","Netherlands",3.000000000,""
"Antimicrobial resistance","Enterococcus faecium|Aminopenicillins","I - 'susceptible, increased exposure' isolates ","N","2022","NO","Norway",0.000000000,""
"Antimicrobial resistance","Enterococcus faecium|Aminopenicillins","I - 'susceptible, increased exposure' isolates ","N","2022","PL","Poland",3.000000000,""
"Antimicrobial resistance","Enterococcus faecium|Aminopenicillins","I - 'susceptible, increased exposure' isolates ","N","2022","PT","Portugal",1.000000000,""
"Antimicrobial resistance","Enterococcus faecium|Aminopenicillins","I - 'susceptible, increased exposure' isolates ","N","2022","RO","Romania",2.000000000,""
"Antimicrobial resistance","Enterococcus faecium|Aminopenicillins","I - 'susceptible, increased exposure' isolates ","N","2022","SE","Sweden",1.000000000,""
"Antimicrobial resistance","Enterococcus faecium|Aminopenicillins","I - 'susceptible, increased exposure' isolates ","N","2022","SI","Slovenia",0.000000000,""
"Antimicrobial resistance","Enterococcus faecium|Aminopenicillins","I - 'susceptible, increased exposure' isolates ","N","2022","SK","Slovakia",0.000000000,""
"Antimicrobial resistance","Enterococcus faecium|Aminopenicillins","I - 'susceptible, increased exposure' isolates ","N","2023","AT","Austria",1.000000000,""
"Antimicrobial resistance","Enterococcus faecium|Aminopenicillins","I - 'susceptible, increased exposure' isolates ","N","2023","BE","Belgium",3.000000000,""
"Antimicrobial resistance","Enterococcus faecium|Aminopenicillins","I - 'susceptible, increased exposure' isolates ","N","2023","BG","Bulgaria",0.000000000,""
"Antimicrobial resistance","Enterococcus faecium|Aminopenicillins","I - 'susceptible, increased exposure' isolates ","N","2023","CY","Cyprus",2.000000000,""
"Antimicrobial resistance","Enterococcus faecium|Aminopenicillins","I - 'susceptible, increased exposure' isolates ","N","2023","CZ","Czechia",0.000000000,""
"Antimicrobial resistance","Enterococcus faecium|Aminopenicillins","I - 'susceptible, increased exposure' isolates ","N","2023","DE","Germany",2.000000000,""
"Antimicrobial resistance","Enterococcus faecium|Aminopenicillins","I - 'susceptible, increased exposure' isolates ","N","2023","DK","Denmark",0.000000000,""
"Antimicrobial resistance","Enterococcus faecium|Aminopenicillins","I - 'susceptible, increased exposure' isolates ","N","2023","EE","Estonia",1.000000000,""
"Antimicrobial resistance","Enterococcus faecium|Aminopenicillins","I - 'susceptible, increased exposure' isolates ","N","2023","EL","Greece",7.000000000,""
"Antimicrobial resistance","Enterococcus faecium|Aminopenicillins","I - 'susceptible, increased exposure' isolates ","N","2023","ES","Spain",2.000000000,""
"Antimicrobial resistance","Enterococcus faecium|Aminopenicillins","I - 'susceptible, increased exposure' isolates ","N","2023","FI","Finland",0.000000000,""
"Antimicrobial resistance","Enterococcus faecium|Aminopenicillins","I - 'susceptible, increased exposure' isolates ","N","2023","HR","Croatia",0.000000000,""
"Antimicrobial resistance","Enterococcus faecium|Aminopenicillins","I - 'susceptible, increased exposure' isolates ","N","2023","HU","Hungary",0.000000000,""
"Antimicrobial resistance","Enterococcus faecium|Aminopenicillins","I - 'susceptible, increased exposure' isolates ","N","2023","IE","Ireland",0.000000000,""
"Antimicrobial resistance","Enterococcus faecium|Aminopenicillins","I - 'susceptible, increased exposure' isolates ","N","2023","IS","Iceland",0.000000000,""
"Antimicrobial resistance","Enterococcus faecium|Aminopenicillins","I - 'susceptible, increased exposure' isolates ","N","2023","IT","Italy",38.000000000,""
"Antimicrobial resistance","Enterococcus faecium|Aminopenicillins","I - 'susceptible, increased exposure' isolates ","N","2023","LT","Lithuania",3.000000000,""
"Antimicrobial resistance","Enterococcus faecium|Aminopenicillins","I - 'susceptible, increased exposure' isolates ","N","2023","LU","Luxembourg",0.000000000,""
"Antimicrobial resistance","Enterococcus faecium|Aminopenicillins","I - 'susceptible, increased exposure' isolates ","N","2023","LV","Latvia",0.000000000,""
"Antimicrobial resistance","Enterococcus faecium|Aminopenicillins","I - 'susceptible, increased exposure' isolates ","N","2023","MT","Malta",0.000000000,""
"Antimicrobial resistance","Enterococcus faecium|Aminopenicillins","I - 'susceptible, increased exposure' isolates ","N","2023","NL","Netherlands",3.000000000,""
"Antimicrobial resistance","Enterococcus faecium|Aminopenicillins","I - 'susceptible, increased exposure' isolates ","N","2023","NO","Norway",2.000000000,""
"Antimicrobial resistance","Enterococcus faecium|Aminopenicillins","I - 'susceptible, increased exposure' isolates ","N","2023","PL","Poland",0.000000000,""
"Antimicrobial resistance","Enterococcus faecium|Aminopenicillins","I - 'susceptible, increased exposure' isolates ","N","2023","PT","Portugal",0.000000000,""
"Antimicrobial resistance","Enterococcus faecium|Aminopenicillins","I - 'susceptible, increased exposure' isolates ","N","2023","RO","Romania",1.000000000,""
"Antimicrobial resistance","Enterococcus faecium|Aminopenicillins","I - 'susceptible, increased exposure' isolates ","N","2023","SE","Sweden",2.000000000,""
"Antimicrobial resistance","Enterococcus faecium|Aminopenicillins","I - 'susceptible, increased exposure' isolates ","N","2023","SI","Slovenia",0.000000000,""
"Antimicrobial resistance","Enterococcus faecium|Aminopenicillins","I - 'susceptible, increased exposure' isolates ","N","2023","SK","Slovakia",1.000000000,""
"Antimicrobial resistance","Enterococcus faecium|Aminopenicillins","I - 'susceptible, increased exposure' isolates ","N","2024","AT","Austria",0.000000000,""
"Antimicrobial resistance","Enterococcus faecium|Aminopenicillins","I - 'susceptible, increased exposure' isolates ","N","2024","BE","Belgium",1.000000000,""
"Antimicrobial resistance","Enterococcus faecium|Aminopenicillins","I - 'susceptible, increased exposure' isolates ","N","2024","BG","Bulgaria",0.000000000,""
"Antimicrobial resistance","Enterococcus faecium|Aminopenicillins","I - 'susceptible, increased exposure' isolates ","N","2024","CY","Cyprus",0.000000000,""
"Antimicrobial resistance","Enterococcus faecium|Aminopenicillins","I - 'susceptible, increased exposure' isolates ","N","2024","CZ","Czechia",0.000000000,""
"Antimicrobial resistance","Enterococcus faecium|Aminopenicillins","I - 'susceptible, increased exposure' isolates ","N","2024","DE","Germany",3.000000000,""
"Antimicrobial resistance","Enterococcus faecium|Aminopenicillins","I - 'susceptible, increased exposure' isolates ","N","2024","DK","Denmark",0.000000000,""
"Antimicrobial resistance","Enterococcus faecium|Aminopenicillins","I - 'susceptible, increased exposure' isolates ","N","2024","EE","Estonia",0.000000000,""
"Antimicrobial resistance","Enterococcus faecium|Aminopenicillins","I - 'susceptible, increased exposure' isolates ","N","2024","EL","Greece",5.000000000,""
"Antimicrobial resistance","Enterococcus faecium|Aminopenicillins","I - 'susceptible, increased exposure' isolates ","N","2024","ES","Spain",2.000000000,""
"Antimicrobial resistance","Enterococcus faecium|Aminopenicillins","I - 'susceptible, increased exposure' isolates ","N","2024","FI","Finland",1.000000000,""
"Antimicrobial resistance","Enterococcus faecium|Aminopenicillins","I - 'susceptible, increased exposure' isolates ","N","2024","FR","France",15.000000000,""
"Antimicrobial resistance","Enterococcus faecium|Aminopenicillins","I - 'susceptible, increased exposure' isolates ","N","2024","HR","Croatia",0.000000000,""
"Antimicrobial resistance","Enterococcus faecium|Aminopenicillins","I - 'susceptible, increased exposure' isolates ","N","2024","HU","Hungary",0.000000000,""
"Antimicrobial resistance","Enterococcus faecium|Aminopenicillins","I - 'susceptible, increased exposure' isolates ","N","2024","IE","Ireland",0.000000000,""
"Antimicrobial resistance","Enterococcus faecium|Aminopenicillins","I - 'susceptible, increased exposure' isolates ","N","2024","IS","Iceland",0.000000000,""
"Antimicrobial resistance","Enterococcus faecium|Aminopenicillins","I - 'susceptible, increased exposure' isolates ","N","2024","IT","Italy",19.000000000,""
"Antimicrobial resistance","Enterococcus faecium|Aminopenicillins","I - 'susceptible, increased exposure' isolates ","N","2024","LI","Liechtenstein",0.000000000,""
"Antimicrobial resistance","Enterococcus faecium|Aminopenicillins","I - 'susceptible, increased exposure' isolates ","N","2024","LT","Lithuania",0.000000000,""
"Antimicrobial resistance","Enterococcus faecium|Aminopenicillins","I - 'susceptible, increased exposure' isolates ","N","2024","LU","Luxembourg",2.000000000,""
"Antimicrobial resistance","Enterococcus faecium|Aminopenicillins","I - 'susceptible, increased exposure' isolates ","N","2024","LV","Latvia",0.000000000,""
"Antimicrobial resistance","Enterococcus faecium|Aminopenicillins","I - 'susceptible, increased exposure' isolates ","N","2024","MT","Malta",0.000000000,""
"Antimicrobial resistance","Enterococcus faecium|Aminopenicillins","I - 'susceptible, increased exposure' isolates ","N","2024","NL","Netherlands",6.000000000,""
"Antimicrobial resistance","Enterococcus faecium|Aminopenicillins","I - 'susceptible, increased exposure' isolates ","N","2024","NO","Norway",0.000000000,""
"Antimicrobial resistance","Enterococcus faecium|Aminopenicillins","I - 'susceptible, increased exposure' isolates ","N","2024","PL","Poland",0.000000000,""
"Antimicrobial resistance","Enterococcus faecium|Aminopenicillins","I - 'susceptible, increased exposure' isolates ","N","2024","PT","Portugal",5.000000000,""
"Antimicrobial resistance","Enterococcus faecium|Aminopenicillins","I - 'susceptible, increased exposure' isolates ","N","2024","RO","Romania",1.000000000,""
"Antimicrobial resistance","Enterococcus faecium|Aminopenicillins","I - 'susceptible, increased exposure' isolates ","N","2024","SE","Sweden",3.000000000,""
"Antimicrobial resistance","Enterococcus faecium|Aminopenicillins","I - 'susceptible, increased exposure' isolates ","N","2024","SI","Slovenia",1.000000000,""
"Antimicrobial resistance","Enterococcus faecium|Aminopenicillins","I - 'susceptible, increased exposure' isolates ","N","2024","SK","Slovakia",0.000000000,""
"Antimicrobial resistance","Enterococcus faecium|Aminopenicillins","R - resistant isolates","N","2000","DE","Germany",0.000000000,""
"Antimicrobial resistance","Enterococcus faecium|Aminopenicillins","R - resistant isolates","N","2000","EL","Greece",63.000000000,""
"Antimicrobial resistance","Enterococcus faecium|Aminopenicillins","R - resistant isolates","N","2000","NL","Netherlands",1.000000000,""
"Antimicrobial resistance","Enterococcus faecium|Aminopenicillins","R - resistant isolates","N","2000","NO","Norway",4.000000000,""
"Antimicrobial resistance","Enterococcus faecium|Aminopenicillins","R - resistant isolates","N","2001","AT","Austria",18.000000000,""
"Antimicrobial resistance","Enterococcus faecium|Aminopenicillins","R - resistant isolates","N","2001","BE","Belgium",2.000000000,""
"Antimicrobial resistance","Enterococcus faecium|Aminopenicillins","R - resistant isolates","N","2001","BG","Bulgaria",2.000000000,""
"Antimicrobial resistance","Enterococcus faecium|Aminopenicillins","R - resistant isolates","N","2001","CZ","Czechia",43.000000000,""
"Antimicrobial resistance","Enterococcus faecium|Aminopenicillins","R - resistant isolates","N","2001","DE","Germany",50.000000000,""
"Antimicrobial resistance","Enterococcus faecium|Aminopenicillins","R - resistant isolates","N","2001","EE","Estonia",5.000000000,""
"Antimicrobial resistance","Enterococcus faecium|Aminopenicillins","R - resistant isolates","N","2001","EL","Greece",78.000000000,""
"Antimicrobial resistance","Enterococcus faecium|Aminopenicillins","R - resistant isolates","N","2001","ES","Spain",31.000000000,""
"Antimicrobial resistance","Enterococcus faecium|Aminopenicillins","R - resistant isolates","N","2001","FI","Finland",62.000000000,""
"Antimicrobial resistance","Enterococcus faecium|Aminopenicillins","R - resistant isolates","N","2001","HR","Croatia",1.000000000,""
"Antimicrobial resistance","Enterococcus faecium|Aminopenicillins","R - resistant isolates","N","2001","HU","Hungary",7.000000000,""
"Antimicrobial resistance","Enterococcus faecium|Aminopenicillins","R - resistant isolates","N","2001","IS","Iceland",2.000000000,""
"Antimicrobial resistance","Enterococcus faecium|Aminopenicillins","R - resistant isolates","N","2001","IT","Italy",53.000000000,""
"Antimicrobial resistance","Enterococcus faecium|Aminopenicillins","R - resistant isolates","N","2001","LU","Luxembourg",0.000000000,""
"Antimicrobial resistance","Enterococcus faecium|Aminopenicillins","R - resistant isolates","N","2001","MT","Malta",1.000000000,""
"Antimicrobial resistance","Enterococcus faecium|Aminopenicillins","R - resistant isolates","N","2001","NL","Netherlands",32.000000000,""
"Antimicrobial resistance","Enterococcus faecium|Aminopenicillins","R - resistant isolates","N","2001","NO","Norway",5.000000000,""
"Antimicrobial resistance","Enterococcus faecium|Aminopenicillins","R - resistant isolates","N","2001","PL","Poland",10.000000000,""
"Antimicrobial resistance","Enterococcus faecium|Aminopenicillins","R - resistant isolates","N","2001","PT","Portugal",25.000000000,""
"Antimicrobial resistance","Enterococcus faecium|Aminopenicillins","R - resistant isolates","N","2001","SE","Sweden",137.000000000,""
"Antimicrobial resistance","Enterococcus faecium|Aminopenicillins","R - resistant isolates","N","2001","SI","Slovenia",9.000000000,""
"Antimicrobial resistance","Enterococcus faecium|Aminopenicillins","R - resistant isolates","N","2001","SK","Slovakia",2.000000000,""
"Antimicrobial resistance","Enterococcus faecium|Aminopenicillins","R - resistant isolates","N","2002","AT","Austria",38.000000000,""
"Antimicrobial resistance","Enterococcus faecium|Aminopenicillins","R - resistant isolates","N","2002","BE","Belgium",22.000000000,""
"Antimicrobial resistance","Enterococcus faecium|Aminopenicillins","R - resistant isolates","N","2002","BG","Bulgaria",10.000000000,""
"Antimicrobial resistance","Enterococcus faecium|Aminopenicillins","R - resistant isolates","N","2002","CZ","Czechia",60.000000000,""
"Antimicrobial resistance","Enterococcus faecium|Aminopenicillins","R - resistant isolates","N","2002","DE","Germany",50.000000000,""
"Antimicrobial resistance","Enterococcus faecium|Aminopenicillins","R - resistant isolates","N","2002","EE","Estonia",1.000000000,""
"Antimicrobial resistance","Enterococcus faecium|Aminopenicillins","R - resistant isolates","N","2002","EL","Greece",46.000000000,""
"Antimicrobial resistance","Enterococcus faecium|Aminopenicillins","R - resistant isolates","N","2002","ES","Spain",57.000000000,""
"Antimicrobial resistance","Enterococcus faecium|Aminopenicillins","R - resistant isolates","N","2002","FI","Finland",69.000000000,""
"Antimicrobial resistance","Enterococcus faecium|Aminopenicillins","R - resistant isolates","N","2002","FR","France",28.000000000,""
"Antimicrobial resistance","Enterococcus faecium|Aminopenicillins","R - resistant isolates","N","2002","HR","Croatia",10.000000000,""
"Antimicrobial resistance","Enterococcus faecium|Aminopenicillins","R - resistant isolates","N","2002","HU","Hungary",16.000000000,""
"Antimicrobial resistance","Enterococcus faecium|Aminopenicillins","R - resistant isolates","N","2002","IE","Ireland",70.000000000,""
"Antimicrobial resistance","Enterococcus faecium|Aminopenicillins","R - resistant isolates","N","2002","IS","Iceland",2.000000000,""
"Antimicrobial resistance","Enterococcus faecium|Aminopenicillins","R - resistant isolates","N","2002","IT","Italy",136.000000000,""
"Antimicrobial resistance","Enterococcus faecium|Aminopenicillins","R - resistant isolates","N","2002","LU","Luxembourg",6.000000000,""
"Antimicrobial resistance","Enterococcus faecium|Aminopenicillins","R - resistant isolates","N","2002","MT","Malta",1.000000000,""
"Antimicrobial resistance","Enterococcus faecium|Aminopenicillins","R - resistant isolates","N","2002","NL","Netherlands",40.000000000,""
"Antimicrobial resistance","Enterococcus faecium|Aminopenicillins","R - resistant isolates","N","2002","NO","Norway",9.000000000,""
"Antimicrobial resistance","Enterococcus faecium|Aminopenicillins","R - resistant isolates","N","2002","PL","Poland",12.000000000,""
"Antimicrobial resistance","Enterococcus faecium|Aminopenicillins","R - resistant isolates","N","2002","PT","Portugal",11.000000000,""
"Antimicrobial resistance","Enterococcus faecium|Aminopenicillins","R - resistant isolates","N","2002","RO","Romania",5.000000000,""
"Antimicrobial resistance","Enterococcus faecium|Aminopenicillins","R - resistant isolates","N","2002","SE","Sweden",147.000000000,""
"Antimicrobial resistance","Enterococcus faecium|Aminopenicillins","R - resistant isolates","N","2002","SI","Slovenia",9.000000000,""
"Antimicrobial resistance","Enterococcus faecium|Aminopenicillins","R - resistant isolates","N","2002","SK","Slovakia",3.000000000,""
"Antimicrobial resistance","Enterococcus faecium|Aminopenicillins","R - resistant isolates","N","2003","AT","Austria",66.000000000,""
"Antimicrobial resistance","Enterococcus faecium|Aminopenicillins","R - resistant isolates","N","2003","BE","Belgium",7.000000000,""
"Antimicrobial resistance","Enterococcus faecium|Aminopenicillins","R - resistant isolates","N","2003","BG","Bulgaria",3.000000000,""
"Antimicrobial resistance","Enterococcus faecium|Aminopenicillins","R - resistant isolates","N","2003","CY","Cyprus",4.000000000,""
"Antimicrobial resistance","Enterococcus faecium|Aminopenicillins","R - resistant isolates","N","2003","CZ","Czechia",75.000000000,""
"Antimicrobial resistance","Enterococcus faecium|Aminopenicillins","R - resistant isolates","N","2003","DE","Germany",70.000000000,""
"Antimicrobial resistance","Enterococcus faecium|Aminopenicillins","R - resistant isolates","N","2003","EE","Estonia",3.000000000,""
"Antimicrobial resistance","Enterococcus faecium|Aminopenicillins","R - resistant isolates","N","2003","EL","Greece",134.000000000,""
"Antimicrobial resistance","Enterococcus faecium|Aminopenicillins","R - resistant isolates","N","2003","ES","Spain",76.000000000,""
"Antimicrobial resistance","Enterococcus faecium|Aminopenicillins","R - resistant isolates","N","2003","FI","Finland",77.000000000,""
"Antimicrobial resistance","Enterococcus faecium|Aminopenicillins","R - resistant isolates","N","2003","FR","France",30.000000000,""
"Antimicrobial resistance","Enterococcus faecium|Aminopenicillins","R - resistant isolates","N","2003","HR","Croatia",15.000000000,""
"Antimicrobial resistance","Enterococcus faecium|Aminopenicillins","R - resistant isolates","N","2003","HU","Hungary",39.000000000,""
"Antimicrobial resistance","Enterococcus faecium|Aminopenicillins","R - resistant isolates","N","2003","IE","Ireland",120.000000000,""
"Antimicrobial resistance","Enterococcus faecium|Aminopenicillins","R - resistant isolates","N","2003","IS","Iceland",4.000000000,""
"Antimicrobial resistance","Enterococcus faecium|Aminopenicillins","R - resistant isolates","N","2003","IT","Italy",123.000000000,""
"Antimicrobial resistance","Enterococcus faecium|Aminopenicillins","R - resistant isolates","N","2003","LU","Luxembourg",3.000000000,""
"Antimicrobial resistance","Enterococcus faecium|Aminopenicillins","R - resistant isolates","N","2003","MT","Malta",2.000000000,""
"Antimicrobial resistance","Enterococcus faecium|Aminopenicillins","R - resistant isolates","N","2003","NL","Netherlands",58.000000000,""
"Antimicrobial resistance","Enterococcus faecium|Aminopenicillins","R - resistant isolates","N","2003","NO","Norway",13.000000000,""
"Antimicrobial resistance","Enterococcus faecium|Aminopenicillins","R - resistant isolates","N","2003","PL","Poland",20.000000000,""
"Antimicrobial resistance","Enterococcus faecium|Aminopenicillins","R - resistant isolates","N","2003","PT","Portugal",90.000000000,""
"Antimicrobial resistance","Enterococcus faecium|Aminopenicillins","R - resistant isolates","N","2003","RO","Romania",5.000000000,""
"Antimicrobial resistance","Enterococcus faecium|Aminopenicillins","R - resistant isolates","N","2003","SE","Sweden",182.000000000,""
"Antimicrobial resistance","Enterococcus faecium|Aminopenicillins","R - resistant isolates","N","2003","SI","Slovenia",19.000000000,""
"Antimicrobial resistance","Enterococcus faecium|Aminopenicillins","R - resistant isolates","N","2003","SK","Slovakia",11.000000000,""
"Antimicrobial resistance","Enterococcus faecium|Aminopenicillins","R - resistant isolates","N","2004","AT","Austria",140.000000000,""
"Antimicrobial resistance","Enterococcus faecium|Aminopenicillins","R - resistant isolates","N","2004","BE","Belgium",26.000000000,""
"Antimicrobial resistance","Enterococcus faecium|Aminopenicillins","R - resistant isolates","N","2004","BG","Bulgaria",13.000000000,""
"Antimicrobial resistance","Enterococcus faecium|Aminopenicillins","R - resistant isolates","N","2004","CY","Cyprus",3.000000000,""
"Antimicrobial resistance","Enterococcus faecium|Aminopenicillins","R - resistant isolates","N","2004","CZ","Czechia",86.000000000,""
"Antimicrobial resistance","Enterococcus faecium|Aminopenicillins","R - resistant isolates","N","2004","DE","Germany",145.000000000,""
"Antimicrobial resistance","Enterococcus faecium|Aminopenicillins","R - resistant isolates","N","2004","EE","Estonia",15.000000000,""
"Antimicrobial resistance","Enterococcus faecium|Aminopenicillins","R - resistant isolates","N","2004","EL","Greece",113.000000000,""
"Antimicrobial resistance","Enterococcus faecium|Aminopenicillins","R - resistant isolates","N","2004","ES","Spain",85.000000000,""
"Antimicrobial resistance","Enterococcus faecium|Aminopenicillins","R - resistant isolates","N","2004","FI","Finland",81.000000000,""
"Antimicrobial resistance","Enterococcus faecium|Aminopenicillins","R - resistant isolates","N","2004","FR","France",70.000000000,""
"Antimicrobial resistance","Enterococcus faecium|Aminopenicillins","R - resistant isolates","N","2004","HR","Croatia",20.000000000,""
"Antimicrobial resistance","Enterococcus faecium|Aminopenicillins","R - resistant isolates","N","2004","HU","Hungary",56.000000000,""
"Antimicrobial resistance","Enterococcus faecium|Aminopenicillins","R - resistant isolates","N","2004","IE","Ireland",172.000000000,""
"Antimicrobial resistance","Enterococcus faecium|Aminopenicillins","R - resistant isolates","N","2004","IS","Iceland",5.000000000,""
"Antimicrobial resistance","Enterococcus faecium|Aminopenicillins","R - resistant isolates","N","2004","IT","Italy",131.000000000,""
"Antimicrobial resistance","Enterococcus faecium|Aminopenicillins","R - resistant isolates","N","2004","LU","Luxembourg",2.000000000,""
"Antimicrobial resistance","Enterococcus faecium|Aminopenicillins","R - resistant isolates","N","2004","MT","Malta",3.000000000,""
"Antimicrobial resistance","Enterococcus faecium|Aminopenicillins","R - resistant isolates","N","2004","NL","Netherlands",76.000000000,""
"Antimicrobial resistance","Enterococcus faecium|Aminopenicillins","R - resistant isolates","N","2004","NO","Norway",26.000000000,""
"Antimicrobial resistance","Enterococcus faecium|Aminopenicillins","R - resistant isolates","N","2004","PL","Poland",6.000000000,""
"Antimicrobial resistance","Enterococcus faecium|Aminopenicillins","R - resistant isolates","N","2004","PT","Portugal",86.000000000,""
"Antimicrobial resistance","Enterococcus faecium|Aminopenicillins","R - resistant isolates","N","2004","RO","Romania",2.000000000,""
"Antimicrobial resistance","Enterococcus faecium|Aminopenicillins","R - resistant isolates","N","2004","SE","Sweden",202.000000000,""
"Antimicrobial resistance","Enterococcus faecium|Aminopenicillins","R - resistant isolates","N","2004","SI","Slovenia",26.000000000,""
"Antimicrobial resistance","Enterococcus faecium|Aminopenicillins","R - resistant isolates","N","2004","SK","Slovakia",10.000000000,""
"Antimicrobial resistance","Enterococcus faecium|Aminopenicillins","R - resistant isolates","N","2005","AT","Austria",147.000000000,""
"Antimicrobial resistance","Enterococcus faecium|Aminopenicillins","R - resistant isolates","N","2005","BE","Belgium",25.000000000,""
"Antimicrobial resistance","Enterococcus faecium|Aminopenicillins","R - resistant isolates","N","2005","BG","Bulgaria",25.000000000,""
"Antimicrobial resistance","Enterococcus faecium|Aminopenicillins","R - resistant isolates","N","2005","CY","Cyprus",4.000000000,""
"Antimicrobial resistance","Enterococcus faecium|Aminopenicillins","R - resistant isolates","N","2005","CZ","Czechia",194.000000000,""
"Antimicrobial resistance","Enterococcus faecium|Aminopenicillins","R - resistant isolates","N","2005","DE","Germany",206.000000000,""
"Antimicrobial resistance","Enterococcus faecium|Aminopenicillins","R - resistant isolates","N","2005","EE","Estonia",19.000000000,""
"Antimicrobial resistance","Enterococcus faecium|Aminopenicillins","R - resistant isolates","N","2005","EL","Greece",182.000000000,""
"Antimicrobial resistance","Enterococcus faecium|Aminopenicillins","R - resistant isolates","N","2005","ES","Spain",95.000000000,""
"Antimicrobial resistance","Enterococcus faecium|Aminopenicillins","R - resistant isolates","N","2005","FI","Finland",84.000000000,""
"Antimicrobial resistance","Enterococcus faecium|Aminopenicillins","R - resistant isolates","N","2005","FR","France",114.000000000,""
"Antimicrobial resistance","Enterococcus faecium|Aminopenicillins","R - resistant isolates","N","2005","HR","Croatia",28.000000000,""
"Antimicrobial resistance","Enterococcus faecium|Aminopenicillins","R - resistant isolates","N","2005","HU","Hungary",70.000000000,""
"Antimicrobial resistance","Enterococcus faecium|Aminopenicillins","R - resistant isolates","N","2005","IE","Ireland",201.000000000,""
"Antimicrobial resistance","Enterococcus faecium|Aminopenicillins","R - resistant isolates","N","2005","IS","Iceland",8.000000000,""
"Antimicrobial resistance","Enterococcus faecium|Aminopenicillins","R - resistant isolates","N","2005","IT","Italy",148.000000000,""
"Antimicrobial resistance","Enterococcus faecium|Aminopenicillins","R - resistant isolates","N","2005","LU","Luxembourg",5.000000000,""
"Antimicrobial resistance","Enterococcus faecium|Aminopenicillins","R - resistant isolates","N","2005","MT","Malta",1.000000000,""
"Antimicrobial resistance","Enterococcus faecium|Aminopenicillins","R - resistant isolates","N","2005","NL","Netherlands",106.000000000,""
"Antimicrobial resistance","Enterococcus faecium|Aminopenicillins","R - resistant isolates","N","2005","NO","Norway",41.000000000,""
"Antimicrobial resistance","Enterococcus faecium|Aminopenicillins","R - resistant isolates","N","2005","PL","Poland",20.000000000,""
"Antimicrobial resistance","Enterococcus faecium|Aminopenicillins","R - resistant isolates","N","2005","PT","Portugal",86.000000000,""
"Antimicrobial resistance","Enterococcus faecium|Aminopenicillins","R - resistant isolates","N","2005","RO","Romania",7.000000000,""
"Antimicrobial resistance","Enterococcus faecium|Aminopenicillins","R - resistant isolates","N","2005","SE","Sweden",182.000000000,""
"Antimicrobial resistance","Enterococcus faecium|Aminopenicillins","R - resistant isolates","N","2005","SI","Slovenia",28.000000000,""
"Antimicrobial resistance","Enterococcus faecium|Aminopenicillins","R - resistant isolates","N","2005","SK","Slovakia",3.000000000,""
"Antimicrobial resistance","Enterococcus faecium|Aminopenicillins","R - resistant isolates","N","2005","UK","United Kingdom",178.000000000,""
"Antimicrobial resistance","Enterococcus faecium|Aminopenicillins","R - resistant isolates","N","2006","AT","Austria",215.000000000,""
"Antimicrobial resistance","Enterococcus faecium|Aminopenicillins","R - resistant isolates","N","2006","BE","Belgium",33.000000000,""
"Antimicrobial resistance","Enterococcus faecium|Aminopenicillins","R - resistant isolates","N","2006","BG","Bulgaria",28.000000000,""
"Antimicrobial resistance","Enterococcus faecium|Aminopenicillins","R - resistant isolates","N","2006","CY","Cyprus",3.000000000,""
"Antimicrobial resistance","Enterococcus faecium|Aminopenicillins","R - resistant isolates","N","2006","CZ","Czechia",164.000000000,""
"Antimicrobial resistance","Enterococcus faecium|Aminopenicillins","R - resistant isolates","N","2006","DE","Germany",219.000000000,""
"Antimicrobial resistance","Enterococcus faecium|Aminopenicillins","R - resistant isolates","N","2006","DK","Denmark",246.000000000,""
"Antimicrobial resistance","Enterococcus faecium|Aminopenicillins","R - resistant isolates","N","2006","EE","Estonia",26.000000000,""
"Antimicrobial resistance","Enterococcus faecium|Aminopenicillins","R - resistant isolates","N","2006","EL","Greece",254.000000000,""
"Antimicrobial resistance","Enterococcus faecium|Aminopenicillins","R - resistant isolates","N","2006","ES","Spain",128.000000000,""
"Antimicrobial resistance","Enterococcus faecium|Aminopenicillins","R - resistant isolates","N","2006","FI","Finland",97.000000000,""
"Antimicrobial resistance","Enterococcus faecium|Aminopenicillins","R - resistant isolates","N","2006","FR","France",126.000000000,""
"Antimicrobial resistance","Enterococcus faecium|Aminopenicillins","R - resistant isolates","N","2006","HR","Croatia",24.000000000,""
"Antimicrobial resistance","Enterococcus faecium|Aminopenicillins","R - resistant isolates","N","2006","HU","Hungary",37.000000000,""
"Antimicrobial resistance","Enterococcus faecium|Aminopenicillins","R - resistant isolates","N","2006","IE","Ireland",240.000000000,""
"Antimicrobial resistance","Enterococcus faecium|Aminopenicillins","R - resistant isolates","N","2006","IS","Iceland",5.000000000,""
"Antimicrobial resistance","Enterococcus faecium|Aminopenicillins","R - resistant isolates","N","2006","IT","Italy",143.000000000,""
"Antimicrobial resistance","Enterococcus faecium|Aminopenicillins","R - resistant isolates","N","2006","LT","Lithuania",6.000000000,""
"Antimicrobial resistance","Enterococcus faecium|Aminopenicillins","R - resistant isolates","N","2006","LU","Luxembourg",9.000000000,""
"Antimicrobial resistance","Enterococcus faecium|Aminopenicillins","R - resistant isolates","N","2006","LV","Latvia",15.000000000,""
"Antimicrobial resistance","Enterococcus faecium|Aminopenicillins","R - resistant isolates","N","2006","MT","Malta",1.000000000,""
"Antimicrobial resistance","Enterococcus faecium|Aminopenicillins","R - resistant isolates","N","2006","NL","Netherlands",222.000000000,""
"Antimicrobial resistance","Enterococcus faecium|Aminopenicillins","R - resistant isolates","N","2006","NO","Norway",53.000000000,""
"Antimicrobial resistance","Enterococcus faecium|Aminopenicillins","R - resistant isolates","N","2006","PL","Poland",19.000000000,""
"Antimicrobial resistance","Enterococcus faecium|Aminopenicillins","R - resistant isolates","N","2006","PT","Portugal",101.000000000,""
"Antimicrobial resistance","Enterococcus faecium|Aminopenicillins","R - resistant isolates","N","2006","RO","Romania",5.000000000,""
"Antimicrobial resistance","Enterococcus faecium|Aminopenicillins","R - resistant isolates","N","2006","SE","Sweden",203.000000000,""
"Antimicrobial resistance","Enterococcus faecium|Aminopenicillins","R - resistant isolates","N","2006","SI","Slovenia",43.000000000,""
"Antimicrobial resistance","Enterococcus faecium|Aminopenicillins","R - resistant isolates","N","2006","UK","United Kingdom",128.000000000,""
"Antimicrobial resistance","Enterococcus faecium|Aminopenicillins","R - resistant isolates","N","2007","AT","Austria",223.000000000,""
"Antimicrobial resistance","Enterococcus faecium|Aminopenicillins","R - resistant isolates","N","2007","BE","Belgium",30.000000000,""
"Antimicrobial resistance","Enterococcus faecium|Aminopenicillins","R - resistant isolates","N","2007","BG","Bulgaria",12.000000000,""
"Antimicrobial resistance","Enterococcus faecium|Aminopenicillins","R - resistant isolates","N","2007","CY","Cyprus",11.000000000,""
"Antimicrobial resistance","Enterococcus faecium|Aminopenicillins","R - resistant isolates","N","2007","CZ","Czechia",209.000000000,""
"Antimicrobial resistance","Enterococcus faecium|Aminopenicillins","R - resistant isolates","N","2007","DE","Germany",259.000000000,""
"Antimicrobial resistance","Enterococcus faecium|Aminopenicillins","R - resistant isolates","N","2007","DK","Denmark",311.000000000,""
"Antimicrobial resistance","Enterococcus faecium|Aminopenicillins","R - resistant isolates","N","2007","EE","Estonia",29.000000000,""
"Antimicrobial resistance","Enterococcus faecium|Aminopenicillins","R - resistant isolates","N","2007","EL","Greece",318.000000000,""
"Antimicrobial resistance","Enterococcus faecium|Aminopenicillins","R - resistant isolates","N","2007","ES","Spain",172.000000000,""
"Antimicrobial resistance","Enterococcus faecium|Aminopenicillins","R - resistant isolates","N","2007","FI","Finland",144.000000000,""
"Antimicrobial resistance","Enterococcus faecium|Aminopenicillins","R - resistant isolates","N","2007","FR","France",188.000000000,""
"Antimicrobial resistance","Enterococcus faecium|Aminopenicillins","R - resistant isolates","N","2007","HR","Croatia",40.000000000,""
"Antimicrobial resistance","Enterococcus faecium|Aminopenicillins","R - resistant isolates","N","2007","HU","Hungary",51.000000000,""
"Antimicrobial resistance","Enterococcus faecium|Aminopenicillins","R - resistant isolates","N","2007","IE","Ireland",289.000000000,""
"Antimicrobial resistance","Enterococcus faecium|Aminopenicillins","R - resistant isolates","N","2007","IS","Iceland",8.000000000,""
"Antimicrobial resistance","Enterococcus faecium|Aminopenicillins","R - resistant isolates","N","2007","IT","Italy",177.000000000,""
"Antimicrobial resistance","Enterococcus faecium|Aminopenicillins","R - resistant isolates","N","2007","LT","Lithuania",18.000000000,""
"Antimicrobial resistance","Enterococcus faecium|Aminopenicillins","R - resistant isolates","N","2007","LU","Luxembourg",8.000000000,""
"Antimicrobial resistance","Enterococcus faecium|Aminopenicillins","R - resistant isolates","N","2007","LV","Latvia",23.000000000,""
"Antimicrobial resistance","Enterococcus faecium|Aminopenicillins","R - resistant isolates","N","2007","MT","Malta",2.000000000,""
"Antimicrobial resistance","Enterococcus faecium|Aminopenicillins","R - resistant isolates","N","2007","NL","Netherlands",320.000000000,""
"Antimicrobial resistance","Enterococcus faecium|Aminopenicillins","R - resistant isolates","N","2007","NO","Norway",79.000000000,""
"Antimicrobial resistance","Enterococcus faecium|Aminopenicillins","R - resistant isolates","N","2007","PL","Poland",22.000000000,""
"Antimicrobial resistance","Enterococcus faecium|Aminopenicillins","R - resistant isolates","N","2007","PT","Portugal",143.000000000,""
"Antimicrobial resistance","Enterococcus faecium|Aminopenicillins","R - resistant isolates","N","2007","RO","Romania",6.000000000,""
"Antimicrobial resistance","Enterococcus faecium|Aminopenicillins","R - resistant isolates","N","2007","SE","Sweden",204.000000000,""
"Antimicrobial resistance","Enterococcus faecium|Aminopenicillins","R - resistant isolates","N","2007","SI","Slovenia",60.000000000,""
"Antimicrobial resistance","Enterococcus faecium|Aminopenicillins","R - resistant isolates","N","2007","UK","United Kingdom",110.000000000,""
"Antimicrobial resistance","Enterococcus faecium|Aminopenicillins","R - resistant isolates","N","2008","AT","Austria",305.000000000,""
"Antimicrobial resistance","Enterococcus faecium|Aminopenicillins","R - resistant isolates","N","2008","BE","Belgium",44.000000000,""
"Antimicrobial resistance","Enterococcus faecium|Aminopenicillins","R - resistant isolates","N","2008","BG","Bulgaria",27.000000000,""
"Antimicrobial resistance","Enterococcus faecium|Aminopenicillins","R - resistant isolates","N","2008","CY","Cyprus",6.000000000,""
"Antimicrobial resistance","Enterococcus faecium|Aminopenicillins","R - resistant isolates","N","2008","CZ","Czechia",220.000000000,""
"Antimicrobial resistance","Enterococcus faecium|Aminopenicillins","R - resistant isolates","N","2008","DE","Germany",126.000000000,""
"Antimicrobial resistance","Enterococcus faecium|Aminopenicillins","R - resistant isolates","N","2008","DK","Denmark",354.000000000,""
"Antimicrobial resistance","Enterococcus faecium|Aminopenicillins","R - resistant isolates","N","2008","EE","Estonia",33.000000000,""
"Antimicrobial resistance","Enterococcus faecium|Aminopenicillins","R - resistant isolates","N","2008","EL","Greece",295.000000000,""
"Antimicrobial resistance","Enterococcus faecium|Aminopenicillins","R - resistant isolates","N","2008","ES","Spain",228.000000000,""
"Antimicrobial resistance","Enterococcus faecium|Aminopenicillins","R - resistant isolates","N","2008","FI","Finland",139.000000000,""
"Antimicrobial resistance","Enterococcus faecium|Aminopenicillins","R - resistant isolates","N","2008","FR","France",229.000000000,""
"Antimicrobial resistance","Enterococcus faecium|Aminopenicillins","R - resistant isolates","N","2008","HR","Croatia",57.000000000,""
"Antimicrobial resistance","Enterococcus faecium|Aminopenicillins","R - resistant isolates","N","2008","HU","Hungary",65.000000000,""
"Antimicrobial resistance","Enterococcus faecium|Aminopenicillins","R - resistant isolates","N","2008","IE","Ireland",370.000000000,""
"Antimicrobial resistance","Enterococcus faecium|Aminopenicillins","R - resistant isolates","N","2008","IS","Iceland",3.000000000,""
"Antimicrobial resistance","Enterococcus faecium|Aminopenicillins","R - resistant isolates","N","2008","IT","Italy",135.000000000,""
"Antimicrobial resistance","Enterococcus faecium|Aminopenicillins","R - resistant isolates","N","2008","LT","Lithuania",21.000000000,""
"Antimicrobial resistance","Enterococcus faecium|Aminopenicillins","R - resistant isolates","N","2008","LU","Luxembourg",13.000000000,""
"Antimicrobial resistance","Enterococcus faecium|Aminopenicillins","R - resistant isolates","N","2008","LV","Latvia",27.000000000,""
"Antimicrobial resistance","Enterococcus faecium|Aminopenicillins","R - resistant isolates","N","2008","MT","Malta",3.000000000,""
"Antimicrobial resistance","Enterococcus faecium|Aminopenicillins","R - resistant isolates","N","2008","NL","Netherlands",222.000000000,""
"Antimicrobial resistance","Enterococcus faecium|Aminopenicillins","R - resistant isolates","N","2008","NO","Norway",85.000000000,""
"Antimicrobial resistance","Enterococcus faecium|Aminopenicillins","R - resistant isolates","N","2008","PL","Poland",7.000000000,""
"Antimicrobial resistance","Enterococcus faecium|Aminopenicillins","R - resistant isolates","N","2008","PT","Portugal",142.000000000,""
"Antimicrobial resistance","Enterococcus faecium|Aminopenicillins","R - resistant isolates","N","2008","RO","Romania",2.000000000,""
"Antimicrobial resistance","Enterococcus faecium|Aminopenicillins","R - resistant isolates","N","2008","SE","Sweden",229.000000000,""
"Antimicrobial resistance","Enterococcus faecium|Aminopenicillins","R - resistant isolates","N","2008","SI","Slovenia",73.000000000,""
"Antimicrobial resistance","Enterococcus faecium|Aminopenicillins","R - resistant isolates","N","2008","UK","United Kingdom",68.000000000,""
"Antimicrobial resistance","Enterococcus faecium|Aminopenicillins","R - resistant isolates","N","2009","AT","Austria",270.000000000,""
"Antimicrobial resistance","Enterococcus faecium|Aminopenicillins","R - resistant isolates","N","2009","BE","Belgium",60.000000000,""
"Antimicrobial resistance","Enterococcus faecium|Aminopenicillins","R - resistant isolates","N","2009","BG","Bulgaria",27.000000000,""
"Antimicrobial resistance","Enterococcus faecium|Aminopenicillins","R - resistant isolates","N","2009","CY","Cyprus",12.000000000,""
"Antimicrobial resistance","Enterococcus faecium|Aminopenicillins","R - resistant isolates","N","2009","CZ","Czechia",204.000000000,""
"Antimicrobial resistance","Enterococcus faecium|Aminopenicillins","R - resistant isolates","N","2009","DE","Germany",314.000000000,""
"Antimicrobial resistance","Enterococcus faecium|Aminopenicillins","R - resistant isolates","N","2009","DK","Denmark",352.000000000,""
"Antimicrobial resistance","Enterococcus faecium|Aminopenicillins","R - resistant isolates","N","2009","EE","Estonia",36.000000000,""
"Antimicrobial resistance","Enterococcus faecium|Aminopenicillins","R - resistant isolates","N","2009","EL","Greece",341.000000000,""
"Antimicrobial resistance","Enterococcus faecium|Aminopenicillins","R - resistant isolates","N","2009","ES","Spain",285.000000000,""
"Antimicrobial resistance","Enterococcus faecium|Aminopenicillins","R - resistant isolates","N","2009","FI","Finland",211.000000000,""
"Antimicrobial resistance","Enterococcus faecium|Aminopenicillins","R - resistant isolates","N","2009","FR","France",359.000000000,""
"Antimicrobial resistance","Enterococcus faecium|Aminopenicillins","R - resistant isolates","N","2009","HU","Hungary",74.000000000,""
"Antimicrobial resistance","Enterococcus faecium|Aminopenicillins","R - resistant isolates","N","2009","IE","Ireland",353.000000000,""
"Antimicrobial resistance","Enterococcus faecium|Aminopenicillins","R - resistant isolates","N","2009","IS","Iceland",17.000000000,""
"Antimicrobial resistance","Enterococcus faecium|Aminopenicillins","R - resistant isolates","N","2009","IT","Italy",109.000000000,""
"Antimicrobial resistance","Enterococcus faecium|Aminopenicillins","R - resistant isolates","N","2009","LT","Lithuania",18.000000000,""
"Antimicrobial resistance","Enterococcus faecium|Aminopenicillins","R - resistant isolates","N","2009","LU","Luxembourg",13.000000000,""
"Antimicrobial resistance","Enterococcus faecium|Aminopenicillins","R - resistant isolates","N","2009","LV","Latvia",18.000000000,""
"Antimicrobial resistance","Enterococcus faecium|Aminopenicillins","R - resistant isolates","N","2009","MT","Malta",2.000000000,""
"Antimicrobial resistance","Enterococcus faecium|Aminopenicillins","R - resistant isolates","N","2009","NL","Netherlands",181.000000000,""
"Antimicrobial resistance","Enterococcus faecium|Aminopenicillins","R - resistant isolates","N","2009","NO","Norway",79.000000000,""
"Antimicrobial resistance","Enterococcus faecium|Aminopenicillins","R - resistant isolates","N","2009","PL","Poland",78.000000000,""
"Antimicrobial resistance","Enterococcus faecium|Aminopenicillins","R - resistant isolates","N","2009","PT","Portugal",193.000000000,""
"Antimicrobial resistance","Enterococcus faecium|Aminopenicillins","R - resistant isolates","N","2009","RO","Romania",8.000000000,""
"Antimicrobial resistance","Enterococcus faecium|Aminopenicillins","R - resistant isolates","N","2009","SI","Slovenia",67.000000000,""
"Antimicrobial resistance","Enterococcus faecium|Aminopenicillins","R - resistant isolates","N","2009","UK","United Kingdom",231.000000000,""
"Antimicrobial resistance","Enterococcus faecium|Aminopenicillins","R - resistant isolates","N","2010","AT","Austria",327.000000000,""
"Antimicrobial resistance","Enterococcus faecium|Aminopenicillins","R - resistant isolates","N","2010","BE","Belgium",72.000000000,""
"Antimicrobial resistance","Enterococcus faecium|Aminopenicillins","R - resistant isolates","N","2010","BG","Bulgaria",23.000000000,""
"Antimicrobial resistance","Enterococcus faecium|Aminopenicillins","R - resistant isolates","N","2010","CY","Cyprus",18.000000000,""
"Antimicrobial resistance","Enterococcus faecium|Aminopenicillins","R - resistant isolates","N","2010","CZ","Czechia",183.000000000,""
"Antimicrobial resistance","Enterococcus faecium|Aminopenicillins","R - resistant isolates","N","2010","DE","Germany",415.000000000,""
"Antimicrobial resistance","Enterococcus faecium|Aminopenicillins","R - resistant isolates","N","2010","DK","Denmark",420.000000000,""
"Antimicrobial resistance","Enterococcus faecium|Aminopenicillins","R - resistant isolates","N","2010","EE","Estonia",18.000000000,""
"Antimicrobial resistance","Enterococcus faecium|Aminopenicillins","R - resistant isolates","N","2010","EL","Greece",398.000000000,""
"Antimicrobial resistance","Enterococcus faecium|Aminopenicillins","R - resistant isolates","N","2010","ES","Spain",392.000000000,""
"Antimicrobial resistance","Enterococcus faecium|Aminopenicillins","R - resistant isolates","N","2010","FI","Finland",189.000000000,""
"Antimicrobial resistance","Enterococcus faecium|Aminopenicillins","R - resistant isolates","N","2010","FR","France",410.000000000,""
"Antimicrobial resistance","Enterococcus faecium|Aminopenicillins","R - resistant isolates","N","2010","HR","Croatia",37.000000000,""
"Antimicrobial resistance","Enterococcus faecium|Aminopenicillins","R - resistant isolates","N","2010","HU","Hungary",91.000000000,""
"Antimicrobial resistance","Enterococcus faecium|Aminopenicillins","R - resistant isolates","N","2010","IE","Ireland",363.000000000,""
"Antimicrobial resistance","Enterococcus faecium|Aminopenicillins","R - resistant isolates","N","2010","IS","Iceland",6.000000000,""
"Antimicrobial resistance","Enterococcus faecium|Aminopenicillins","R - resistant isolates","N","2010","IT","Italy",259.000000000,""
"Antimicrobial resistance","Enterococcus faecium|Aminopenicillins","R - resistant isolates","N","2010","LT","Lithuania",22.000000000,""
"Antimicrobial resistance","Enterococcus faecium|Aminopenicillins","R - resistant isolates","N","2010","LU","Luxembourg",17.000000000,""
"Antimicrobial resistance","Enterococcus faecium|Aminopenicillins","R - resistant isolates","N","2010","LV","Latvia",23.000000000,""
"Antimicrobial resistance","Enterococcus faecium|Aminopenicillins","R - resistant isolates","N","2010","MT","Malta",8.000000000,""
"Antimicrobial resistance","Enterococcus faecium|Aminopenicillins","R - resistant isolates","N","2010","NL","Netherlands",516.000000000,""
"Antimicrobial resistance","Enterococcus faecium|Aminopenicillins","R - resistant isolates","N","2010","NO","Norway",115.000000000,""
"Antimicrobial resistance","Enterococcus faecium|Aminopenicillins","R - resistant isolates","N","2010","PL","Poland",81.000000000,""
"Antimicrobial resistance","Enterococcus faecium|Aminopenicillins","R - resistant isolates","N","2010","PT","Portugal",161.000000000,""
"Antimicrobial resistance","Enterococcus faecium|Aminopenicillins","R - resistant isolates","N","2010","RO","Romania",8.000000000,""
"Antimicrobial resistance","Enterococcus faecium|Aminopenicillins","R - resistant isolates","N","2010","SE","Sweden",243.000000000,""
"Antimicrobial resistance","Enterococcus faecium|Aminopenicillins","R - resistant isolates","N","2010","SI","Slovenia",56.000000000,""
"Antimicrobial resistance","Enterococcus faecium|Aminopenicillins","R - resistant isolates","N","2010","UK","United Kingdom",200.000000000,""
"Antimicrobial resistance","Enterococcus faecium|Aminopenicillins","R - resistant isolates","N","2011","AT","Austria",312.000000000,""
"Antimicrobial resistance","Enterococcus faecium|Aminopenicillins","R - resistant isolates","N","2011","BE","Belgium",170.000000000,""
"Antimicrobial resistance","Enterococcus faecium|Aminopenicillins","R - resistant isolates","N","2011","BG","Bulgaria",32.000000000,""
"Antimicrobial resistance","Enterococcus faecium|Aminopenicillins","R - resistant isolates","N","2011","CY","Cyprus",14.000000000,""
"Antimicrobial resistance","Enterococcus faecium|Aminopenicillins","R - resistant isolates","N","2011","CZ","Czechia",205.000000000,""
"Antimicrobial resistance","Enterococcus faecium|Aminopenicillins","R - resistant isolates","N","2011","DE","Germany",514.000000000,""
"Antimicrobial resistance","Enterococcus faecium|Aminopenicillins","R - resistant isolates","N","2011","DK","Denmark",487.000000000,""
"Antimicrobial resistance","Enterococcus faecium|Aminopenicillins","R - resistant isolates","N","2011","EL","Greece",387.000000000,""
"Antimicrobial resistance","Enterococcus faecium|Aminopenicillins","R - resistant isolates","N","2011","ES","Spain",450.000000000,""
"Antimicrobial resistance","Enterococcus faecium|Aminopenicillins","R - resistant isolates","N","2011","FI","Finland",167.000000000,""
"Antimicrobial resistance","Enterococcus faecium|Aminopenicillins","R - resistant isolates","N","2011","FR","France",489.000000000,""
"Antimicrobial resistance","Enterococcus faecium|Aminopenicillins","R - resistant isolates","N","2011","HR","Croatia",57.000000000,""
"Antimicrobial resistance","Enterococcus faecium|Aminopenicillins","R - resistant isolates","N","2011","HU","Hungary",102.000000000,""
"Antimicrobial resistance","Enterococcus faecium|Aminopenicillins","R - resistant isolates","N","2011","IE","Ireland",338.000000000,""
"Antimicrobial resistance","Enterococcus faecium|Aminopenicillins","R - resistant isolates","N","2011","IS","Iceland",9.000000000,""
"Antimicrobial resistance","Enterococcus faecium|Aminopenicillins","R - resistant isolates","N","2011","IT","Italy",213.000000000,""
"Antimicrobial resistance","Enterococcus faecium|Aminopenicillins","R - resistant isolates","N","2011","LT","Lithuania",25.000000000,""
"Antimicrobial resistance","Enterococcus faecium|Aminopenicillins","R - resistant isolates","N","2011","LU","Luxembourg",17.000000000,""
"Antimicrobial resistance","Enterococcus faecium|Aminopenicillins","R - resistant isolates","N","2011","LV","Latvia",23.000000000,""
"Antimicrobial resistance","Enterococcus faecium|Aminopenicillins","R - resistant isolates","N","2011","MT","Malta",9.000000000,""
"Antimicrobial resistance","Enterococcus faecium|Aminopenicillins","R - resistant isolates","N","2011","NL","Netherlands",563.000000000,""
"Antimicrobial resistance","Enterococcus faecium|Aminopenicillins","R - resistant isolates","N","2011","NO","Norway",123.000000000,""
"Antimicrobial resistance","Enterococcus faecium|Aminopenicillins","R - resistant isolates","N","2011","PL","Poland",156.000000000,""
"Antimicrobial resistance","Enterococcus faecium|Aminopenicillins","R - resistant isolates","N","2011","PT","Portugal",162.000000000,""
"Antimicrobial resistance","Enterococcus faecium|Aminopenicillins","R - resistant isolates","N","2011","RO","Romania",9.000000000,""
"Antimicrobial resistance","Enterococcus faecium|Aminopenicillins","R - resistant isolates","N","2011","SE","Sweden",291.000000000,""
"Antimicrobial resistance","Enterococcus faecium|Aminopenicillins","R - resistant isolates","N","2011","SI","Slovenia",75.000000000,""
"Antimicrobial resistance","Enterococcus faecium|Aminopenicillins","R - resistant isolates","N","2011","SK","Slovakia",98.000000000,""
"Antimicrobial resistance","Enterococcus faecium|Aminopenicillins","R - resistant isolates","N","2011","UK","United Kingdom",265.000000000,""
"Antimicrobial resistance","Enterococcus faecium|Aminopenicillins","R - resistant isolates","N","2012","AT","Austria",318.000000000,""
"Antimicrobial resistance","Enterococcus faecium|Aminopenicillins","R - resistant isolates","N","2012","BE","Belgium",153.000000000,""
"Antimicrobial resistance","Enterococcus faecium|Aminopenicillins","R - resistant isolates","N","2012","BG","Bulgaria",38.000000000,""
"Antimicrobial resistance","Enterococcus faecium|Aminopenicillins","R - resistant isolates","N","2012","CY","Cyprus",22.000000000,""
"Antimicrobial resistance","Enterococcus faecium|Aminopenicillins","R - resistant isolates","N","2012","CZ","Czechia",256.000000000,""
"Antimicrobial resistance","Enterococcus faecium|Aminopenicillins","R - resistant isolates","N","2012","DE","Germany",600.000000000,""
"Antimicrobial resistance","Enterococcus faecium|Aminopenicillins","R - resistant isolates","N","2012","DK","Denmark",598.000000000,""
"Antimicrobial resistance","Enterococcus faecium|Aminopenicillins","R - resistant isolates","N","2012","EE","Estonia",33.000000000,""
"Antimicrobial resistance","Enterococcus faecium|Aminopenicillins","R - resistant isolates","N","2012","EL","Greece",389.000000000,""
"Antimicrobial resistance","Enterococcus faecium|Aminopenicillins","R - resistant isolates","N","2012","ES","Spain",464.000000000,""
"Antimicrobial resistance","Enterococcus faecium|Aminopenicillins","R - resistant isolates","N","2012","FI","Finland",175.000000000,""
"Antimicrobial resistance","Enterococcus faecium|Aminopenicillins","R - resistant isolates","N","2012","FR","France",491.000000000,""
"Antimicrobial resistance","Enterococcus faecium|Aminopenicillins","R - resistant isolates","N","2012","HR","Croatia",59.000000000,""
"Antimicrobial resistance","Enterococcus faecium|Aminopenicillins","R - resistant isolates","N","2012","HU","Hungary",131.000000000,""
"Antimicrobial resistance","Enterococcus faecium|Aminopenicillins","R - resistant isolates","N","2012","IE","Ireland",352.000000000,""
"Antimicrobial resistance","Enterococcus faecium|Aminopenicillins","R - resistant isolates","N","2012","IS","Iceland",8.000000000,""
"Antimicrobial resistance","Enterococcus faecium|Aminopenicillins","R - resistant isolates","N","2012","IT","Italy",352.000000000,""
"Antimicrobial resistance","Enterococcus faecium|Aminopenicillins","R - resistant isolates","N","2012","LT","Lithuania",32.000000000,""
"Antimicrobial resistance","Enterococcus faecium|Aminopenicillins","R - resistant isolates","N","2012","LU","Luxembourg",16.000000000,""
"Antimicrobial resistance","Enterococcus faecium|Aminopenicillins","R - resistant isolates","N","2012","LV","Latvia",16.000000000,""
"Antimicrobial resistance","Enterococcus faecium|Aminopenicillins","R - resistant isolates","N","2012","MT","Malta",4.000000000,""
"Antimicrobial resistance","Enterococcus faecium|Aminopenicillins","R - resistant isolates","N","2012","NL","Netherlands",634.000000000,""
"Antimicrobial resistance","Enterococcus faecium|Aminopenicillins","R - resistant isolates","N","2012","NO","Norway",140.000000000,""
"Antimicrobial resistance","Enterococcus faecium|Aminopenicillins","R - resistant isolates","N","2012","PL","Poland",114.000000000,""
"Antimicrobial resistance","Enterococcus faecium|Aminopenicillins","R - resistant isolates","N","2012","PT","Portugal",236.000000000,""
"Antimicrobial resistance","Enterococcus faecium|Aminopenicillins","R - resistant isolates","N","2012","RO","Romania",32.000000000,""
"Antimicrobial resistance","Enterococcus faecium|Aminopenicillins","R - resistant isolates","N","2012","SE","Sweden",298.000000000,""
"Antimicrobial resistance","Enterococcus faecium|Aminopenicillins","R - resistant isolates","N","2012","SI","Slovenia",88.000000000,""
"Antimicrobial resistance","Enterococcus faecium|Aminopenicillins","R - resistant isolates","N","2012","SK","Slovakia",78.000000000,""
"Antimicrobial resistance","Enterococcus faecium|Aminopenicillins","R - resistant isolates","N","2012","UK","United Kingdom",323.000000000,""
"Antimicrobial resistance","Enterococcus faecium|Aminopenicillins","R - resistant isolates","N","2013","AT","Austria",375.000000000,""
"Antimicrobial resistance","Enterococcus faecium|Aminopenicillins","R - resistant isolates","N","2013","BE","Belgium",254.000000000,""
"Antimicrobial resistance","Enterococcus faecium|Aminopenicillins","R - resistant isolates","N","2013","BG","Bulgaria",38.000000000,""
"Antimicrobial resistance","Enterococcus faecium|Aminopenicillins","R - resistant isolates","N","2013","CY","Cyprus",26.000000000,""
"Antimicrobial resistance","Enterococcus faecium|Aminopenicillins","R - resistant isolates","N","2013","CZ","Czechia",258.000000000,""
"Antimicrobial resistance","Enterococcus faecium|Aminopenicillins","R - resistant isolates","N","2013","DE","Germany",794.000000000,""
"Antimicrobial resistance","Enterococcus faecium|Aminopenicillins","R - resistant isolates","N","2013","DK","Denmark",600.000000000,""
"Antimicrobial resistance","Enterococcus faecium|Aminopenicillins","R - resistant isolates","N","2013","EE","Estonia",29.000000000,""
"Antimicrobial resistance","Enterococcus faecium|Aminopenicillins","R - resistant isolates","N","2013","EL","Greece",310.000000000,""
"Antimicrobial resistance","Enterococcus faecium|Aminopenicillins","R - resistant isolates","N","2013","ES","Spain",464.000000000,""
"Antimicrobial resistance","Enterococcus faecium|Aminopenicillins","R - resistant isolates","N","2013","FI","Finland",180.000000000,""
"Antimicrobial resistance","Enterococcus faecium|Aminopenicillins","R - resistant isolates","N","2013","FR","France",565.000000000,""
"Antimicrobial resistance","Enterococcus faecium|Aminopenicillins","R - resistant isolates","N","2013","HR","Croatia",66.000000000,""
"Antimicrobial resistance","Enterococcus faecium|Aminopenicillins","R - resistant isolates","N","2013","HU","Hungary",209.000000000,""
"Antimicrobial resistance","Enterococcus faecium|Aminopenicillins","R - resistant isolates","N","2013","IE","Ireland",365.000000000,""
"Antimicrobial resistance","Enterococcus faecium|Aminopenicillins","R - resistant isolates","N","2013","IS","Iceland",14.000000000,""
"Antimicrobial resistance","Enterococcus faecium|Aminopenicillins","R - resistant isolates","N","2013","IT","Italy",452.000000000,""
"Antimicrobial resistance","Enterococcus faecium|Aminopenicillins","R - resistant isolates","N","2013","LT","Lithuania",24.000000000,""
"Antimicrobial resistance","Enterococcus faecium|Aminopenicillins","R - resistant isolates","N","2013","LU","Luxembourg",19.000000000,""
"Antimicrobial resistance","Enterococcus faecium|Aminopenicillins","R - resistant isolates","N","2013","LV","Latvia",24.000000000,""
"Antimicrobial resistance","Enterococcus faecium|Aminopenicillins","R - resistant isolates","N","2013","MT","Malta",7.000000000,""
"Antimicrobial resistance","Enterococcus faecium|Aminopenicillins","R - resistant isolates","N","2013","NL","Netherlands",682.000000000,""
"Antimicrobial resistance","Enterococcus faecium|Aminopenicillins","R - resistant isolates","N","2013","NO","Norway",186.000000000,""
"Antimicrobial resistance","Enterococcus faecium|Aminopenicillins","R - resistant isolates","N","2013","PL","Poland",145.000000000,""
"Antimicrobial resistance","Enterococcus faecium|Aminopenicillins","R - resistant isolates","N","2013","PT","Portugal",254.000000000,""
"Antimicrobial resistance","Enterococcus faecium|Aminopenicillins","R - resistant isolates","N","2013","RO","Romania",49.000000000,""
"Antimicrobial resistance","Enterococcus faecium|Aminopenicillins","R - resistant isolates","N","2013","SE","Sweden",437.000000000,""
"Antimicrobial resistance","Enterococcus faecium|Aminopenicillins","R - resistant isolates","N","2013","SI","Slovenia",92.000000000,""
"Antimicrobial resistance","Enterococcus faecium|Aminopenicillins","R - resistant isolates","N","2013","SK","Slovakia",126.000000000,""
"Antimicrobial resistance","Enterococcus faecium|Aminopenicillins","R - resistant isolates","N","2013","UK","United Kingdom",396.000000000,""
"Antimicrobial resistance","Enterococcus faecium|Aminopenicillins","R - resistant isolates","N","2014","AT","Austria",415.000000000,""
"Antimicrobial resistance","Enterococcus faecium|Aminopenicillins","R - resistant isolates","N","2014","BE","Belgium",162.000000000,""
"Antimicrobial resistance","Enterococcus faecium|Aminopenicillins","R - resistant isolates","N","2014","BG","Bulgaria",58.000000000,""
"Antimicrobial resistance","Enterococcus faecium|Aminopenicillins","R - resistant isolates","N","2014","CY","Cyprus",29.000000000,""
"Antimicrobial resistance","Enterococcus faecium|Aminopenicillins","R - resistant isolates","N","2014","CZ","Czechia",240.000000000,""
"Antimicrobial resistance","Enterococcus faecium|Aminopenicillins","R - resistant isolates","N","2014","DE","Germany",763.000000000,""
"Antimicrobial resistance","Enterococcus faecium|Aminopenicillins","R - resistant isolates","N","2014","DK","Denmark",669.000000000,""
"Antimicrobial resistance","Enterococcus faecium|Aminopenicillins","R - resistant isolates","N","2014","EE","Estonia",36.000000000,""
"Antimicrobial resistance","Enterococcus faecium|Aminopenicillins","R - resistant isolates","N","2014","EL","Greece",246.000000000,""
"Antimicrobial resistance","Enterococcus faecium|Aminopenicillins","R - resistant isolates","N","2014","ES","Spain",453.000000000,""
"Antimicrobial resistance","Enterococcus faecium|Aminopenicillins","R - resistant isolates","N","2014","FI","Finland",229.000000000,""
"Antimicrobial resistance","Enterococcus faecium|Aminopenicillins","R - resistant isolates","N","2014","FR","France",573.000000000,""
"Antimicrobial resistance","Enterococcus faecium|Aminopenicillins","R - resistant isolates","N","2014","HR","Croatia",64.000000000,""
"Antimicrobial resistance","Enterococcus faecium|Aminopenicillins","R - resistant isolates","N","2014","HU","Hungary",219.000000000,""
"Antimicrobial resistance","Enterococcus faecium|Aminopenicillins","R - resistant isolates","N","2014","IE","Ireland",365.000000000,""
"Antimicrobial resistance","Enterococcus faecium|Aminopenicillins","R - resistant isolates","N","2014","IS","Iceland",10.000000000,""
"Antimicrobial resistance","Enterococcus faecium|Aminopenicillins","R - resistant isolates","N","2014","IT","Italy",393.000000000,""
"Antimicrobial resistance","Enterococcus faecium|Aminopenicillins","R - resistant isolates","N","2014","LT","Lithuania",44.000000000,""
"Antimicrobial resistance","Enterococcus faecium|Aminopenicillins","R - resistant isolates","N","2014","LU","Luxembourg",24.000000000,""
"Antimicrobial resistance","Enterococcus faecium|Aminopenicillins","R - resistant isolates","N","2014","LV","Latvia",34.000000000,""
"Antimicrobial resistance","Enterococcus faecium|Aminopenicillins","R - resistant isolates","N","2014","MT","Malta",10.000000000,""
"Antimicrobial resistance","Enterococcus faecium|Aminopenicillins","R - resistant isolates","N","2014","NL","Netherlands",665.000000000,""
"Antimicrobial resistance","Enterococcus faecium|Aminopenicillins","R - resistant isolates","N","2014","NO","Norway",193.000000000,""
"Antimicrobial resistance","Enterococcus faecium|Aminopenicillins","R - resistant isolates","N","2014","PL","Poland",167.000000000,""
"Antimicrobial resistance","Enterococcus faecium|Aminopenicillins","R - resistant isolates","N","2014","PT","Portugal",275.000000000,""
"Antimicrobial resistance","Enterococcus faecium|Aminopenicillins","R - resistant isolates","N","2014","RO","Romania",52.000000000,""
"Antimicrobial resistance","Enterococcus faecium|Aminopenicillins","R - resistant isolates","N","2014","SE","Sweden",230.000000000,""
"Antimicrobial resistance","Enterococcus faecium|Aminopenicillins","R - resistant isolates","N","2014","SI","Slovenia",111.000000000,""
"Antimicrobial resistance","Enterococcus faecium|Aminopenicillins","R - resistant isolates","N","2014","SK","Slovakia",121.000000000,""
"Antimicrobial resistance","Enterococcus faecium|Aminopenicillins","R - resistant isolates","N","2014","UK","United Kingdom",370.000000000,""
"Antimicrobial resistance","Enterococcus faecium|Aminopenicillins","R - resistant isolates","N","2015","AT","Austria",408.000000000,""
"Antimicrobial resistance","Enterococcus faecium|Aminopenicillins","R - resistant isolates","N","2015","BE","Belgium",129.000000000,""
"Antimicrobial resistance","Enterococcus faecium|Aminopenicillins","R - resistant isolates","N","2015","BG","Bulgaria",41.000000000,""
"Antimicrobial resistance","Enterococcus faecium|Aminopenicillins","R - resistant isolates","N","2015","CY","Cyprus",27.000000000,""
"Antimicrobial resistance","Enterococcus faecium|Aminopenicillins","R - resistant isolates","N","2015","CZ","Czechia",310.000000000,""
"Antimicrobial resistance","Enterococcus faecium|Aminopenicillins","R - resistant isolates","N","2015","DE","Germany",1103.000000000,""
"Antimicrobial resistance","Enterococcus faecium|Aminopenicillins","R - resistant isolates","N","2015","DK","Denmark",609.000000000,""
"Antimicrobial resistance","Enterococcus faecium|Aminopenicillins","R - resistant isolates","N","2015","EE","Estonia",15.000000000,""
"Antimicrobial resistance","Enterococcus faecium|Aminopenicillins","R - resistant isolates","N","2015","EL","Greece",282.000000000,""
"Antimicrobial resistance","Enterococcus faecium|Aminopenicillins","R - resistant isolates","N","2015","ES","Spain",490.000000000,""
"Antimicrobial resistance","Enterococcus faecium|Aminopenicillins","R - resistant isolates","N","2015","FI","Finland",181.000000000,""
"Antimicrobial resistance","Enterococcus faecium|Aminopenicillins","R - resistant isolates","N","2015","FR","France",632.000000000,""
"Antimicrobial resistance","Enterococcus faecium|Aminopenicillins","R - resistant isolates","N","2015","HR","Croatia",91.000000000,""
"Antimicrobial resistance","Enterococcus faecium|Aminopenicillins","R - resistant isolates","N","2015","HU","Hungary",232.000000000,""
"Antimicrobial resistance","Enterococcus faecium|Aminopenicillins","R - resistant isolates","N","2015","IE","Ireland",380.000000000,""
"Antimicrobial resistance","Enterococcus faecium|Aminopenicillins","R - resistant isolates","N","2015","IS","Iceland",18.000000000,""
"Antimicrobial resistance","Enterococcus faecium|Aminopenicillins","R - resistant isolates","N","2015","IT","Italy",658.000000000,""
"Antimicrobial resistance","Enterococcus faecium|Aminopenicillins","R - resistant isolates","N","2015","LT","Lithuania",50.000000000,""
"Antimicrobial resistance","Enterococcus faecium|Aminopenicillins","R - resistant isolates","N","2015","LU","Luxembourg",19.000000000,""
"Antimicrobial resistance","Enterococcus faecium|Aminopenicillins","R - resistant isolates","N","2015","LV","Latvia",13.000000000,""
"Antimicrobial resistance","Enterococcus faecium|Aminopenicillins","R - resistant isolates","N","2015","MT","Malta",4.000000000,""
"Antimicrobial resistance","Enterococcus faecium|Aminopenicillins","R - resistant isolates","N","2015","NL","Netherlands",667.000000000,""
"Antimicrobial resistance","Enterococcus faecium|Aminopenicillins","R - resistant isolates","N","2015","NO","Norway",160.000000000,""
"Antimicrobial resistance","Enterococcus faecium|Aminopenicillins","R - resistant isolates","N","2015","PL","Poland",163.000000000,""
"Antimicrobial resistance","Enterococcus faecium|Aminopenicillins","R - resistant isolates","N","2015","PT","Portugal",380.000000000,""
"Antimicrobial resistance","Enterococcus faecium|Aminopenicillins","R - resistant isolates","N","2015","RO","Romania",45.000000000,""
"Antimicrobial resistance","Enterococcus faecium|Aminopenicillins","R - resistant isolates","N","2015","SE","Sweden",306.000000000,""
"Antimicrobial resistance","Enterococcus faecium|Aminopenicillins","R - resistant isolates","N","2015","SI","Slovenia",116.000000000,""
"Antimicrobial resistance","Enterococcus faecium|Aminopenicillins","R - resistant isolates","N","2015","SK","Slovakia",137.000000000,""
"Antimicrobial resistance","Enterococcus faecium|Aminopenicillins","R - resistant isolates","N","2015","UK","United Kingdom",257.000000000,""
"Antimicrobial resistance","Enterococcus faecium|Aminopenicillins","R - resistant isolates","N","2016","AT","Austria",448.000000000,""
"Antimicrobial resistance","Enterococcus faecium|Aminopenicillins","R - resistant isolates","N","2016","BE","Belgium",246.000000000,""
"Antimicrobial resistance","Enterococcus faecium|Aminopenicillins","R - resistant isolates","N","2016","BG","Bulgaria",45.000000000,""
"Antimicrobial resistance","Enterococcus faecium|Aminopenicillins","R - resistant isolates","N","2016","CY","Cyprus",38.000000000,""
"Antimicrobial resistance","Enterococcus faecium|Aminopenicillins","R - resistant isolates","N","2016","CZ","Czechia",245.000000000,""
"Antimicrobial resistance","Enterococcus faecium|Aminopenicillins","R - resistant isolates","N","2016","DE","Germany",1677.000000000,""
"Antimicrobial resistance","Enterococcus faecium|Aminopenicillins","R - resistant isolates","N","2016","DK","Denmark",609.000000000,""
"Antimicrobial resistance","Enterococcus faecium|Aminopenicillins","R - resistant isolates","N","2016","EE","Estonia",61.000000000,""
"Antimicrobial resistance","Enterococcus faecium|Aminopenicillins","R - resistant isolates","N","2016","EL","Greece",333.000000000,""
"Antimicrobial resistance","Enterococcus faecium|Aminopenicillins","R - resistant isolates","N","2016","ES","Spain",547.000000000,""
"Antimicrobial resistance","Enterococcus faecium|Aminopenicillins","R - resistant isolates","N","2016","FI","Finland",179.000000000,""
"Antimicrobial resistance","Enterococcus faecium|Aminopenicillins","R - resistant isolates","N","2016","FR","France",610.000000000,""
"Antimicrobial resistance","Enterococcus faecium|Aminopenicillins","R - resistant isolates","N","2016","HR","Croatia",102.000000000,""
"Antimicrobial resistance","Enterococcus faecium|Aminopenicillins","R - resistant isolates","N","2016","HU","Hungary",268.000000000,""
"Antimicrobial resistance","Enterococcus faecium|Aminopenicillins","R - resistant isolates","N","2016","IE","Ireland",395.000000000,""
"Antimicrobial resistance","Enterococcus faecium|Aminopenicillins","R - resistant isolates","N","2016","IS","Iceland",13.000000000,""
"Antimicrobial resistance","Enterococcus faecium|Aminopenicillins","R - resistant isolates","N","2016","IT","Italy",825.000000000,""
"Antimicrobial resistance","Enterococcus faecium|Aminopenicillins","R - resistant isolates","N","2016","LT","Lithuania",61.000000000,""
"Antimicrobial resistance","Enterococcus faecium|Aminopenicillins","R - resistant isolates","N","2016","LU","Luxembourg",29.000000000,""
"Antimicrobial resistance","Enterococcus faecium|Aminopenicillins","R - resistant isolates","N","2016","LV","Latvia",10.000000000,""
"Antimicrobial resistance","Enterococcus faecium|Aminopenicillins","R - resistant isolates","N","2016","MT","Malta",11.000000000,""
"Antimicrobial resistance","Enterococcus faecium|Aminopenicillins","R - resistant isolates","N","2016","NL","Netherlands",753.000000000,""
"Antimicrobial resistance","Enterococcus faecium|Aminopenicillins","R - resistant isolates","N","2016","NO","Norway",177.000000000,""
"Antimicrobial resistance","Enterococcus faecium|Aminopenicillins","R - resistant isolates","N","2016","PL","Poland",359.000000000,""
"Antimicrobial resistance","Enterococcus faecium|Aminopenicillins","R - resistant isolates","N","2016","PT","Portugal",296.000000000,""
"Antimicrobial resistance","Enterococcus faecium|Aminopenicillins","R - resistant isolates","N","2016","RO","Romania",70.000000000,""
"Antimicrobial resistance","Enterococcus faecium|Aminopenicillins","R - resistant isolates","N","2016","SE","Sweden",466.000000000,""
"Antimicrobial resistance","Enterococcus faecium|Aminopenicillins","R - resistant isolates","N","2016","SI","Slovenia",102.000000000,""
"Antimicrobial resistance","Enterococcus faecium|Aminopenicillins","R - resistant isolates","N","2016","SK","Slovakia",110.000000000,""
"Antimicrobial resistance","Enterococcus faecium|Aminopenicillins","R - resistant isolates","N","2016","UK","United Kingdom",1348.000000000,""
"Antimicrobial resistance","Enterococcus faecium|Aminopenicillins","R - resistant isolates","N","2017","AT","Austria",515.000000000,""
"Antimicrobial resistance","Enterococcus faecium|Aminopenicillins","R - resistant isolates","N","2017","BE","Belgium",363.000000000,""
"Antimicrobial resistance","Enterococcus faecium|Aminopenicillins","R - resistant isolates","N","2017","BG","Bulgaria",83.000000000,""
"Antimicrobial resistance","Enterococcus faecium|Aminopenicillins","R - resistant isolates","N","2017","CY","Cyprus",38.000000000,""
"Antimicrobial resistance","Enterococcus faecium|Aminopenicillins","R - resistant isolates","N","2017","CZ","Czechia",256.000000000,""
"Antimicrobial resistance","Enterococcus faecium|Aminopenicillins","R - resistant isolates","N","2017","DE","Germany",2227.000000000,""
"Antimicrobial resistance","Enterococcus faecium|Aminopenicillins","R - resistant isolates","N","2017","DK","Denmark",718.000000000,""
"Antimicrobial resistance","Enterococcus faecium|Aminopenicillins","R - resistant isolates","N","2017","EE","Estonia",46.000000000,""
"Antimicrobial resistance","Enterococcus faecium|Aminopenicillins","R - resistant isolates","N","2017","EL","Greece",387.000000000,""
"Antimicrobial resistance","Enterococcus faecium|Aminopenicillins","R - resistant isolates","N","2017","ES","Spain",476.000000000,""
"Antimicrobial resistance","Enterococcus faecium|Aminopenicillins","R - resistant isolates","N","2017","FI","Finland",183.000000000,""
"Antimicrobial resistance","Enterococcus faecium|Aminopenicillins","R - resistant isolates","N","2017","FR","France",760.000000000,""
"Antimicrobial resistance","Enterococcus faecium|Aminopenicillins","R - resistant isolates","N","2017","HR","Croatia",85.000000000,""
"Antimicrobial resistance","Enterococcus faecium|Aminopenicillins","R - resistant isolates","N","2017","HU","Hungary",305.000000000,""
"Antimicrobial resistance","Enterococcus faecium|Aminopenicillins","R - resistant isolates","N","2017","IE","Ireland",382.000000000,""
"Antimicrobial resistance","Enterococcus faecium|Aminopenicillins","R - resistant isolates","N","2017","IS","Iceland",15.000000000,""
"Antimicrobial resistance","Enterococcus faecium|Aminopenicillins","R - resistant isolates","N","2017","IT","Italy",906.000000000,""
"Antimicrobial resistance","Enterococcus faecium|Aminopenicillins","R - resistant isolates","N","2017","LT","Lithuania",80.000000000,""
"Antimicrobial resistance","Enterococcus faecium|Aminopenicillins","R - resistant isolates","N","2017","LU","Luxembourg",29.000000000,""
"Antimicrobial resistance","Enterococcus faecium|Aminopenicillins","R - resistant isolates","N","2017","LV","Latvia",34.000000000,""
"Antimicrobial resistance","Enterococcus faecium|Aminopenicillins","R - resistant isolates","N","2017","MT","Malta",11.000000000,""
"Antimicrobial resistance","Enterococcus faecium|Aminopenicillins","R - resistant isolates","N","2017","NL","Netherlands",761.000000000,""
"Antimicrobial resistance","Enterococcus faecium|Aminopenicillins","R - resistant isolates","N","2017","NO","Norway",157.000000000,""
"Antimicrobial resistance","Enterococcus faecium|Aminopenicillins","R - resistant isolates","N","2017","PL","Poland",369.000000000,""
"Antimicrobial resistance","Enterococcus faecium|Aminopenicillins","R - resistant isolates","N","2017","PT","Portugal",413.000000000,""
"Antimicrobial resistance","Enterococcus faecium|Aminopenicillins","R - resistant isolates","N","2017","RO","Romania",56.000000000,""
"Antimicrobial resistance","Enterococcus faecium|Aminopenicillins","R - resistant isolates","N","2017","SE","Sweden",469.000000000,""
"Antimicrobial resistance","Enterococcus faecium|Aminopenicillins","R - resistant isolates","N","2017","SI","Slovenia",136.000000000,""
"Antimicrobial resistance","Enterococcus faecium|Aminopenicillins","R - resistant isolates","N","2017","SK","Slovakia",113.000000000,""
"Antimicrobial resistance","Enterococcus faecium|Aminopenicillins","R - resistant isolates","N","2017","UK","United Kingdom",1917.000000000,""
"Antimicrobial resistance","Enterococcus faecium|Aminopenicillins","R - resistant isolates","N","2018","AT","Austria",457.000000000,""
"Antimicrobial resistance","Enterococcus faecium|Aminopenicillins","R - resistant isolates","N","2018","BE","Belgium",370.000000000,""
"Antimicrobial resistance","Enterococcus faecium|Aminopenicillins","R - resistant isolates","N","2018","BG","Bulgaria",90.000000000,""
"Antimicrobial resistance","Enterococcus faecium|Aminopenicillins","R - resistant isolates","N","2018","CY","Cyprus",39.000000000,""
"Antimicrobial resistance","Enterococcus faecium|Aminopenicillins","R - resistant isolates","N","2018","CZ","Czechia",341.000000000,""
"Antimicrobial resistance","Enterococcus faecium|Aminopenicillins","R - resistant isolates","N","2018","DE","Germany",2068.000000000,""
"Antimicrobial resistance","Enterococcus faecium|Aminopenicillins","R - resistant isolates","N","2018","DK","Denmark",737.000000000,""
"Antimicrobial resistance","Enterococcus faecium|Aminopenicillins","R - resistant isolates","N","2018","EE","Estonia",56.000000000,""
"Antimicrobial resistance","Enterococcus faecium|Aminopenicillins","R - resistant isolates","N","2018","EL","Greece",467.000000000,""
"Antimicrobial resistance","Enterococcus faecium|Aminopenicillins","R - resistant isolates","N","2018","ES","Spain",651.000000000,""
"Antimicrobial resistance","Enterococcus faecium|Aminopenicillins","R - resistant isolates","N","2018","FI","Finland",198.000000000,""
"Antimicrobial resistance","Enterococcus faecium|Aminopenicillins","R - resistant isolates","N","2018","FR","France",721.000000000,""
"Antimicrobial resistance","Enterococcus faecium|Aminopenicillins","R - resistant isolates","N","2018","HR","Croatia",69.000000000,""
"Antimicrobial resistance","Enterococcus faecium|Aminopenicillins","R - resistant isolates","N","2018","HU","Hungary",292.000000000,""
"Antimicrobial resistance","Enterococcus faecium|Aminopenicillins","R - resistant isolates","N","2018","IE","Ireland",397.000000000,""
"Antimicrobial resistance","Enterococcus faecium|Aminopenicillins","R - resistant isolates","N","2018","IS","Iceland",10.000000000,""
"Antimicrobial resistance","Enterococcus faecium|Aminopenicillins","R - resistant isolates","N","2018","IT","Italy",1942.000000000,""
"Antimicrobial resistance","Enterococcus faecium|Aminopenicillins","R - resistant isolates","N","2018","LT","Lithuania",89.000000000,""
"Antimicrobial resistance","Enterococcus faecium|Aminopenicillins","R - resistant isolates","N","2018","LU","Luxembourg",25.000000000,""
"Antimicrobial resistance","Enterococcus faecium|Aminopenicillins","R - resistant isolates","N","2018","LV","Latvia",32.000000000,""
"Antimicrobial resistance","Enterococcus faecium|Aminopenicillins","R - resistant isolates","N","2018","MT","Malta",14.000000000,""
"Antimicrobial resistance","Enterococcus faecium|Aminopenicillins","R - resistant isolates","N","2018","NL","Netherlands",892.000000000,""
"Antimicrobial resistance","Enterococcus faecium|Aminopenicillins","R - resistant isolates","N","2018","NO","Norway",131.000000000,""
"Antimicrobial resistance","Enterococcus faecium|Aminopenicillins","R - resistant isolates","N","2018","PL","Poland",347.000000000,""
"Antimicrobial resistance","Enterococcus faecium|Aminopenicillins","R - resistant isolates","N","2018","PT","Portugal",357.000000000,""
"Antimicrobial resistance","Enterococcus faecium|Aminopenicillins","R - resistant isolates","N","2018","RO","Romania",65.000000000,""
"Antimicrobial resistance","Enterococcus faecium|Aminopenicillins","R - resistant isolates","N","2018","SE","Sweden",355.000000000,""
"Antimicrobial resistance","Enterococcus faecium|Aminopenicillins","R - resistant isolates","N","2018","SI","Slovenia",127.000000000,""
"Antimicrobial resistance","Enterococcus faecium|Aminopenicillins","R - resistant isolates","N","2018","SK","Slovakia",146.000000000,""
"Antimicrobial resistance","Enterococcus faecium|Aminopenicillins","R - resistant isolates","N","2018","UK","United Kingdom",2260.000000000,""
"Antimicrobial resistance","Enterococcus faecium|Aminopenicillins","R - resistant isolates","N","2019","AT","Austria",455.000000000,""
"Antimicrobial resistance","Enterococcus faecium|Aminopenicillins","R - resistant isolates","N","2019","BE","Belgium",290.000000000,""
"Antimicrobial resistance","Enterococcus faecium|Aminopenicillins","R - resistant isolates","N","2019","BG","Bulgaria",99.000000000,""
"Antimicrobial resistance","Enterococcus faecium|Aminopenicillins","R - resistant isolates","N","2019","CY","Cyprus",28.000000000,""
"Antimicrobial resistance","Enterococcus faecium|Aminopenicillins","R - resistant isolates","N","2019","CZ","Czechia",323.000000000,""
"Antimicrobial resistance","Enterococcus faecium|Aminopenicillins","R - resistant isolates","N","2019","DE","Germany",2442.000000000,""
"Antimicrobial resistance","Enterococcus faecium|Aminopenicillins","R - resistant isolates","N","2019","DK","Denmark",682.000000000,""
"Antimicrobial resistance","Enterococcus faecium|Aminopenicillins","R - resistant isolates","N","2019","EE","Estonia",54.000000000,""
"Antimicrobial resistance","Enterococcus faecium|Aminopenicillins","R - resistant isolates","N","2019","EL","Greece",91.000000000,""
"Antimicrobial resistance","Enterococcus faecium|Aminopenicillins","R - resistant isolates","N","2019","ES","Spain",687.000000000,""
"Antimicrobial resistance","Enterococcus faecium|Aminopenicillins","R - resistant isolates","N","2019","FI","Finland",214.000000000,""
"Antimicrobial resistance","Enterococcus faecium|Aminopenicillins","R - resistant isolates","N","2019","FR","France",780.000000000,""
"Antimicrobial resistance","Enterococcus faecium|Aminopenicillins","R - resistant isolates","N","2019","HR","Croatia",68.000000000,""
"Antimicrobial resistance","Enterococcus faecium|Aminopenicillins","R - resistant isolates","N","2019","HU","Hungary",295.000000000,""
"Antimicrobial resistance","Enterococcus faecium|Aminopenicillins","R - resistant isolates","N","2019","IE","Ireland",411.000000000,""
"Antimicrobial resistance","Enterococcus faecium|Aminopenicillins","R - resistant isolates","N","2019","IS","Iceland",8.000000000,""
"Antimicrobial resistance","Enterococcus faecium|Aminopenicillins","R - resistant isolates","N","2019","IT","Italy",2497.000000000,""
"Antimicrobial resistance","Enterococcus faecium|Aminopenicillins","R - resistant isolates","N","2019","LT","Lithuania",128.000000000,""
"Antimicrobial resistance","Enterococcus faecium|Aminopenicillins","R - resistant isolates","N","2019","LU","Luxembourg",30.000000000,""
"Antimicrobial resistance","Enterococcus faecium|Aminopenicillins","R - resistant isolates","N","2019","LV","Latvia",55.000000000,""
"Antimicrobial resistance","Enterococcus faecium|Aminopenicillins","R - resistant isolates","N","2019","MT","Malta",8.000000000,""
"Antimicrobial resistance","Enterococcus faecium|Aminopenicillins","R - resistant isolates","N","2019","NL","Netherlands",678.000000000,""
"Antimicrobial resistance","Enterococcus faecium|Aminopenicillins","R - resistant isolates","N","2019","NO","Norway",148.000000000,""
"Antimicrobial resistance","Enterococcus faecium|Aminopenicillins","R - resistant isolates","N","2019","PL","Poland",412.000000000,""
"Antimicrobial resistance","Enterococcus faecium|Aminopenicillins","R - resistant isolates","N","2019","PT","Portugal",307.000000000,""
"Antimicrobial resistance","Enterococcus faecium|Aminopenicillins","R - resistant isolates","N","2019","RO","Romania",117.000000000,""
"Antimicrobial resistance","Enterococcus faecium|Aminopenicillins","R - resistant isolates","N","2019","SE","Sweden",569.000000000,""
"Antimicrobial resistance","Enterococcus faecium|Aminopenicillins","R - resistant isolates","N","2019","SI","Slovenia",120.000000000,""
"Antimicrobial resistance","Enterococcus faecium|Aminopenicillins","R - resistant isolates","N","2019","SK","Slovakia",119.000000000,""
"Antimicrobial resistance","Enterococcus faecium|Aminopenicillins","R - resistant isolates","N","2019","UK","United Kingdom",2126.000000000,""
"Antimicrobial resistance","Enterococcus faecium|Aminopenicillins","R - resistant isolates","N","2020","AT","Austria",448.000000000,""
"Antimicrobial resistance","Enterococcus faecium|Aminopenicillins","R - resistant isolates","N","2020","BE","Belgium",428.000000000,""
"Antimicrobial resistance","Enterococcus faecium|Aminopenicillins","R - resistant isolates","N","2020","BG","Bulgaria",77.000000000,""
"Antimicrobial resistance","Enterococcus faecium|Aminopenicillins","R - resistant isolates","N","2020","CY","Cyprus",38.000000000,""
"Antimicrobial resistance","Enterococcus faecium|Aminopenicillins","R - resistant isolates","N","2020","CZ","Czechia",395.000000000,""
"Antimicrobial resistance","Enterococcus faecium|Aminopenicillins","R - resistant isolates","N","2020","DE","Germany",3401.000000000,""
"Antimicrobial resistance","Enterococcus faecium|Aminopenicillins","R - resistant isolates","N","2020","DK","Denmark",728.000000000,""
"Antimicrobial resistance","Enterococcus faecium|Aminopenicillins","R - resistant isolates","N","2020","EE","Estonia",36.000000000,""
"Antimicrobial resistance","Enterococcus faecium|Aminopenicillins","R - resistant isolates","N","2020","EL","Greece",416.000000000,""
"Antimicrobial resistance","Enterococcus faecium|Aminopenicillins","R - resistant isolates","N","2020","ES","Spain",869.000000000,""
"Antimicrobial resistance","Enterococcus faecium|Aminopenicillins","R - resistant isolates","N","2020","FI","Finland",153.000000000,""
"Antimicrobial resistance","Enterococcus faecium|Aminopenicillins","R - resistant isolates","N","2020","FR","France",959.000000000,""
"Antimicrobial resistance","Enterococcus faecium|Aminopenicillins","R - resistant isolates","N","2020","HR","Croatia",87.000000000,""
"Antimicrobial resistance","Enterococcus faecium|Aminopenicillins","R - resistant isolates","N","2020","HU","Hungary",411.000000000,""
"Antimicrobial resistance","Enterococcus faecium|Aminopenicillins","R - resistant isolates","N","2020","IE","Ireland",448.000000000,""
"Antimicrobial resistance","Enterococcus faecium|Aminopenicillins","R - resistant isolates","N","2020","IS","Iceland",13.000000000,""
"Antimicrobial resistance","Enterococcus faecium|Aminopenicillins","R - resistant isolates","N","2020","IT","Italy",3648.000000000,""
"Antimicrobial resistance","Enterococcus faecium|Aminopenicillins","R - resistant isolates","N","2020","LT","Lithuania",137.000000000,""
"Antimicrobial resistance","Enterococcus faecium|Aminopenicillins","R - resistant isolates","N","2020","LU","Luxembourg",36.000000000,""
"Antimicrobial resistance","Enterococcus faecium|Aminopenicillins","R - resistant isolates","N","2020","LV","Latvia",53.000000000,""
"Antimicrobial resistance","Enterococcus faecium|Aminopenicillins","R - resistant isolates","N","2020","MT","Malta",21.000000000,""
"Antimicrobial resistance","Enterococcus faecium|Aminopenicillins","R - resistant isolates","N","2020","NL","Netherlands",1168.000000000,""
"Antimicrobial resistance","Enterococcus faecium|Aminopenicillins","R - resistant isolates","N","2020","NO","Norway",129.000000000,""
"Antimicrobial resistance","Enterococcus faecium|Aminopenicillins","R - resistant isolates","N","2020","PL","Poland",477.000000000,""
"Antimicrobial resistance","Enterococcus faecium|Aminopenicillins","R - resistant isolates","N","2020","PT","Portugal",345.000000000,""
"Antimicrobial resistance","Enterococcus faecium|Aminopenicillins","R - resistant isolates","N","2020","RO","Romania",112.000000000,""
"Antimicrobial resistance","Enterococcus faecium|Aminopenicillins","R - resistant isolates","N","2020","SE","Sweden",546.000000000,""
"Antimicrobial resistance","Enterococcus faecium|Aminopenicillins","R - resistant isolates","N","2020","SI","Slovenia",163.000000000,""
"Antimicrobial resistance","Enterococcus faecium|Aminopenicillins","R - resistant isolates","N","2020","SK","Slovakia",107.000000000,""
"Antimicrobial resistance","Enterococcus faecium|Aminopenicillins","R - resistant isolates","N","2021","AT","Austria",627.000000000,""
"Antimicrobial resistance","Enterococcus faecium|Aminopenicillins","R - resistant isolates","N","2021","BE","Belgium",443.000000000,""
"Antimicrobial resistance","Enterococcus faecium|Aminopenicillins","R - resistant isolates","N","2021","BG","Bulgaria",148.000000000,""
"Antimicrobial resistance","Enterococcus faecium|Aminopenicillins","R - resistant isolates","N","2021","CY","Cyprus",75.000000000,""
"Antimicrobial resistance","Enterococcus faecium|Aminopenicillins","R - resistant isolates","N","2021","CZ","Czechia",559.000000000,""
"Antimicrobial resistance","Enterococcus faecium|Aminopenicillins","R - resistant isolates","N","2021","DE","Germany",3783.000000000,""
"Antimicrobial resistance","Enterococcus faecium|Aminopenicillins","R - resistant isolates","N","2021","DK","Denmark",741.000000000,""
"Antimicrobial resistance","Enterococcus faecium|Aminopenicillins","R - resistant isolates","N","2021","EE","Estonia",55.000000000,""
"Antimicrobial resistance","Enterococcus faecium|Aminopenicillins","R - resistant isolates","N","2021","EL","Greece",889.000000000,""
"Antimicrobial resistance","Enterococcus faecium|Aminopenicillins","R - resistant isolates","N","2021","ES","Spain",774.000000000,""
"Antimicrobial resistance","Enterococcus faecium|Aminopenicillins","R - resistant isolates","N","2021","FI","Finland",157.000000000,""
"Antimicrobial resistance","Enterococcus faecium|Aminopenicillins","R - resistant isolates","N","2021","FR","France",1078.000000000,""
"Antimicrobial resistance","Enterococcus faecium|Aminopenicillins","R - resistant isolates","N","2021","HR","Croatia",107.000000000,""
"Antimicrobial resistance","Enterococcus faecium|Aminopenicillins","R - resistant isolates","N","2021","HU","Hungary",637.000000000,""
"Antimicrobial resistance","Enterococcus faecium|Aminopenicillins","R - resistant isolates","N","2021","IE","Ireland",565.000000000,""
"Antimicrobial resistance","Enterococcus faecium|Aminopenicillins","R - resistant isolates","N","2021","IS","Iceland",11.000000000,""
"Antimicrobial resistance","Enterococcus faecium|Aminopenicillins","R - resistant isolates","N","2021","IT","Italy",4681.000000000,""
"Antimicrobial resistance","Enterococcus faecium|Aminopenicillins","R - resistant isolates","N","2021","LT","Lithuania",211.000000000,""
"Antimicrobial resistance","Enterococcus faecium|Aminopenicillins","R - resistant isolates","N","2021","LU","Luxembourg",50.000000000,""
"Antimicrobial resistance","Enterococcus faecium|Aminopenicillins","R - resistant isolates","N","2021","LV","Latvia",108.000000000,""
"Antimicrobial resistance","Enterococcus faecium|Aminopenicillins","R - resistant isolates","N","2021","MT","Malta",36.000000000,""
"Antimicrobial resistance","Enterococcus faecium|Aminopenicillins","R - resistant isolates","N","2021","NL","Netherlands",1166.000000000,""
"Antimicrobial resistance","Enterococcus faecium|Aminopenicillins","R - resistant isolates","N","2021","NO","Norway",164.000000000,""
"Antimicrobial resistance","Enterococcus faecium|Aminopenicillins","R - resistant isolates","N","2021","PL","Poland",772.000000000,""
"Antimicrobial resistance","Enterococcus faecium|Aminopenicillins","R - resistant isolates","N","2021","PT","Portugal",322.000000000,""
"Antimicrobial resistance","Enterococcus faecium|Aminopenicillins","R - resistant isolates","N","2021","RO","Romania",170.000000000,""
"Antimicrobial resistance","Enterococcus faecium|Aminopenicillins","R - resistant isolates","N","2021","SE","Sweden",663.000000000,""
"Antimicrobial resistance","Enterococcus faecium|Aminopenicillins","R - resistant isolates","N","2021","SI","Slovenia",203.000000000,""
"Antimicrobial resistance","Enterococcus faecium|Aminopenicillins","R - resistant isolates","N","2021","SK","Slovakia",183.000000000,""
"Antimicrobial resistance","Enterococcus faecium|Aminopenicillins","R - resistant isolates","N","2022","AT","Austria",566.000000000,""
"Antimicrobial resistance","Enterococcus faecium|Aminopenicillins","R - resistant isolates","N","2022","BE","Belgium",362.000000000,""
"Antimicrobial resistance","Enterococcus faecium|Aminopenicillins","R - resistant isolates","N","2022","BG","Bulgaria",145.000000000,""
"Antimicrobial resistance","Enterococcus faecium|Aminopenicillins","R - resistant isolates","N","2022","CY","Cyprus",102.000000000,""
"Antimicrobial resistance","Enterococcus faecium|Aminopenicillins","R - resistant isolates","N","2022","CZ","Czechia",372.000000000,""
"Antimicrobial resistance","Enterococcus faecium|Aminopenicillins","R - resistant isolates","N","2022","DE","Germany",4261.000000000,""
"Antimicrobial resistance","Enterococcus faecium|Aminopenicillins","R - resistant isolates","N","2022","DK","Denmark",579.000000000,""
"Antimicrobial resistance","Enterococcus faecium|Aminopenicillins","R - resistant isolates","N","2022","EE","Estonia",59.000000000,""
"Antimicrobial resistance","Enterococcus faecium|Aminopenicillins","R - resistant isolates","N","2022","EL","Greece",1068.000000000,""
"Antimicrobial resistance","Enterococcus faecium|Aminopenicillins","R - resistant isolates","N","2022","ES","Spain",836.000000000,""
"Antimicrobial resistance","Enterococcus faecium|Aminopenicillins","R - resistant isolates","N","2022","FI","Finland",166.000000000,""
"Antimicrobial resistance","Enterococcus faecium|Aminopenicillins","R - resistant isolates","N","2022","FR","France",1065.000000000,""
"Antimicrobial resistance","Enterococcus faecium|Aminopenicillins","R - resistant isolates","N","2022","HR","Croatia",124.000000000,""
"Antimicrobial resistance","Enterococcus faecium|Aminopenicillins","R - resistant isolates","N","2022","HU","Hungary",480.000000000,""
"Antimicrobial resistance","Enterococcus faecium|Aminopenicillins","R - resistant isolates","N","2022","IE","Ireland",574.000000000,""
"Antimicrobial resistance","Enterococcus faecium|Aminopenicillins","R - resistant isolates","N","2022","IS","Iceland",28.000000000,""
"Antimicrobial resistance","Enterococcus faecium|Aminopenicillins","R - resistant isolates","N","2022","IT","Italy",5256.000000000,""
"Antimicrobial resistance","Enterococcus faecium|Aminopenicillins","R - resistant isolates","N","2022","LT","Lithuania",164.000000000,""
"Antimicrobial resistance","Enterococcus faecium|Aminopenicillins","R - resistant isolates","N","2022","LU","Luxembourg",60.000000000,""
"Antimicrobial resistance","Enterococcus faecium|Aminopenicillins","R - resistant isolates","N","2022","LV","Latvia",91.000000000,""
"Antimicrobial resistance","Enterococcus faecium|Aminopenicillins","R - resistant isolates","N","2022","MT","Malta",26.000000000,""
"Antimicrobial resistance","Enterococcus faecium|Aminopenicillins","R - resistant isolates","N","2022","NL","Netherlands",944.000000000,""
"Antimicrobial resistance","Enterococcus faecium|Aminopenicillins","R - resistant isolates","N","2022","NO","Norway",200.000000000,""
"Antimicrobial resistance","Enterococcus faecium|Aminopenicillins","R - resistant isolates","N","2022","PL","Poland",628.000000000,""
"Antimicrobial resistance","Enterococcus faecium|Aminopenicillins","R - resistant isolates","N","2022","PT","Portugal",473.000000000,""
"Antimicrobial resistance","Enterococcus faecium|Aminopenicillins","R - resistant isolates","N","2022","RO","Romania",167.000000000,""
"Antimicrobial resistance","Enterococcus faecium|Aminopenicillins","R - resistant isolates","N","2022","SE","Sweden",828.000000000,""
"Antimicrobial resistance","Enterococcus faecium|Aminopenicillins","R - resistant isolates","N","2022","SI","Slovenia",149.000000000,""
"Antimicrobial resistance","Enterococcus faecium|Aminopenicillins","R - resistant isolates","N","2022","SK","Slovakia",132.000000000,""
"Antimicrobial resistance","Enterococcus faecium|Aminopenicillins","R - resistant isolates","N","2023","AT","Austria",537.000000000,""
"Antimicrobial resistance","Enterococcus faecium|Aminopenicillins","R - resistant isolates","N","2023","BE","Belgium",254.000000000,""
"Antimicrobial resistance","Enterococcus faecium|Aminopenicillins","R - resistant isolates","N","2023","BG","Bulgaria",128.000000000,""
"Antimicrobial resistance","Enterococcus faecium|Aminopenicillins","R - resistant isolates","N","2023","CY","Cyprus",118.000000000,""
"Antimicrobial resistance","Enterococcus faecium|Aminopenicillins","R - resistant isolates","N","2023","CZ","Czechia",379.000000000,""
"Antimicrobial resistance","Enterococcus faecium|Aminopenicillins","R - resistant isolates","N","2023","DE","Germany",4357.000000000,""
"Antimicrobial resistance","Enterococcus faecium|Aminopenicillins","R - resistant isolates","N","2023","DK","Denmark",558.000000000,""
"Antimicrobial resistance","Enterococcus faecium|Aminopenicillins","R - resistant isolates","N","2023","EE","Estonia",47.000000000,""
"Antimicrobial resistance","Enterococcus faecium|Aminopenicillins","R - resistant isolates","N","2023","EL","Greece",1169.000000000,""
"Antimicrobial resistance","Enterococcus faecium|Aminopenicillins","R - resistant isolates","N","2023","ES","Spain",911.000000000,""
"Antimicrobial resistance","Enterococcus faecium|Aminopenicillins","R - resistant isolates","N","2023","FI","Finland",131.000000000,""
"Antimicrobial resistance","Enterococcus faecium|Aminopenicillins","R - resistant isolates","N","2023","HR","Croatia",136.000000000,""
"Antimicrobial resistance","Enterococcus faecium|Aminopenicillins","R - resistant isolates","N","2023","HU","Hungary",381.000000000,""
"Antimicrobial resistance","Enterococcus faecium|Aminopenicillins","R - resistant isolates","N","2023","IE","Ireland",585.000000000,""
"Antimicrobial resistance","Enterococcus faecium|Aminopenicillins","R - resistant isolates","N","2023","IS","Iceland",34.000000000,""
"Antimicrobial resistance","Enterococcus faecium|Aminopenicillins","R - resistant isolates","N","2023","IT","Italy",5383.000000000,""
"Antimicrobial resistance","Enterococcus faecium|Aminopenicillins","R - resistant isolates","N","2023","LT","Lithuania",151.000000000,""
"Antimicrobial resistance","Enterococcus faecium|Aminopenicillins","R - resistant isolates","N","2023","LU","Luxembourg",67.000000000,""
"Antimicrobial resistance","Enterococcus faecium|Aminopenicillins","R - resistant isolates","N","2023","LV","Latvia",50.000000000,""
"Antimicrobial resistance","Enterococcus faecium|Aminopenicillins","R - resistant isolates","N","2023","MT","Malta",22.000000000,""
"Antimicrobial resistance","Enterococcus faecium|Aminopenicillins","R - resistant isolates","N","2023","NL","Netherlands",861.000000000,""
"Antimicrobial resistance","Enterococcus faecium|Aminopenicillins","R - resistant isolates","N","2023","NO","Norway",197.000000000,""
"Antimicrobial resistance","Enterococcus faecium|Aminopenicillins","R - resistant isolates","N","2023","PL","Poland",680.000000000,""
"Antimicrobial resistance","Enterococcus faecium|Aminopenicillins","R - resistant isolates","N","2023","PT","Portugal",460.000000000,""
"Antimicrobial resistance","Enterococcus faecium|Aminopenicillins","R - resistant isolates","N","2023","RO","Romania",159.000000000,""
"Antimicrobial resistance","Enterococcus faecium|Aminopenicillins","R - resistant isolates","N","2023","SE","Sweden",827.000000000,""
"Antimicrobial resistance","Enterococcus faecium|Aminopenicillins","R - resistant isolates","N","2023","SI","Slovenia",155.000000000,""
"Antimicrobial resistance","Enterococcus faecium|Aminopenicillins","R - resistant isolates","N","2023","SK","Slovakia",119.000000000,""
"Antimicrobial resistance","Enterococcus faecium|Aminopenicillins","R - resistant isolates","N","2024","AT","Austria",565.000000000,""
"Antimicrobial resistance","Enterococcus faecium|Aminopenicillins","R - resistant isolates","N","2024","BE","Belgium",442.000000000,""
"Antimicrobial resistance","Enterococcus faecium|Aminopenicillins","R - resistant isolates","N","2024","BG","Bulgaria",131.000000000,""
"Antimicrobial resistance","Enterococcus faecium|Aminopenicillins","R - resistant isolates","N","2024","CY","Cyprus",131.000000000,""
"Antimicrobial resistance","Enterococcus faecium|Aminopenicillins","R - resistant isolates","N","2024","CZ","Czechia",394.000000000,""
"Antimicrobial resistance","Enterococcus faecium|Aminopenicillins","R - resistant isolates","N","2024","DE","Germany",5665.000000000,""
"Antimicrobial resistance","Enterococcus faecium|Aminopenicillins","R - resistant isolates","N","2024","DK","Denmark",525.000000000,""
"Antimicrobial resistance","Enterococcus faecium|Aminopenicillins","R - resistant isolates","N","2024","EE","Estonia",37.000000000,""
"Antimicrobial resistance","Enterococcus faecium|Aminopenicillins","R - resistant isolates","N","2024","EL","Greece",881.000000000,""
"Antimicrobial resistance","Enterococcus faecium|Aminopenicillins","R - resistant isolates","N","2024","ES","Spain",1054.000000000,""
"Antimicrobial resistance","Enterococcus faecium|Aminopenicillins","R - resistant isolates","N","2024","FI","Finland",116.000000000,""
"Antimicrobial resistance","Enterococcus faecium|Aminopenicillins","R - resistant isolates","N","2024","FR","France",1661.000000000,""
"Antimicrobial resistance","Enterococcus faecium|Aminopenicillins","R - resistant isolates","N","2024","HR","Croatia",127.000000000,""
"Antimicrobial resistance","Enterococcus faecium|Aminopenicillins","R - resistant isolates","N","2024","HU","Hungary",363.000000000,""
"Antimicrobial resistance","Enterococcus faecium|Aminopenicillins","R - resistant isolates","N","2024","IE","Ireland",473.000000000,""
"Antimicrobial resistance","Enterococcus faecium|Aminopenicillins","R - resistant isolates","N","2024","IS","Iceland",23.000000000,""
"Antimicrobial resistance","Enterococcus faecium|Aminopenicillins","R - resistant isolates","N","2024","IT","Italy",5566.000000000,""
"Antimicrobial resistance","Enterococcus faecium|Aminopenicillins","R - resistant isolates","N","2024","LI","Liechtenstein",0.000000000,""
"Antimicrobial resistance","Enterococcus faecium|Aminopenicillins","R - resistant isolates","N","2024","LT","Lithuania",190.000000000,""
"Antimicrobial resistance","Enterococcus faecium|Aminopenicillins","R - resistant isolates","N","2024","LU","Luxembourg",50.000000000,""
"Antimicrobial resistance","Enterococcus faecium|Aminopenicillins","R - resistant isolates","N","2024","LV","Latvia",89.000000000,""
"Antimicrobial resistance","Enterococcus faecium|Aminopenicillins","R - resistant isolates","N","2024","MT","Malta",34.000000000,""
"Antimicrobial resistance","Enterococcus faecium|Aminopenicillins","R - resistant isolates","N","2024","NL","Netherlands",968.000000000,""
"Antimicrobial resistance","Enterococcus faecium|Aminopenicillins","R - resistant isolates","N","2024","NO","Norway",194.000000000,""
"Antimicrobial resistance","Enterococcus faecium|Aminopenicillins","R - resistant isolates","N","2024","PL","Poland",792.000000000,""
"Antimicrobial resistance","Enterococcus faecium|Aminopenicillins","R - resistant isolates","N","2024","PT","Portugal",494.000000000,""
"Antimicrobial resistance","Enterococcus faecium|Aminopenicillins","R - resistant isolates","N","2024","RO","Romania",190.000000000,""
"Antimicrobial resistance","Enterococcus faecium|Aminopenicillins","R - resistant isolates","N","2024","SE","Sweden",778.000000000,""
"Antimicrobial resistance","Enterococcus faecium|Aminopenicillins","R - resistant isolates","N","2024","SI","Slovenia",141.000000000,""
"Antimicrobial resistance","Enterococcus faecium|Aminopenicillins","R - resistant isolates","N","2024","SK","Slovakia",116.000000000,""
"Antimicrobial resistance","Enterococcus faecium|Aminopenicillins","R - resistant isolates, percentage  ","%","2000","DE","Germany",-,""
"Antimicrobial resistance","Enterococcus faecium|Aminopenicillins","R - resistant isolates, percentage  ","%","2000","EL","Greece",82.894736840,""
"Antimicrobial resistance","Enterococcus faecium|Aminopenicillins","R - resistant isolates, percentage  ","%","2000","NL","Netherlands",-,""
"Antimicrobial resistance","Enterococcus faecium|Aminopenicillins","R - resistant isolates, percentage  ","%","2000","NO","Norway",-,""
"Antimicrobial resistance","Enterococcus faecium|Aminopenicillins","R - resistant isolates, percentage  ","%","2001","AT","Austria",85.714285710,""
"Antimicrobial resistance","Enterococcus faecium|Aminopenicillins","R - resistant isolates, percentage  ","%","2001","BE","Belgium",-,""
"Antimicrobial resistance","Enterococcus faecium|Aminopenicillins","R - resistant isolates, percentage  ","%","2001","BG","Bulgaria",-,""
"Antimicrobial resistance","Enterococcus faecium|Aminopenicillins","R - resistant isolates, percentage  ","%","2001","CZ","Czechia",67.187500000,""
"Antimicrobial resistance","Enterococcus faecium|Aminopenicillins","R - resistant isolates, percentage  ","%","2001","DE","Germany",70.422535210,""
"Antimicrobial resistance","Enterococcus faecium|Aminopenicillins","R - resistant isolates, percentage  ","%","2001","EE","Estonia",-,""
"Antimicrobial resistance","Enterococcus faecium|Aminopenicillins","R - resistant isolates, percentage  ","%","2001","EL","Greece",85.714285710,""
"Antimicrobial resistance","Enterococcus faecium|Aminopenicillins","R - resistant isolates, percentage  ","%","2001","ES","Spain",49.206349200,""
"Antimicrobial resistance","Enterococcus faecium|Aminopenicillins","R - resistant isolates, percentage  ","%","2001","FI","Finland",65.957446800,""
"Antimicrobial resistance","Enterococcus faecium|Aminopenicillins","R - resistant isolates, percentage  ","%","2001","HR","Croatia",-,""
"Antimicrobial resistance","Enterococcus faecium|Aminopenicillins","R - resistant isolates, percentage  ","%","2001","HU","Hungary",-,""
"Antimicrobial resistance","Enterococcus faecium|Aminopenicillins","R - resistant isolates, percentage  ","%","2001","IS","Iceland",-,""
"Antimicrobial resistance","Enterococcus faecium|Aminopenicillins","R - resistant isolates, percentage  ","%","2001","IT","Italy",68.831168830,""
"Antimicrobial resistance","Enterococcus faecium|Aminopenicillins","R - resistant isolates, percentage  ","%","2001","LU","Luxembourg",-,""
"Antimicrobial resistance","Enterococcus faecium|Aminopenicillins","R - resistant isolates, percentage  ","%","2001","MT","Malta",-,""
"Antimicrobial resistance","Enterococcus faecium|Aminopenicillins","R - resistant isolates, percentage  ","%","2001","NL","Netherlands",59.259259250,""
"Antimicrobial resistance","Enterococcus faecium|Aminopenicillins","R - resistant isolates, percentage  ","%","2001","NO","Norway",20.000000000,""
"Antimicrobial resistance","Enterococcus faecium|Aminopenicillins","R - resistant isolates, percentage  ","%","2001","PL","Poland",-,""
"Antimicrobial resistance","Enterococcus faecium|Aminopenicillins","R - resistant isolates, percentage  ","%","2001","PT","Portugal",73.529411760,""
"Antimicrobial resistance","Enterococcus faecium|Aminopenicillins","R - resistant isolates, percentage  ","%","2001","SE","Sweden",71.354166660,""
"Antimicrobial resistance","Enterococcus faecium|Aminopenicillins","R - resistant isolates, percentage  ","%","2001","SI","Slovenia",-,""
"Antimicrobial resistance","Enterococcus faecium|Aminopenicillins","R - resistant isolates, percentage  ","%","2001","SK","Slovakia",-,""
"Antimicrobial resistance","Enterococcus faecium|Aminopenicillins","R - resistant isolates, percentage  ","%","2002","AT","Austria",84.444444440,""
"Antimicrobial resistance","Enterococcus faecium|Aminopenicillins","R - resistant isolates, percentage  ","%","2002","BE","Belgium",56.410256410,""
"Antimicrobial resistance","Enterococcus faecium|Aminopenicillins","R - resistant isolates, percentage  ","%","2002","BG","Bulgaria",-,""
"Antimicrobial resistance","Enterococcus faecium|Aminopenicillins","R - resistant isolates, percentage  ","%","2002","CZ","Czechia",73.170731700,""
"Antimicrobial resistance","Enterococcus faecium|Aminopenicillins","R - resistant isolates, percentage  ","%","2002","DE","Germany",71.428571420,""
"Antimicrobial resistance","Enterococcus faecium|Aminopenicillins","R - resistant isolates, percentage  ","%","2002","EE","Estonia",-,""
"Antimicrobial resistance","Enterococcus faecium|Aminopenicillins","R - resistant isolates, percentage  ","%","2002","EL","Greece",75.409836060,""
"Antimicrobial resistance","Enterococcus faecium|Aminopenicillins","R - resistant isolates, percentage  ","%","2002","ES","Spain",58.762886590,""
"Antimicrobial resistance","Enterococcus faecium|Aminopenicillins","R - resistant isolates, percentage  ","%","2002","FI","Finland",80.232558130,""
"Antimicrobial resistance","Enterococcus faecium|Aminopenicillins","R - resistant isolates, percentage  ","%","2002","FR","France",29.166666660,""
"Antimicrobial resistance","Enterococcus faecium|Aminopenicillins","R - resistant isolates, percentage  ","%","2002","HR","Croatia",-,""
"Antimicrobial resistance","Enterococcus faecium|Aminopenicillins","R - resistant isolates, percentage  ","%","2002","HU","Hungary",-,""
"Antimicrobial resistance","Enterococcus faecium|Aminopenicillins","R - resistant isolates, percentage  ","%","2002","IE","Ireland",86.419753080,""
"Antimicrobial resistance","Enterococcus faecium|Aminopenicillins","R - resistant isolates, percentage  ","%","2002","IS","Iceland",-,""
"Antimicrobial resistance","Enterococcus faecium|Aminopenicillins","R - resistant isolates, percentage  ","%","2002","IT","Italy",79.069767440,""
"Antimicrobial resistance","Enterococcus faecium|Aminopenicillins","R - resistant isolates, percentage  ","%","2002","LU","Luxembourg",-,""
"Antimicrobial resistance","Enterococcus faecium|Aminopenicillins","R - resistant isolates, percentage  ","%","2002","MT","Malta",-,""
"Antimicrobial resistance","Enterococcus faecium|Aminopenicillins","R - resistant isolates, percentage  ","%","2002","NL","Netherlands",21.390374330,""
"Antimicrobial resistance","Enterococcus faecium|Aminopenicillins","R - resistant isolates, percentage  ","%","2002","NO","Norway",24.324324320,""
"Antimicrobial resistance","Enterococcus faecium|Aminopenicillins","R - resistant isolates, percentage  ","%","2002","PL","Poland",-,""
"Antimicrobial resistance","Enterococcus faecium|Aminopenicillins","R - resistant isolates, percentage  ","%","2002","PT","Portugal",-,""
"Antimicrobial resistance","Enterococcus faecium|Aminopenicillins","R - resistant isolates, percentage  ","%","2002","RO","Romania",-,""
"Antimicrobial resistance","Enterococcus faecium|Aminopenicillins","R - resistant isolates, percentage  ","%","2002","SE","Sweden",73.134328350,""
"Antimicrobial resistance","Enterococcus faecium|Aminopenicillins","R - resistant isolates, percentage  ","%","2002","SI","Slovenia",-,""
"Antimicrobial resistance","Enterococcus faecium|Aminopenicillins","R - resistant isolates, percentage  ","%","2002","SK","Slovakia",-,""
"Antimicrobial resistance","Enterococcus faecium|Aminopenicillins","R - resistant isolates, percentage  ","%","2003","AT","Austria",84.615384610,""
"Antimicrobial resistance","Enterococcus faecium|Aminopenicillins","R - resistant isolates, percentage  ","%","2003","BE","Belgium",-,""
"Antimicrobial resistance","Enterococcus faecium|Aminopenicillins","R - resistant isolates, percentage  ","%","2003","BG","Bulgaria",-,""
"Antimicrobial resistance","Enterococcus faecium|Aminopenicillins","R - resistant isolates, percentage  ","%","2003","CY","Cyprus",-,""
"Antimicrobial resistance","Enterococcus faecium|Aminopenicillins","R - resistant isolates, percentage  ","%","2003","CZ","Czechia",79.787234040,""
"Antimicrobial resistance","Enterococcus faecium|Aminopenicillins","R - resistant isolates, percentage  ","%","2003","DE","Germany",70.707070700,""
"Antimicrobial resistance","Enterococcus faecium|Aminopenicillins","R - resistant isolates, percentage  ","%","2003","EE","Estonia",-,""
"Antimicrobial resistance","Enterococcus faecium|Aminopenicillins","R - resistant isolates, percentage  ","%","2003","EL","Greece",89.333333330,""
"Antimicrobial resistance","Enterococcus faecium|Aminopenicillins","R - resistant isolates, percentage  ","%","2003","ES","Spain",63.865546210,""
"Antimicrobial resistance","Enterococcus faecium|Aminopenicillins","R - resistant isolates, percentage  ","%","2003","FI","Finland",78.571428570,""
"Antimicrobial resistance","Enterococcus faecium|Aminopenicillins","R - resistant isolates, percentage  ","%","2003","FR","France",27.522935770,""
"Antimicrobial resistance","Enterococcus faecium|Aminopenicillins","R - resistant isolates, percentage  ","%","2003","HR","Croatia",46.875000000,""
"Antimicrobial resistance","Enterococcus faecium|Aminopenicillins","R - resistant isolates, percentage  ","%","2003","HU","Hungary",90.697674410,""
"Antimicrobial resistance","Enterococcus faecium|Aminopenicillins","R - resistant isolates, percentage  ","%","2003","IE","Ireland",90.909090900,""
"Antimicrobial resistance","Enterococcus faecium|Aminopenicillins","R - resistant isolates, percentage  ","%","2003","IS","Iceland",-,""
"Antimicrobial resistance","Enterococcus faecium|Aminopenicillins","R - resistant isolates, percentage  ","%","2003","IT","Italy",79.870129870,""
"Antimicrobial resistance","Enterococcus faecium|Aminopenicillins","R - resistant isolates, percentage  ","%","2003","LU","Luxembourg",-,""
"Antimicrobial resistance","Enterococcus faecium|Aminopenicillins","R - resistant isolates, percentage  ","%","2003","MT","Malta",-,""
"Antimicrobial resistance","Enterococcus faecium|Aminopenicillins","R - resistant isolates, percentage  ","%","2003","NL","Netherlands",28.431372540,""
"Antimicrobial resistance","Enterococcus faecium|Aminopenicillins","R - resistant isolates, percentage  ","%","2003","NO","Norway",35.135135130,""
"Antimicrobial resistance","Enterococcus faecium|Aminopenicillins","R - resistant isolates, percentage  ","%","2003","PL","Poland",90.909090900,""
"Antimicrobial resistance","Enterococcus faecium|Aminopenicillins","R - resistant isolates, percentage  ","%","2003","PT","Portugal",88.235294110,""
"Antimicrobial resistance","Enterococcus faecium|Aminopenicillins","R - resistant isolates, percentage  ","%","2003","RO","Romania",-,""
"Antimicrobial resistance","Enterococcus faecium|Aminopenicillins","R - resistant isolates, percentage  ","%","2003","SE","Sweden",76.150627610,""
"Antimicrobial resistance","Enterococcus faecium|Aminopenicillins","R - resistant isolates, percentage  ","%","2003","SI","Slovenia",82.608695650,""
"Antimicrobial resistance","Enterococcus faecium|Aminopenicillins","R - resistant isolates, percentage  ","%","2003","SK","Slovakia",-,""
"Antimicrobial resistance","Enterococcus faecium|Aminopenicillins","R - resistant isolates, percentage  ","%","2004","AT","Austria",84.848484840,""
"Antimicrobial resistance","Enterococcus faecium|Aminopenicillins","R - resistant isolates, percentage  ","%","2004","BE","Belgium",63.414634140,""
"Antimicrobial resistance","Enterococcus faecium|Aminopenicillins","R - resistant isolates, percentage  ","%","2004","BG","Bulgaria",59.090909090,""
"Antimicrobial resistance","Enterococcus faecium|Aminopenicillins","R - resistant isolates, percentage  ","%","2004","CY","Cyprus",-,""
"Antimicrobial resistance","Enterococcus faecium|Aminopenicillins","R - resistant isolates, percentage  ","%","2004","CZ","Czechia",81.132075470,""
"Antimicrobial resistance","Enterococcus faecium|Aminopenicillins","R - resistant isolates, percentage  ","%","2004","DE","Germany",87.349397590,""
"Antimicrobial resistance","Enterococcus faecium|Aminopenicillins","R - resistant isolates, percentage  ","%","2004","EE","Estonia",-,""
"Antimicrobial resistance","Enterococcus faecium|Aminopenicillins","R - resistant isolates, percentage  ","%","2004","EL","Greece",83.703703700,""
"Antimicrobial resistance","Enterococcus faecium|Aminopenicillins","R - resistant isolates, percentage  ","%","2004","ES","Spain",66.406250000,""
"Antimicrobial resistance","Enterococcus faecium|Aminopenicillins","R - resistant isolates, percentage  ","%","2004","FI","Finland",69.230769230,""
"Antimicrobial resistance","Enterococcus faecium|Aminopenicillins","R - resistant isolates, percentage  ","%","2004","FR","France",46.357615890,""
"Antimicrobial resistance","Enterococcus faecium|Aminopenicillins","R - resistant isolates, percentage  ","%","2004","HR","Croatia",68.965517240,""
"Antimicrobial resistance","Enterococcus faecium|Aminopenicillins","R - resistant isolates, percentage  ","%","2004","HU","Hungary",94.915254230,""
"Antimicrobial resistance","Enterococcus faecium|Aminopenicillins","R - resistant isolates, percentage  ","%","2004","IE","Ireland",95.555555550,""
"Antimicrobial resistance","Enterococcus faecium|Aminopenicillins","R - resistant isolates, percentage  ","%","2004","IS","Iceland",-,""
"Antimicrobial resistance","Enterococcus faecium|Aminopenicillins","R - resistant isolates, percentage  ","%","2004","IT","Italy",78.443113770,""
"Antimicrobial resistance","Enterococcus faecium|Aminopenicillins","R - resistant isolates, percentage  ","%","2004","LU","Luxembourg",-,""
"Antimicrobial resistance","Enterococcus faecium|Aminopenicillins","R - resistant isolates, percentage  ","%","2004","MT","Malta",-,""
"Antimicrobial resistance","Enterococcus faecium|Aminopenicillins","R - resistant isolates, percentage  ","%","2004","NL","Netherlands",40.641711220,""
"Antimicrobial resistance","Enterococcus faecium|Aminopenicillins","R - resistant isolates, percentage  ","%","2004","NO","Norway",74.285714280,""
"Antimicrobial resistance","Enterococcus faecium|Aminopenicillins","R - resistant isolates, percentage  ","%","2004","PL","Poland",-,""
"Antimicrobial resistance","Enterococcus faecium|Aminopenicillins","R - resistant isolates, percentage  ","%","2004","PT","Portugal",83.495145630,""
"Antimicrobial resistance","Enterococcus faecium|Aminopenicillins","R - resistant isolates, percentage  ","%","2004","RO","Romania",-,""
"Antimicrobial resistance","Enterococcus faecium|Aminopenicillins","R - resistant isolates, percentage  ","%","2004","SE","Sweden",77.692307690,""
"Antimicrobial resistance","Enterococcus faecium|Aminopenicillins","R - resistant isolates, percentage  ","%","2004","SI","Slovenia",76.470588230,""
"Antimicrobial resistance","Enterococcus faecium|Aminopenicillins","R - resistant isolates, percentage  ","%","2004","SK","Slovakia",-,""
"Antimicrobial resistance","Enterococcus faecium|Aminopenicillins","R - resistant isolates, percentage  ","%","2005","AT","Austria",84.482758620,""
"Antimicrobial resistance","Enterococcus faecium|Aminopenicillins","R - resistant isolates, percentage  ","%","2005","BE","Belgium",60.975609750,""
"Antimicrobial resistance","Enterococcus faecium|Aminopenicillins","R - resistant isolates, percentage  ","%","2005","BG","Bulgaria",96.153846150,""
"Antimicrobial resistance","Enterococcus faecium|Aminopenicillins","R - resistant isolates, percentage  ","%","2005","CY","Cyprus",-,""
"Antimicrobial resistance","Enterococcus faecium|Aminopenicillins","R - resistant isolates, percentage  ","%","2005","CZ","Czechia",91.943127960,""
"Antimicrobial resistance","Enterococcus faecium|Aminopenicillins","R - resistant isolates, percentage  ","%","2005","DE","Germany",89.956331870,""
"Antimicrobial resistance","Enterococcus faecium|Aminopenicillins","R - resistant isolates, percentage  ","%","2005","EE","Estonia",82.608695650,""
"Antimicrobial resistance","Enterococcus faecium|Aminopenicillins","R - resistant isolates, percentage  ","%","2005","EL","Greece",85.446009380,""
"Antimicrobial resistance","Enterococcus faecium|Aminopenicillins","R - resistant isolates, percentage  ","%","2005","ES","Spain",67.375886520,""
"Antimicrobial resistance","Enterococcus faecium|Aminopenicillins","R - resistant isolates, percentage  ","%","2005","FI","Finland",77.777777770,""
"Antimicrobial resistance","Enterococcus faecium|Aminopenicillins","R - resistant isolates, percentage  ","%","2005","FR","France",58.163265300,""
"Antimicrobial resistance","Enterococcus faecium|Aminopenicillins","R - resistant isolates, percentage  ","%","2005","HR","Croatia",82.352941170,""
"Antimicrobial resistance","Enterococcus faecium|Aminopenicillins","R - resistant isolates, percentage  ","%","2005","HU","Hungary",90.909090900,""
"Antimicrobial resistance","Enterococcus faecium|Aminopenicillins","R - resistant isolates, percentage  ","%","2005","IE","Ireland",93.055555550,""
"Antimicrobial resistance","Enterococcus faecium|Aminopenicillins","R - resistant isolates, percentage  ","%","2005","IS","Iceland",-,""
"Antimicrobial resistance","Enterococcus faecium|Aminopenicillins","R - resistant isolates, percentage  ","%","2005","IT","Italy",77.486910990,""
"Antimicrobial resistance","Enterococcus faecium|Aminopenicillins","R - resistant isolates, percentage  ","%","2005","LU","Luxembourg",-,""
"Antimicrobial resistance","Enterococcus faecium|Aminopenicillins","R - resistant isolates, percentage  ","%","2005","MT","Malta",-,""
"Antimicrobial resistance","Enterococcus faecium|Aminopenicillins","R - resistant isolates, percentage  ","%","2005","NL","Netherlands",55.789473680,""
"Antimicrobial resistance","Enterococcus faecium|Aminopenicillins","R - resistant isolates, percentage  ","%","2005","NO","Norway",63.076923070,""
"Antimicrobial resistance","Enterococcus faecium|Aminopenicillins","R - resistant isolates, percentage  ","%","2005","PL","Poland",95.238095230,""
"Antimicrobial resistance","Enterococcus faecium|Aminopenicillins","R - resistant isolates, percentage  ","%","2005","PT","Portugal",92.473118270,""
"Antimicrobial resistance","Enterococcus faecium|Aminopenicillins","R - resistant isolates, percentage  ","%","2005","RO","Romania",-,""
"Antimicrobial resistance","Enterococcus faecium|Aminopenicillins","R - resistant isolates, percentage  ","%","2005","SE","Sweden",72.800000000,""
"Antimicrobial resistance","Enterococcus faecium|Aminopenicillins","R - resistant isolates, percentage  ","%","2005","SI","Slovenia",93.333333330,""
"Antimicrobial resistance","Enterococcus faecium|Aminopenicillins","R - resistant isolates, percentage  ","%","2005","SK","Slovakia",-,""
"Antimicrobial resistance","Enterococcus faecium|Aminopenicillins","R - resistant isolates, percentage  ","%","2005","UK","United Kingdom",83.962264150,""
"Antimicrobial resistance","Enterococcus faecium|Aminopenicillins","R - resistant isolates, percentage  ","%","2006","AT","Austria",88.842975200,""
"Antimicrobial resistance","Enterococcus faecium|Aminopenicillins","R - resistant isolates, percentage  ","%","2006","BE","Belgium",67.346938770,""
"Antimicrobial resistance","Enterococcus faecium|Aminopenicillins","R - resistant isolates, percentage  ","%","2006","BG","Bulgaria",96.551724130,""
"Antimicrobial resistance","Enterococcus faecium|Aminopenicillins","R - resistant isolates, percentage  ","%","2006","CY","Cyprus",-,""
"Antimicrobial resistance","Enterococcus faecium|Aminopenicillins","R - resistant isolates, percentage  ","%","2006","CZ","Czechia",90.109890100,""
"Antimicrobial resistance","Enterococcus faecium|Aminopenicillins","R - resistant isolates, percentage  ","%","2006","DE","Germany",90.871369290,""
"Antimicrobial resistance","Enterococcus faecium|Aminopenicillins","R - resistant isolates, percentage  ","%","2006","DK","Denmark",84.827586200,""
"Antimicrobial resistance","Enterococcus faecium|Aminopenicillins","R - resistant isolates, percentage  ","%","2006","EE","Estonia",83.870967740,""
"Antimicrobial resistance","Enterococcus faecium|Aminopenicillins","R - resistant isolates, percentage  ","%","2006","EL","Greece",87.586206890,""
"Antimicrobial resistance","Enterococcus faecium|Aminopenicillins","R - resistant isolates, percentage  ","%","2006","ES","Spain",73.142857140,""
"Antimicrobial resistance","Enterococcus faecium|Aminopenicillins","R - resistant isolates, percentage  ","%","2006","FI","Finland",80.165289250,""
"Antimicrobial resistance","Enterococcus faecium|Aminopenicillins","R - resistant isolates, percentage  ","%","2006","FR","France",61.463414630,""
"Antimicrobial resistance","Enterococcus faecium|Aminopenicillins","R - resistant isolates, percentage  ","%","2006","HR","Croatia",68.571428570,""
"Antimicrobial resistance","Enterococcus faecium|Aminopenicillins","R - resistant isolates, percentage  ","%","2006","HU","Hungary",88.095238090,""
"Antimicrobial resistance","Enterococcus faecium|Aminopenicillins","R - resistant isolates, percentage  ","%","2006","IE","Ireland",93.750000000,""
"Antimicrobial resistance","Enterococcus faecium|Aminopenicillins","R - resistant isolates, percentage  ","%","2006","IS","Iceland",-,""
"Antimicrobial resistance","Enterococcus faecium|Aminopenicillins","R - resistant isolates, percentage  ","%","2006","IT","Italy",86.144578310,""
"Antimicrobial resistance","Enterococcus faecium|Aminopenicillins","R - resistant isolates, percentage  ","%","2006","LT","Lithuania",-,""
"Antimicrobial resistance","Enterococcus faecium|Aminopenicillins","R - resistant isolates, percentage  ","%","2006","LU","Luxembourg",-,""
"Antimicrobial resistance","Enterococcus faecium|Aminopenicillins","R - resistant isolates, percentage  ","%","2006","LV","Latvia",-,""
"Antimicrobial resistance","Enterococcus faecium|Aminopenicillins","R - resistant isolates, percentage  ","%","2006","MT","Malta",-,""
"Antimicrobial resistance","Enterococcus faecium|Aminopenicillins","R - resistant isolates, percentage  ","%","2006","NL","Netherlands",71.612903220,""
"Antimicrobial resistance","Enterococcus faecium|Aminopenicillins","R - resistant isolates, percentage  ","%","2006","NO","Norway",74.647887320,""
"Antimicrobial resistance","Enterococcus faecium|Aminopenicillins","R - resistant isolates, percentage  ","%","2006","PL","Poland",95.000000000,""
"Antimicrobial resistance","Enterococcus faecium|Aminopenicillins","R - resistant isolates, percentage  ","%","2006","PT","Portugal",75.939849620,""
"Antimicrobial resistance","Enterococcus faecium|Aminopenicillins","R - resistant isolates, percentage  ","%","2006","RO","Romania",-,""
"Antimicrobial resistance","Enterococcus faecium|Aminopenicillins","R - resistant isolates, percentage  ","%","2006","SE","Sweden",74.632352940,""
"Antimicrobial resistance","Enterococcus faecium|Aminopenicillins","R - resistant isolates, percentage  ","%","2006","SI","Slovenia",86.000000000,""
"Antimicrobial resistance","Enterococcus faecium|Aminopenicillins","R - resistant isolates, percentage  ","%","2006","UK","United Kingdom",77.575757570,""
"Antimicrobial resistance","Enterococcus faecium|Aminopenicillins","R - resistant isolates, percentage  ","%","2007","AT","Austria",81.985294110,""
"Antimicrobial resistance","Enterococcus faecium|Aminopenicillins","R - resistant isolates, percentage  ","%","2007","BE","Belgium",68.181818180,""
"Antimicrobial resistance","Enterococcus faecium|Aminopenicillins","R - resistant isolates, percentage  ","%","2007","BG","Bulgaria",-,""
"Antimicrobial resistance","Enterococcus faecium|Aminopenicillins","R - resistant isolates, percentage  ","%","2007","CY","Cyprus",-,""
"Antimicrobial resistance","Enterococcus faecium|Aminopenicillins","R - resistant isolates, percentage  ","%","2007","CZ","Czechia",91.266375540,""
"Antimicrobial resistance","Enterococcus faecium|Aminopenicillins","R - resistant isolates, percentage  ","%","2007","DE","Germany",94.525547440,""
"Antimicrobial resistance","Enterococcus faecium|Aminopenicillins","R - resistant isolates, percentage  ","%","2007","DK","Denmark",86.388888880,""
"Antimicrobial resistance","Enterococcus faecium|Aminopenicillins","R - resistant isolates, percentage  ","%","2007","EE","Estonia",93.548387090,""
"Antimicrobial resistance","Enterococcus faecium|Aminopenicillins","R - resistant isolates, percentage  ","%","2007","EL","Greece",90.598290590,""
"Antimicrobial resistance","Enterococcus faecium|Aminopenicillins","R - resistant isolates, percentage  ","%","2007","ES","Spain",78.899082560,""
"Antimicrobial resistance","Enterococcus faecium|Aminopenicillins","R - resistant isolates, percentage  ","%","2007","FI","Finland",87.272727270,""
"Antimicrobial resistance","Enterococcus faecium|Aminopenicillins","R - resistant isolates, percentage  ","%","2007","FR","France",60.256410250,""
"Antimicrobial resistance","Enterococcus faecium|Aminopenicillins","R - resistant isolates, percentage  ","%","2007","HR","Croatia",78.431372540,""
"Antimicrobial resistance","Enterococcus faecium|Aminopenicillins","R - resistant isolates, percentage  ","%","2007","HU","Hungary",86.440677960,""
"Antimicrobial resistance","Enterococcus faecium|Aminopenicillins","R - resistant isolates, percentage  ","%","2007","IE","Ireland",92.926045010,""
"Antimicrobial resistance","Enterococcus faecium|Aminopenicillins","R - resistant isolates, percentage  ","%","2007","IS","Iceland",-,""
"Antimicrobial resistance","Enterococcus faecium|Aminopenicillins","R - resistant isolates, percentage  ","%","2007","IT","Italy",72.540983600,""
"Antimicrobial resistance","Enterococcus faecium|Aminopenicillins","R - resistant isolates, percentage  ","%","2007","LT","Lithuania",-,""
"Antimicrobial resistance","Enterococcus faecium|Aminopenicillins","R - resistant isolates, percentage  ","%","2007","LU","Luxembourg",-,""
"Antimicrobial resistance","Enterococcus faecium|Aminopenicillins","R - resistant isolates, percentage  ","%","2007","LV","Latvia",76.666666660,""
"Antimicrobial resistance","Enterococcus faecium|Aminopenicillins","R - resistant isolates, percentage  ","%","2007","MT","Malta",-,""
"Antimicrobial resistance","Enterococcus faecium|Aminopenicillins","R - resistant isolates, percentage  ","%","2007","NL","Netherlands",82.901554400,""
"Antimicrobial resistance","Enterococcus faecium|Aminopenicillins","R - resistant isolates, percentage  ","%","2007","NO","Norway",79.797979790,""
"Antimicrobial resistance","Enterococcus faecium|Aminopenicillins","R - resistant isolates, percentage  ","%","2007","PL","Poland",88.000000000,""
"Antimicrobial resistance","Enterococcus faecium|Aminopenicillins","R - resistant isolates, percentage  ","%","2007","PT","Portugal",92.258064510,""
"Antimicrobial resistance","Enterococcus faecium|Aminopenicillins","R - resistant isolates, percentage  ","%","2007","RO","Romania",-,""
"Antimicrobial resistance","Enterococcus faecium|Aminopenicillins","R - resistant isolates, percentage  ","%","2007","SE","Sweden",78.160919540,""
"Antimicrobial resistance","Enterococcus faecium|Aminopenicillins","R - resistant isolates, percentage  ","%","2007","SI","Slovenia",92.307692300,""
"Antimicrobial resistance","Enterococcus faecium|Aminopenicillins","R - resistant isolates, percentage  ","%","2007","UK","United Kingdom",82.089552230,""
"Antimicrobial resistance","Enterococcus faecium|Aminopenicillins","R - resistant isolates, percentage  ","%","2008","AT","Austria",90.773809520,""
"Antimicrobial resistance","Enterococcus faecium|Aminopenicillins","R - resistant isolates, percentage  ","%","2008","BE","Belgium",75.862068960,""
"Antimicrobial resistance","Enterococcus faecium|Aminopenicillins","R - resistant isolates, percentage  ","%","2008","BG","Bulgaria",93.103448270,""
"Antimicrobial resistance","Enterococcus faecium|Aminopenicillins","R - resistant isolates, percentage  ","%","2008","CY","Cyprus",-,""
"Antimicrobial resistance","Enterococcus faecium|Aminopenicillins","R - resistant isolates, percentage  ","%","2008","CZ","Czechia",94.017094010,""
"Antimicrobial resistance","Enterococcus faecium|Aminopenicillins","R - resistant isolates, percentage  ","%","2008","DE","Germany",94.736842100,""
"Antimicrobial resistance","Enterococcus faecium|Aminopenicillins","R - resistant isolates, percentage  ","%","2008","DK","Denmark",87.623762370,""
"Antimicrobial resistance","Enterococcus faecium|Aminopenicillins","R - resistant isolates, percentage  ","%","2008","EE","Estonia",84.615384610,""
"Antimicrobial resistance","Enterococcus faecium|Aminopenicillins","R - resistant isolates, percentage  ","%","2008","EL","Greece",85.260115600,""
"Antimicrobial resistance","Enterococcus faecium|Aminopenicillins","R - resistant isolates, percentage  ","%","2008","ES","Spain",78.892733560,""
"Antimicrobial resistance","Enterococcus faecium|Aminopenicillins","R - resistant isolates, percentage  ","%","2008","FI","Finland",86.875000000,""
"Antimicrobial resistance","Enterococcus faecium|Aminopenicillins","R - resistant isolates, percentage  ","%","2008","FR","France",62.059620590,""
"Antimicrobial resistance","Enterococcus faecium|Aminopenicillins","R - resistant isolates, percentage  ","%","2008","HR","Croatia",79.166666660,""
"Antimicrobial resistance","Enterococcus faecium|Aminopenicillins","R - resistant isolates, percentage  ","%","2008","HU","Hungary",94.202898550,""
"Antimicrobial resistance","Enterococcus faecium|Aminopenicillins","R - resistant isolates, percentage  ","%","2008","IE","Ireland",95.115681230,""
"Antimicrobial resistance","Enterococcus faecium|Aminopenicillins","R - resistant isolates, percentage  ","%","2008","IS","Iceland",-,""
"Antimicrobial resistance","Enterococcus faecium|Aminopenicillins","R - resistant isolates, percentage  ","%","2008","IT","Italy",63.981042650,""
"Antimicrobial resistance","Enterococcus faecium|Aminopenicillins","R - resistant isolates, percentage  ","%","2008","LT","Lithuania",87.500000000,""
"Antimicrobial resistance","Enterococcus faecium|Aminopenicillins","R - resistant isolates, percentage  ","%","2008","LU","Luxembourg",-,""
"Antimicrobial resistance","Enterococcus faecium|Aminopenicillins","R - resistant isolates, percentage  ","%","2008","LV","Latvia",90.000000000,""
"Antimicrobial resistance","Enterococcus faecium|Aminopenicillins","R - resistant isolates, percentage  ","%","2008","MT","Malta",-,""
"Antimicrobial resistance","Enterococcus faecium|Aminopenicillins","R - resistant isolates, percentage  ","%","2008","NL","Netherlands",84.090909090,""
"Antimicrobial resistance","Enterococcus faecium|Aminopenicillins","R - resistant isolates, percentage  ","%","2008","NO","Norway",75.892857140,""
"Antimicrobial resistance","Enterococcus faecium|Aminopenicillins","R - resistant isolates, percentage  ","%","2008","PL","Poland",-,""
"Antimicrobial resistance","Enterococcus faecium|Aminopenicillins","R - resistant isolates, percentage  ","%","2008","PT","Portugal",85.542168670,""
"Antimicrobial resistance","Enterococcus faecium|Aminopenicillins","R - resistant isolates, percentage  ","%","2008","RO","Romania",-,""
"Antimicrobial resistance","Enterococcus faecium|Aminopenicillins","R - resistant isolates, percentage  ","%","2008","SE","Sweden",81.494661920,""
"Antimicrobial resistance","Enterococcus faecium|Aminopenicillins","R - resistant isolates, percentage  ","%","2008","SI","Slovenia",96.052631570,""
"Antimicrobial resistance","Enterococcus faecium|Aminopenicillins","R - resistant isolates, percentage  ","%","2008","UK","United Kingdom",82.926829260,""
"Antimicrobial resistance","Enterococcus faecium|Aminopenicillins","R - resistant isolates, percentage  ","%","2009","AT","Austria",87.947882730,""
"Antimicrobial resistance","Enterococcus faecium|Aminopenicillins","R - resistant isolates, percentage  ","%","2009","BE","Belgium",89.552238800,""
"Antimicrobial resistance","Enterococcus faecium|Aminopenicillins","R - resistant isolates, percentage  ","%","2009","BG","Bulgaria",96.428571420,""
"Antimicrobial resistance","Enterococcus faecium|Aminopenicillins","R - resistant isolates, percentage  ","%","2009","CY","Cyprus",-,""
"Antimicrobial resistance","Enterococcus faecium|Aminopenicillins","R - resistant isolates, percentage  ","%","2009","CZ","Czechia",97.607655500,""
"Antimicrobial resistance","Enterococcus faecium|Aminopenicillins","R - resistant isolates, percentage  ","%","2009","DE","Germany",94.011976040,""
"Antimicrobial resistance","Enterococcus faecium|Aminopenicillins","R - resistant isolates, percentage  ","%","2009","DK","Denmark",86.913580240,""
"Antimicrobial resistance","Enterococcus faecium|Aminopenicillins","R - resistant isolates, percentage  ","%","2009","EE","Estonia",90.000000000,""
"Antimicrobial resistance","Enterococcus faecium|Aminopenicillins","R - resistant isolates, percentage  ","%","2009","EL","Greece",85.894206540,""
"Antimicrobial resistance","Enterococcus faecium|Aminopenicillins","R - resistant isolates, percentage  ","%","2009","ES","Spain",83.333333330,""
"Antimicrobial resistance","Enterococcus faecium|Aminopenicillins","R - resistant isolates, percentage  ","%","2009","FI","Finland",86.831275720,""
"Antimicrobial resistance","Enterococcus faecium|Aminopenicillins","R - resistant isolates, percentage  ","%","2009","FR","France",60.847457620,""
"Antimicrobial resistance","Enterococcus faecium|Aminopenicillins","R - resistant isolates, percentage  ","%","2009","HU","Hungary",97.368421050,""
"Antimicrobial resistance","Enterococcus faecium|Aminopenicillins","R - resistant isolates, percentage  ","%","2009","IE","Ireland",92.650918630,""
"Antimicrobial resistance","Enterococcus faecium|Aminopenicillins","R - resistant isolates, percentage  ","%","2009","IS","Iceland",68.000000000,""
"Antimicrobial resistance","Enterococcus faecium|Aminopenicillins","R - resistant isolates, percentage  ","%","2009","IT","Italy",59.890109890,""
"Antimicrobial resistance","Enterococcus faecium|Aminopenicillins","R - resistant isolates, percentage  ","%","2009","LT","Lithuania",-,""
"Antimicrobial resistance","Enterococcus faecium|Aminopenicillins","R - resistant isolates, percentage  ","%","2009","LU","Luxembourg",-,""
"Antimicrobial resistance","Enterococcus faecium|Aminopenicillins","R - resistant isolates, percentage  ","%","2009","LV","Latvia",81.818181810,""
"Antimicrobial resistance","Enterococcus faecium|Aminopenicillins","R - resistant isolates, percentage  ","%","2009","MT","Malta",-,""
"Antimicrobial resistance","Enterococcus faecium|Aminopenicillins","R - resistant isolates, percentage  ","%","2009","NL","Netherlands",89.162561570,""
"Antimicrobial resistance","Enterococcus faecium|Aminopenicillins","R - resistant isolates, percentage  ","%","2009","NO","Norway",75.961538460,""
"Antimicrobial resistance","Enterococcus faecium|Aminopenicillins","R - resistant isolates, percentage  ","%","2009","PL","Poland",97.500000000,""
"Antimicrobial resistance","Enterococcus faecium|Aminopenicillins","R - resistant isolates, percentage  ","%","2009","PT","Portugal",90.610328630,""
"Antimicrobial resistance","Enterococcus faecium|Aminopenicillins","R - resistant isolates, percentage  ","%","2009","RO","Romania",-,""
"Antimicrobial resistance","Enterococcus faecium|Aminopenicillins","R - resistant isolates, percentage  ","%","2009","SI","Slovenia",94.366197180,""
"Antimicrobial resistance","Enterococcus faecium|Aminopenicillins","R - resistant isolates, percentage  ","%","2009","UK","United Kingdom",90.588235290,""
"Antimicrobial resistance","Enterococcus faecium|Aminopenicillins","R - resistant isolates, percentage  ","%","2010","AT","Austria",92.372881350,""
"Antimicrobial resistance","Enterococcus faecium|Aminopenicillins","R - resistant isolates, percentage  ","%","2010","BE","Belgium",87.804878040,""
"Antimicrobial resistance","Enterococcus faecium|Aminopenicillins","R - resistant isolates, percentage  ","%","2010","BG","Bulgaria",100.000000000,""
"Antimicrobial resistance","Enterococcus faecium|Aminopenicillins","R - resistant isolates, percentage  ","%","2010","CY","Cyprus",78.260869560,""
"Antimicrobial resistance","Enterococcus faecium|Aminopenicillins","R - resistant isolates, percentage  ","%","2010","CZ","Czechia",97.340425530,""
"Antimicrobial resistance","Enterococcus faecium|Aminopenicillins","R - resistant isolates, percentage  ","%","2010","DE","Germany",94.318181810,""
"Antimicrobial resistance","Enterococcus faecium|Aminopenicillins","R - resistant isolates, percentage  ","%","2010","DK","Denmark",92.105263150,""
"Antimicrobial resistance","Enterococcus faecium|Aminopenicillins","R - resistant isolates, percentage  ","%","2010","EE","Estonia",90.000000000,""
"Antimicrobial resistance","Enterococcus faecium|Aminopenicillins","R - resistant isolates, percentage  ","%","2010","EL","Greece",92.773892770,""
"Antimicrobial resistance","Enterococcus faecium|Aminopenicillins","R - resistant isolates, percentage  ","%","2010","ES","Spain",83.227176220,""
"Antimicrobial resistance","Enterococcus faecium|Aminopenicillins","R - resistant isolates, percentage  ","%","2010","FI","Finland",81.818181810,""
"Antimicrobial resistance","Enterococcus faecium|Aminopenicillins","R - resistant isolates, percentage  ","%","2010","FR","France",76.066790350,""
"Antimicrobial resistance","Enterococcus faecium|Aminopenicillins","R - resistant isolates, percentage  ","%","2010","HR","Croatia",82.222222220,""
"Antimicrobial resistance","Enterococcus faecium|Aminopenicillins","R - resistant isolates, percentage  ","%","2010","HU","Hungary",96.808510630,""
"Antimicrobial resistance","Enterococcus faecium|Aminopenicillins","R - resistant isolates, percentage  ","%","2010","IE","Ireland",95.526315780,""
"Antimicrobial resistance","Enterococcus faecium|Aminopenicillins","R - resistant isolates, percentage  ","%","2010","IS","Iceland",-,""
"Antimicrobial resistance","Enterococcus faecium|Aminopenicillins","R - resistant isolates, percentage  ","%","2010","IT","Italy",69.623655910,""
"Antimicrobial resistance","Enterococcus faecium|Aminopenicillins","R - resistant isolates, percentage  ","%","2010","LT","Lithuania",88.000000000,""
"Antimicrobial resistance","Enterococcus faecium|Aminopenicillins","R - resistant isolates, percentage  ","%","2010","LU","Luxembourg",77.272727270,""
"Antimicrobial resistance","Enterococcus faecium|Aminopenicillins","R - resistant isolates, percentage  ","%","2010","LV","Latvia",100.000000000,""
"Antimicrobial resistance","Enterococcus faecium|Aminopenicillins","R - resistant isolates, percentage  ","%","2010","MT","Malta",-,""
"Antimicrobial resistance","Enterococcus faecium|Aminopenicillins","R - resistant isolates, percentage  ","%","2010","NL","Netherlands",86.868686860,""
"Antimicrobial resistance","Enterococcus faecium|Aminopenicillins","R - resistant isolates, percentage  ","%","2010","NO","Norway",84.558823520,""
"Antimicrobial resistance","Enterococcus faecium|Aminopenicillins","R - resistant isolates, percentage  ","%","2010","PL","Poland",95.294117640,""
"Antimicrobial resistance","Enterococcus faecium|Aminopenicillins","R - resistant isolates, percentage  ","%","2010","PT","Portugal",90.960451970,""
"Antimicrobial resistance","Enterococcus faecium|Aminopenicillins","R - resistant isolates, percentage  ","%","2010","RO","Romania",-,""
"Antimicrobial resistance","Enterococcus faecium|Aminopenicillins","R - resistant isolates, percentage  ","%","2010","SE","Sweden",79.672131140,""
"Antimicrobial resistance","Enterococcus faecium|Aminopenicillins","R - resistant isolates, percentage  ","%","2010","SI","Slovenia",94.915254230,""
"Antimicrobial resistance","Enterococcus faecium|Aminopenicillins","R - resistant isolates, percentage  ","%","2010","UK","United Kingdom",84.388185650,""
"Antimicrobial resistance","Enterococcus faecium|Aminopenicillins","R - resistant isolates, percentage  ","%","2011","AT","Austria",90.434782600,""
"Antimicrobial resistance","Enterococcus faecium|Aminopenicillins","R - resistant isolates, percentage  ","%","2011","BE","Belgium",83.333333330,""
"Antimicrobial resistance","Enterococcus faecium|Aminopenicillins","R - resistant isolates, percentage  ","%","2011","BG","Bulgaria",84.210526310,""
"Antimicrobial resistance","Enterococcus faecium|Aminopenicillins","R - resistant isolates, percentage  ","%","2011","CY","Cyprus",-,""
"Antimicrobial resistance","Enterococcus faecium|Aminopenicillins","R - resistant isolates, percentage  ","%","2011","CZ","Czechia",97.156398100,""
"Antimicrobial resistance","Enterococcus faecium|Aminopenicillins","R - resistant isolates, percentage  ","%","2011","DE","Germany",95.895522380,""
"Antimicrobial resistance","Enterococcus faecium|Aminopenicillins","R - resistant isolates, percentage  ","%","2011","DK","Denmark",93.116634790,""
"Antimicrobial resistance","Enterococcus faecium|Aminopenicillins","R - resistant isolates, percentage  ","%","2011","EL","Greece",92.805755390,""
"Antimicrobial resistance","Enterococcus faecium|Aminopenicillins","R - resistant isolates, percentage  ","%","2011","ES","Spain",82.417582410,""
"Antimicrobial resistance","Enterococcus faecium|Aminopenicillins","R - resistant isolates, percentage  ","%","2011","FI","Finland",87.894736840,""
"Antimicrobial resistance","Enterococcus faecium|Aminopenicillins","R - resistant isolates, percentage  ","%","2011","FR","France",78.240000000,""
"Antimicrobial resistance","Enterococcus faecium|Aminopenicillins","R - resistant isolates, percentage  ","%","2011","HR","Croatia",98.275862060,""
"Antimicrobial resistance","Enterococcus faecium|Aminopenicillins","R - resistant isolates, percentage  ","%","2011","HU","Hungary",95.327102800,""
"Antimicrobial resistance","Enterococcus faecium|Aminopenicillins","R - resistant isolates, percentage  ","%","2011","IE","Ireland",95.750708210,""
"Antimicrobial resistance","Enterococcus faecium|Aminopenicillins","R - resistant isolates, percentage  ","%","2011","IS","Iceland",-,""
"Antimicrobial resistance","Enterococcus faecium|Aminopenicillins","R - resistant isolates, percentage  ","%","2011","IT","Italy",81.923076920,""
"Antimicrobial resistance","Enterococcus faecium|Aminopenicillins","R - resistant isolates, percentage  ","%","2011","LT","Lithuania",96.153846150,""
"Antimicrobial resistance","Enterococcus faecium|Aminopenicillins","R - resistant isolates, percentage  ","%","2011","LU","Luxembourg",70.833333330,""
"Antimicrobial resistance","Enterococcus faecium|Aminopenicillins","R - resistant isolates, percentage  ","%","2011","LV","Latvia",95.833333330,""
"Antimicrobial resistance","Enterococcus faecium|Aminopenicillins","R - resistant isolates, percentage  ","%","2011","MT","Malta",-,""
"Antimicrobial resistance","Enterococcus faecium|Aminopenicillins","R - resistant isolates, percentage  ","%","2011","NL","Netherlands",90.080000000,""
"Antimicrobial resistance","Enterococcus faecium|Aminopenicillins","R - resistant isolates, percentage  ","%","2011","NO","Norway",75.000000000,""
"Antimicrobial resistance","Enterococcus faecium|Aminopenicillins","R - resistant isolates, percentage  ","%","2011","PL","Poland",92.857142850,""
"Antimicrobial resistance","Enterococcus faecium|Aminopenicillins","R - resistant isolates, percentage  ","%","2011","PT","Portugal",81.000000000,""
"Antimicrobial resistance","Enterococcus faecium|Aminopenicillins","R - resistant isolates, percentage  ","%","2011","RO","Romania",-,""
"Antimicrobial resistance","Enterococcus faecium|Aminopenicillins","R - resistant isolates, percentage  ","%","2011","SE","Sweden",86.865671640,""
"Antimicrobial resistance","Enterococcus faecium|Aminopenicillins","R - resistant isolates, percentage  ","%","2011","SI","Slovenia",90.361445780,""
"Antimicrobial resistance","Enterococcus faecium|Aminopenicillins","R - resistant isolates, percentage  ","%","2011","SK","Slovakia",96.078431370,""
"Antimicrobial resistance","Enterococcus faecium|Aminopenicillins","R - resistant isolates, percentage  ","%","2011","UK","United Kingdom",89.225589220,""
"Antimicrobial resistance","Enterococcus faecium|Aminopenicillins","R - resistant isolates, percentage  ","%","2012","AT","Austria",90.598290590,""
"Antimicrobial resistance","Enterococcus faecium|Aminopenicillins","R - resistant isolates, percentage  ","%","2012","BE","Belgium",78.061224480,""
"Antimicrobial resistance","Enterococcus faecium|Aminopenicillins","R - resistant isolates, percentage  ","%","2012","BG","Bulgaria",95.000000000,""
"Antimicrobial resistance","Enterococcus faecium|Aminopenicillins","R - resistant isolates, percentage  ","%","2012","CY","Cyprus",75.862068960,""
"Antimicrobial resistance","Enterococcus faecium|Aminopenicillins","R - resistant isolates, percentage  ","%","2012","CZ","Czechia",97.709923660,""
"Antimicrobial resistance","Enterococcus faecium|Aminopenicillins","R - resistant isolates, percentage  ","%","2012","DE","Germany",93.167701860,""
"Antimicrobial resistance","Enterococcus faecium|Aminopenicillins","R - resistant isolates, percentage  ","%","2012","DK","Denmark",93.583724560,""
"Antimicrobial resistance","Enterococcus faecium|Aminopenicillins","R - resistant isolates, percentage  ","%","2012","EE","Estonia",86.842105260,""
"Antimicrobial resistance","Enterococcus faecium|Aminopenicillins","R - resistant isolates, percentage  ","%","2012","EL","Greece",93.509615380,""
"Antimicrobial resistance","Enterococcus faecium|Aminopenicillins","R - resistant isolates, percentage  ","%","2012","ES","Spain",87.054409000,""
"Antimicrobial resistance","Enterococcus faecium|Aminopenicillins","R - resistant isolates, percentage  ","%","2012","FI","Finland",85.365853650,""
"Antimicrobial resistance","Enterococcus faecium|Aminopenicillins","R - resistant isolates, percentage  ","%","2012","FR","France",78.685897430,""
"Antimicrobial resistance","Enterococcus faecium|Aminopenicillins","R - resistant isolates, percentage  ","%","2012","HR","Croatia",98.333333330,""
"Antimicrobial resistance","Enterococcus faecium|Aminopenicillins","R - resistant isolates, percentage  ","%","2012","HU","Hungary",99.242424240,""
"Antimicrobial resistance","Enterococcus faecium|Aminopenicillins","R - resistant isolates, percentage  ","%","2012","IE","Ireland",93.121693120,""
"Antimicrobial resistance","Enterococcus faecium|Aminopenicillins","R - resistant isolates, percentage  ","%","2012","IS","Iceland",-,""
"Antimicrobial resistance","Enterococcus faecium|Aminopenicillins","R - resistant isolates, percentage  ","%","2012","IT","Italy",86.063569680,""
"Antimicrobial resistance","Enterococcus faecium|Aminopenicillins","R - resistant isolates, percentage  ","%","2012","LT","Lithuania",86.486486480,""
"Antimicrobial resistance","Enterococcus faecium|Aminopenicillins","R - resistant isolates, percentage  ","%","2012","LU","Luxembourg",80.000000000,""
"Antimicrobial resistance","Enterococcus faecium|Aminopenicillins","R - resistant isolates, percentage  ","%","2012","LV","Latvia",-,""
"Antimicrobial resistance","Enterococcus faecium|Aminopenicillins","R - resistant isolates, percentage  ","%","2012","MT","Malta",-,""
"Antimicrobial resistance","Enterococcus faecium|Aminopenicillins","R - resistant isolates, percentage  ","%","2012","NL","Netherlands",90.442225390,""
"Antimicrobial resistance","Enterococcus faecium|Aminopenicillins","R - resistant isolates, percentage  ","%","2012","NO","Norway",82.840236680,""
"Antimicrobial resistance","Enterococcus faecium|Aminopenicillins","R - resistant isolates, percentage  ","%","2012","PL","Poland",98.275862060,""
"Antimicrobial resistance","Enterococcus faecium|Aminopenicillins","R - resistant isolates, percentage  ","%","2012","PT","Portugal",94.400000000,""
"Antimicrobial resistance","Enterococcus faecium|Aminopenicillins","R - resistant isolates, percentage  ","%","2012","RO","Romania",94.117647050,""
"Antimicrobial resistance","Enterococcus faecium|Aminopenicillins","R - resistant isolates, percentage  ","%","2012","SE","Sweden",83.008356540,""
"Antimicrobial resistance","Enterococcus faecium|Aminopenicillins","R - resistant isolates, percentage  ","%","2012","SI","Slovenia",92.631578940,""
"Antimicrobial resistance","Enterococcus faecium|Aminopenicillins","R - resistant isolates, percentage  ","%","2012","SK","Slovakia",95.121951210,""
"Antimicrobial resistance","Enterococcus faecium|Aminopenicillins","R - resistant isolates, percentage  ","%","2012","UK","United Kingdom",93.083573480,""
"Antimicrobial resistance","Enterococcus faecium|Aminopenicillins","R - resistant isolates, percentage  ","%","2013","AT","Austria",92.137592130,""
"Antimicrobial resistance","Enterococcus faecium|Aminopenicillins","R - resistant isolates, percentage  ","%","2013","BE","Belgium",73.837209300,""
"Antimicrobial resistance","Enterococcus faecium|Aminopenicillins","R - resistant isolates, percentage  ","%","2013","BG","Bulgaria",88.372093020,""
"Antimicrobial resistance","Enterococcus faecium|Aminopenicillins","R - resistant isolates, percentage  ","%","2013","CY","Cyprus",89.655172410,""
"Antimicrobial resistance","Enterococcus faecium|Aminopenicillins","R - resistant isolates, percentage  ","%","2013","CZ","Czechia",95.910780660,""
"Antimicrobial resistance","Enterococcus faecium|Aminopenicillins","R - resistant isolates, percentage  ","%","2013","DE","Germany",93.301997640,""
"Antimicrobial resistance","Enterococcus faecium|Aminopenicillins","R - resistant isolates, percentage  ","%","2013","DK","Denmark",92.592592590,""
"Antimicrobial resistance","Enterococcus faecium|Aminopenicillins","R - resistant isolates, percentage  ","%","2013","EE","Estonia",74.358974350,""
"Antimicrobial resistance","Enterococcus faecium|Aminopenicillins","R - resistant isolates, percentage  ","%","2013","EL","Greece",88.825214890,""
"Antimicrobial resistance","Enterococcus faecium|Aminopenicillins","R - resistant isolates, percentage  ","%","2013","ES","Spain",85.137614670,""
"Antimicrobial resistance","Enterococcus faecium|Aminopenicillins","R - resistant isolates, percentage  ","%","2013","FI","Finland",78.602620080,""
"Antimicrobial resistance","Enterococcus faecium|Aminopenicillins","R - resistant isolates, percentage  ","%","2013","FR","France",77.397260270,""
"Antimicrobial resistance","Enterococcus faecium|Aminopenicillins","R - resistant isolates, percentage  ","%","2013","HR","Croatia",89.189189180,""
"Antimicrobial resistance","Enterococcus faecium|Aminopenicillins","R - resistant isolates, percentage  ","%","2013","HU","Hungary",99.052132700,""
"Antimicrobial resistance","Enterococcus faecium|Aminopenicillins","R - resistant isolates, percentage  ","%","2013","IE","Ireland",92.171717170,""
"Antimicrobial resistance","Enterococcus faecium|Aminopenicillins","R - resistant isolates, percentage  ","%","2013","IS","Iceland",-,""
"Antimicrobial resistance","Enterococcus faecium|Aminopenicillins","R - resistant isolates, percentage  ","%","2013","IT","Italy",82.181818180,""
"Antimicrobial resistance","Enterococcus faecium|Aminopenicillins","R - resistant isolates, percentage  ","%","2013","LT","Lithuania",96.000000000,""
"Antimicrobial resistance","Enterococcus faecium|Aminopenicillins","R - resistant isolates, percentage  ","%","2013","LU","Luxembourg",-,""
"Antimicrobial resistance","Enterococcus faecium|Aminopenicillins","R - resistant isolates, percentage  ","%","2013","LV","Latvia",96.000000000,""
"Antimicrobial resistance","Enterococcus faecium|Aminopenicillins","R - resistant isolates, percentage  ","%","2013","MT","Malta",-,""
"Antimicrobial resistance","Enterococcus faecium|Aminopenicillins","R - resistant isolates, percentage  ","%","2013","NL","Netherlands",90.092470270,""
"Antimicrobial resistance","Enterococcus faecium|Aminopenicillins","R - resistant isolates, percentage  ","%","2013","NO","Norway",87.323943660,""
"Antimicrobial resistance","Enterococcus faecium|Aminopenicillins","R - resistant isolates, percentage  ","%","2013","PL","Poland",96.666666660,""
"Antimicrobial resistance","Enterococcus faecium|Aminopenicillins","R - resistant isolates, percentage  ","%","2013","PT","Portugal",90.391459070,""
"Antimicrobial resistance","Enterococcus faecium|Aminopenicillins","R - resistant isolates, percentage  ","%","2013","RO","Romania",90.740740740,""
"Antimicrobial resistance","Enterococcus faecium|Aminopenicillins","R - resistant isolates, percentage  ","%","2013","SE","Sweden",79.744525540,""
"Antimicrobial resistance","Enterococcus faecium|Aminopenicillins","R - resistant isolates, percentage  ","%","2013","SI","Slovenia",90.196078430,""
"Antimicrobial resistance","Enterococcus faecium|Aminopenicillins","R - resistant isolates, percentage  ","%","2013","SK","Slovakia",96.923076920,""
"Antimicrobial resistance","Enterococcus faecium|Aminopenicillins","R - resistant isolates, percentage  ","%","2013","UK","United Kingdom",92.093023250,""
"Antimicrobial resistance","Enterococcus faecium|Aminopenicillins","R - resistant isolates, percentage  ","%","2014","AT","Austria",93.258426960,""
"Antimicrobial resistance","Enterococcus faecium|Aminopenicillins","R - resistant isolates, percentage  ","%","2014","BE","Belgium",84.816753920,""
"Antimicrobial resistance","Enterococcus faecium|Aminopenicillins","R - resistant isolates, percentage  ","%","2014","BG","Bulgaria",96.666666660,""
"Antimicrobial resistance","Enterococcus faecium|Aminopenicillins","R - resistant isolates, percentage  ","%","2014","CY","Cyprus",82.857142850,""
"Antimicrobial resistance","Enterococcus faecium|Aminopenicillins","R - resistant isolates, percentage  ","%","2014","CZ","Czechia",96.000000000,""
"Antimicrobial resistance","Enterococcus faecium|Aminopenicillins","R - resistant isolates, percentage  ","%","2014","DE","Germany",92.149758450,""
"Antimicrobial resistance","Enterococcus faecium|Aminopenicillins","R - resistant isolates, percentage  ","%","2014","DK","Denmark",93.697478990,""
"Antimicrobial resistance","Enterococcus faecium|Aminopenicillins","R - resistant isolates, percentage  ","%","2014","EE","Estonia",73.469387750,""
"Antimicrobial resistance","Enterococcus faecium|Aminopenicillins","R - resistant isolates, percentage  ","%","2014","EL","Greece",91.111111110,""
"Antimicrobial resistance","Enterococcus faecium|Aminopenicillins","R - resistant isolates, percentage  ","%","2014","ES","Spain",82.815356480,""
"Antimicrobial resistance","Enterococcus faecium|Aminopenicillins","R - resistant isolates, percentage  ","%","2014","FI","Finland",82.971014490,""
"Antimicrobial resistance","Enterococcus faecium|Aminopenicillins","R - resistant isolates, percentage  ","%","2014","FR","France",76.196808510,""
"Antimicrobial resistance","Enterococcus faecium|Aminopenicillins","R - resistant isolates, percentage  ","%","2014","HR","Croatia",94.117647050,""
"Antimicrobial resistance","Enterococcus faecium|Aminopenicillins","R - resistant isolates, percentage  ","%","2014","HU","Hungary",97.767857140,""
"Antimicrobial resistance","Enterococcus faecium|Aminopenicillins","R - resistant isolates, percentage  ","%","2014","IE","Ireland",94.805194800,""
"Antimicrobial resistance","Enterococcus faecium|Aminopenicillins","R - resistant isolates, percentage  ","%","2014","IS","Iceland",-,""
"Antimicrobial resistance","Enterococcus faecium|Aminopenicillins","R - resistant isolates, percentage  ","%","2014","IT","Italy",82.563025210,""
"Antimicrobial resistance","Enterococcus faecium|Aminopenicillins","R - resistant isolates, percentage  ","%","2014","LT","Lithuania",100.000000000,""
"Antimicrobial resistance","Enterococcus faecium|Aminopenicillins","R - resistant isolates, percentage  ","%","2014","LU","Luxembourg",77.419354830,""
"Antimicrobial resistance","Enterococcus faecium|Aminopenicillins","R - resistant isolates, percentage  ","%","2014","LV","Latvia",97.142857140,""
"Antimicrobial resistance","Enterococcus faecium|Aminopenicillins","R - resistant isolates, percentage  ","%","2014","MT","Malta",-,""
"Antimicrobial resistance","Enterococcus faecium|Aminopenicillins","R - resistant isolates, percentage  ","%","2014","NL","Netherlands",86.928104570,""
"Antimicrobial resistance","Enterococcus faecium|Aminopenicillins","R - resistant isolates, percentage  ","%","2014","NO","Norway",84.649122800,""
"Antimicrobial resistance","Enterococcus faecium|Aminopenicillins","R - resistant isolates, percentage  ","%","2014","PL","Poland",96.531791900,""
"Antimicrobial resistance","Enterococcus faecium|Aminopenicillins","R - resistant isolates, percentage  ","%","2014","PT","Portugal",88.424437290,""
"Antimicrobial resistance","Enterococcus faecium|Aminopenicillins","R - resistant isolates, percentage  ","%","2014","RO","Romania",94.545454540,""
"Antimicrobial resistance","Enterococcus faecium|Aminopenicillins","R - resistant isolates, percentage  ","%","2014","SE","Sweden",81.560283680,""
"Antimicrobial resistance","Enterococcus faecium|Aminopenicillins","R - resistant isolates, percentage  ","%","2014","SI","Slovenia",96.521739130,""
"Antimicrobial resistance","Enterococcus faecium|Aminopenicillins","R - resistant isolates, percentage  ","%","2014","SK","Slovakia",94.531250000,""
"Antimicrobial resistance","Enterococcus faecium|Aminopenicillins","R - resistant isolates, percentage  ","%","2014","UK","United Kingdom",92.500000000,""
"Antimicrobial resistance","Enterococcus faecium|Aminopenicillins","R - resistant isolates, percentage  ","%","2015","AT","Austria",91.479820620,""
"Antimicrobial resistance","Enterococcus faecium|Aminopenicillins","R - resistant isolates, percentage  ","%","2015","BE","Belgium",80.625000000,""
"Antimicrobial resistance","Enterococcus faecium|Aminopenicillins","R - resistant isolates, percentage  ","%","2015","BG","Bulgaria",95.348837200,""
"Antimicrobial resistance","Enterococcus faecium|Aminopenicillins","R - resistant isolates, percentage  ","%","2015","CY","Cyprus",96.428571420,""
"Antimicrobial resistance","Enterococcus faecium|Aminopenicillins","R - resistant isolates, percentage  ","%","2015","CZ","Czechia",96.273291920,""
"Antimicrobial resistance","Enterococcus faecium|Aminopenicillins","R - resistant isolates, percentage  ","%","2015","DE","Germany",92.923336140,""
"Antimicrobial resistance","Enterococcus faecium|Aminopenicillins","R - resistant isolates, percentage  ","%","2015","DK","Denmark",95.156250000,""
"Antimicrobial resistance","Enterococcus faecium|Aminopenicillins","R - resistant isolates, percentage  ","%","2015","EE","Estonia",-,""
"Antimicrobial resistance","Enterococcus faecium|Aminopenicillins","R - resistant isolates, percentage  ","%","2015","EL","Greece",92.763157890,""
"Antimicrobial resistance","Enterococcus faecium|Aminopenicillins","R - resistant isolates, percentage  ","%","2015","ES","Spain",86.572438160,""
"Antimicrobial resistance","Enterococcus faecium|Aminopenicillins","R - resistant isolates, percentage  ","%","2015","FI","Finland",82.272727270,""
"Antimicrobial resistance","Enterococcus faecium|Aminopenicillins","R - resistant isolates, percentage  ","%","2015","FR","France",79.098873590,""
"Antimicrobial resistance","Enterococcus faecium|Aminopenicillins","R - resistant isolates, percentage  ","%","2015","HR","Croatia",97.849462360,""
"Antimicrobial resistance","Enterococcus faecium|Aminopenicillins","R - resistant isolates, percentage  ","%","2015","HU","Hungary",99.570815450,""
"Antimicrobial resistance","Enterococcus faecium|Aminopenicillins","R - resistant isolates, percentage  ","%","2015","IE","Ireland",94.292803970,""
"Antimicrobial resistance","Enterococcus faecium|Aminopenicillins","R - resistant isolates, percentage  ","%","2015","IS","Iceland",90.000000000,""
"Antimicrobial resistance","Enterococcus faecium|Aminopenicillins","R - resistant isolates, percentage  ","%","2015","IT","Italy",86.693017120,""
"Antimicrobial resistance","Enterococcus faecium|Aminopenicillins","R - resistant isolates, percentage  ","%","2015","LT","Lithuania",96.153846150,""
"Antimicrobial resistance","Enterococcus faecium|Aminopenicillins","R - resistant isolates, percentage  ","%","2015","LU","Luxembourg",82.608695650,""
"Antimicrobial resistance","Enterococcus faecium|Aminopenicillins","R - resistant isolates, percentage  ","%","2015","LV","Latvia",-,""
"Antimicrobial resistance","Enterococcus faecium|Aminopenicillins","R - resistant isolates, percentage  ","%","2015","MT","Malta",-,""
"Antimicrobial resistance","Enterococcus faecium|Aminopenicillins","R - resistant isolates, percentage  ","%","2015","NL","Netherlands",88.344370860,""
"Antimicrobial resistance","Enterococcus faecium|Aminopenicillins","R - resistant isolates, percentage  ","%","2015","NO","Norway",86.486486480,""
"Antimicrobial resistance","Enterococcus faecium|Aminopenicillins","R - resistant isolates, percentage  ","%","2015","PL","Poland",98.787878780,""
"Antimicrobial resistance","Enterococcus faecium|Aminopenicillins","R - resistant isolates, percentage  ","%","2015","PT","Portugal",88.372093020,""
"Antimicrobial resistance","Enterococcus faecium|Aminopenicillins","R - resistant isolates, percentage  ","%","2015","RO","Romania",63.380281690,""
"Antimicrobial resistance","Enterococcus faecium|Aminopenicillins","R - resistant isolates, percentage  ","%","2015","SE","Sweden",80.952380950,""
"Antimicrobial resistance","Enterococcus faecium|Aminopenicillins","R - resistant isolates, percentage  ","%","2015","SI","Slovenia",93.548387090,""
"Antimicrobial resistance","Enterococcus faecium|Aminopenicillins","R - resistant isolates, percentage  ","%","2015","SK","Slovakia",95.804195800,""
"Antimicrobial resistance","Enterococcus faecium|Aminopenicillins","R - resistant isolates, percentage  ","%","2015","UK","United Kingdom",82.108626190,""
"Antimicrobial resistance","Enterococcus faecium|Aminopenicillins","R - resistant isolates, percentage  ","%","2016","AT","Austria",91.242362520,""
"Antimicrobial resistance","Enterococcus faecium|Aminopenicillins","R - resistant isolates, percentage  ","%","2016","BE","Belgium",85.714285710,""
"Antimicrobial resistance","Enterococcus faecium|Aminopenicillins","R - resistant isolates, percentage  ","%","2016","BG","Bulgaria",100.000000000,""
"Antimicrobial resistance","Enterococcus faecium|Aminopenicillins","R - resistant isolates, percentage  ","%","2016","CY","Cyprus",92.682926820,""
"Antimicrobial resistance","Enterococcus faecium|Aminopenicillins","R - resistant isolates, percentage  ","%","2016","CZ","Czechia",95.330739290,""
"Antimicrobial resistance","Enterococcus faecium|Aminopenicillins","R - resistant isolates, percentage  ","%","2016","DE","Germany",92.754424770,""
"Antimicrobial resistance","Enterococcus faecium|Aminopenicillins","R - resistant isolates, percentage  ","%","2016","DK","Denmark",91.578947360,""
"Antimicrobial resistance","Enterococcus faecium|Aminopenicillins","R - resistant isolates, percentage  ","%","2016","EE","Estonia",95.312500000,""
"Antimicrobial resistance","Enterococcus faecium|Aminopenicillins","R - resistant isolates, percentage  ","%","2016","EL","Greece",93.539325840,""
"Antimicrobial resistance","Enterococcus faecium|Aminopenicillins","R - resistant isolates, percentage  ","%","2016","ES","Spain",87.520000000,""
"Antimicrobial resistance","Enterococcus faecium|Aminopenicillins","R - resistant isolates, percentage  ","%","2016","FI","Finland",82.870370370,""
"Antimicrobial resistance","Enterococcus faecium|Aminopenicillins","R - resistant isolates, percentage  ","%","2016","FR","France",78.005115080,""
"Antimicrobial resistance","Enterococcus faecium|Aminopenicillins","R - resistant isolates, percentage  ","%","2016","HR","Croatia",98.076923070,""
"Antimicrobial resistance","Enterococcus faecium|Aminopenicillins","R - resistant isolates, percentage  ","%","2016","HU","Hungary",98.529411760,""
"Antimicrobial resistance","Enterococcus faecium|Aminopenicillins","R - resistant isolates, percentage  ","%","2016","IE","Ireland",94.047619040,""
"Antimicrobial resistance","Enterococcus faecium|Aminopenicillins","R - resistant isolates, percentage  ","%","2016","IS","Iceland",-,""
"Antimicrobial resistance","Enterococcus faecium|Aminopenicillins","R - resistant isolates, percentage  ","%","2016","IT","Italy",87.025316450,""
"Antimicrobial resistance","Enterococcus faecium|Aminopenicillins","R - resistant isolates, percentage  ","%","2016","LT","Lithuania",100.000000000,""
"Antimicrobial resistance","Enterococcus faecium|Aminopenicillins","R - resistant isolates, percentage  ","%","2016","LU","Luxembourg",93.548387090,""
"Antimicrobial resistance","Enterococcus faecium|Aminopenicillins","R - resistant isolates, percentage  ","%","2016","LV","Latvia",-,""
"Antimicrobial resistance","Enterococcus faecium|Aminopenicillins","R - resistant isolates, percentage  ","%","2016","MT","Malta",-,""
"Antimicrobial resistance","Enterococcus faecium|Aminopenicillins","R - resistant isolates, percentage  ","%","2016","NL","Netherlands",87.152777770,""
"Antimicrobial resistance","Enterococcus faecium|Aminopenicillins","R - resistant isolates, percentage  ","%","2016","NO","Norway",82.710280370,""
"Antimicrobial resistance","Enterococcus faecium|Aminopenicillins","R - resistant isolates, percentage  ","%","2016","PL","Poland",96.505376340,""
"Antimicrobial resistance","Enterococcus faecium|Aminopenicillins","R - resistant isolates, percentage  ","%","2016","PT","Portugal",89.425981870,""
"Antimicrobial resistance","Enterococcus faecium|Aminopenicillins","R - resistant isolates, percentage  ","%","2016","RO","Romania",97.222222220,""
"Antimicrobial resistance","Enterococcus faecium|Aminopenicillins","R - resistant isolates, percentage  ","%","2016","SE","Sweden",84.115523460,""
"Antimicrobial resistance","Enterococcus faecium|Aminopenicillins","R - resistant isolates, percentage  ","%","2016","SI","Slovenia",91.891891890,""
"Antimicrobial resistance","Enterococcus faecium|Aminopenicillins","R - resistant isolates, percentage  ","%","2016","SK","Slovakia",96.491228070,""
"Antimicrobial resistance","Enterococcus faecium|Aminopenicillins","R - resistant isolates, percentage  ","%","2016","UK","United Kingdom",75.055679280,""
"Antimicrobial resistance","Enterococcus faecium|Aminopenicillins","R - resistant isolates, percentage  ","%","2017","AT","Austria",90.989399290,""
"Antimicrobial resistance","Enterococcus faecium|Aminopenicillins","R - resistant isolates, percentage  ","%","2017","BE","Belgium",88.536585360,""
"Antimicrobial resistance","Enterococcus faecium|Aminopenicillins","R - resistant isolates, percentage  ","%","2017","BG","Bulgaria",98.809523800,""
"Antimicrobial resistance","Enterococcus faecium|Aminopenicillins","R - resistant isolates, percentage  ","%","2017","CY","Cyprus",92.682926820,""
"Antimicrobial resistance","Enterococcus faecium|Aminopenicillins","R - resistant isolates, percentage  ","%","2017","CZ","Czechia",96.969696960,""
"Antimicrobial resistance","Enterococcus faecium|Aminopenicillins","R - resistant isolates, percentage  ","%","2017","DE","Germany",90.638990630,""
"Antimicrobial resistance","Enterococcus faecium|Aminopenicillins","R - resistant isolates, percentage  ","%","2017","DK","Denmark",93.733681460,""
"Antimicrobial resistance","Enterococcus faecium|Aminopenicillins","R - resistant isolates, percentage  ","%","2017","EE","Estonia",88.461538460,""
"Antimicrobial resistance","Enterococcus faecium|Aminopenicillins","R - resistant isolates, percentage  ","%","2017","EL","Greece",93.932038830,""
"Antimicrobial resistance","Enterococcus faecium|Aminopenicillins","R - resistant isolates, percentage  ","%","2017","ES","Spain",83.216783210,""
"Antimicrobial resistance","Enterococcus faecium|Aminopenicillins","R - resistant isolates, percentage  ","%","2017","FI","Finland",80.973451320,""
"Antimicrobial resistance","Enterococcus faecium|Aminopenicillins","R - resistant isolates, percentage  ","%","2017","FR","France",81.283422450,""
"Antimicrobial resistance","Enterococcus faecium|Aminopenicillins","R - resistant isolates, percentage  ","%","2017","HR","Croatia",95.505617970,""
"Antimicrobial resistance","Enterococcus faecium|Aminopenicillins","R - resistant isolates, percentage  ","%","2017","HU","Hungary",96.825396820,""
"Antimicrobial resistance","Enterococcus faecium|Aminopenicillins","R - resistant isolates, percentage  ","%","2017","IE","Ireland",93.170731700,""
"Antimicrobial resistance","Enterococcus faecium|Aminopenicillins","R - resistant isolates, percentage  ","%","2017","IS","Iceland",-,""
"Antimicrobial resistance","Enterococcus faecium|Aminopenicillins","R - resistant isolates, percentage  ","%","2017","IT","Italy",87.283236990,""
"Antimicrobial resistance","Enterococcus faecium|Aminopenicillins","R - resistant isolates, percentage  ","%","2017","LT","Lithuania",100.000000000,""
"Antimicrobial resistance","Enterococcus faecium|Aminopenicillins","R - resistant isolates, percentage  ","%","2017","LU","Luxembourg",85.294117640,""
"Antimicrobial resistance","Enterococcus faecium|Aminopenicillins","R - resistant isolates, percentage  ","%","2017","LV","Latvia",91.891891890,""
"Antimicrobial resistance","Enterococcus faecium|Aminopenicillins","R - resistant isolates, percentage  ","%","2017","MT","Malta",-,""
"Antimicrobial resistance","Enterococcus faecium|Aminopenicillins","R - resistant isolates, percentage  ","%","2017","NL","Netherlands",86.281179130,""
"Antimicrobial resistance","Enterococcus faecium|Aminopenicillins","R - resistant isolates, percentage  ","%","2017","NO","Norway",75.119617220,""
"Antimicrobial resistance","Enterococcus faecium|Aminopenicillins","R - resistant isolates, percentage  ","%","2017","PL","Poland",98.400000000,""
"Antimicrobial resistance","Enterococcus faecium|Aminopenicillins","R - resistant isolates, percentage  ","%","2017","PT","Portugal",88.436830830,""
"Antimicrobial resistance","Enterococcus faecium|Aminopenicillins","R - resistant isolates, percentage  ","%","2017","RO","Romania",87.500000000,""
"Antimicrobial resistance","Enterococcus faecium|Aminopenicillins","R - resistant isolates, percentage  ","%","2017","SE","Sweden",87.012987010,""
"Antimicrobial resistance","Enterococcus faecium|Aminopenicillins","R - resistant isolates, percentage  ","%","2017","SI","Slovenia",91.275167780,""
"Antimicrobial resistance","Enterococcus faecium|Aminopenicillins","R - resistant isolates, percentage  ","%","2017","SK","Slovakia",100.000000000,""
"Antimicrobial resistance","Enterococcus faecium|Aminopenicillins","R - resistant isolates, percentage  ","%","2017","UK","United Kingdom",91.898370080,""
"Antimicrobial resistance","Enterococcus faecium|Aminopenicillins","R - resistant isolates, percentage  ","%","2018","AT","Austria",88.565891470,""
"Antimicrobial resistance","Enterococcus faecium|Aminopenicillins","R - resistant isolates, percentage  ","%","2018","BE","Belgium",84.668192210,""
"Antimicrobial resistance","Enterococcus faecium|Aminopenicillins","R - resistant isolates, percentage  ","%","2018","BG","Bulgaria",98.901098900,""
"Antimicrobial resistance","Enterococcus faecium|Aminopenicillins","R - resistant isolates, percentage  ","%","2018","CY","Cyprus",88.636363630,""
"Antimicrobial resistance","Enterococcus faecium|Aminopenicillins","R - resistant isolates, percentage  ","%","2018","CZ","Czechia",95.251396640,""
"Antimicrobial resistance","Enterococcus faecium|Aminopenicillins","R - resistant isolates, percentage  ","%","2018","DE","Germany",91.951978650,""
"Antimicrobial resistance","Enterococcus faecium|Aminopenicillins","R - resistant isolates, percentage  ","%","2018","DK","Denmark",94.608472400,""
"Antimicrobial resistance","Enterococcus faecium|Aminopenicillins","R - resistant isolates, percentage  ","%","2018","EE","Estonia",87.500000000,""
"Antimicrobial resistance","Enterococcus faecium|Aminopenicillins","R - resistant isolates, percentage  ","%","2018","EL","Greece",90.503875960,""
"Antimicrobial resistance","Enterococcus faecium|Aminopenicillins","R - resistant isolates, percentage  ","%","2018","ES","Spain",87.265415540,""
"Antimicrobial resistance","Enterococcus faecium|Aminopenicillins","R - resistant isolates, percentage  ","%","2018","FI","Finland",83.898305080,""
"Antimicrobial resistance","Enterococcus faecium|Aminopenicillins","R - resistant isolates, percentage  ","%","2018","FR","France",79.405286340,""
"Antimicrobial resistance","Enterococcus faecium|Aminopenicillins","R - resistant isolates, percentage  ","%","2018","HR","Croatia",97.183098590,""
"Antimicrobial resistance","Enterococcus faecium|Aminopenicillins","R - resistant isolates, percentage  ","%","2018","HU","Hungary",96.369636960,""
"Antimicrobial resistance","Enterococcus faecium|Aminopenicillins","R - resistant isolates, percentage  ","%","2018","IE","Ireland",95.203836930,""
"Antimicrobial resistance","Enterococcus faecium|Aminopenicillins","R - resistant isolates, percentage  ","%","2018","IS","Iceland",-,""
"Antimicrobial resistance","Enterococcus faecium|Aminopenicillins","R - resistant isolates, percentage  ","%","2018","IT","Italy",86.735149620,""
"Antimicrobial resistance","Enterococcus faecium|Aminopenicillins","R - resistant isolates, percentage  ","%","2018","LT","Lithuania",89.898989890,""
"Antimicrobial resistance","Enterococcus faecium|Aminopenicillins","R - resistant isolates, percentage  ","%","2018","LU","Luxembourg",86.206896550,""
"Antimicrobial resistance","Enterococcus faecium|Aminopenicillins","R - resistant isolates, percentage  ","%","2018","LV","Latvia",94.117647050,""
"Antimicrobial resistance","Enterococcus faecium|Aminopenicillins","R - resistant isolates, percentage  ","%","2018","MT","Malta",-,""
"Antimicrobial resistance","Enterococcus faecium|Aminopenicillins","R - resistant isolates, percentage  ","%","2018","NL","Netherlands",88.933200390,""
"Antimicrobial resistance","Enterococcus faecium|Aminopenicillins","R - resistant isolates, percentage  ","%","2018","NO","Norway",75.287356320,""
"Antimicrobial resistance","Enterococcus faecium|Aminopenicillins","R - resistant isolates, percentage  ","%","2018","PL","Poland",96.121883650,""
"Antimicrobial resistance","Enterococcus faecium|Aminopenicillins","R - resistant isolates, percentage  ","%","2018","PT","Portugal",83.606557370,""
"Antimicrobial resistance","Enterococcus faecium|Aminopenicillins","R - resistant isolates, percentage  ","%","2018","RO","Romania",94.202898550,""
"Antimicrobial resistance","Enterococcus faecium|Aminopenicillins","R - resistant isolates, percentage  ","%","2018","SE","Sweden",83.333333330,""
"Antimicrobial resistance","Enterococcus faecium|Aminopenicillins","R - resistant isolates, percentage  ","%","2018","SI","Slovenia",94.776119400,""
"Antimicrobial resistance","Enterococcus faecium|Aminopenicillins","R - resistant isolates, percentage  ","%","2018","SK","Slovakia",98.648648640,""
"Antimicrobial resistance","Enterococcus faecium|Aminopenicillins","R - resistant isolates, percentage  ","%","2018","UK","United Kingdom",91.535034420,""
"Antimicrobial resistance","Enterococcus faecium|Aminopenicillins","R - resistant isolates, percentage  ","%","2019","AT","Austria",85.526315780,""
"Antimicrobial resistance","Enterococcus faecium|Aminopenicillins","R - resistant isolates, percentage  ","%","2019","BE","Belgium",85.043988260,""
"Antimicrobial resistance","Enterococcus faecium|Aminopenicillins","R - resistant isolates, percentage  ","%","2019","BG","Bulgaria",100.000000000,""
"Antimicrobial resistance","Enterococcus faecium|Aminopenicillins","R - resistant isolates, percentage  ","%","2019","CY","Cyprus",87.500000000,""
"Antimicrobial resistance","Enterococcus faecium|Aminopenicillins","R - resistant isolates, percentage  ","%","2019","CZ","Czechia",92.550143260,""
"Antimicrobial resistance","Enterococcus faecium|Aminopenicillins","R - resistant isolates, percentage  ","%","2019","DE","Germany",92.012057270,""
"Antimicrobial resistance","Enterococcus faecium|Aminopenicillins","R - resistant isolates, percentage  ","%","2019","DK","Denmark",92.663043470,""
"Antimicrobial resistance","Enterococcus faecium|Aminopenicillins","R - resistant isolates, percentage  ","%","2019","EE","Estonia",93.103448270,""
"Antimicrobial resistance","Enterococcus faecium|Aminopenicillins","R - resistant isolates, percentage  ","%","2019","EL","Greece",92.857142850,""
"Antimicrobial resistance","Enterococcus faecium|Aminopenicillins","R - resistant isolates, percentage  ","%","2019","ES","Spain",86.852085960,""
"Antimicrobial resistance","Enterococcus faecium|Aminopenicillins","R - resistant isolates, percentage  ","%","2019","FI","Finland",88.429752060,""
"Antimicrobial resistance","Enterococcus faecium|Aminopenicillins","R - resistant isolates, percentage  ","%","2019","FR","France",79.591836730,""
"Antimicrobial resistance","Enterococcus faecium|Aminopenicillins","R - resistant isolates, percentage  ","%","2019","HR","Croatia",93.150684930,""
"Antimicrobial resistance","Enterococcus faecium|Aminopenicillins","R - resistant isolates, percentage  ","%","2019","HU","Hungary",97.039473680,""
"Antimicrobial resistance","Enterococcus faecium|Aminopenicillins","R - resistant isolates, percentage  ","%","2019","IE","Ireland",94.482758620,""
"Antimicrobial resistance","Enterococcus faecium|Aminopenicillins","R - resistant isolates, percentage  ","%","2019","IS","Iceland",-,""
"Antimicrobial resistance","Enterococcus faecium|Aminopenicillins","R - resistant isolates, percentage  ","%","2019","IT","Italy",89.083125220,""
"Antimicrobial resistance","Enterococcus faecium|Aminopenicillins","R - resistant isolates, percentage  ","%","2019","LT","Lithuania",100.000000000,""
"Antimicrobial resistance","Enterococcus faecium|Aminopenicillins","R - resistant isolates, percentage  ","%","2019","LU","Luxembourg",81.081081080,""
"Antimicrobial resistance","Enterococcus faecium|Aminopenicillins","R - resistant isolates, percentage  ","%","2019","LV","Latvia",94.827586200,""
"Antimicrobial resistance","Enterococcus faecium|Aminopenicillins","R - resistant isolates, percentage  ","%","2019","MT","Malta",-,""
"Antimicrobial resistance","Enterococcus faecium|Aminopenicillins","R - resistant isolates, percentage  ","%","2019","NL","Netherlands",86.040609130,""
"Antimicrobial resistance","Enterococcus faecium|Aminopenicillins","R - resistant isolates, percentage  ","%","2019","NO","Norway",75.126903550,""
"Antimicrobial resistance","Enterococcus faecium|Aminopenicillins","R - resistant isolates, percentage  ","%","2019","PL","Poland",97.630331750,""
"Antimicrobial resistance","Enterococcus faecium|Aminopenicillins","R - resistant isolates, percentage  ","%","2019","PT","Portugal",85.041551240,""
"Antimicrobial resistance","Enterococcus faecium|Aminopenicillins","R - resistant isolates, percentage  ","%","2019","RO","Romania",84.172661870,""
"Antimicrobial resistance","Enterococcus faecium|Aminopenicillins","R - resistant isolates, percentage  ","%","2019","SE","Sweden",83.799705440,""
"Antimicrobial resistance","Enterococcus faecium|Aminopenicillins","R - resistant isolates, percentage  ","%","2019","SI","Slovenia",87.591240870,""
"Antimicrobial resistance","Enterococcus faecium|Aminopenicillins","R - resistant isolates, percentage  ","%","2019","SK","Slovakia",90.151515150,""
"Antimicrobial resistance","Enterococcus faecium|Aminopenicillins","R - resistant isolates, percentage  ","%","2019","UK","United Kingdom",91.480206540,""
"Antimicrobial resistance","Enterococcus faecium|Aminopenicillins","R - resistant isolates, percentage  ","%","2020","AT","Austria",88.537549400,""
"Antimicrobial resistance","Enterococcus faecium|Aminopenicillins","R - resistant isolates, percentage  ","%","2020","BE","Belgium",86.639676110,""
"Antimicrobial resistance","Enterococcus faecium|Aminopenicillins","R - resistant isolates, percentage  ","%","2020","BG","Bulgaria",100.000000000,""
"Antimicrobial resistance","Enterococcus faecium|Aminopenicillins","R - resistant isolates, percentage  ","%","2020","CY","Cyprus",90.476190470,""
"Antimicrobial resistance","Enterococcus faecium|Aminopenicillins","R - resistant isolates, percentage  ","%","2020","CZ","Czechia",96.341463410,""
"Antimicrobial resistance","Enterococcus faecium|Aminopenicillins","R - resistant isolates, percentage  ","%","2020","DE","Germany",92.847392840,""
"Antimicrobial resistance","Enterococcus faecium|Aminopenicillins","R - resistant isolates, percentage  ","%","2020","DK","Denmark",92.738853500,""
"Antimicrobial resistance","Enterococcus faecium|Aminopenicillins","R - resistant isolates, percentage  ","%","2020","EE","Estonia",76.595744680,""
"Antimicrobial resistance","Enterococcus faecium|Aminopenicillins","R - resistant isolates, percentage  ","%","2020","EL","Greece",96.073903000,""
"Antimicrobial resistance","Enterococcus faecium|Aminopenicillins","R - resistant isolates, percentage  ","%","2020","ES","Spain",85.531496060,""
"Antimicrobial resistance","Enterococcus faecium|Aminopenicillins","R - resistant isolates, percentage  ","%","2020","FI","Finland",78.461538460,""
"Antimicrobial resistance","Enterococcus faecium|Aminopenicillins","R - resistant isolates, percentage  ","%","2020","FR","France",75.215686270,""
"Antimicrobial resistance","Enterococcus faecium|Aminopenicillins","R - resistant isolates, percentage  ","%","2020","HR","Croatia",98.863636360,""
"Antimicrobial resistance","Enterococcus faecium|Aminopenicillins","R - resistant isolates, percentage  ","%","2020","HU","Hungary",98.090692120,""
"Antimicrobial resistance","Enterococcus faecium|Aminopenicillins","R - resistant isolates, percentage  ","%","2020","IE","Ireland",95.116772820,""
"Antimicrobial resistance","Enterococcus faecium|Aminopenicillins","R - resistant isolates, percentage  ","%","2020","IS","Iceland",-,""
"Antimicrobial resistance","Enterococcus faecium|Aminopenicillins","R - resistant isolates, percentage  ","%","2020","IT","Italy",90.207715130,""
"Antimicrobial resistance","Enterococcus faecium|Aminopenicillins","R - resistant isolates, percentage  ","%","2020","LT","Lithuania",94.482758620,""
"Antimicrobial resistance","Enterococcus faecium|Aminopenicillins","R - resistant isolates, percentage  ","%","2020","LU","Luxembourg",85.714285710,""
"Antimicrobial resistance","Enterococcus faecium|Aminopenicillins","R - resistant isolates, percentage  ","%","2020","LV","Latvia",86.885245900,""
"Antimicrobial resistance","Enterococcus faecium|Aminopenicillins","R - resistant isolates, percentage  ","%","2020","MT","Malta",91.304347820,""
"Antimicrobial resistance","Enterococcus faecium|Aminopenicillins","R - resistant isolates, percentage  ","%","2020","NL","Netherlands",89.433384370,""
"Antimicrobial resistance","Enterococcus faecium|Aminopenicillins","R - resistant isolates, percentage  ","%","2020","NO","Norway",70.491803270,""
"Antimicrobial resistance","Enterococcus faecium|Aminopenicillins","R - resistant isolates, percentage  ","%","2020","PL","Poland",95.783132530,""
"Antimicrobial resistance","Enterococcus faecium|Aminopenicillins","R - resistant isolates, percentage  ","%","2020","PT","Portugal",85.396039600,""
"Antimicrobial resistance","Enterococcus faecium|Aminopenicillins","R - resistant isolates, percentage  ","%","2020","RO","Romania",97.391304340,""
"Antimicrobial resistance","Enterococcus faecium|Aminopenicillins","R - resistant isolates, percentage  ","%","2020","SE","Sweden",83.614088820,""
"Antimicrobial resistance","Enterococcus faecium|Aminopenicillins","R - resistant isolates, percentage  ","%","2020","SI","Slovenia",92.090395480,""
"Antimicrobial resistance","Enterococcus faecium|Aminopenicillins","R - resistant isolates, percentage  ","%","2020","SK","Slovakia",97.272727270,""
"Antimicrobial resistance","Enterococcus faecium|Aminopenicillins","R - resistant isolates, percentage  ","%","2021","AT","Austria",89.571428570,""
"Antimicrobial resistance","Enterococcus faecium|Aminopenicillins","R - resistant isolates, percentage  ","%","2021","BE","Belgium",88.777555110,""
"Antimicrobial resistance","Enterococcus faecium|Aminopenicillins","R - resistant isolates, percentage  ","%","2021","BG","Bulgaria",100.000000000,""
"Antimicrobial resistance","Enterococcus faecium|Aminopenicillins","R - resistant isolates, percentage  ","%","2021","CY","Cyprus",89.285714280,""
"Antimicrobial resistance","Enterococcus faecium|Aminopenicillins","R - resistant isolates, percentage  ","%","2021","CZ","Czechia",96.545768560,""
"Antimicrobial resistance","Enterococcus faecium|Aminopenicillins","R - resistant isolates, percentage  ","%","2021","DE","Germany",93.269230760,""
"Antimicrobial resistance","Enterococcus faecium|Aminopenicillins","R - resistant isolates, percentage  ","%","2021","DK","Denmark",92.857142850,""
"Antimicrobial resistance","Enterococcus faecium|Aminopenicillins","R - resistant isolates, percentage  ","%","2021","EE","Estonia",88.709677410,""
"Antimicrobial resistance","Enterococcus faecium|Aminopenicillins","R - resistant isolates, percentage  ","%","2021","EL","Greece",96.108108100,""
"Antimicrobial resistance","Enterococcus faecium|Aminopenicillins","R - resistant isolates, percentage  ","%","2021","ES","Spain",86.095661840,""
"Antimicrobial resistance","Enterococcus faecium|Aminopenicillins","R - resistant isolates, percentage  ","%","2021","FI","Finland",83.068783060,""
"Antimicrobial resistance","Enterococcus faecium|Aminopenicillins","R - resistant isolates, percentage  ","%","2021","FR","France",76.890156910,""
"Antimicrobial resistance","Enterococcus faecium|Aminopenicillins","R - resistant isolates, percentage  ","%","2021","HR","Croatia",94.690265480,""
"Antimicrobial resistance","Enterococcus faecium|Aminopenicillins","R - resistant isolates, percentage  ","%","2021","HU","Hungary",98.302469130,""
"Antimicrobial resistance","Enterococcus faecium|Aminopenicillins","R - resistant isolates, percentage  ","%","2021","IE","Ireland",94.798657710,""
"Antimicrobial resistance","Enterococcus faecium|Aminopenicillins","R - resistant isolates, percentage  ","%","2021","IS","Iceland",-,""
"Antimicrobial resistance","Enterococcus faecium|Aminopenicillins","R - resistant isolates, percentage  ","%","2021","IT","Italy",89.984621290,""
"Antimicrobial resistance","Enterococcus faecium|Aminopenicillins","R - resistant isolates, percentage  ","%","2021","LT","Lithuania",100.000000000,""
"Antimicrobial resistance","Enterococcus faecium|Aminopenicillins","R - resistant isolates, percentage  ","%","2021","LU","Luxembourg",86.206896550,""
"Antimicrobial resistance","Enterococcus faecium|Aminopenicillins","R - resistant isolates, percentage  ","%","2021","LV","Latvia",96.428571420,""
"Antimicrobial resistance","Enterococcus faecium|Aminopenicillins","R - resistant isolates, percentage  ","%","2021","MT","Malta",94.736842100,""
"Antimicrobial resistance","Enterococcus faecium|Aminopenicillins","R - resistant isolates, percentage  ","%","2021","NL","Netherlands",91.811023620,""
"Antimicrobial resistance","Enterococcus faecium|Aminopenicillins","R - resistant isolates, percentage  ","%","2021","NO","Norway",75.229357790,""
"Antimicrobial resistance","Enterococcus faecium|Aminopenicillins","R - resistant isolates, percentage  ","%","2021","PL","Poland",97.229219140,""
"Antimicrobial resistance","Enterococcus faecium|Aminopenicillins","R - resistant isolates, percentage  ","%","2021","PT","Portugal",86.096256680,""
"Antimicrobial resistance","Enterococcus faecium|Aminopenicillins","R - resistant isolates, percentage  ","%","2021","RO","Romania",91.397849460,""
"Antimicrobial resistance","Enterococcus faecium|Aminopenicillins","R - resistant isolates, percentage  ","%","2021","SE","Sweden",83.924050630,""
"Antimicrobial resistance","Enterococcus faecium|Aminopenicillins","R - resistant isolates, percentage  ","%","2021","SI","Slovenia",92.694063920,""
"Antimicrobial resistance","Enterococcus faecium|Aminopenicillins","R - resistant isolates, percentage  ","%","2021","SK","Slovakia",97.860962560,""
"Antimicrobial resistance","Enterococcus faecium|Aminopenicillins","R - resistant isolates, percentage  ","%","2022","AT","Austria",90.127388530,""
"Antimicrobial resistance","Enterococcus faecium|Aminopenicillins","R - resistant isolates, percentage  ","%","2022","BE","Belgium",87.439613520,""
"Antimicrobial resistance","Enterococcus faecium|Aminopenicillins","R - resistant isolates, percentage  ","%","2022","BG","Bulgaria",100.000000000,""
"Antimicrobial resistance","Enterococcus faecium|Aminopenicillins","R - resistant isolates, percentage  ","%","2022","CY","Cyprus",95.327102800,""
"Antimicrobial resistance","Enterococcus faecium|Aminopenicillins","R - resistant isolates, percentage  ","%","2022","CZ","Czechia",97.894736840,""
"Antimicrobial resistance","Enterococcus faecium|Aminopenicillins","R - resistant isolates, percentage  ","%","2022","DE","Germany",93.607205620,""
"Antimicrobial resistance","Enterococcus faecium|Aminopenicillins","R - resistant isolates, percentage  ","%","2022","DK","Denmark",92.788461530,""
"Antimicrobial resistance","Enterococcus faecium|Aminopenicillins","R - resistant isolates, percentage  ","%","2022","EE","Estonia",90.769230760,""
"Antimicrobial resistance","Enterococcus faecium|Aminopenicillins","R - resistant isolates, percentage  ","%","2022","EL","Greece",95.102404270,""
"Antimicrobial resistance","Enterococcus faecium|Aminopenicillins","R - resistant isolates, percentage  ","%","2022","ES","Spain",87.174139720,""
"Antimicrobial resistance","Enterococcus faecium|Aminopenicillins","R - resistant isolates, percentage  ","%","2022","FI","Finland",81.372549010,""
"Antimicrobial resistance","Enterococcus faecium|Aminopenicillins","R - resistant isolates, percentage  ","%","2022","FR","France",77.850877190,""
"Antimicrobial resistance","Enterococcus faecium|Aminopenicillins","R - resistant isolates, percentage  ","%","2022","HR","Croatia",93.233082700,""
"Antimicrobial resistance","Enterococcus faecium|Aminopenicillins","R - resistant isolates, percentage  ","%","2022","HU","Hungary",98.765432090,""
"Antimicrobial resistance","Enterococcus faecium|Aminopenicillins","R - resistant isolates, percentage  ","%","2022","IE","Ireland",96.470588230,""
"Antimicrobial resistance","Enterococcus faecium|Aminopenicillins","R - resistant isolates, percentage  ","%","2022","IS","Iceland",84.848484840,""
"Antimicrobial resistance","Enterococcus faecium|Aminopenicillins","R - resistant isolates, percentage  ","%","2022","IT","Italy",89.281467640,""
"Antimicrobial resistance","Enterococcus faecium|Aminopenicillins","R - resistant isolates, percentage  ","%","2022","LT","Lithuania",100.000000000,""
"Antimicrobial resistance","Enterococcus faecium|Aminopenicillins","R - resistant isolates, percentage  ","%","2022","LU","Luxembourg",86.956521730,""
"Antimicrobial resistance","Enterococcus faecium|Aminopenicillins","R - resistant isolates, percentage  ","%","2022","LV","Latvia",93.814432980,""
"Antimicrobial resistance","Enterococcus faecium|Aminopenicillins","R - resistant isolates, percentage  ","%","2022","MT","Malta",81.250000000,""
"Antimicrobial resistance","Enterococcus faecium|Aminopenicillins","R - resistant isolates, percentage  ","%","2022","NL","Netherlands",87.569573280,""
"Antimicrobial resistance","Enterococcus faecium|Aminopenicillins","R - resistant isolates, percentage  ","%","2022","NO","Norway",81.967213110,""
"Antimicrobial resistance","Enterococcus faecium|Aminopenicillins","R - resistant isolates, percentage  ","%","2022","PL","Poland",96.466973880,""
"Antimicrobial resistance","Enterococcus faecium|Aminopenicillins","R - resistant isolates, percentage  ","%","2022","PT","Portugal",91.136801540,""
"Antimicrobial resistance","Enterococcus faecium|Aminopenicillins","R - resistant isolates, percentage  ","%","2022","RO","Romania",90.760869560,""
"Antimicrobial resistance","Enterococcus faecium|Aminopenicillins","R - resistant isolates, percentage  ","%","2022","SE","Sweden",84.317718940,""
"Antimicrobial resistance","Enterococcus faecium|Aminopenicillins","R - resistant isolates, percentage  ","%","2022","SI","Slovenia",94.303797460,""
"Antimicrobial resistance","Enterococcus faecium|Aminopenicillins","R - resistant isolates, percentage  ","%","2022","SK","Slovakia",98.507462680,""
"Antimicrobial resistance","Enterococcus faecium|Aminopenicillins","R - resistant isolates, percentage  ","%","2023","AT","Austria",91.326530610,""
"Antimicrobial resistance","Enterococcus faecium|Aminopenicillins","R - resistant isolates, percentage  ","%","2023","BE","Belgium",80.634920630,""
"Antimicrobial resistance","Enterococcus faecium|Aminopenicillins","R - resistant isolates, percentage  ","%","2023","BG","Bulgaria",100.000000000,""
"Antimicrobial resistance","Enterococcus faecium|Aminopenicillins","R - resistant isolates, percentage  ","%","2023","CY","Cyprus",93.650793650,""
"Antimicrobial resistance","Enterococcus faecium|Aminopenicillins","R - resistant isolates, percentage  ","%","2023","CZ","Czechia",94.513715710,""
"Antimicrobial resistance","Enterococcus faecium|Aminopenicillins","R - resistant isolates, percentage  ","%","2023","DE","Germany",93.658641440,""
"Antimicrobial resistance","Enterococcus faecium|Aminopenicillins","R - resistant isolates, percentage  ","%","2023","DK","Denmark",92.845257900,""
"Antimicrobial resistance","Enterococcus faecium|Aminopenicillins","R - resistant isolates, percentage  ","%","2023","EE","Estonia",88.679245280,""
"Antimicrobial resistance","Enterococcus faecium|Aminopenicillins","R - resistant isolates, percentage  ","%","2023","EL","Greece",95.977011490,""
"Antimicrobial resistance","Enterococcus faecium|Aminopenicillins","R - resistant isolates, percentage  ","%","2023","ES","Spain",89.051808400,""
"Antimicrobial resistance","Enterococcus faecium|Aminopenicillins","R - resistant isolates, percentage  ","%","2023","FI","Finland",80.864197530,""
"Antimicrobial resistance","Enterococcus faecium|Aminopenicillins","R - resistant isolates, percentage  ","%","2023","HR","Croatia",90.666666660,""
"Antimicrobial resistance","Enterococcus faecium|Aminopenicillins","R - resistant isolates, percentage  ","%","2023","HU","Hungary",98.449612400,""
"Antimicrobial resistance","Enterococcus faecium|Aminopenicillins","R - resistant isolates, percentage  ","%","2023","IE","Ireland",96.059113300,""
"Antimicrobial resistance","Enterococcus faecium|Aminopenicillins","R - resistant isolates, percentage  ","%","2023","IS","Iceland",87.179487170,""
"Antimicrobial resistance","Enterococcus faecium|Aminopenicillins","R - resistant isolates, percentage  ","%","2023","IT","Italy",89.656895400,""
"Antimicrobial resistance","Enterococcus faecium|Aminopenicillins","R - resistant isolates, percentage  ","%","2023","LT","Lithuania",96.794871790,""
"Antimicrobial resistance","Enterococcus faecium|Aminopenicillins","R - resistant isolates, percentage  ","%","2023","LU","Luxembourg",90.540540540,""
"Antimicrobial resistance","Enterococcus faecium|Aminopenicillins","R - resistant isolates, percentage  ","%","2023","LV","Latvia",89.285714280,""
"Antimicrobial resistance","Enterococcus faecium|Aminopenicillins","R - resistant isolates, percentage  ","%","2023","MT","Malta",88.000000000,""
"Antimicrobial resistance","Enterococcus faecium|Aminopenicillins","R - resistant isolates, percentage  ","%","2023","NL","Netherlands",87.145748980,""
"Antimicrobial resistance","Enterococcus faecium|Aminopenicillins","R - resistant isolates, percentage  ","%","2023","NO","Norway",77.559055110,""
"Antimicrobial resistance","Enterococcus faecium|Aminopenicillins","R - resistant isolates, percentage  ","%","2023","PL","Poland",95.505617970,""
"Antimicrobial resistance","Enterococcus faecium|Aminopenicillins","R - resistant isolates, percentage  ","%","2023","PT","Portugal",87.786259540,""
"Antimicrobial resistance","Enterococcus faecium|Aminopenicillins","R - resistant isolates, percentage  ","%","2023","RO","Romania",88.826815640,""
"Antimicrobial resistance","Enterococcus faecium|Aminopenicillins","R - resistant isolates, percentage  ","%","2023","SE","Sweden",86.235662140,""
"Antimicrobial resistance","Enterococcus faecium|Aminopenicillins","R - resistant isolates, percentage  ","%","2023","SI","Slovenia",90.643274850,""
"Antimicrobial resistance","Enterococcus faecium|Aminopenicillins","R - resistant isolates, percentage  ","%","2023","SK","Slovakia",97.540983600,""
"Antimicrobial resistance","Enterococcus faecium|Aminopenicillins","R - resistant isolates, percentage  ","%","2024","AT","Austria",92.019543970,""
"Antimicrobial resistance","Enterococcus faecium|Aminopenicillins","R - resistant isolates, percentage  ","%","2024","BE","Belgium",84.512428290,""
"Antimicrobial resistance","Enterococcus faecium|Aminopenicillins","R - resistant isolates, percentage  ","%","2024","BG","Bulgaria",100.000000000,""
"Antimicrobial resistance","Enterococcus faecium|Aminopenicillins","R - resistant isolates, percentage  ","%","2024","CY","Cyprus",90.344827580,""
"Antimicrobial resistance","Enterococcus faecium|Aminopenicillins","R - resistant isolates, percentage  ","%","2024","CZ","Czechia",94.939759030,""
"Antimicrobial resistance","Enterococcus faecium|Aminopenicillins","R - resistant isolates, percentage  ","%","2024","DE","Germany",92.838413630,""
"Antimicrobial resistance","Enterococcus faecium|Aminopenicillins","R - resistant isolates, percentage  ","%","2024","DK","Denmark",90.830449820,""
"Antimicrobial resistance","Enterococcus faecium|Aminopenicillins","R - resistant isolates, percentage  ","%","2024","EE","Estonia",84.090909090,""
"Antimicrobial resistance","Enterococcus faecium|Aminopenicillins","R - resistant isolates, percentage  ","%","2024","EL","Greece",95.140388760,""
"Antimicrobial resistance","Enterococcus faecium|Aminopenicillins","R - resistant isolates, percentage  ","%","2024","ES","Spain",85.137318250,""
"Antimicrobial resistance","Enterococcus faecium|Aminopenicillins","R - resistant isolates, percentage  ","%","2024","FI","Finland",75.324675320,""
"Antimicrobial resistance","Enterococcus faecium|Aminopenicillins","R - resistant isolates, percentage  ","%","2024","FR","France",81.063933620,""
"Antimicrobial resistance","Enterococcus faecium|Aminopenicillins","R - resistant isolates, percentage  ","%","2024","HR","Croatia",92.700729920,""
"Antimicrobial resistance","Enterococcus faecium|Aminopenicillins","R - resistant isolates, percentage  ","%","2024","HU","Hungary",97.580645160,""
"Antimicrobial resistance","Enterococcus faecium|Aminopenicillins","R - resistant isolates, percentage  ","%","2024","IE","Ireland",94.600000000,""
"Antimicrobial resistance","Enterococcus faecium|Aminopenicillins","R - resistant isolates, percentage  ","%","2024","IS","Iceland",82.142857140,""
"Antimicrobial resistance","Enterococcus faecium|Aminopenicillins","R - resistant isolates, percentage  ","%","2024","IT","Italy",89.341894060,""
"Antimicrobial resistance","Enterococcus faecium|Aminopenicillins","R - resistant isolates, percentage  ","%","2024","LI","Liechtenstein",-,""
"Antimicrobial resistance","Enterococcus faecium|Aminopenicillins","R - resistant isolates, percentage  ","%","2024","LT","Lithuania",97.938144320,""
"Antimicrobial resistance","Enterococcus faecium|Aminopenicillins","R - resistant isolates, percentage  ","%","2024","LU","Luxembourg",86.206896550,""
"Antimicrobial resistance","Enterococcus faecium|Aminopenicillins","R - resistant isolates, percentage  ","%","2024","LV","Latvia",87.254901960,""
"Antimicrobial resistance","Enterococcus faecium|Aminopenicillins","R - resistant isolates, percentage  ","%","2024","MT","Malta",87.179487170,""
"Antimicrobial resistance","Enterococcus faecium|Aminopenicillins","R - resistant isolates, percentage  ","%","2024","NL","Netherlands",85.061511420,""
"Antimicrobial resistance","Enterococcus faecium|Aminopenicillins","R - resistant isolates, percentage  ","%","2024","NO","Norway",80.833333330,""
"Antimicrobial resistance","Enterococcus faecium|Aminopenicillins","R - resistant isolates, percentage  ","%","2024","PL","Poland",97.177914110,""
"Antimicrobial resistance","Enterococcus faecium|Aminopenicillins","R - resistant isolates, percentage  ","%","2024","PT","Portugal",84.734133790,""
"Antimicrobial resistance","Enterococcus faecium|Aminopenicillins","R - resistant isolates, percentage  ","%","2024","RO","Romania",90.909090900,""
"Antimicrobial resistance","Enterococcus faecium|Aminopenicillins","R - resistant isolates, percentage  ","%","2024","SE","Sweden",84.199134190,""
"Antimicrobial resistance","Enterococcus faecium|Aminopenicillins","R - resistant isolates, percentage  ","%","2024","SI","Slovenia",94.000000000,""
"Antimicrobial resistance","Enterococcus faecium|Aminopenicillins","R - resistant isolates, percentage  ","%","2024","SK","Slovakia",97.478991590,""
"Antimicrobial resistance","Enterococcus faecium|Aminopenicillins","S - susceptible isolates","N","2000","DE","Germany",1.000000000,""
"Antimicrobial resistance","Enterococcus faecium|Aminopenicillins","S - susceptible isolates","N","2000","EL","Greece",13.000000000,""
"Antimicrobial resistance","Enterococcus faecium|Aminopenicillins","S - susceptible isolates","N","2000","NL","Netherlands",2.000000000,""
"Antimicrobial resistance","Enterococcus faecium|Aminopenicillins","S - susceptible isolates","N","2000","NO","Norway",9.000000000,""
"Antimicrobial resistance","Enterococcus faecium|Aminopenicillins","S - susceptible isolates","N","2001","AT","Austria",3.000000000,""
"Antimicrobial resistance","Enterococcus faecium|Aminopenicillins","S - susceptible isolates","N","2001","BE","Belgium",2.000000000,""
"Antimicrobial resistance","Enterococcus faecium|Aminopenicillins","S - susceptible isolates","N","2001","BG","Bulgaria",2.000000000,""
"Antimicrobial resistance","Enterococcus faecium|Aminopenicillins","S - susceptible isolates","N","2001","CZ","Czechia",21.000000000,""
"Antimicrobial resistance","Enterococcus faecium|Aminopenicillins","S - susceptible isolates","N","2001","DE","Germany",15.000000000,""
"Antimicrobial resistance","Enterococcus faecium|Aminopenicillins","S - susceptible isolates","N","2001","EE","Estonia",3.000000000,""
"Antimicrobial resistance","Enterococcus faecium|Aminopenicillins","S - susceptible isolates","N","2001","EL","Greece",13.000000000,""
"Antimicrobial resistance","Enterococcus faecium|Aminopenicillins","S - susceptible isolates","N","2001","ES","Spain",32.000000000,""
"Antimicrobial resistance","Enterococcus faecium|Aminopenicillins","S - susceptible isolates","N","2001","FI","Finland",32.000000000,""
"Antimicrobial resistance","Enterococcus faecium|Aminopenicillins","S - susceptible isolates","N","2001","HR","Croatia",0.000000000,""
"Antimicrobial resistance","Enterococcus faecium|Aminopenicillins","S - susceptible isolates","N","2001","HU","Hungary",0.000000000,""
"Antimicrobial resistance","Enterococcus faecium|Aminopenicillins","S - susceptible isolates","N","2001","IS","Iceland",3.000000000,""
"Antimicrobial resistance","Enterococcus faecium|Aminopenicillins","S - susceptible isolates","N","2001","IT","Italy",24.000000000,""
"Antimicrobial resistance","Enterococcus faecium|Aminopenicillins","S - susceptible isolates","N","2001","LU","Luxembourg",2.000000000,""
"Antimicrobial resistance","Enterococcus faecium|Aminopenicillins","S - susceptible isolates","N","2001","MT","Malta",0.000000000,""
"Antimicrobial resistance","Enterococcus faecium|Aminopenicillins","S - susceptible isolates","N","2001","NL","Netherlands",20.000000000,""
"Antimicrobial resistance","Enterococcus faecium|Aminopenicillins","S - susceptible isolates","N","2001","NO","Norway",18.000000000,""
"Antimicrobial resistance","Enterococcus faecium|Aminopenicillins","S - susceptible isolates","N","2001","PL","Poland",3.000000000,""
"Antimicrobial resistance","Enterococcus faecium|Aminopenicillins","S - susceptible isolates","N","2001","PT","Portugal",8.000000000,""
"Antimicrobial resistance","Enterococcus faecium|Aminopenicillins","S - susceptible isolates","N","2001","SE","Sweden",48.000000000,""
"Antimicrobial resistance","Enterococcus faecium|Aminopenicillins","S - susceptible isolates","N","2001","SI","Slovenia",5.000000000,""
"Antimicrobial resistance","Enterococcus faecium|Aminopenicillins","S - susceptible isolates","N","2001","SK","Slovakia",1.000000000,""
"Antimicrobial resistance","Enterococcus faecium|Aminopenicillins","S - susceptible isolates","N","2002","AT","Austria",7.000000000,""
"Antimicrobial resistance","Enterococcus faecium|Aminopenicillins","S - susceptible isolates","N","2002","BE","Belgium",17.000000000,""
"Antimicrobial resistance","Enterococcus faecium|Aminopenicillins","S - susceptible isolates","N","2002","BG","Bulgaria",4.000000000,""
"Antimicrobial resistance","Enterococcus faecium|Aminopenicillins","S - susceptible isolates","N","2002","CZ","Czechia",22.000000000,""
"Antimicrobial resistance","Enterococcus faecium|Aminopenicillins","S - susceptible isolates","N","2002","DE","Germany",14.000000000,""
"Antimicrobial resistance","Enterococcus faecium|Aminopenicillins","S - susceptible isolates","N","2002","EE","Estonia",2.000000000,""
"Antimicrobial resistance","Enterococcus faecium|Aminopenicillins","S - susceptible isolates","N","2002","EL","Greece",15.000000000,""
"Antimicrobial resistance","Enterococcus faecium|Aminopenicillins","S - susceptible isolates","N","2002","ES","Spain",40.000000000,""
"Antimicrobial resistance","Enterococcus faecium|Aminopenicillins","S - susceptible isolates","N","2002","FI","Finland",17.000000000,""
"Antimicrobial resistance","Enterococcus faecium|Aminopenicillins","S - susceptible isolates","N","2002","FR","France",63.000000000,""
"Antimicrobial resistance","Enterococcus faecium|Aminopenicillins","S - susceptible isolates","N","2002","HR","Croatia",8.000000000,""
"Antimicrobial resistance","Enterococcus faecium|Aminopenicillins","S - susceptible isolates","N","2002","HU","Hungary",2.000000000,""
"Antimicrobial resistance","Enterococcus faecium|Aminopenicillins","S - susceptible isolates","N","2002","IE","Ireland",9.000000000,""
"Antimicrobial resistance","Enterococcus faecium|Aminopenicillins","S - susceptible isolates","N","2002","IS","Iceland",5.000000000,""
"Antimicrobial resistance","Enterococcus faecium|Aminopenicillins","S - susceptible isolates","N","2002","IT","Italy",36.000000000,""
"Antimicrobial resistance","Enterococcus faecium|Aminopenicillins","S - susceptible isolates","N","2002","LU","Luxembourg",4.000000000,""
"Antimicrobial resistance","Enterococcus faecium|Aminopenicillins","S - susceptible isolates","N","2002","MT","Malta",2.000000000,""
"Antimicrobial resistance","Enterococcus faecium|Aminopenicillins","S - susceptible isolates","N","2002","NL","Netherlands",147.000000000,""
"Antimicrobial resistance","Enterococcus faecium|Aminopenicillins","S - susceptible isolates","N","2002","NO","Norway",19.000000000,""
"Antimicrobial resistance","Enterococcus faecium|Aminopenicillins","S - susceptible isolates","N","2002","PL","Poland",3.000000000,""
"Antimicrobial resistance","Enterococcus faecium|Aminopenicillins","S - susceptible isolates","N","2002","PT","Portugal",3.000000000,""
"Antimicrobial resistance","Enterococcus faecium|Aminopenicillins","S - susceptible isolates","N","2002","RO","Romania",0.000000000,""
"Antimicrobial resistance","Enterococcus faecium|Aminopenicillins","S - susceptible isolates","N","2002","SE","Sweden",51.000000000,""
"Antimicrobial resistance","Enterococcus faecium|Aminopenicillins","S - susceptible isolates","N","2002","SI","Slovenia",4.000000000,""
"Antimicrobial resistance","Enterococcus faecium|Aminopenicillins","S - susceptible isolates","N","2002","SK","Slovakia",1.000000000,""
"Antimicrobial resistance","Enterococcus faecium|Aminopenicillins","S - susceptible isolates","N","2003","AT","Austria",12.000000000,""
"Antimicrobial resistance","Enterococcus faecium|Aminopenicillins","S - susceptible isolates","N","2003","BE","Belgium",2.000000000,""
"Antimicrobial resistance","Enterococcus faecium|Aminopenicillins","S - susceptible isolates","N","2003","BG","Bulgaria",2.000000000,""
"Antimicrobial resistance","Enterococcus faecium|Aminopenicillins","S - susceptible isolates","N","2003","CY","Cyprus",0.000000000,""
"Antimicrobial resistance","Enterococcus faecium|Aminopenicillins","S - susceptible isolates","N","2003","CZ","Czechia",19.000000000,""
"Antimicrobial resistance","Enterococcus faecium|Aminopenicillins","S - susceptible isolates","N","2003","DE","Germany",22.000000000,""
"Antimicrobial resistance","Enterococcus faecium|Aminopenicillins","S - susceptible isolates","N","2003","EE","Estonia",1.000000000,""
"Antimicrobial resistance","Enterococcus faecium|Aminopenicillins","S - susceptible isolates","N","2003","EL","Greece",16.000000000,""
"Antimicrobial resistance","Enterococcus faecium|Aminopenicillins","S - susceptible isolates","N","2003","ES","Spain",43.000000000,""
"Antimicrobial resistance","Enterococcus faecium|Aminopenicillins","S - susceptible isolates","N","2003","FI","Finland",21.000000000,""
"Antimicrobial resistance","Enterococcus faecium|Aminopenicillins","S - susceptible isolates","N","2003","FR","France",76.000000000,""
"Antimicrobial resistance","Enterococcus faecium|Aminopenicillins","S - susceptible isolates","N","2003","HR","Croatia",17.000000000,""
"Antimicrobial resistance","Enterococcus faecium|Aminopenicillins","S - susceptible isolates","N","2003","HU","Hungary",4.000000000,""
"Antimicrobial resistance","Enterococcus faecium|Aminopenicillins","S - susceptible isolates","N","2003","IE","Ireland",12.000000000,""
"Antimicrobial resistance","Enterococcus faecium|Aminopenicillins","S - susceptible isolates","N","2003","IS","Iceland",3.000000000,""
"Antimicrobial resistance","Enterococcus faecium|Aminopenicillins","S - susceptible isolates","N","2003","IT","Italy",31.000000000,""
"Antimicrobial resistance","Enterococcus faecium|Aminopenicillins","S - susceptible isolates","N","2003","LU","Luxembourg",0.000000000,""
"Antimicrobial resistance","Enterococcus faecium|Aminopenicillins","S - susceptible isolates","N","2003","MT","Malta",4.000000000,""
"Antimicrobial resistance","Enterococcus faecium|Aminopenicillins","S - susceptible isolates","N","2003","NL","Netherlands",143.000000000,""
"Antimicrobial resistance","Enterococcus faecium|Aminopenicillins","S - susceptible isolates","N","2003","NO","Norway",21.000000000,""
"Antimicrobial resistance","Enterococcus faecium|Aminopenicillins","S - susceptible isolates","N","2003","PL","Poland",2.000000000,""
"Antimicrobial resistance","Enterococcus faecium|Aminopenicillins","S - susceptible isolates","N","2003","PT","Portugal",12.000000000,""
"Antimicrobial resistance","Enterococcus faecium|Aminopenicillins","S - susceptible isolates","N","2003","RO","Romania",1.000000000,""
"Antimicrobial resistance","Enterococcus faecium|Aminopenicillins","S - susceptible isolates","N","2003","SE","Sweden",54.000000000,""
"Antimicrobial resistance","Enterococcus faecium|Aminopenicillins","S - susceptible isolates","N","2003","SI","Slovenia",4.000000000,""
"Antimicrobial resistance","Enterococcus faecium|Aminopenicillins","S - susceptible isolates","N","2003","SK","Slovakia",1.000000000,""
"Antimicrobial resistance","Enterococcus faecium|Aminopenicillins","S - susceptible isolates","N","2004","AT","Austria",25.000000000,""
"Antimicrobial resistance","Enterococcus faecium|Aminopenicillins","S - susceptible isolates","N","2004","BE","Belgium",15.000000000,""
"Antimicrobial resistance","Enterococcus faecium|Aminopenicillins","S - susceptible isolates","N","2004","BG","Bulgaria",9.000000000,""
"Antimicrobial resistance","Enterococcus faecium|Aminopenicillins","S - susceptible isolates","N","2004","CY","Cyprus",0.000000000,""
"Antimicrobial resistance","Enterococcus faecium|Aminopenicillins","S - susceptible isolates","N","2004","CZ","Czechia",20.000000000,""
"Antimicrobial resistance","Enterococcus faecium|Aminopenicillins","S - susceptible isolates","N","2004","DE","Germany",12.000000000,""
"Antimicrobial resistance","Enterococcus faecium|Aminopenicillins","S - susceptible isolates","N","2004","EE","Estonia",4.000000000,""
"Antimicrobial resistance","Enterococcus faecium|Aminopenicillins","S - susceptible isolates","N","2004","EL","Greece",22.000000000,""
"Antimicrobial resistance","Enterococcus faecium|Aminopenicillins","S - susceptible isolates","N","2004","ES","Spain",43.000000000,""
"Antimicrobial resistance","Enterococcus faecium|Aminopenicillins","S - susceptible isolates","N","2004","FI","Finland",36.000000000,""
"Antimicrobial resistance","Enterococcus faecium|Aminopenicillins","S - susceptible isolates","N","2004","FR","France",67.000000000,""
"Antimicrobial resistance","Enterococcus faecium|Aminopenicillins","S - susceptible isolates","N","2004","HR","Croatia",9.000000000,""
"Antimicrobial resistance","Enterococcus faecium|Aminopenicillins","S - susceptible isolates","N","2004","HU","Hungary",3.000000000,""
"Antimicrobial resistance","Enterococcus faecium|Aminopenicillins","S - susceptible isolates","N","2004","IE","Ireland",8.000000000,""
"Antimicrobial resistance","Enterococcus faecium|Aminopenicillins","S - susceptible isolates","N","2004","IS","Iceland",3.000000000,""
"Antimicrobial resistance","Enterococcus faecium|Aminopenicillins","S - susceptible isolates","N","2004","IT","Italy",36.000000000,""
"Antimicrobial resistance","Enterococcus faecium|Aminopenicillins","S - susceptible isolates","N","2004","LU","Luxembourg",2.000000000,""
"Antimicrobial resistance","Enterococcus faecium|Aminopenicillins","S - susceptible isolates","N","2004","MT","Malta",4.000000000,""
"Antimicrobial resistance","Enterococcus faecium|Aminopenicillins","S - susceptible isolates","N","2004","NL","Netherlands",108.000000000,""
"Antimicrobial resistance","Enterococcus faecium|Aminopenicillins","S - susceptible isolates","N","2004","NO","Norway",7.000000000,""
"Antimicrobial resistance","Enterococcus faecium|Aminopenicillins","S - susceptible isolates","N","2004","PL","Poland",1.000000000,""
"Antimicrobial resistance","Enterococcus faecium|Aminopenicillins","S - susceptible isolates","N","2004","PT","Portugal",17.000000000,""
"Antimicrobial resistance","Enterococcus faecium|Aminopenicillins","S - susceptible isolates","N","2004","RO","Romania",0.000000000,""
"Antimicrobial resistance","Enterococcus faecium|Aminopenicillins","S - susceptible isolates","N","2004","SE","Sweden",57.000000000,""
"Antimicrobial resistance","Enterococcus faecium|Aminopenicillins","S - susceptible isolates","N","2004","SI","Slovenia",8.000000000,""
"Antimicrobial resistance","Enterococcus faecium|Aminopenicillins","S - susceptible isolates","N","2004","SK","Slovakia",1.000000000,""
"Antimicrobial resistance","Enterococcus faecium|Aminopenicillins","S - susceptible isolates","N","2005","AT","Austria",26.000000000,""
"Antimicrobial resistance","Enterococcus faecium|Aminopenicillins","S - susceptible isolates","N","2005","BE","Belgium",16.000000000,""
"Antimicrobial resistance","Enterococcus faecium|Aminopenicillins","S - susceptible isolates","N","2005","BG","Bulgaria",1.000000000,""
"Antimicrobial resistance","Enterococcus faecium|Aminopenicillins","S - susceptible isolates","N","2005","CY","Cyprus",1.000000000,""
"Antimicrobial resistance","Enterococcus faecium|Aminopenicillins","S - susceptible isolates","N","2005","CZ","Czechia",17.000000000,""
"Antimicrobial resistance","Enterococcus faecium|Aminopenicillins","S - susceptible isolates","N","2005","DE","Germany",10.000000000,""
"Antimicrobial resistance","Enterococcus faecium|Aminopenicillins","S - susceptible isolates","N","2005","EE","Estonia",4.000000000,""
"Antimicrobial resistance","Enterococcus faecium|Aminopenicillins","S - susceptible isolates","N","2005","EL","Greece",31.000000000,""
"Antimicrobial resistance","Enterococcus faecium|Aminopenicillins","S - susceptible isolates","N","2005","ES","Spain",46.000000000,""
"Antimicrobial resistance","Enterococcus faecium|Aminopenicillins","S - susceptible isolates","N","2005","FI","Finland",24.000000000,""
"Antimicrobial resistance","Enterococcus faecium|Aminopenicillins","S - susceptible isolates","N","2005","FR","France",70.000000000,""
"Antimicrobial resistance","Enterococcus faecium|Aminopenicillins","S - susceptible isolates","N","2005","HR","Croatia",6.000000000,""
"Antimicrobial resistance","Enterococcus faecium|Aminopenicillins","S - susceptible isolates","N","2005","HU","Hungary",7.000000000,""
"Antimicrobial resistance","Enterococcus faecium|Aminopenicillins","S - susceptible isolates","N","2005","IE","Ireland",15.000000000,""
"Antimicrobial resistance","Enterococcus faecium|Aminopenicillins","S - susceptible isolates","N","2005","IS","Iceland",2.000000000,""
"Antimicrobial resistance","Enterococcus faecium|Aminopenicillins","S - susceptible isolates","N","2005","IT","Italy",43.000000000,""
"Antimicrobial resistance","Enterococcus faecium|Aminopenicillins","S - susceptible isolates","N","2005","LU","Luxembourg",9.000000000,""
"Antimicrobial resistance","Enterococcus faecium|Aminopenicillins","S - susceptible isolates","N","2005","MT","Malta",3.000000000,""
"Antimicrobial resistance","Enterococcus faecium|Aminopenicillins","S - susceptible isolates","N","2005","NL","Netherlands",75.000000000,""
"Antimicrobial resistance","Enterococcus faecium|Aminopenicillins","S - susceptible isolates","N","2005","NO","Norway",18.000000000,""
"Antimicrobial resistance","Enterococcus faecium|Aminopenicillins","S - susceptible isolates","N","2005","PL","Poland",1.000000000,""
"Antimicrobial resistance","Enterococcus faecium|Aminopenicillins","S - susceptible isolates","N","2005","PT","Portugal",7.000000000,""
"Antimicrobial resistance","Enterococcus faecium|Aminopenicillins","S - susceptible isolates","N","2005","RO","Romania",0.000000000,""
"Antimicrobial resistance","Enterococcus faecium|Aminopenicillins","S - susceptible isolates","N","2005","SE","Sweden",66.000000000,""
"Antimicrobial resistance","Enterococcus faecium|Aminopenicillins","S - susceptible isolates","N","2005","SI","Slovenia",2.000000000,""
"Antimicrobial resistance","Enterococcus faecium|Aminopenicillins","S - susceptible isolates","N","2005","SK","Slovakia",0.000000000,""
"Antimicrobial resistance","Enterococcus faecium|Aminopenicillins","S - susceptible isolates","N","2005","UK","United Kingdom",34.000000000,""
"Antimicrobial resistance","Enterococcus faecium|Aminopenicillins","S - susceptible isolates","N","2006","AT","Austria",27.000000000,""
"Antimicrobial resistance","Enterococcus faecium|Aminopenicillins","S - susceptible isolates","N","2006","BE","Belgium",16.000000000,""
"Antimicrobial resistance","Enterococcus faecium|Aminopenicillins","S - susceptible isolates","N","2006","BG","Bulgaria",1.000000000,""
"Antimicrobial resistance","Enterococcus faecium|Aminopenicillins","S - susceptible isolates","N","2006","CY","Cyprus",4.000000000,""
"Antimicrobial resistance","Enterococcus faecium|Aminopenicillins","S - susceptible isolates","N","2006","CZ","Czechia",18.000000000,""
"Antimicrobial resistance","Enterococcus faecium|Aminopenicillins","S - susceptible isolates","N","2006","DE","Germany",15.000000000,""
"Antimicrobial resistance","Enterococcus faecium|Aminopenicillins","S - susceptible isolates","N","2006","DK","Denmark",39.000000000,""
"Antimicrobial resistance","Enterococcus faecium|Aminopenicillins","S - susceptible isolates","N","2006","EE","Estonia",5.000000000,""
"Antimicrobial resistance","Enterococcus faecium|Aminopenicillins","S - susceptible isolates","N","2006","EL","Greece",36.000000000,""
"Antimicrobial resistance","Enterococcus faecium|Aminopenicillins","S - susceptible isolates","N","2006","ES","Spain",47.000000000,""
"Antimicrobial resistance","Enterococcus faecium|Aminopenicillins","S - susceptible isolates","N","2006","FI","Finland",24.000000000,""
"Antimicrobial resistance","Enterococcus faecium|Aminopenicillins","S - susceptible isolates","N","2006","FR","France",64.000000000,""
"Antimicrobial resistance","Enterococcus faecium|Aminopenicillins","S - susceptible isolates","N","2006","HR","Croatia",11.000000000,""
"Antimicrobial resistance","Enterococcus faecium|Aminopenicillins","S - susceptible isolates","N","2006","HU","Hungary",5.000000000,""
"Antimicrobial resistance","Enterococcus faecium|Aminopenicillins","S - susceptible isolates","N","2006","IE","Ireland",16.000000000,""
"Antimicrobial resistance","Enterococcus faecium|Aminopenicillins","S - susceptible isolates","N","2006","IS","Iceland",4.000000000,""
"Antimicrobial resistance","Enterococcus faecium|Aminopenicillins","S - susceptible isolates","N","2006","IT","Italy",23.000000000,""
"Antimicrobial resistance","Enterococcus faecium|Aminopenicillins","S - susceptible isolates","N","2006","LT","Lithuania",2.000000000,""
"Antimicrobial resistance","Enterococcus faecium|Aminopenicillins","S - susceptible isolates","N","2006","LU","Luxembourg",3.000000000,""
"Antimicrobial resistance","Enterococcus faecium|Aminopenicillins","S - susceptible isolates","N","2006","LV","Latvia",1.000000000,""
"Antimicrobial resistance","Enterococcus faecium|Aminopenicillins","S - susceptible isolates","N","2006","MT","Malta",6.000000000,""
"Antimicrobial resistance","Enterococcus faecium|Aminopenicillins","S - susceptible isolates","N","2006","NL","Netherlands",84.000000000,""
"Antimicrobial resistance","Enterococcus faecium|Aminopenicillins","S - susceptible isolates","N","2006","NO","Norway",18.000000000,""
"Antimicrobial resistance","Enterococcus faecium|Aminopenicillins","S - susceptible isolates","N","2006","PL","Poland",1.000000000,""
"Antimicrobial resistance","Enterococcus faecium|Aminopenicillins","S - susceptible isolates","N","2006","PT","Portugal",32.000000000,""
"Antimicrobial resistance","Enterococcus faecium|Aminopenicillins","S - susceptible isolates","N","2006","RO","Romania",0.000000000,""
"Antimicrobial resistance","Enterococcus faecium|Aminopenicillins","S - susceptible isolates","N","2006","SE","Sweden",65.000000000,""
"Antimicrobial resistance","Enterococcus faecium|Aminopenicillins","S - susceptible isolates","N","2006","SI","Slovenia",7.000000000,""
"Antimicrobial resistance","Enterococcus faecium|Aminopenicillins","S - susceptible isolates","N","2006","UK","United Kingdom",37.000000000,""
"Antimicrobial resistance","Enterococcus faecium|Aminopenicillins","S - susceptible isolates","N","2007","AT","Austria",48.000000000,""
"Antimicrobial resistance","Enterococcus faecium|Aminopenicillins","S - susceptible isolates","N","2007","BE","Belgium",14.000000000,""
"Antimicrobial resistance","Enterococcus faecium|Aminopenicillins","S - susceptible isolates","N","2007","BG","Bulgaria",0.000000000,""
"Antimicrobial resistance","Enterococcus faecium|Aminopenicillins","S - susceptible isolates","N","2007","CY","Cyprus",1.000000000,""
"Antimicrobial resistance","Enterococcus faecium|Aminopenicillins","S - susceptible isolates","N","2007","CZ","Czechia",20.000000000,""
"Antimicrobial resistance","Enterococcus faecium|Aminopenicillins","S - susceptible isolates","N","2007","DE","Germany",13.000000000,""
"Antimicrobial resistance","Enterococcus faecium|Aminopenicillins","S - susceptible isolates","N","2007","DK","Denmark",43.000000000,""
"Antimicrobial resistance","Enterococcus faecium|Aminopenicillins","S - susceptible isolates","N","2007","EE","Estonia",2.000000000,""
"Antimicrobial resistance","Enterococcus faecium|Aminopenicillins","S - susceptible isolates","N","2007","EL","Greece",33.000000000,""
"Antimicrobial resistance","Enterococcus faecium|Aminopenicillins","S - susceptible isolates","N","2007","ES","Spain",46.000000000,""
"Antimicrobial resistance","Enterococcus faecium|Aminopenicillins","S - susceptible isolates","N","2007","FI","Finland",21.000000000,""
"Antimicrobial resistance","Enterococcus faecium|Aminopenicillins","S - susceptible isolates","N","2007","FR","France",104.000000000,""
"Antimicrobial resistance","Enterococcus faecium|Aminopenicillins","S - susceptible isolates","N","2007","HR","Croatia",11.000000000,""
"Antimicrobial resistance","Enterococcus faecium|Aminopenicillins","S - susceptible isolates","N","2007","HU","Hungary",7.000000000,""
"Antimicrobial resistance","Enterococcus faecium|Aminopenicillins","S - susceptible isolates","N","2007","IE","Ireland",22.000000000,""
"Antimicrobial resistance","Enterococcus faecium|Aminopenicillins","S - susceptible isolates","N","2007","IS","Iceland",6.000000000,""
"Antimicrobial resistance","Enterococcus faecium|Aminopenicillins","S - susceptible isolates","N","2007","IT","Italy",67.000000000,""
"Antimicrobial resistance","Enterococcus faecium|Aminopenicillins","S - susceptible isolates","N","2007","LT","Lithuania",0.000000000,""
"Antimicrobial resistance","Enterococcus faecium|Aminopenicillins","S - susceptible isolates","N","2007","LU","Luxembourg",4.000000000,""
"Antimicrobial resistance","Enterococcus faecium|Aminopenicillins","S - susceptible isolates","N","2007","LV","Latvia",7.000000000,""
"Antimicrobial resistance","Enterococcus faecium|Aminopenicillins","S - susceptible isolates","N","2007","MT","Malta",3.000000000,""
"Antimicrobial resistance","Enterococcus faecium|Aminopenicillins","S - susceptible isolates","N","2007","NL","Netherlands",64.000000000,""
"Antimicrobial resistance","Enterococcus faecium|Aminopenicillins","S - susceptible isolates","N","2007","NO","Norway",19.000000000,""
"Antimicrobial resistance","Enterococcus faecium|Aminopenicillins","S - susceptible isolates","N","2007","PL","Poland",3.000000000,""
"Antimicrobial resistance","Enterococcus faecium|Aminopenicillins","S - susceptible isolates","N","2007","PT","Portugal",11.000000000,""
"Antimicrobial resistance","Enterococcus faecium|Aminopenicillins","S - susceptible isolates","N","2007","RO","Romania",0.000000000,""
"Antimicrobial resistance","Enterococcus faecium|Aminopenicillins","S - susceptible isolates","N","2007","SE","Sweden",55.000000000,""
"Antimicrobial resistance","Enterococcus faecium|Aminopenicillins","S - susceptible isolates","N","2007","SI","Slovenia",5.000000000,""
"Antimicrobial resistance","Enterococcus faecium|Aminopenicillins","S - susceptible isolates","N","2007","UK","United Kingdom",24.000000000,""
"Antimicrobial resistance","Enterococcus faecium|Aminopenicillins","S - susceptible isolates","N","2008","AT","Austria",31.000000000,""
"Antimicrobial resistance","Enterococcus faecium|Aminopenicillins","S - susceptible isolates","N","2008","BE","Belgium",14.000000000,""
"Antimicrobial resistance","Enterococcus faecium|Aminopenicillins","S - susceptible isolates","N","2008","BG","Bulgaria",2.000000000,""
"Antimicrobial resistance","Enterococcus faecium|Aminopenicillins","S - susceptible isolates","N","2008","CY","Cyprus",4.000000000,""
"Antimicrobial resistance","Enterococcus faecium|Aminopenicillins","S - susceptible isolates","N","2008","CZ","Czechia",14.000000000,""
"Antimicrobial resistance","Enterococcus faecium|Aminopenicillins","S - susceptible isolates","N","2008","DE","Germany",7.000000000,""
"Antimicrobial resistance","Enterococcus faecium|Aminopenicillins","S - susceptible isolates","N","2008","DK","Denmark",47.000000000,""
"Antimicrobial resistance","Enterococcus faecium|Aminopenicillins","S - susceptible isolates","N","2008","EE","Estonia",6.000000000,""
"Antimicrobial resistance","Enterococcus faecium|Aminopenicillins","S - susceptible isolates","N","2008","EL","Greece",51.000000000,""
"Antimicrobial resistance","Enterococcus faecium|Aminopenicillins","S - susceptible isolates","N","2008","ES","Spain",61.000000000,""
"Antimicrobial resistance","Enterococcus faecium|Aminopenicillins","S - susceptible isolates","N","2008","FI","Finland",21.000000000,""
"Antimicrobial resistance","Enterococcus faecium|Aminopenicillins","S - susceptible isolates","N","2008","FR","France",117.000000000,""
"Antimicrobial resistance","Enterococcus faecium|Aminopenicillins","S - susceptible isolates","N","2008","HR","Croatia",15.000000000,""
"Antimicrobial resistance","Enterococcus faecium|Aminopenicillins","S - susceptible isolates","N","2008","HU","Hungary",3.000000000,""
"Antimicrobial resistance","Enterococcus faecium|Aminopenicillins","S - susceptible isolates","N","2008","IE","Ireland",19.000000000,""
"Antimicrobial resistance","Enterococcus faecium|Aminopenicillins","S - susceptible isolates","N","2008","IS","Iceland",4.000000000,""
"Antimicrobial resistance","Enterococcus faecium|Aminopenicillins","S - susceptible isolates","N","2008","IT","Italy",76.000000000,""
"Antimicrobial resistance","Enterococcus faecium|Aminopenicillins","S - susceptible isolates","N","2008","LT","Lithuania",3.000000000,""
"Antimicrobial resistance","Enterococcus faecium|Aminopenicillins","S - susceptible isolates","N","2008","LU","Luxembourg",4.000000000,""
"Antimicrobial resistance","Enterococcus faecium|Aminopenicillins","S - susceptible isolates","N","2008","LV","Latvia",3.000000000,""
"Antimicrobial resistance","Enterococcus faecium|Aminopenicillins","S - susceptible isolates","N","2008","MT","Malta",2.000000000,""
"Antimicrobial resistance","Enterococcus faecium|Aminopenicillins","S - susceptible isolates","N","2008","NL","Netherlands",38.000000000,""
"Antimicrobial resistance","Enterococcus faecium|Aminopenicillins","S - susceptible isolates","N","2008","NO","Norway",25.000000000,""
"Antimicrobial resistance","Enterococcus faecium|Aminopenicillins","S - susceptible isolates","N","2008","PL","Poland",2.000000000,""
"Antimicrobial resistance","Enterococcus faecium|Aminopenicillins","S - susceptible isolates","N","2008","PT","Portugal",24.000000000,""
"Antimicrobial resistance","Enterococcus faecium|Aminopenicillins","S - susceptible isolates","N","2008","RO","Romania",0.000000000,""
"Antimicrobial resistance","Enterococcus faecium|Aminopenicillins","S - susceptible isolates","N","2008","SE","Sweden",50.000000000,""
"Antimicrobial resistance","Enterococcus faecium|Aminopenicillins","S - susceptible isolates","N","2008","SI","Slovenia",3.000000000,""
"Antimicrobial resistance","Enterococcus faecium|Aminopenicillins","S - susceptible isolates","N","2008","UK","United Kingdom",14.000000000,""
"Antimicrobial resistance","Enterococcus faecium|Aminopenicillins","S - susceptible isolates","N","2009","AT","Austria",37.000000000,""
"Antimicrobial resistance","Enterococcus faecium|Aminopenicillins","S - susceptible isolates","N","2009","BE","Belgium",7.000000000,""
"Antimicrobial resistance","Enterococcus faecium|Aminopenicillins","S - susceptible isolates","N","2009","BG","Bulgaria",1.000000000,""
"Antimicrobial resistance","Enterococcus faecium|Aminopenicillins","S - susceptible isolates","N","2009","CY","Cyprus",3.000000000,""
"Antimicrobial resistance","Enterococcus faecium|Aminopenicillins","S - susceptible isolates","N","2009","CZ","Czechia",5.000000000,""
"Antimicrobial resistance","Enterococcus faecium|Aminopenicillins","S - susceptible isolates","N","2009","DE","Germany",20.000000000,""
"Antimicrobial resistance","Enterococcus faecium|Aminopenicillins","S - susceptible isolates","N","2009","DK","Denmark",48.000000000,""
"Antimicrobial resistance","Enterococcus faecium|Aminopenicillins","S - susceptible isolates","N","2009","EE","Estonia",4.000000000,""
"Antimicrobial resistance","Enterococcus faecium|Aminopenicillins","S - susceptible isolates","N","2009","EL","Greece",56.000000000,""
"Antimicrobial resistance","Enterococcus faecium|Aminopenicillins","S - susceptible isolates","N","2009","ES","Spain",57.000000000,""
"Antimicrobial resistance","Enterococcus faecium|Aminopenicillins","S - susceptible isolates","N","2009","FI","Finland",32.000000000,""
"Antimicrobial resistance","Enterococcus faecium|Aminopenicillins","S - susceptible isolates","N","2009","FR","France",219.000000000,""
"Antimicrobial resistance","Enterococcus faecium|Aminopenicillins","S - susceptible isolates","N","2009","HU","Hungary",2.000000000,""
"Antimicrobial resistance","Enterococcus faecium|Aminopenicillins","S - susceptible isolates","N","2009","IE","Ireland",28.000000000,""
"Antimicrobial resistance","Enterococcus faecium|Aminopenicillins","S - susceptible isolates","N","2009","IS","Iceland",8.000000000,""
"Antimicrobial resistance","Enterococcus faecium|Aminopenicillins","S - susceptible isolates","N","2009","IT","Italy",73.000000000,""
"Antimicrobial resistance","Enterococcus faecium|Aminopenicillins","S - susceptible isolates","N","2009","LT","Lithuania",1.000000000,""
"Antimicrobial resistance","Enterococcus faecium|Aminopenicillins","S - susceptible isolates","N","2009","LU","Luxembourg",1.000000000,""
"Antimicrobial resistance","Enterococcus faecium|Aminopenicillins","S - susceptible isolates","N","2009","LV","Latvia",4.000000000,""
"Antimicrobial resistance","Enterococcus faecium|Aminopenicillins","S - susceptible isolates","N","2009","MT","Malta",1.000000000,""
"Antimicrobial resistance","Enterococcus faecium|Aminopenicillins","S - susceptible isolates","N","2009","NL","Netherlands",22.000000000,""
"Antimicrobial resistance","Enterococcus faecium|Aminopenicillins","S - susceptible isolates","N","2009","NO","Norway",25.000000000,""
"Antimicrobial resistance","Enterococcus faecium|Aminopenicillins","S - susceptible isolates","N","2009","PL","Poland",2.000000000,""
"Antimicrobial resistance","Enterococcus faecium|Aminopenicillins","S - susceptible isolates","N","2009","PT","Portugal",20.000000000,""
"Antimicrobial resistance","Enterococcus faecium|Aminopenicillins","S - susceptible isolates","N","2009","RO","Romania",0.000000000,""
"Antimicrobial resistance","Enterococcus faecium|Aminopenicillins","S - susceptible isolates","N","2009","SI","Slovenia",4.000000000,""
"Antimicrobial resistance","Enterococcus faecium|Aminopenicillins","S - susceptible isolates","N","2009","UK","United Kingdom",24.000000000,""
"Antimicrobial resistance","Enterococcus faecium|Aminopenicillins","S - susceptible isolates","N","2010","AT","Austria",27.000000000,""
"Antimicrobial resistance","Enterococcus faecium|Aminopenicillins","S - susceptible isolates","N","2010","BE","Belgium",9.000000000,""
"Antimicrobial resistance","Enterococcus faecium|Aminopenicillins","S - susceptible isolates","N","2010","BG","Bulgaria",0.000000000,""
"Antimicrobial resistance","Enterococcus faecium|Aminopenicillins","S - susceptible isolates","N","2010","CY","Cyprus",5.000000000,""
"Antimicrobial resistance","Enterococcus faecium|Aminopenicillins","S - susceptible isolates","N","2010","CZ","Czechia",4.000000000,""
"Antimicrobial resistance","Enterococcus faecium|Aminopenicillins","S - susceptible isolates","N","2010","DE","Germany",25.000000000,""
"Antimicrobial resistance","Enterococcus faecium|Aminopenicillins","S - susceptible isolates","N","2010","DK","Denmark",33.000000000,""
"Antimicrobial resistance","Enterococcus faecium|Aminopenicillins","S - susceptible isolates","N","2010","EE","Estonia",2.000000000,""
"Antimicrobial resistance","Enterococcus faecium|Aminopenicillins","S - susceptible isolates","N","2010","EL","Greece",31.000000000,""
"Antimicrobial resistance","Enterococcus faecium|Aminopenicillins","S - susceptible isolates","N","2010","ES","Spain",79.000000000,""
"Antimicrobial resistance","Enterococcus faecium|Aminopenicillins","S - susceptible isolates","N","2010","FI","Finland",42.000000000,""
"Antimicrobial resistance","Enterococcus faecium|Aminopenicillins","S - susceptible isolates","N","2010","FR","France",117.000000000,""
"Antimicrobial resistance","Enterococcus faecium|Aminopenicillins","S - susceptible isolates","N","2010","HR","Croatia",8.000000000,""
"Antimicrobial resistance","Enterococcus faecium|Aminopenicillins","S - susceptible isolates","N","2010","HU","Hungary",3.000000000,""
"Antimicrobial resistance","Enterococcus faecium|Aminopenicillins","S - susceptible isolates","N","2010","IE","Ireland",17.000000000,""
"Antimicrobial resistance","Enterococcus faecium|Aminopenicillins","S - susceptible isolates","N","2010","IS","Iceland",10.000000000,""
"Antimicrobial resistance","Enterococcus faecium|Aminopenicillins","S - susceptible isolates","N","2010","IT","Italy",113.000000000,""
"Antimicrobial resistance","Enterococcus faecium|Aminopenicillins","S - susceptible isolates","N","2010","LT","Lithuania",3.000000000,""
"Antimicrobial resistance","Enterococcus faecium|Aminopenicillins","S - susceptible isolates","N","2010","LU","Luxembourg",5.000000000,""
"Antimicrobial resistance","Enterococcus faecium|Aminopenicillins","S - susceptible isolates","N","2010","LV","Latvia",0.000000000,""
"Antimicrobial resistance","Enterococcus faecium|Aminopenicillins","S - susceptible isolates","N","2010","MT","Malta",0.000000000,""
"Antimicrobial resistance","Enterococcus faecium|Aminopenicillins","S - susceptible isolates","N","2010","NL","Netherlands",74.000000000,""
"Antimicrobial resistance","Enterococcus faecium|Aminopenicillins","S - susceptible isolates","N","2010","NO","Norway",21.000000000,""
"Antimicrobial resistance","Enterococcus faecium|Aminopenicillins","S - susceptible isolates","N","2010","PL","Poland",4.000000000,""
"Antimicrobial resistance","Enterococcus faecium|Aminopenicillins","S - susceptible isolates","N","2010","PT","Portugal",16.000000000,""
"Antimicrobial resistance","Enterococcus faecium|Aminopenicillins","S - susceptible isolates","N","2010","RO","Romania",2.000000000,""
"Antimicrobial resistance","Enterococcus faecium|Aminopenicillins","S - susceptible isolates","N","2010","SE","Sweden",61.000000000,""
"Antimicrobial resistance","Enterococcus faecium|Aminopenicillins","S - susceptible isolates","N","2010","SI","Slovenia",3.000000000,""
"Antimicrobial resistance","Enterococcus faecium|Aminopenicillins","S - susceptible isolates","N","2010","UK","United Kingdom",37.000000000,""
"Antimicrobial resistance","Enterococcus faecium|Aminopenicillins","S - susceptible isolates","N","2011","AT","Austria",32.000000000,""
"Antimicrobial resistance","Enterococcus faecium|Aminopenicillins","S - susceptible isolates","N","2011","BE","Belgium",34.000000000,""
"Antimicrobial resistance","Enterococcus faecium|Aminopenicillins","S - susceptible isolates","N","2011","BG","Bulgaria",6.000000000,""
"Antimicrobial resistance","Enterococcus faecium|Aminopenicillins","S - susceptible isolates","N","2011","CY","Cyprus",3.000000000,""
"Antimicrobial resistance","Enterococcus faecium|Aminopenicillins","S - susceptible isolates","N","2011","CZ","Czechia",6.000000000,""
"Antimicrobial resistance","Enterococcus faecium|Aminopenicillins","S - susceptible isolates","N","2011","DE","Germany",22.000000000,""
"Antimicrobial resistance","Enterococcus faecium|Aminopenicillins","S - susceptible isolates","N","2011","DK","Denmark",34.000000000,""
"Antimicrobial resistance","Enterococcus faecium|Aminopenicillins","S - susceptible isolates","N","2011","EL","Greece",30.000000000,""
"Antimicrobial resistance","Enterococcus faecium|Aminopenicillins","S - susceptible isolates","N","2011","ES","Spain",96.000000000,""
"Antimicrobial resistance","Enterococcus faecium|Aminopenicillins","S - susceptible isolates","N","2011","FI","Finland",23.000000000,""
"Antimicrobial resistance","Enterococcus faecium|Aminopenicillins","S - susceptible isolates","N","2011","FR","France",120.000000000,""
"Antimicrobial resistance","Enterococcus faecium|Aminopenicillins","S - susceptible isolates","N","2011","HR","Croatia",1.000000000,""
"Antimicrobial resistance","Enterococcus faecium|Aminopenicillins","S - susceptible isolates","N","2011","HU","Hungary",5.000000000,""
"Antimicrobial resistance","Enterococcus faecium|Aminopenicillins","S - susceptible isolates","N","2011","IE","Ireland",14.000000000,""
"Antimicrobial resistance","Enterococcus faecium|Aminopenicillins","S - susceptible isolates","N","2011","IS","Iceland",4.000000000,""
"Antimicrobial resistance","Enterococcus faecium|Aminopenicillins","S - susceptible isolates","N","2011","IT","Italy",45.000000000,""
"Antimicrobial resistance","Enterococcus faecium|Aminopenicillins","S - susceptible isolates","N","2011","LT","Lithuania",1.000000000,""
"Antimicrobial resistance","Enterococcus faecium|Aminopenicillins","S - susceptible isolates","N","2011","LU","Luxembourg",7.000000000,""
"Antimicrobial resistance","Enterococcus faecium|Aminopenicillins","S - susceptible isolates","N","2011","LV","Latvia",1.000000000,""
"Antimicrobial resistance","Enterococcus faecium|Aminopenicillins","S - susceptible isolates","N","2011","MT","Malta",5.000000000,""
"Antimicrobial resistance","Enterococcus faecium|Aminopenicillins","S - susceptible isolates","N","2011","NL","Netherlands",57.000000000,""
"Antimicrobial resistance","Enterococcus faecium|Aminopenicillins","S - susceptible isolates","N","2011","NO","Norway",41.000000000,""
"Antimicrobial resistance","Enterococcus faecium|Aminopenicillins","S - susceptible isolates","N","2011","PL","Poland",12.000000000,""
"Antimicrobial resistance","Enterococcus faecium|Aminopenicillins","S - susceptible isolates","N","2011","PT","Portugal",38.000000000,""
"Antimicrobial resistance","Enterococcus faecium|Aminopenicillins","S - susceptible isolates","N","2011","RO","Romania",1.000000000,""
"Antimicrobial resistance","Enterococcus faecium|Aminopenicillins","S - susceptible isolates","N","2011","SE","Sweden",44.000000000,""
"Antimicrobial resistance","Enterococcus faecium|Aminopenicillins","S - susceptible isolates","N","2011","SI","Slovenia",8.000000000,""
"Antimicrobial resistance","Enterococcus faecium|Aminopenicillins","S - susceptible isolates","N","2011","SK","Slovakia",4.000000000,""
"Antimicrobial resistance","Enterococcus faecium|Aminopenicillins","S - susceptible isolates","N","2011","UK","United Kingdom",31.000000000,""
"Antimicrobial resistance","Enterococcus faecium|Aminopenicillins","S - susceptible isolates","N","2012","AT","Austria",33.000000000,""
"Antimicrobial resistance","Enterococcus faecium|Aminopenicillins","S - susceptible isolates","N","2012","BE","Belgium",43.000000000,""
"Antimicrobial resistance","Enterococcus faecium|Aminopenicillins","S - susceptible isolates","N","2012","BG","Bulgaria",2.000000000,""
"Antimicrobial resistance","Enterococcus faecium|Aminopenicillins","S - susceptible isolates","N","2012","CY","Cyprus",7.000000000,""
"Antimicrobial resistance","Enterococcus faecium|Aminopenicillins","S - susceptible isolates","N","2012","CZ","Czechia",6.000000000,""
"Antimicrobial resistance","Enterococcus faecium|Aminopenicillins","S - susceptible isolates","N","2012","DE","Germany",44.000000000,""
"Antimicrobial resistance","Enterococcus faecium|Aminopenicillins","S - susceptible isolates","N","2012","DK","Denmark",39.000000000,""
"Antimicrobial resistance","Enterococcus faecium|Aminopenicillins","S - susceptible isolates","N","2012","EE","Estonia",4.000000000,""
"Antimicrobial resistance","Enterococcus faecium|Aminopenicillins","S - susceptible isolates","N","2012","EL","Greece",27.000000000,""
"Antimicrobial resistance","Enterococcus faecium|Aminopenicillins","S - susceptible isolates","N","2012","ES","Spain",69.000000000,""
"Antimicrobial resistance","Enterococcus faecium|Aminopenicillins","S - susceptible isolates","N","2012","FI","Finland",30.000000000,""
"Antimicrobial resistance","Enterococcus faecium|Aminopenicillins","S - susceptible isolates","N","2012","FR","France",124.000000000,""
"Antimicrobial resistance","Enterococcus faecium|Aminopenicillins","S - susceptible isolates","N","2012","HR","Croatia",1.000000000,""
"Antimicrobial resistance","Enterococcus faecium|Aminopenicillins","S - susceptible isolates","N","2012","HU","Hungary",1.000000000,""
"Antimicrobial resistance","Enterococcus faecium|Aminopenicillins","S - susceptible isolates","N","2012","IE","Ireland",25.000000000,""
"Antimicrobial resistance","Enterococcus faecium|Aminopenicillins","S - susceptible isolates","N","2012","IS","Iceland",4.000000000,""
"Antimicrobial resistance","Enterococcus faecium|Aminopenicillins","S - susceptible isolates","N","2012","IT","Italy",54.000000000,""
"Antimicrobial resistance","Enterococcus faecium|Aminopenicillins","S - susceptible isolates","N","2012","LT","Lithuania",5.000000000,""
"Antimicrobial resistance","Enterococcus faecium|Aminopenicillins","S - susceptible isolates","N","2012","LU","Luxembourg",4.000000000,""
"Antimicrobial resistance","Enterococcus faecium|Aminopenicillins","S - susceptible isolates","N","2012","LV","Latvia",2.000000000,""
"Antimicrobial resistance","Enterococcus faecium|Aminopenicillins","S - susceptible isolates","N","2012","MT","Malta",2.000000000,""
"Antimicrobial resistance","Enterococcus faecium|Aminopenicillins","S - susceptible isolates","N","2012","NL","Netherlands",63.000000000,""
"Antimicrobial resistance","Enterococcus faecium|Aminopenicillins","S - susceptible isolates","N","2012","NO","Norway",28.000000000,""
"Antimicrobial resistance","Enterococcus faecium|Aminopenicillins","S - susceptible isolates","N","2012","PL","Poland",2.000000000,""
"Antimicrobial resistance","Enterococcus faecium|Aminopenicillins","S - susceptible isolates","N","2012","PT","Portugal",14.000000000,""
"Antimicrobial resistance","Enterococcus faecium|Aminopenicillins","S - susceptible isolates","N","2012","RO","Romania",2.000000000,""
"Antimicrobial resistance","Enterococcus faecium|Aminopenicillins","S - susceptible isolates","N","2012","SE","Sweden",61.000000000,""
"Antimicrobial resistance","Enterococcus faecium|Aminopenicillins","S - susceptible isolates","N","2012","SI","Slovenia",7.000000000,""
"Antimicrobial resistance","Enterococcus faecium|Aminopenicillins","S - susceptible isolates","N","2012","SK","Slovakia",4.000000000,""
"Antimicrobial resistance","Enterococcus faecium|Aminopenicillins","S - susceptible isolates","N","2012","UK","United Kingdom",24.000000000,""
"Antimicrobial resistance","Enterococcus faecium|Aminopenicillins","S - susceptible isolates","N","2013","AT","Austria",31.000000000,""
"Antimicrobial resistance","Enterococcus faecium|Aminopenicillins","S - susceptible isolates","N","2013","BE","Belgium",88.000000000,""
"Antimicrobial resistance","Enterococcus faecium|Aminopenicillins","S - susceptible isolates","N","2013","BG","Bulgaria",5.000000000,""
"Antimicrobial resistance","Enterococcus faecium|Aminopenicillins","S - susceptible isolates","N","2013","CY","Cyprus",3.000000000,""
"Antimicrobial resistance","Enterococcus faecium|Aminopenicillins","S - susceptible isolates","N","2013","CZ","Czechia",11.000000000,""
"Antimicrobial resistance","Enterococcus faecium|Aminopenicillins","S - susceptible isolates","N","2013","DE","Germany",57.000000000,""
"Antimicrobial resistance","Enterococcus faecium|Aminopenicillins","S - susceptible isolates","N","2013","DK","Denmark",46.000000000,""
"Antimicrobial resistance","Enterococcus faecium|Aminopenicillins","S - susceptible isolates","N","2013","EE","Estonia",10.000000000,""
"Antimicrobial resistance","Enterococcus faecium|Aminopenicillins","S - susceptible isolates","N","2013","EL","Greece",38.000000000,""
"Antimicrobial resistance","Enterococcus faecium|Aminopenicillins","S - susceptible isolates","N","2013","ES","Spain",81.000000000,""
"Antimicrobial resistance","Enterococcus faecium|Aminopenicillins","S - susceptible isolates","N","2013","FI","Finland",49.000000000,""
"Antimicrobial resistance","Enterococcus faecium|Aminopenicillins","S - susceptible isolates","N","2013","FR","France",151.000000000,""
"Antimicrobial resistance","Enterococcus faecium|Aminopenicillins","S - susceptible isolates","N","2013","HR","Croatia",8.000000000,""
"Antimicrobial resistance","Enterococcus faecium|Aminopenicillins","S - susceptible isolates","N","2013","HU","Hungary",1.000000000,""
"Antimicrobial resistance","Enterococcus faecium|Aminopenicillins","S - susceptible isolates","N","2013","IE","Ireland",27.000000000,""
"Antimicrobial resistance","Enterococcus faecium|Aminopenicillins","S - susceptible isolates","N","2013","IS","Iceland",3.000000000,""
"Antimicrobial resistance","Enterococcus faecium|Aminopenicillins","S - susceptible isolates","N","2013","IT","Italy",98.000000000,""
"Antimicrobial resistance","Enterococcus faecium|Aminopenicillins","S - susceptible isolates","N","2013","LT","Lithuania",1.000000000,""
"Antimicrobial resistance","Enterococcus faecium|Aminopenicillins","S - susceptible isolates","N","2013","LU","Luxembourg",0.000000000,""
"Antimicrobial resistance","Enterococcus faecium|Aminopenicillins","S - susceptible isolates","N","2013","LV","Latvia",1.000000000,""
"Antimicrobial resistance","Enterococcus faecium|Aminopenicillins","S - susceptible isolates","N","2013","MT","Malta",3.000000000,""
"Antimicrobial resistance","Enterococcus faecium|Aminopenicillins","S - susceptible isolates","N","2013","NL","Netherlands",74.000000000,""
"Antimicrobial resistance","Enterococcus faecium|Aminopenicillins","S - susceptible isolates","N","2013","NO","Norway",26.000000000,""
"Antimicrobial resistance","Enterococcus faecium|Aminopenicillins","S - susceptible isolates","N","2013","PL","Poland",4.000000000,""
"Antimicrobial resistance","Enterococcus faecium|Aminopenicillins","S - susceptible isolates","N","2013","PT","Portugal",27.000000000,""
"Antimicrobial resistance","Enterococcus faecium|Aminopenicillins","S - susceptible isolates","N","2013","RO","Romania",5.000000000,""
"Antimicrobial resistance","Enterococcus faecium|Aminopenicillins","S - susceptible isolates","N","2013","SE","Sweden",110.000000000,""
"Antimicrobial resistance","Enterococcus faecium|Aminopenicillins","S - susceptible isolates","N","2013","SI","Slovenia",10.000000000,""
"Antimicrobial resistance","Enterococcus faecium|Aminopenicillins","S - susceptible isolates","N","2013","SK","Slovakia",4.000000000,""
"Antimicrobial resistance","Enterococcus faecium|Aminopenicillins","S - susceptible isolates","N","2013","UK","United Kingdom",33.000000000,""
"Antimicrobial resistance","Enterococcus faecium|Aminopenicillins","S - susceptible isolates","N","2014","AT","Austria",27.000000000,""
"Antimicrobial resistance","Enterococcus faecium|Aminopenicillins","S - susceptible isolates","N","2014","BE","Belgium",29.000000000,""
"Antimicrobial resistance","Enterococcus faecium|Aminopenicillins","S - susceptible isolates","N","2014","BG","Bulgaria",2.000000000,""
"Antimicrobial resistance","Enterococcus faecium|Aminopenicillins","S - susceptible isolates","N","2014","CY","Cyprus",6.000000000,""
"Antimicrobial resistance","Enterococcus faecium|Aminopenicillins","S - susceptible isolates","N","2014","CZ","Czechia",10.000000000,""
"Antimicrobial resistance","Enterococcus faecium|Aminopenicillins","S - susceptible isolates","N","2014","DE","Germany",65.000000000,""
"Antimicrobial resistance","Enterococcus faecium|Aminopenicillins","S - susceptible isolates","N","2014","DK","Denmark",45.000000000,""
"Antimicrobial resistance","Enterococcus faecium|Aminopenicillins","S - susceptible isolates","N","2014","EE","Estonia",13.000000000,""
"Antimicrobial resistance","Enterococcus faecium|Aminopenicillins","S - susceptible isolates","N","2014","EL","Greece",24.000000000,""
"Antimicrobial resistance","Enterococcus faecium|Aminopenicillins","S - susceptible isolates","N","2014","ES","Spain",94.000000000,""
"Antimicrobial resistance","Enterococcus faecium|Aminopenicillins","S - susceptible isolates","N","2014","FI","Finland",45.000000000,""
"Antimicrobial resistance","Enterococcus faecium|Aminopenicillins","S - susceptible isolates","N","2014","FR","France",170.000000000,""
"Antimicrobial resistance","Enterococcus faecium|Aminopenicillins","S - susceptible isolates","N","2014","HR","Croatia",4.000000000,""
"Antimicrobial resistance","Enterococcus faecium|Aminopenicillins","S - susceptible isolates","N","2014","HU","Hungary",5.000000000,""
"Antimicrobial resistance","Enterococcus faecium|Aminopenicillins","S - susceptible isolates","N","2014","IE","Ireland",19.000000000,""
"Antimicrobial resistance","Enterococcus faecium|Aminopenicillins","S - susceptible isolates","N","2014","IS","Iceland",1.000000000,""
"Antimicrobial resistance","Enterococcus faecium|Aminopenicillins","S - susceptible isolates","N","2014","IT","Italy",81.000000000,""
"Antimicrobial resistance","Enterococcus faecium|Aminopenicillins","S - susceptible isolates","N","2014","LT","Lithuania",0.000000000,""
"Antimicrobial resistance","Enterococcus faecium|Aminopenicillins","S - susceptible isolates","N","2014","LU","Luxembourg",6.000000000,""
"Antimicrobial resistance","Enterococcus faecium|Aminopenicillins","S - susceptible isolates","N","2014","LV","Latvia",1.000000000,""
"Antimicrobial resistance","Enterococcus faecium|Aminopenicillins","S - susceptible isolates","N","2014","MT","Malta",1.000000000,""
"Antimicrobial resistance","Enterococcus faecium|Aminopenicillins","S - susceptible isolates","N","2014","NL","Netherlands",98.000000000,""
"Antimicrobial resistance","Enterococcus faecium|Aminopenicillins","S - susceptible isolates","N","2014","NO","Norway",35.000000000,""
"Antimicrobial resistance","Enterococcus faecium|Aminopenicillins","S - susceptible isolates","N","2014","PL","Poland",5.000000000,""
"Antimicrobial resistance","Enterococcus faecium|Aminopenicillins","S - susceptible isolates","N","2014","PT","Portugal",36.000000000,""
"Antimicrobial resistance","Enterococcus faecium|Aminopenicillins","S - susceptible isolates","N","2014","RO","Romania",3.000000000,""
"Antimicrobial resistance","Enterococcus faecium|Aminopenicillins","S - susceptible isolates","N","2014","SE","Sweden",52.000000000,""
"Antimicrobial resistance","Enterococcus faecium|Aminopenicillins","S - susceptible isolates","N","2014","SI","Slovenia",4.000000000,""
"Antimicrobial resistance","Enterococcus faecium|Aminopenicillins","S - susceptible isolates","N","2014","SK","Slovakia",7.000000000,""
"Antimicrobial resistance","Enterococcus faecium|Aminopenicillins","S - susceptible isolates","N","2014","UK","United Kingdom",30.000000000,""
"Antimicrobial resistance","Enterococcus faecium|Aminopenicillins","S - susceptible isolates","N","2015","AT","Austria",37.000000000,""
"Antimicrobial resistance","Enterococcus faecium|Aminopenicillins","S - susceptible isolates","N","2015","BE","Belgium",31.000000000,""
"Antimicrobial resistance","Enterococcus faecium|Aminopenicillins","S - susceptible isolates","N","2015","BG","Bulgaria",2.000000000,""
"Antimicrobial resistance","Enterococcus faecium|Aminopenicillins","S - susceptible isolates","N","2015","CY","Cyprus",1.000000000,""
"Antimicrobial resistance","Enterococcus faecium|Aminopenicillins","S - susceptible isolates","N","2015","CZ","Czechia",12.000000000,""
"Antimicrobial resistance","Enterococcus faecium|Aminopenicillins","S - susceptible isolates","N","2015","DE","Germany",83.000000000,""
"Antimicrobial resistance","Enterococcus faecium|Aminopenicillins","S - susceptible isolates","N","2015","DK","Denmark",31.000000000,""
"Antimicrobial resistance","Enterococcus faecium|Aminopenicillins","S - susceptible isolates","N","2015","EE","Estonia",4.000000000,""
"Antimicrobial resistance","Enterococcus faecium|Aminopenicillins","S - susceptible isolates","N","2015","EL","Greece",22.000000000,""
"Antimicrobial resistance","Enterococcus faecium|Aminopenicillins","S - susceptible isolates","N","2015","ES","Spain",76.000000000,""
"Antimicrobial resistance","Enterococcus faecium|Aminopenicillins","S - susceptible isolates","N","2015","FI","Finland",39.000000000,""
"Antimicrobial resistance","Enterococcus faecium|Aminopenicillins","S - susceptible isolates","N","2015","FR","France",156.000000000,""
"Antimicrobial resistance","Enterococcus faecium|Aminopenicillins","S - susceptible isolates","N","2015","HR","Croatia",2.000000000,""
"Antimicrobial resistance","Enterococcus faecium|Aminopenicillins","S - susceptible isolates","N","2015","HU","Hungary",1.000000000,""
"Antimicrobial resistance","Enterococcus faecium|Aminopenicillins","S - susceptible isolates","N","2015","IE","Ireland",22.000000000,""
"Antimicrobial resistance","Enterococcus faecium|Aminopenicillins","S - susceptible isolates","N","2015","IS","Iceland",2.000000000,""
"Antimicrobial resistance","Enterococcus faecium|Aminopenicillins","S - susceptible isolates","N","2015","IT","Italy",88.000000000,""
"Antimicrobial resistance","Enterococcus faecium|Aminopenicillins","S - susceptible isolates","N","2015","LT","Lithuania",2.000000000,""
"Antimicrobial resistance","Enterococcus faecium|Aminopenicillins","S - susceptible isolates","N","2015","LU","Luxembourg",4.000000000,""
"Antimicrobial resistance","Enterococcus faecium|Aminopenicillins","S - susceptible isolates","N","2015","LV","Latvia",2.000000000,""
"Antimicrobial resistance","Enterococcus faecium|Aminopenicillins","S - susceptible isolates","N","2015","MT","Malta",2.000000000,""
"Antimicrobial resistance","Enterococcus faecium|Aminopenicillins","S - susceptible isolates","N","2015","NL","Netherlands",85.000000000,""
"Antimicrobial resistance","Enterococcus faecium|Aminopenicillins","S - susceptible isolates","N","2015","NO","Norway",24.000000000,""
"Antimicrobial resistance","Enterococcus faecium|Aminopenicillins","S - susceptible isolates","N","2015","PL","Poland",2.000000000,""
"Antimicrobial resistance","Enterococcus faecium|Aminopenicillins","S - susceptible isolates","N","2015","PT","Portugal",50.000000000,""
"Antimicrobial resistance","Enterococcus faecium|Aminopenicillins","S - susceptible isolates","N","2015","RO","Romania",23.000000000,""
"Antimicrobial resistance","Enterococcus faecium|Aminopenicillins","S - susceptible isolates","N","2015","SE","Sweden",71.000000000,""
"Antimicrobial resistance","Enterococcus faecium|Aminopenicillins","S - susceptible isolates","N","2015","SI","Slovenia",8.000000000,""
"Antimicrobial resistance","Enterococcus faecium|Aminopenicillins","S - susceptible isolates","N","2015","SK","Slovakia",5.000000000,""
"Antimicrobial resistance","Enterococcus faecium|Aminopenicillins","S - susceptible isolates","N","2015","UK","United Kingdom",55.000000000,""
"Antimicrobial resistance","Enterococcus faecium|Aminopenicillins","S - susceptible isolates","N","2016","AT","Austria",41.000000000,""
"Antimicrobial resistance","Enterococcus faecium|Aminopenicillins","S - susceptible isolates","N","2016","BE","Belgium",40.000000000,""
"Antimicrobial resistance","Enterococcus faecium|Aminopenicillins","S - susceptible isolates","N","2016","BG","Bulgaria",0.000000000,""
"Antimicrobial resistance","Enterococcus faecium|Aminopenicillins","S - susceptible isolates","N","2016","CY","Cyprus",3.000000000,""
"Antimicrobial resistance","Enterococcus faecium|Aminopenicillins","S - susceptible isolates","N","2016","CZ","Czechia",12.000000000,""
"Antimicrobial resistance","Enterococcus faecium|Aminopenicillins","S - susceptible isolates","N","2016","DE","Germany",127.000000000,""
"Antimicrobial resistance","Enterococcus faecium|Aminopenicillins","S - susceptible isolates","N","2016","DK","Denmark",56.000000000,""
"Antimicrobial resistance","Enterococcus faecium|Aminopenicillins","S - susceptible isolates","N","2016","EE","Estonia",3.000000000,""
"Antimicrobial resistance","Enterococcus faecium|Aminopenicillins","S - susceptible isolates","N","2016","EL","Greece",23.000000000,""
"Antimicrobial resistance","Enterococcus faecium|Aminopenicillins","S - susceptible isolates","N","2016","ES","Spain",78.000000000,""
"Antimicrobial resistance","Enterococcus faecium|Aminopenicillins","S - susceptible isolates","N","2016","FI","Finland",37.000000000,""
"Antimicrobial resistance","Enterococcus faecium|Aminopenicillins","S - susceptible isolates","N","2016","FR","France",162.000000000,""
"Antimicrobial resistance","Enterococcus faecium|Aminopenicillins","S - susceptible isolates","N","2016","HR","Croatia",2.000000000,""
"Antimicrobial resistance","Enterococcus faecium|Aminopenicillins","S - susceptible isolates","N","2016","HU","Hungary",4.000000000,""
"Antimicrobial resistance","Enterococcus faecium|Aminopenicillins","S - susceptible isolates","N","2016","IE","Ireland",24.000000000,""
"Antimicrobial resistance","Enterococcus faecium|Aminopenicillins","S - susceptible isolates","N","2016","IS","Iceland",3.000000000,""
"Antimicrobial resistance","Enterococcus faecium|Aminopenicillins","S - susceptible isolates","N","2016","IT","Italy",117.000000000,""
"Antimicrobial resistance","Enterococcus faecium|Aminopenicillins","S - susceptible isolates","N","2016","LT","Lithuania",0.000000000,""
"Antimicrobial resistance","Enterococcus faecium|Aminopenicillins","S - susceptible isolates","N","2016","LU","Luxembourg",2.000000000,""
"Antimicrobial resistance","Enterococcus faecium|Aminopenicillins","S - susceptible isolates","N","2016","LV","Latvia",2.000000000,""
"Antimicrobial resistance","Enterococcus faecium|Aminopenicillins","S - susceptible isolates","N","2016","MT","Malta",1.000000000,""
"Antimicrobial resistance","Enterococcus faecium|Aminopenicillins","S - susceptible isolates","N","2016","NL","Netherlands",110.000000000,""
"Antimicrobial resistance","Enterococcus faecium|Aminopenicillins","S - susceptible isolates","N","2016","NO","Norway",37.000000000,""
"Antimicrobial resistance","Enterococcus faecium|Aminopenicillins","S - susceptible isolates","N","2016","PL","Poland",13.000000000,""
"Antimicrobial resistance","Enterococcus faecium|Aminopenicillins","S - susceptible isolates","N","2016","PT","Portugal",33.000000000,""
"Antimicrobial resistance","Enterococcus faecium|Aminopenicillins","S - susceptible isolates","N","2016","RO","Romania",2.000000000,""
"Antimicrobial resistance","Enterococcus faecium|Aminopenicillins","S - susceptible isolates","N","2016","SE","Sweden",88.000000000,""
"Antimicrobial resistance","Enterococcus faecium|Aminopenicillins","S - susceptible isolates","N","2016","SI","Slovenia",9.000000000,""
"Antimicrobial resistance","Enterococcus faecium|Aminopenicillins","S - susceptible isolates","N","2016","SK","Slovakia",4.000000000,""
"Antimicrobial resistance","Enterococcus faecium|Aminopenicillins","S - susceptible isolates","N","2016","UK","United Kingdom",448.000000000,""
"Antimicrobial resistance","Enterococcus faecium|Aminopenicillins","S - susceptible isolates","N","2017","AT","Austria",47.000000000,""
"Antimicrobial resistance","Enterococcus faecium|Aminopenicillins","S - susceptible isolates","N","2017","BE","Belgium",46.000000000,""
"Antimicrobial resistance","Enterococcus faecium|Aminopenicillins","S - susceptible isolates","N","2017","BG","Bulgaria",1.000000000,""
"Antimicrobial resistance","Enterococcus faecium|Aminopenicillins","S - susceptible isolates","N","2017","CY","Cyprus",3.000000000,""
"Antimicrobial resistance","Enterococcus faecium|Aminopenicillins","S - susceptible isolates","N","2017","CZ","Czechia",8.000000000,""
"Antimicrobial resistance","Enterococcus faecium|Aminopenicillins","S - susceptible isolates","N","2017","DE","Germany",227.000000000,""
"Antimicrobial resistance","Enterococcus faecium|Aminopenicillins","S - susceptible isolates","N","2017","DK","Denmark",47.000000000,""
"Antimicrobial resistance","Enterococcus faecium|Aminopenicillins","S - susceptible isolates","N","2017","EE","Estonia",6.000000000,""
"Antimicrobial resistance","Enterococcus faecium|Aminopenicillins","S - susceptible isolates","N","2017","EL","Greece",25.000000000,""
"Antimicrobial resistance","Enterococcus faecium|Aminopenicillins","S - susceptible isolates","N","2017","ES","Spain",96.000000000,""
"Antimicrobial resistance","Enterococcus faecium|Aminopenicillins","S - susceptible isolates","N","2017","FI","Finland",42.000000000,""
"Antimicrobial resistance","Enterococcus faecium|Aminopenicillins","S - susceptible isolates","N","2017","FR","France",170.000000000,""
"Antimicrobial resistance","Enterococcus faecium|Aminopenicillins","S - susceptible isolates","N","2017","HR","Croatia",4.000000000,""
"Antimicrobial resistance","Enterococcus faecium|Aminopenicillins","S - susceptible isolates","N","2017","HU","Hungary",10.000000000,""
"Antimicrobial resistance","Enterococcus faecium|Aminopenicillins","S - susceptible isolates","N","2017","IE","Ireland",27.000000000,""
"Antimicrobial resistance","Enterococcus faecium|Aminopenicillins","S - susceptible isolates","N","2017","IS","Iceland",2.000000000,""
"Antimicrobial resistance","Enterococcus faecium|Aminopenicillins","S - susceptible isolates","N","2017","IT","Italy",125.000000000,""
"Antimicrobial resistance","Enterococcus faecium|Aminopenicillins","S - susceptible isolates","N","2017","LT","Lithuania",0.000000000,""
"Antimicrobial resistance","Enterococcus faecium|Aminopenicillins","S - susceptible isolates","N","2017","LU","Luxembourg",5.000000000,""
"Antimicrobial resistance","Enterococcus faecium|Aminopenicillins","S - susceptible isolates","N","2017","LV","Latvia",3.000000000,""
"Antimicrobial resistance","Enterococcus faecium|Aminopenicillins","S - susceptible isolates","N","2017","MT","Malta",2.000000000,""
"Antimicrobial resistance","Enterococcus faecium|Aminopenicillins","S - susceptible isolates","N","2017","NL","Netherlands",119.000000000,""
"Antimicrobial resistance","Enterococcus faecium|Aminopenicillins","S - susceptible isolates","N","2017","NO","Norway",52.000000000,""
"Antimicrobial resistance","Enterococcus faecium|Aminopenicillins","S - susceptible isolates","N","2017","PL","Poland",4.000000000,""
"Antimicrobial resistance","Enterococcus faecium|Aminopenicillins","S - susceptible isolates","N","2017","PT","Portugal",53.000000000,""
"Antimicrobial resistance","Enterococcus faecium|Aminopenicillins","S - susceptible isolates","N","2017","RO","Romania",8.000000000,""
"Antimicrobial resistance","Enterococcus faecium|Aminopenicillins","S - susceptible isolates","N","2017","SE","Sweden",70.000000000,""
"Antimicrobial resistance","Enterococcus faecium|Aminopenicillins","S - susceptible isolates","N","2017","SI","Slovenia",13.000000000,""
"Antimicrobial resistance","Enterococcus faecium|Aminopenicillins","S - susceptible isolates","N","2017","SK","Slovakia",0.000000000,""
"Antimicrobial resistance","Enterococcus faecium|Aminopenicillins","S - susceptible isolates","N","2017","UK","United Kingdom",167.000000000,""
"Antimicrobial resistance","Enterococcus faecium|Aminopenicillins","S - susceptible isolates","N","2018","AT","Austria",59.000000000,""
"Antimicrobial resistance","Enterococcus faecium|Aminopenicillins","S - susceptible isolates","N","2018","BE","Belgium",63.000000000,""
"Antimicrobial resistance","Enterococcus faecium|Aminopenicillins","S - susceptible isolates","N","2018","BG","Bulgaria",1.000000000,""
"Antimicrobial resistance","Enterococcus faecium|Aminopenicillins","S - susceptible isolates","N","2018","CY","Cyprus",5.000000000,""
"Antimicrobial resistance","Enterococcus faecium|Aminopenicillins","S - susceptible isolates","N","2018","CZ","Czechia",17.000000000,""
"Antimicrobial resistance","Enterococcus faecium|Aminopenicillins","S - susceptible isolates","N","2018","DE","Germany",178.000000000,""
"Antimicrobial resistance","Enterococcus faecium|Aminopenicillins","S - susceptible isolates","N","2018","DK","Denmark",41.000000000,""
"Antimicrobial resistance","Enterococcus faecium|Aminopenicillins","S - susceptible isolates","N","2018","EE","Estonia",7.000000000,""
"Antimicrobial resistance","Enterococcus faecium|Aminopenicillins","S - susceptible isolates","N","2018","EL","Greece",49.000000000,""
"Antimicrobial resistance","Enterococcus faecium|Aminopenicillins","S - susceptible isolates","N","2018","ES","Spain",95.000000000,""
"Antimicrobial resistance","Enterococcus faecium|Aminopenicillins","S - susceptible isolates","N","2018","FI","Finland",38.000000000,""
"Antimicrobial resistance","Enterococcus faecium|Aminopenicillins","S - susceptible isolates","N","2018","FR","France",185.000000000,""
"Antimicrobial resistance","Enterococcus faecium|Aminopenicillins","S - susceptible isolates","N","2018","HR","Croatia",2.000000000,""
"Antimicrobial resistance","Enterococcus faecium|Aminopenicillins","S - susceptible isolates","N","2018","HU","Hungary",11.000000000,""
"Antimicrobial resistance","Enterococcus faecium|Aminopenicillins","S - susceptible isolates","N","2018","IE","Ireland",20.000000000,""
"Antimicrobial resistance","Enterococcus faecium|Aminopenicillins","S - susceptible isolates","N","2018","IS","Iceland",6.000000000,""
"Antimicrobial resistance","Enterococcus faecium|Aminopenicillins","S - susceptible isolates","N","2018","IT","Italy",280.000000000,""
"Antimicrobial resistance","Enterococcus faecium|Aminopenicillins","S - susceptible isolates","N","2018","LT","Lithuania",10.000000000,""
"Antimicrobial resistance","Enterococcus faecium|Aminopenicillins","S - susceptible isolates","N","2018","LU","Luxembourg",4.000000000,""
"Antimicrobial resistance","Enterococcus faecium|Aminopenicillins","S - susceptible isolates","N","2018","LV","Latvia",2.000000000,""
"Antimicrobial resistance","Enterococcus faecium|Aminopenicillins","S - susceptible isolates","N","2018","MT","Malta",1.000000000,""
"Antimicrobial resistance","Enterococcus faecium|Aminopenicillins","S - susceptible isolates","N","2018","NL","Netherlands",106.000000000,""
"Antimicrobial resistance","Enterococcus faecium|Aminopenicillins","S - susceptible isolates","N","2018","NO","Norway",43.000000000,""
"Antimicrobial resistance","Enterococcus faecium|Aminopenicillins","S - susceptible isolates","N","2018","PL","Poland",12.000000000,""
"Antimicrobial resistance","Enterococcus faecium|Aminopenicillins","S - susceptible isolates","N","2018","PT","Portugal",68.000000000,""
"Antimicrobial resistance","Enterococcus faecium|Aminopenicillins","S - susceptible isolates","N","2018","RO","Romania",4.000000000,""
"Antimicrobial resistance","Enterococcus faecium|Aminopenicillins","S - susceptible isolates","N","2018","SE","Sweden",71.000000000,""
"Antimicrobial resistance","Enterococcus faecium|Aminopenicillins","S - susceptible isolates","N","2018","SI","Slovenia",7.000000000,""
"Antimicrobial resistance","Enterococcus faecium|Aminopenicillins","S - susceptible isolates","N","2018","SK","Slovakia",2.000000000,""
"Antimicrobial resistance","Enterococcus faecium|Aminopenicillins","S - susceptible isolates","N","2018","UK","United Kingdom",203.000000000,""
"Antimicrobial resistance","Enterococcus faecium|Aminopenicillins","S - susceptible isolates","N","2019","AT","Austria",75.000000000,""
"Antimicrobial resistance","Enterococcus faecium|Aminopenicillins","S - susceptible isolates","N","2019","BE","Belgium",51.000000000,""
"Antimicrobial resistance","Enterococcus faecium|Aminopenicillins","S - susceptible isolates","N","2019","BG","Bulgaria",0.000000000,""
"Antimicrobial resistance","Enterococcus faecium|Aminopenicillins","S - susceptible isolates","N","2019","CY","Cyprus",4.000000000,""
"Antimicrobial resistance","Enterococcus faecium|Aminopenicillins","S - susceptible isolates","N","2019","CZ","Czechia",26.000000000,""
"Antimicrobial resistance","Enterococcus faecium|Aminopenicillins","S - susceptible isolates","N","2019","DE","Germany",209.000000000,""
"Antimicrobial resistance","Enterococcus faecium|Aminopenicillins","S - susceptible isolates","N","2019","DK","Denmark",54.000000000,""
"Antimicrobial resistance","Enterococcus faecium|Aminopenicillins","S - susceptible isolates","N","2019","EE","Estonia",4.000000000,""
"Antimicrobial resistance","Enterococcus faecium|Aminopenicillins","S - susceptible isolates","N","2019","EL","Greece",7.000000000,""
"Antimicrobial resistance","Enterococcus faecium|Aminopenicillins","S - susceptible isolates","N","2019","ES","Spain",104.000000000,""
"Antimicrobial resistance","Enterococcus faecium|Aminopenicillins","S - susceptible isolates","N","2019","FI","Finland",26.000000000,""
"Antimicrobial resistance","Enterococcus faecium|Aminopenicillins","S - susceptible isolates","N","2019","FR","France",194.000000000,""
"Antimicrobial resistance","Enterococcus faecium|Aminopenicillins","S - susceptible isolates","N","2019","HR","Croatia",5.000000000,""
"Antimicrobial resistance","Enterococcus faecium|Aminopenicillins","S - susceptible isolates","N","2019","HU","Hungary",9.000000000,""
"Antimicrobial resistance","Enterococcus faecium|Aminopenicillins","S - susceptible isolates","N","2019","IE","Ireland",23.000000000,""
"Antimicrobial resistance","Enterococcus faecium|Aminopenicillins","S - susceptible isolates","N","2019","IS","Iceland",5.000000000,""
"Antimicrobial resistance","Enterococcus faecium|Aminopenicillins","S - susceptible isolates","N","2019","IT","Italy",292.000000000,""
"Antimicrobial resistance","Enterococcus faecium|Aminopenicillins","S - susceptible isolates","N","2019","LT","Lithuania",0.000000000,""
"Antimicrobial resistance","Enterococcus faecium|Aminopenicillins","S - susceptible isolates","N","2019","LU","Luxembourg",7.000000000,""
"Antimicrobial resistance","Enterococcus faecium|Aminopenicillins","S - susceptible isolates","N","2019","LV","Latvia",3.000000000,""
"Antimicrobial resistance","Enterococcus faecium|Aminopenicillins","S - susceptible isolates","N","2019","MT","Malta",5.000000000,""
"Antimicrobial resistance","Enterococcus faecium|Aminopenicillins","S - susceptible isolates","N","2019","NL","Netherlands",103.000000000,""
"Antimicrobial resistance","Enterococcus faecium|Aminopenicillins","S - susceptible isolates","N","2019","NO","Norway",49.000000000,""
"Antimicrobial resistance","Enterococcus faecium|Aminopenicillins","S - susceptible isolates","N","2019","PL","Poland",9.000000000,""
"Antimicrobial resistance","Enterococcus faecium|Aminopenicillins","S - susceptible isolates","N","2019","PT","Portugal",54.000000000,""
"Antimicrobial resistance","Enterococcus faecium|Aminopenicillins","S - susceptible isolates","N","2019","RO","Romania",22.000000000,""
"Antimicrobial resistance","Enterococcus faecium|Aminopenicillins","S - susceptible isolates","N","2019","SE","Sweden",109.000000000,""
"Antimicrobial resistance","Enterococcus faecium|Aminopenicillins","S - susceptible isolates","N","2019","SI","Slovenia",16.000000000,""
"Antimicrobial resistance","Enterococcus faecium|Aminopenicillins","S - susceptible isolates","N","2019","SK","Slovakia",12.000000000,""
"Antimicrobial resistance","Enterococcus faecium|Aminopenicillins","S - susceptible isolates","N","2019","UK","United Kingdom",198.000000000,""
"Antimicrobial resistance","Enterococcus faecium|Aminopenicillins","S - susceptible isolates","N","2020","AT","Austria",54.000000000,""
"Antimicrobial resistance","Enterococcus faecium|Aminopenicillins","S - susceptible isolates","N","2020","BE","Belgium",64.000000000,""
"Antimicrobial resistance","Enterococcus faecium|Aminopenicillins","S - susceptible isolates","N","2020","BG","Bulgaria",0.000000000,""
"Antimicrobial resistance","Enterococcus faecium|Aminopenicillins","S - susceptible isolates","N","2020","CY","Cyprus",3.000000000,""
"Antimicrobial resistance","Enterococcus faecium|Aminopenicillins","S - susceptible isolates","N","2020","CZ","Czechia",14.000000000,""
"Antimicrobial resistance","Enterococcus faecium|Aminopenicillins","S - susceptible isolates","N","2020","DE","Germany",261.000000000,""
"Antimicrobial resistance","Enterococcus faecium|Aminopenicillins","S - susceptible isolates","N","2020","DK","Denmark",56.000000000,""
"Antimicrobial resistance","Enterococcus faecium|Aminopenicillins","S - susceptible isolates","N","2020","EE","Estonia",11.000000000,""
"Antimicrobial resistance","Enterococcus faecium|Aminopenicillins","S - susceptible isolates","N","2020","EL","Greece",14.000000000,""
"Antimicrobial resistance","Enterococcus faecium|Aminopenicillins","S - susceptible isolates","N","2020","ES","Spain",147.000000000,""
"Antimicrobial resistance","Enterococcus faecium|Aminopenicillins","S - susceptible isolates","N","2020","FI","Finland",42.000000000,""
"Antimicrobial resistance","Enterococcus faecium|Aminopenicillins","S - susceptible isolates","N","2020","FR","France",304.000000000,""
"Antimicrobial resistance","Enterococcus faecium|Aminopenicillins","S - susceptible isolates","N","2020","HR","Croatia",1.000000000,""
"Antimicrobial resistance","Enterococcus faecium|Aminopenicillins","S - susceptible isolates","N","2020","HU","Hungary",8.000000000,""
"Antimicrobial resistance","Enterococcus faecium|Aminopenicillins","S - susceptible isolates","N","2020","IE","Ireland",23.000000000,""
"Antimicrobial resistance","Enterococcus faecium|Aminopenicillins","S - susceptible isolates","N","2020","IS","Iceland",6.000000000,""
"Antimicrobial resistance","Enterococcus faecium|Aminopenicillins","S - susceptible isolates","N","2020","IT","Italy",383.000000000,""
"Antimicrobial resistance","Enterococcus faecium|Aminopenicillins","S - susceptible isolates","N","2020","LT","Lithuania",8.000000000,""
"Antimicrobial resistance","Enterococcus faecium|Aminopenicillins","S - susceptible isolates","N","2020","LU","Luxembourg",6.000000000,""
"Antimicrobial resistance","Enterococcus faecium|Aminopenicillins","S - susceptible isolates","N","2020","LV","Latvia",8.000000000,""
"Antimicrobial resistance","Enterococcus faecium|Aminopenicillins","S - susceptible isolates","N","2020","MT","Malta",2.000000000,""
"Antimicrobial resistance","Enterococcus faecium|Aminopenicillins","S - susceptible isolates","N","2020","NL","Netherlands",136.000000000,""
"Antimicrobial resistance","Enterococcus faecium|Aminopenicillins","S - susceptible isolates","N","2020","NO","Norway",53.000000000,""
"Antimicrobial resistance","Enterococcus faecium|Aminopenicillins","S - susceptible isolates","N","2020","PL","Poland",19.000000000,""
"Antimicrobial resistance","Enterococcus faecium|Aminopenicillins","S - susceptible isolates","N","2020","PT","Portugal",57.000000000,""
"Antimicrobial resistance","Enterococcus faecium|Aminopenicillins","S - susceptible isolates","N","2020","RO","Romania",3.000000000,""
"Antimicrobial resistance","Enterococcus faecium|Aminopenicillins","S - susceptible isolates","N","2020","SE","Sweden",106.000000000,""
"Antimicrobial resistance","Enterococcus faecium|Aminopenicillins","S - susceptible isolates","N","2020","SI","Slovenia",13.000000000,""
"Antimicrobial resistance","Enterococcus faecium|Aminopenicillins","S - susceptible isolates","N","2020","SK","Slovakia",3.000000000,""
"Antimicrobial resistance","Enterococcus faecium|Aminopenicillins","S - susceptible isolates","N","2021","AT","Austria",70.000000000,""
"Antimicrobial resistance","Enterococcus faecium|Aminopenicillins","S - susceptible isolates","N","2021","BE","Belgium",55.000000000,""
"Antimicrobial resistance","Enterococcus faecium|Aminopenicillins","S - susceptible isolates","N","2021","BG","Bulgaria",0.000000000,""
"Antimicrobial resistance","Enterococcus faecium|Aminopenicillins","S - susceptible isolates","N","2021","CY","Cyprus",9.000000000,""
"Antimicrobial resistance","Enterococcus faecium|Aminopenicillins","S - susceptible isolates","N","2021","CZ","Czechia",20.000000000,""
"Antimicrobial resistance","Enterococcus faecium|Aminopenicillins","S - susceptible isolates","N","2021","DE","Germany",267.000000000,""
"Antimicrobial resistance","Enterococcus faecium|Aminopenicillins","S - susceptible isolates","N","2021","DK","Denmark",57.000000000,""
"Antimicrobial resistance","Enterococcus faecium|Aminopenicillins","S - susceptible isolates","N","2021","EE","Estonia",7.000000000,""
"Antimicrobial resistance","Enterococcus faecium|Aminopenicillins","S - susceptible isolates","N","2021","EL","Greece",34.000000000,""
"Antimicrobial resistance","Enterococcus faecium|Aminopenicillins","S - susceptible isolates","N","2021","ES","Spain",114.000000000,""
"Antimicrobial resistance","Enterococcus faecium|Aminopenicillins","S - susceptible isolates","N","2021","FI","Finland",32.000000000,""
"Antimicrobial resistance","Enterococcus faecium|Aminopenicillins","S - susceptible isolates","N","2021","FR","France",318.000000000,""
"Antimicrobial resistance","Enterococcus faecium|Aminopenicillins","S - susceptible isolates","N","2021","HR","Croatia",6.000000000,""
"Antimicrobial resistance","Enterococcus faecium|Aminopenicillins","S - susceptible isolates","N","2021","HU","Hungary",11.000000000,""
"Antimicrobial resistance","Enterococcus faecium|Aminopenicillins","S - susceptible isolates","N","2021","IE","Ireland",31.000000000,""
"Antimicrobial resistance","Enterococcus faecium|Aminopenicillins","S - susceptible isolates","N","2021","IS","Iceland",7.000000000,""
"Antimicrobial resistance","Enterococcus faecium|Aminopenicillins","S - susceptible isolates","N","2021","IT","Italy",500.000000000,""
"Antimicrobial resistance","Enterococcus faecium|Aminopenicillins","S - susceptible isolates","N","2021","LT","Lithuania",0.000000000,""
"Antimicrobial resistance","Enterococcus faecium|Aminopenicillins","S - susceptible isolates","N","2021","LU","Luxembourg",8.000000000,""
"Antimicrobial resistance","Enterococcus faecium|Aminopenicillins","S - susceptible isolates","N","2021","LV","Latvia",4.000000000,""
"Antimicrobial resistance","Enterococcus faecium|Aminopenicillins","S - susceptible isolates","N","2021","MT","Malta",2.000000000,""
"Antimicrobial resistance","Enterococcus faecium|Aminopenicillins","S - susceptible isolates","N","2021","NL","Netherlands",99.000000000,""
"Antimicrobial resistance","Enterococcus faecium|Aminopenicillins","S - susceptible isolates","N","2021","NO","Norway",53.000000000,""
"Antimicrobial resistance","Enterococcus faecium|Aminopenicillins","S - susceptible isolates","N","2021","PL","Poland",21.000000000,""
"Antimicrobial resistance","Enterococcus faecium|Aminopenicillins","S - susceptible isolates","N","2021","PT","Portugal",51.000000000,""
"Antimicrobial resistance","Enterococcus faecium|Aminopenicillins","S - susceptible isolates","N","2021","RO","Romania",12.000000000,""
"Antimicrobial resistance","Enterococcus faecium|Aminopenicillins","S - susceptible isolates","N","2021","SE","Sweden",127.000000000,""
"Antimicrobial resistance","Enterococcus faecium|Aminopenicillins","S - susceptible isolates","N","2021","SI","Slovenia",16.000000000,""
"Antimicrobial resistance","Enterococcus faecium|Aminopenicillins","S - susceptible isolates","N","2021","SK","Slovakia",3.000000000,""
"Antimicrobial resistance","Enterococcus faecium|Aminopenicillins","S - susceptible isolates","N","2022","AT","Austria",62.000000000,""
"Antimicrobial resistance","Enterococcus faecium|Aminopenicillins","S - susceptible isolates","N","2022","BE","Belgium",50.000000000,""
"Antimicrobial resistance","Enterococcus faecium|Aminopenicillins","S - susceptible isolates","N","2022","BG","Bulgaria",0.000000000,""
"Antimicrobial resistance","Enterococcus faecium|Aminopenicillins","S - susceptible isolates","N","2022","CY","Cyprus",5.000000000,""
"Antimicrobial resistance","Enterococcus faecium|Aminopenicillins","S - susceptible isolates","N","2022","CZ","Czechia",8.000000000,""
"Antimicrobial resistance","Enterococcus faecium|Aminopenicillins","S - susceptible isolates","N","2022","DE","Germany",286.000000000,""
"Antimicrobial resistance","Enterococcus faecium|Aminopenicillins","S - susceptible isolates","N","2022","DK","Denmark",44.000000000,""
"Antimicrobial resistance","Enterococcus faecium|Aminopenicillins","S - susceptible isolates","N","2022","EE","Estonia",5.000000000,""
"Antimicrobial resistance","Enterococcus faecium|Aminopenicillins","S - susceptible isolates","N","2022","EL","Greece",51.000000000,""
"Antimicrobial resistance","Enterococcus faecium|Aminopenicillins","S - susceptible isolates","N","2022","ES","Spain",119.000000000,""
"Antimicrobial resistance","Enterococcus faecium|Aminopenicillins","S - susceptible isolates","N","2022","FI","Finland",38.000000000,""
"Antimicrobial resistance","Enterococcus faecium|Aminopenicillins","S - susceptible isolates","N","2022","FR","France",300.000000000,""
"Antimicrobial resistance","Enterococcus faecium|Aminopenicillins","S - susceptible isolates","N","2022","HR","Croatia",9.000000000,""
"Antimicrobial resistance","Enterococcus faecium|Aminopenicillins","S - susceptible isolates","N","2022","HU","Hungary",6.000000000,""
"Antimicrobial resistance","Enterococcus faecium|Aminopenicillins","S - susceptible isolates","N","2022","IE","Ireland",20.000000000,""
"Antimicrobial resistance","Enterococcus faecium|Aminopenicillins","S - susceptible isolates","N","2022","IS","Iceland",5.000000000,""
"Antimicrobial resistance","Enterococcus faecium|Aminopenicillins","S - susceptible isolates","N","2022","IT","Italy",602.000000000,""
"Antimicrobial resistance","Enterococcus faecium|Aminopenicillins","S - susceptible isolates","N","2022","LT","Lithuania",0.000000000,""
"Antimicrobial resistance","Enterococcus faecium|Aminopenicillins","S - susceptible isolates","N","2022","LU","Luxembourg",9.000000000,""
"Antimicrobial resistance","Enterococcus faecium|Aminopenicillins","S - susceptible isolates","N","2022","LV","Latvia",5.000000000,""
"Antimicrobial resistance","Enterococcus faecium|Aminopenicillins","S - susceptible isolates","N","2022","MT","Malta",6.000000000,""
"Antimicrobial resistance","Enterococcus faecium|Aminopenicillins","S - susceptible isolates","N","2022","NL","Netherlands",131.000000000,""
"Antimicrobial resistance","Enterococcus faecium|Aminopenicillins","S - susceptible isolates","N","2022","NO","Norway",44.000000000,""
"Antimicrobial resistance","Enterococcus faecium|Aminopenicillins","S - susceptible isolates","N","2022","PL","Poland",20.000000000,""
"Antimicrobial resistance","Enterococcus faecium|Aminopenicillins","S - susceptible isolates","N","2022","PT","Portugal",45.000000000,""
"Antimicrobial resistance","Enterococcus faecium|Aminopenicillins","S - susceptible isolates","N","2022","RO","Romania",15.000000000,""
"Antimicrobial resistance","Enterococcus faecium|Aminopenicillins","S - susceptible isolates","N","2022","SE","Sweden",153.000000000,""
"Antimicrobial resistance","Enterococcus faecium|Aminopenicillins","S - susceptible isolates","N","2022","SI","Slovenia",9.000000000,""
"Antimicrobial resistance","Enterococcus faecium|Aminopenicillins","S - susceptible isolates","N","2022","SK","Slovakia",2.000000000,""
"Antimicrobial resistance","Enterococcus faecium|Aminopenicillins","S - susceptible isolates","N","2023","AT","Austria",50.000000000,""
"Antimicrobial resistance","Enterococcus faecium|Aminopenicillins","S - susceptible isolates","N","2023","BE","Belgium",58.000000000,""
"Antimicrobial resistance","Enterococcus faecium|Aminopenicillins","S - susceptible isolates","N","2023","BG","Bulgaria",0.000000000,""
"Antimicrobial resistance","Enterococcus faecium|Aminopenicillins","S - susceptible isolates","N","2023","CY","Cyprus",6.000000000,""
"Antimicrobial resistance","Enterococcus faecium|Aminopenicillins","S - susceptible isolates","N","2023","CZ","Czechia",22.000000000,""
"Antimicrobial resistance","Enterococcus faecium|Aminopenicillins","S - susceptible isolates","N","2023","DE","Germany",293.000000000,""
"Antimicrobial resistance","Enterococcus faecium|Aminopenicillins","S - susceptible isolates","N","2023","DK","Denmark",43.000000000,""
"Antimicrobial resistance","Enterococcus faecium|Aminopenicillins","S - susceptible isolates","N","2023","EE","Estonia",5.000000000,""
"Antimicrobial resistance","Enterococcus faecium|Aminopenicillins","S - susceptible isolates","N","2023","EL","Greece",42.000000000,""
"Antimicrobial resistance","Enterococcus faecium|Aminopenicillins","S - susceptible isolates","N","2023","ES","Spain",110.000000000,""
"Antimicrobial resistance","Enterococcus faecium|Aminopenicillins","S - susceptible isolates","N","2023","FI","Finland",31.000000000,""
"Antimicrobial resistance","Enterococcus faecium|Aminopenicillins","S - susceptible isolates","N","2023","HR","Croatia",14.000000000,""
"Antimicrobial resistance","Enterococcus faecium|Aminopenicillins","S - susceptible isolates","N","2023","HU","Hungary",6.000000000,""
"Antimicrobial resistance","Enterococcus faecium|Aminopenicillins","S - susceptible isolates","N","2023","IE","Ireland",24.000000000,""
"Antimicrobial resistance","Enterococcus faecium|Aminopenicillins","S - susceptible isolates","N","2023","IS","Iceland",5.000000000,""
"Antimicrobial resistance","Enterococcus faecium|Aminopenicillins","S - susceptible isolates","N","2023","IT","Italy",583.000000000,""
"Antimicrobial resistance","Enterococcus faecium|Aminopenicillins","S - susceptible isolates","N","2023","LT","Lithuania",2.000000000,""
"Antimicrobial resistance","Enterococcus faecium|Aminopenicillins","S - susceptible isolates","N","2023","LU","Luxembourg",7.000000000,""
"Antimicrobial resistance","Enterococcus faecium|Aminopenicillins","S - susceptible isolates","N","2023","LV","Latvia",6.000000000,""
"Antimicrobial resistance","Enterococcus faecium|Aminopenicillins","S - susceptible isolates","N","2023","MT","Malta",3.000000000,""
"Antimicrobial resistance","Enterococcus faecium|Aminopenicillins","S - susceptible isolates","N","2023","NL","Netherlands",124.000000000,""
"Antimicrobial resistance","Enterococcus faecium|Aminopenicillins","S - susceptible isolates","N","2023","NO","Norway",55.000000000,""
"Antimicrobial resistance","Enterococcus faecium|Aminopenicillins","S - susceptible isolates","N","2023","PL","Poland",32.000000000,""
"Antimicrobial resistance","Enterococcus faecium|Aminopenicillins","S - susceptible isolates","N","2023","PT","Portugal",64.000000000,""
"Antimicrobial resistance","Enterococcus faecium|Aminopenicillins","S - susceptible isolates","N","2023","RO","Romania",19.000000000,""
"Antimicrobial resistance","Enterococcus faecium|Aminopenicillins","S - susceptible isolates","N","2023","SE","Sweden",130.000000000,""
"Antimicrobial resistance","Enterococcus faecium|Aminopenicillins","S - susceptible isolates","N","2023","SI","Slovenia",16.000000000,""
"Antimicrobial resistance","Enterococcus faecium|Aminopenicillins","S - susceptible isolates","N","2023","SK","Slovakia",2.000000000,""
"Antimicrobial resistance","Enterococcus faecium|Aminopenicillins","S - susceptible isolates","N","2024","AT","Austria",49.000000000,""
"Antimicrobial resistance","Enterococcus faecium|Aminopenicillins","S - susceptible isolates","N","2024","BE","Belgium",80.000000000,""
"Antimicrobial resistance","Enterococcus faecium|Aminopenicillins","S - susceptible isolates","N","2024","BG","Bulgaria",0.000000000,""
"Antimicrobial resistance","Enterococcus faecium|Aminopenicillins","S - susceptible isolates","N","2024","CY","Cyprus",14.000000000,""
"Antimicrobial resistance","Enterococcus faecium|Aminopenicillins","S - susceptible isolates","N","2024","CZ","Czechia",21.000000000,""
"Antimicrobial resistance","Enterococcus faecium|Aminopenicillins","S - susceptible isolates","N","2024","DE","Germany",434.000000000,""
"Antimicrobial resistance","Enterococcus faecium|Aminopenicillins","S - susceptible isolates","N","2024","DK","Denmark",53.000000000,""
"Antimicrobial resistance","Enterococcus faecium|Aminopenicillins","S - susceptible isolates","N","2024","EE","Estonia",7.000000000,""
"Antimicrobial resistance","Enterococcus faecium|Aminopenicillins","S - susceptible isolates","N","2024","EL","Greece",40.000000000,""
"Antimicrobial resistance","Enterococcus faecium|Aminopenicillins","S - susceptible isolates","N","2024","ES","Spain",182.000000000,""
"Antimicrobial resistance","Enterococcus faecium|Aminopenicillins","S - susceptible isolates","N","2024","FI","Finland",37.000000000,""
"Antimicrobial resistance","Enterococcus faecium|Aminopenicillins","S - susceptible isolates","N","2024","FR","France",373.000000000,""
"Antimicrobial resistance","Enterococcus faecium|Aminopenicillins","S - susceptible isolates","N","2024","HR","Croatia",10.000000000,""
"Antimicrobial resistance","Enterococcus faecium|Aminopenicillins","S - susceptible isolates","N","2024","HU","Hungary",9.000000000,""
"Antimicrobial resistance","Enterococcus faecium|Aminopenicillins","S - susceptible isolates","N","2024","IE","Ireland",27.000000000,""
"Antimicrobial resistance","Enterococcus faecium|Aminopenicillins","S - susceptible isolates","N","2024","IS","Iceland",5.000000000,""
"Antimicrobial resistance","Enterococcus faecium|Aminopenicillins","S - susceptible isolates","N","2024","IT","Italy",645.000000000,""
"Antimicrobial resistance","Enterococcus faecium|Aminopenicillins","S - susceptible isolates","N","2024","LI","Liechtenstein",1.000000000,""
"Antimicrobial resistance","Enterococcus faecium|Aminopenicillins","S - susceptible isolates","N","2024","LT","Lithuania",4.000000000,""
"Antimicrobial resistance","Enterococcus faecium|Aminopenicillins","S - susceptible isolates","N","2024","LU","Luxembourg",6.000000000,""
"Antimicrobial resistance","Enterococcus faecium|Aminopenicillins","S - susceptible isolates","N","2024","LV","Latvia",13.000000000,""
"Antimicrobial resistance","Enterococcus faecium|Aminopenicillins","S - susceptible isolates","N","2024","MT","Malta",5.000000000,""
"Antimicrobial resistance","Enterococcus faecium|Aminopenicillins","S - susceptible isolates","N","2024","NL","Netherlands",164.000000000,""
"Antimicrobial resistance","Enterococcus faecium|Aminopenicillins","S - susceptible isolates","N","2024","NO","Norway",46.000000000,""
"Antimicrobial resistance","Enterococcus faecium|Aminopenicillins","S - susceptible isolates","N","2024","PL","Poland",23.000000000,""
"Antimicrobial resistance","Enterococcus faecium|Aminopenicillins","S - susceptible isolates","N","2024","PT","Portugal",84.000000000,""
"Antimicrobial resistance","Enterococcus faecium|Aminopenicillins","S - susceptible isolates","N","2024","RO","Romania",18.000000000,""
"Antimicrobial resistance","Enterococcus faecium|Aminopenicillins","S - susceptible isolates","N","2024","SE","Sweden",143.000000000,""
"Antimicrobial resistance","Enterococcus faecium|Aminopenicillins","S - susceptible isolates","N","2024","SI","Slovenia",8.000000000,""
"Antimicrobial resistance","Enterococcus faecium|Aminopenicillins","S - susceptible isolates","N","2024","SK","Slovakia",3.000000000,""
"Antimicrobial resistance","Enterococcus faecium|Aminopenicillins","Total tested isolates","N","2000","DE","Germany",2.000000000,""
"Antimicrobial resistance","Enterococcus faecium|Aminopenicillins","Total tested isolates","N","2000","EL","Greece",76.000000000,""
"Antimicrobial resistance","Enterococcus faecium|Aminopenicillins","Total tested isolates","N","2000","NL","Netherlands",3.000000000,""
"Antimicrobial resistance","Enterococcus faecium|Aminopenicillins","Total tested isolates","N","2000","NO","Norway",15.000000000,""
"Antimicrobial resistance","Enterococcus faecium|Aminopenicillins","Total tested isolates","N","2001","AT","Austria",21.000000000,""
"Antimicrobial resistance","Enterococcus faecium|Aminopenicillins","Total tested isolates","N","2001","BE","Belgium",5.000000000,""
"Antimicrobial resistance","Enterococcus faecium|Aminopenicillins","Total tested isolates","N","2001","BG","Bulgaria",4.000000000,""
"Antimicrobial resistance","Enterococcus faecium|Aminopenicillins","Total tested isolates","N","2001","CZ","Czechia",64.000000000,""
"Antimicrobial resistance","Enterococcus faecium|Aminopenicillins","Total tested isolates","N","2001","DE","Germany",71.000000000,""
"Antimicrobial resistance","Enterococcus faecium|Aminopenicillins","Total tested isolates","N","2001","EE","Estonia",8.000000000,""
"Antimicrobial resistance","Enterococcus faecium|Aminopenicillins","Total tested isolates","N","2001","EL","Greece",91.000000000,""
"Antimicrobial resistance","Enterococcus faecium|Aminopenicillins","Total tested isolates","N","2001","ES","Spain",63.000000000,""
"Antimicrobial resistance","Enterococcus faecium|Aminopenicillins","Total tested isolates","N","2001","FI","Finland",94.000000000,""
"Antimicrobial resistance","Enterococcus faecium|Aminopenicillins","Total tested isolates","N","2001","HR","Croatia",1.000000000,""
"Antimicrobial resistance","Enterococcus faecium|Aminopenicillins","Total tested isolates","N","2001","HU","Hungary",7.000000000,""
"Antimicrobial resistance","Enterococcus faecium|Aminopenicillins","Total tested isolates","N","2001","IS","Iceland",5.000000000,""
"Antimicrobial resistance","Enterococcus faecium|Aminopenicillins","Total tested isolates","N","2001","IT","Italy",77.000000000,""
"Antimicrobial resistance","Enterococcus faecium|Aminopenicillins","Total tested isolates","N","2001","LU","Luxembourg",2.000000000,""
"Antimicrobial resistance","Enterococcus faecium|Aminopenicillins","Total tested isolates","N","2001","MT","Malta",1.000000000,""
"Antimicrobial resistance","Enterococcus faecium|Aminopenicillins","Total tested isolates","N","2001","NL","Netherlands",54.000000000,""
"Antimicrobial resistance","Enterococcus faecium|Aminopenicillins","Total tested isolates","N","2001","NO","Norway",25.000000000,""
"Antimicrobial resistance","Enterococcus faecium|Aminopenicillins","Total tested isolates","N","2001","PL","Poland",13.000000000,""
"Antimicrobial resistance","Enterococcus faecium|Aminopenicillins","Total tested isolates","N","2001","PT","Portugal",34.000000000,""
"Antimicrobial resistance","Enterococcus faecium|Aminopenicillins","Total tested isolates","N","2001","SE","Sweden",192.000000000,""
"Antimicrobial resistance","Enterococcus faecium|Aminopenicillins","Total tested isolates","N","2001","SI","Slovenia",14.000000000,""
"Antimicrobial resistance","Enterococcus faecium|Aminopenicillins","Total tested isolates","N","2001","SK","Slovakia",3.000000000,""
"Antimicrobial resistance","Enterococcus faecium|Aminopenicillins","Total tested isolates","N","2002","AT","Austria",45.000000000,""
"Antimicrobial resistance","Enterococcus faecium|Aminopenicillins","Total tested isolates","N","2002","BE","Belgium",39.000000000,""
"Antimicrobial resistance","Enterococcus faecium|Aminopenicillins","Total tested isolates","N","2002","BG","Bulgaria",14.000000000,""
"Antimicrobial resistance","Enterococcus faecium|Aminopenicillins","Total tested isolates","N","2002","CZ","Czechia",82.000000000,""
"Antimicrobial resistance","Enterococcus faecium|Aminopenicillins","Total tested isolates","N","2002","DE","Germany",70.000000000,""
"Antimicrobial resistance","Enterococcus faecium|Aminopenicillins","Total tested isolates","N","2002","EE","Estonia",3.000000000,""
"Antimicrobial resistance","Enterococcus faecium|Aminopenicillins","Total tested isolates","N","2002","EL","Greece",61.000000000,""
"Antimicrobial resistance","Enterococcus faecium|Aminopenicillins","Total tested isolates","N","2002","ES","Spain",97.000000000,""
"Antimicrobial resistance","Enterococcus faecium|Aminopenicillins","Total tested isolates","N","2002","FI","Finland",86.000000000,""
"Antimicrobial resistance","Enterococcus faecium|Aminopenicillins","Total tested isolates","N","2002","FR","France",96.000000000,""
"Antimicrobial resistance","Enterococcus faecium|Aminopenicillins","Total tested isolates","N","2002","HR","Croatia",18.000000000,""
"Antimicrobial resistance","Enterococcus faecium|Aminopenicillins","Total tested isolates","N","2002","HU","Hungary",18.000000000,""
"Antimicrobial resistance","Enterococcus faecium|Aminopenicillins","Total tested isolates","N","2002","IE","Ireland",81.000000000,""
"Antimicrobial resistance","Enterococcus faecium|Aminopenicillins","Total tested isolates","N","2002","IS","Iceland",7.000000000,""
"Antimicrobial resistance","Enterococcus faecium|Aminopenicillins","Total tested isolates","N","2002","IT","Italy",172.000000000,""
"Antimicrobial resistance","Enterococcus faecium|Aminopenicillins","Total tested isolates","N","2002","LU","Luxembourg",10.000000000,""
"Antimicrobial resistance","Enterococcus faecium|Aminopenicillins","Total tested isolates","N","2002","MT","Malta",3.000000000,""
"Antimicrobial resistance","Enterococcus faecium|Aminopenicillins","Total tested isolates","N","2002","NL","Netherlands",187.000000000,""
"Antimicrobial resistance","Enterococcus faecium|Aminopenicillins","Total tested isolates","N","2002","NO","Norway",37.000000000,""
"Antimicrobial resistance","Enterococcus faecium|Aminopenicillins","Total tested isolates","N","2002","PL","Poland",15.000000000,""
"Antimicrobial resistance","Enterococcus faecium|Aminopenicillins","Total tested isolates","N","2002","PT","Portugal",14.000000000,""
"Antimicrobial resistance","Enterococcus faecium|Aminopenicillins","Total tested isolates","N","2002","RO","Romania",5.000000000,""
"Antimicrobial resistance","Enterococcus faecium|Aminopenicillins","Total tested isolates","N","2002","SE","Sweden",201.000000000,""
"Antimicrobial resistance","Enterococcus faecium|Aminopenicillins","Total tested isolates","N","2002","SI","Slovenia",13.000000000,""
"Antimicrobial resistance","Enterococcus faecium|Aminopenicillins","Total tested isolates","N","2002","SK","Slovakia",4.000000000,""
"Antimicrobial resistance","Enterococcus faecium|Aminopenicillins","Total tested isolates","N","2003","AT","Austria",78.000000000,""
"Antimicrobial resistance","Enterococcus faecium|Aminopenicillins","Total tested isolates","N","2003","BE","Belgium",9.000000000,""
"Antimicrobial resistance","Enterococcus faecium|Aminopenicillins","Total tested isolates","N","2003","BG","Bulgaria",5.000000000,""
"Antimicrobial resistance","Enterococcus faecium|Aminopenicillins","Total tested isolates","N","2003","CY","Cyprus",4.000000000,""
"Antimicrobial resistance","Enterococcus faecium|Aminopenicillins","Total tested isolates","N","2003","CZ","Czechia",94.000000000,""
"Antimicrobial resistance","Enterococcus faecium|Aminopenicillins","Total tested isolates","N","2003","DE","Germany",99.000000000,""
"Antimicrobial resistance","Enterococcus faecium|Aminopenicillins","Total tested isolates","N","2003","EE","Estonia",4.000000000,""
"Antimicrobial resistance","Enterococcus faecium|Aminopenicillins","Total tested isolates","N","2003","EL","Greece",150.000000000,""
"Antimicrobial resistance","Enterococcus faecium|Aminopenicillins","Total tested isolates","N","2003","ES","Spain",119.000000000,""
"Antimicrobial resistance","Enterococcus faecium|Aminopenicillins","Total tested isolates","N","2003","FI","Finland",98.000000000,""
"Antimicrobial resistance","Enterococcus faecium|Aminopenicillins","Total tested isolates","N","2003","FR","France",109.000000000,""
"Antimicrobial resistance","Enterococcus faecium|Aminopenicillins","Total tested isolates","N","2003","HR","Croatia",32.000000000,""
"Antimicrobial resistance","Enterococcus faecium|Aminopenicillins","Total tested isolates","N","2003","HU","Hungary",43.000000000,""
"Antimicrobial resistance","Enterococcus faecium|Aminopenicillins","Total tested isolates","N","2003","IE","Ireland",132.000000000,""
"Antimicrobial resistance","Enterococcus faecium|Aminopenicillins","Total tested isolates","N","2003","IS","Iceland",7.000000000,""
"Antimicrobial resistance","Enterococcus faecium|Aminopenicillins","Total tested isolates","N","2003","IT","Italy",154.000000000,""
"Antimicrobial resistance","Enterococcus faecium|Aminopenicillins","Total tested isolates","N","2003","LU","Luxembourg",3.000000000,""
"Antimicrobial resistance","Enterococcus faecium|Aminopenicillins","Total tested isolates","N","2003","MT","Malta",6.000000000,""
"Antimicrobial resistance","Enterococcus faecium|Aminopenicillins","Total tested isolates","N","2003","NL","Netherlands",204.000000000,""
"Antimicrobial resistance","Enterococcus faecium|Aminopenicillins","Total tested isolates","N","2003","NO","Norway",37.000000000,""
"Antimicrobial resistance","Enterococcus faecium|Aminopenicillins","Total tested isolates","N","2003","PL","Poland",22.000000000,""
"Antimicrobial resistance","Enterococcus faecium|Aminopenicillins","Total tested isolates","N","2003","PT","Portugal",102.000000000,""
"Antimicrobial resistance","Enterococcus faecium|Aminopenicillins","Total tested isolates","N","2003","RO","Romania",7.000000000,""
"Antimicrobial resistance","Enterococcus faecium|Aminopenicillins","Total tested isolates","N","2003","SE","Sweden",239.000000000,""
"Antimicrobial resistance","Enterococcus faecium|Aminopenicillins","Total tested isolates","N","2003","SI","Slovenia",23.000000000,""
"Antimicrobial resistance","Enterococcus faecium|Aminopenicillins","Total tested isolates","N","2003","SK","Slovakia",12.000000000,""
"Antimicrobial resistance","Enterococcus faecium|Aminopenicillins","Total tested isolates","N","2004","AT","Austria",165.000000000,""
"Antimicrobial resistance","Enterococcus faecium|Aminopenicillins","Total tested isolates","N","2004","BE","Belgium",41.000000000,""
"Antimicrobial resistance","Enterococcus faecium|Aminopenicillins","Total tested isolates","N","2004","BG","Bulgaria",22.000000000,""
"Antimicrobial resistance","Enterococcus faecium|Aminopenicillins","Total tested isolates","N","2004","CY","Cyprus",3.000000000,""
"Antimicrobial resistance","Enterococcus faecium|Aminopenicillins","Total tested isolates","N","2004","CZ","Czechia",106.000000000,""
"Antimicrobial resistance","Enterococcus faecium|Aminopenicillins","Total tested isolates","N","2004","DE","Germany",166.000000000,""
"Antimicrobial resistance","Enterococcus faecium|Aminopenicillins","Total tested isolates","N","2004","EE","Estonia",19.000000000,""
"Antimicrobial resistance","Enterococcus faecium|Aminopenicillins","Total tested isolates","N","2004","EL","Greece",135.000000000,""
"Antimicrobial resistance","Enterococcus faecium|Aminopenicillins","Total tested isolates","N","2004","ES","Spain",128.000000000,""
"Antimicrobial resistance","Enterococcus faecium|Aminopenicillins","Total tested isolates","N","2004","FI","Finland",117.000000000,""
"Antimicrobial resistance","Enterococcus faecium|Aminopenicillins","Total tested isolates","N","2004","FR","France",151.000000000,""
"Antimicrobial resistance","Enterococcus faecium|Aminopenicillins","Total tested isolates","N","2004","HR","Croatia",29.000000000,""
"Antimicrobial resistance","Enterococcus faecium|Aminopenicillins","Total tested isolates","N","2004","HU","Hungary",59.000000000,""
"Antimicrobial resistance","Enterococcus faecium|Aminopenicillins","Total tested isolates","N","2004","IE","Ireland",180.000000000,""
"Antimicrobial resistance","Enterococcus faecium|Aminopenicillins","Total tested isolates","N","2004","IS","Iceland",8.000000000,""
"Antimicrobial resistance","Enterococcus faecium|Aminopenicillins","Total tested isolates","N","2004","IT","Italy",167.000000000,""
"Antimicrobial resistance","Enterococcus faecium|Aminopenicillins","Total tested isolates","N","2004","LU","Luxembourg",4.000000000,""
"Antimicrobial resistance","Enterococcus faecium|Aminopenicillins","Total tested isolates","N","2004","MT","Malta",7.000000000,""
"Antimicrobial resistance","Enterococcus faecium|Aminopenicillins","Total tested isolates","N","2004","NL","Netherlands",187.000000000,""
"Antimicrobial resistance","Enterococcus faecium|Aminopenicillins","Total tested isolates","N","2004","NO","Norway",35.000000000,""
"Antimicrobial resistance","Enterococcus faecium|Aminopenicillins","Total tested isolates","N","2004","PL","Poland",7.000000000,""
"Antimicrobial resistance","Enterococcus faecium|Aminopenicillins","Total tested isolates","N","2004","PT","Portugal",103.000000000,""
"Antimicrobial resistance","Enterococcus faecium|Aminopenicillins","Total tested isolates","N","2004","RO","Romania",2.000000000,""
"Antimicrobial resistance","Enterococcus faecium|Aminopenicillins","Total tested isolates","N","2004","SE","Sweden",260.000000000,""
"Antimicrobial resistance","Enterococcus faecium|Aminopenicillins","Total tested isolates","N","2004","SI","Slovenia",34.000000000,""
"Antimicrobial resistance","Enterococcus faecium|Aminopenicillins","Total tested isolates","N","2004","SK","Slovakia",11.000000000,""
"Antimicrobial resistance","Enterococcus faecium|Aminopenicillins","Total tested isolates","N","2005","AT","Austria",174.000000000,""
"Antimicrobial resistance","Enterococcus faecium|Aminopenicillins","Total tested isolates","N","2005","BE","Belgium",41.000000000,""
"Antimicrobial resistance","Enterococcus faecium|Aminopenicillins","Total tested isolates","N","2005","BG","Bulgaria",26.000000000,""
"Antimicrobial resistance","Enterococcus faecium|Aminopenicillins","Total tested isolates","N","2005","CY","Cyprus",5.000000000,""
"Antimicrobial resistance","Enterococcus faecium|Aminopenicillins","Total tested isolates","N","2005","CZ","Czechia",211.000000000,""
"Antimicrobial resistance","Enterococcus faecium|Aminopenicillins","Total tested isolates","N","2005","DE","Germany",229.000000000,""
"Antimicrobial resistance","Enterococcus faecium|Aminopenicillins","Total tested isolates","N","2005","EE","Estonia",23.000000000,""
"Antimicrobial resistance","Enterococcus faecium|Aminopenicillins","Total tested isolates","N","2005","EL","Greece",213.000000000,""
"Antimicrobial resistance","Enterococcus faecium|Aminopenicillins","Total tested isolates","N","2005","ES","Spain",141.000000000,""
"Antimicrobial resistance","Enterococcus faecium|Aminopenicillins","Total tested isolates","N","2005","FI","Finland",108.000000000,""
"Antimicrobial resistance","Enterococcus faecium|Aminopenicillins","Total tested isolates","N","2005","FR","France",196.000000000,""
"Antimicrobial resistance","Enterococcus faecium|Aminopenicillins","Total tested isolates","N","2005","HR","Croatia",34.000000000,""
"Antimicrobial resistance","Enterococcus faecium|Aminopenicillins","Total tested isolates","N","2005","HU","Hungary",77.000000000,""
"Antimicrobial resistance","Enterococcus faecium|Aminopenicillins","Total tested isolates","N","2005","IE","Ireland",216.000000000,""
"Antimicrobial resistance","Enterococcus faecium|Aminopenicillins","Total tested isolates","N","2005","IS","Iceland",10.000000000,""
"Antimicrobial resistance","Enterococcus faecium|Aminopenicillins","Total tested isolates","N","2005","IT","Italy",191.000000000,""
"Antimicrobial resistance","Enterococcus faecium|Aminopenicillins","Total tested isolates","N","2005","LU","Luxembourg",14.000000000,""
"Antimicrobial resistance","Enterococcus faecium|Aminopenicillins","Total tested isolates","N","2005","MT","Malta",4.000000000,""
"Antimicrobial resistance","Enterococcus faecium|Aminopenicillins","Total tested isolates","N","2005","NL","Netherlands",190.000000000,""
"Antimicrobial resistance","Enterococcus faecium|Aminopenicillins","Total tested isolates","N","2005","NO","Norway",65.000000000,""
"Antimicrobial resistance","Enterococcus faecium|Aminopenicillins","Total tested isolates","N","2005","PL","Poland",21.000000000,""
"Antimicrobial resistance","Enterococcus faecium|Aminopenicillins","Total tested isolates","N","2005","PT","Portugal",93.000000000,""
"Antimicrobial resistance","Enterococcus faecium|Aminopenicillins","Total tested isolates","N","2005","RO","Romania",7.000000000,""
"Antimicrobial resistance","Enterococcus faecium|Aminopenicillins","Total tested isolates","N","2005","SE","Sweden",250.000000000,""
"Antimicrobial resistance","Enterococcus faecium|Aminopenicillins","Total tested isolates","N","2005","SI","Slovenia",30.000000000,""
"Antimicrobial resistance","Enterococcus faecium|Aminopenicillins","Total tested isolates","N","2005","SK","Slovakia",3.000000000,""
"Antimicrobial resistance","Enterococcus faecium|Aminopenicillins","Total tested isolates","N","2005","UK","United Kingdom",212.000000000,""
"Antimicrobial resistance","Enterococcus faecium|Aminopenicillins","Total tested isolates","N","2006","AT","Austria",242.000000000,""
"Antimicrobial resistance","Enterococcus faecium|Aminopenicillins","Total tested isolates","N","2006","BE","Belgium",49.000000000,""
"Antimicrobial resistance","Enterococcus faecium|Aminopenicillins","Total tested isolates","N","2006","BG","Bulgaria",29.000000000,""
"Antimicrobial resistance","Enterococcus faecium|Aminopenicillins","Total tested isolates","N","2006","CY","Cyprus",7.000000000,""
"Antimicrobial resistance","Enterococcus faecium|Aminopenicillins","Total tested isolates","N","2006","CZ","Czechia",182.000000000,""
"Antimicrobial resistance","Enterococcus faecium|Aminopenicillins","Total tested isolates","N","2006","DE","Germany",241.000000000,""
"Antimicrobial resistance","Enterococcus faecium|Aminopenicillins","Total tested isolates","N","2006","DK","Denmark",290.000000000,""
"Antimicrobial resistance","Enterococcus faecium|Aminopenicillins","Total tested isolates","N","2006","EE","Estonia",31.000000000,""
"Antimicrobial resistance","Enterococcus faecium|Aminopenicillins","Total tested isolates","N","2006","EL","Greece",290.000000000,""
"Antimicrobial resistance","Enterococcus faecium|Aminopenicillins","Total tested isolates","N","2006","ES","Spain",175.000000000,""
"Antimicrobial resistance","Enterococcus faecium|Aminopenicillins","Total tested isolates","N","2006","FI","Finland",121.000000000,""
"Antimicrobial resistance","Enterococcus faecium|Aminopenicillins","Total tested isolates","N","2006","FR","France",205.000000000,""
"Antimicrobial resistance","Enterococcus faecium|Aminopenicillins","Total tested isolates","N","2006","HR","Croatia",35.000000000,""
"Antimicrobial resistance","Enterococcus faecium|Aminopenicillins","Total tested isolates","N","2006","HU","Hungary",42.000000000,""
"Antimicrobial resistance","Enterococcus faecium|Aminopenicillins","Total tested isolates","N","2006","IE","Ireland",256.000000000,""
"Antimicrobial resistance","Enterococcus faecium|Aminopenicillins","Total tested isolates","N","2006","IS","Iceland",9.000000000,""
"Antimicrobial resistance","Enterococcus faecium|Aminopenicillins","Total tested isolates","N","2006","IT","Italy",166.000000000,""
"Antimicrobial resistance","Enterococcus faecium|Aminopenicillins","Total tested isolates","N","2006","LT","Lithuania",8.000000000,""
"Antimicrobial resistance","Enterococcus faecium|Aminopenicillins","Total tested isolates","N","2006","LU","Luxembourg",12.000000000,""
"Antimicrobial resistance","Enterococcus faecium|Aminopenicillins","Total tested isolates","N","2006","LV","Latvia",16.000000000,""
"Antimicrobial resistance","Enterococcus faecium|Aminopenicillins","Total tested isolates","N","2006","MT","Malta",7.000000000,""
"Antimicrobial resistance","Enterococcus faecium|Aminopenicillins","Total tested isolates","N","2006","NL","Netherlands",310.000000000,""
"Antimicrobial resistance","Enterococcus faecium|Aminopenicillins","Total tested isolates","N","2006","NO","Norway",71.000000000,""
"Antimicrobial resistance","Enterococcus faecium|Aminopenicillins","Total tested isolates","N","2006","PL","Poland",20.000000000,""
"Antimicrobial resistance","Enterococcus faecium|Aminopenicillins","Total tested isolates","N","2006","PT","Portugal",133.000000000,""
"Antimicrobial resistance","Enterococcus faecium|Aminopenicillins","Total tested isolates","N","2006","RO","Romania",5.000000000,""
"Antimicrobial resistance","Enterococcus faecium|Aminopenicillins","Total tested isolates","N","2006","SE","Sweden",272.000000000,""
"Antimicrobial resistance","Enterococcus faecium|Aminopenicillins","Total tested isolates","N","2006","SI","Slovenia",50.000000000,""
"Antimicrobial resistance","Enterococcus faecium|Aminopenicillins","Total tested isolates","N","2006","UK","United Kingdom",165.000000000,""
"Antimicrobial resistance","Enterococcus faecium|Aminopenicillins","Total tested isolates","N","2007","AT","Austria",272.000000000,""
"Antimicrobial resistance","Enterococcus faecium|Aminopenicillins","Total tested isolates","N","2007","BE","Belgium",44.000000000,""
"Antimicrobial resistance","Enterococcus faecium|Aminopenicillins","Total tested isolates","N","2007","BG","Bulgaria",12.000000000,""
"Antimicrobial resistance","Enterococcus faecium|Aminopenicillins","Total tested isolates","N","2007","CY","Cyprus",12.000000000,""
"Antimicrobial resistance","Enterococcus faecium|Aminopenicillins","Total tested isolates","N","2007","CZ","Czechia",229.000000000,""
"Antimicrobial resistance","Enterococcus faecium|Aminopenicillins","Total tested isolates","N","2007","DE","Germany",274.000000000,""
"Antimicrobial resistance","Enterococcus faecium|Aminopenicillins","Total tested isolates","N","2007","DK","Denmark",360.000000000,""
"Antimicrobial resistance","Enterococcus faecium|Aminopenicillins","Total tested isolates","N","2007","EE","Estonia",31.000000000,""
"Antimicrobial resistance","Enterococcus faecium|Aminopenicillins","Total tested isolates","N","2007","EL","Greece",351.000000000,""
"Antimicrobial resistance","Enterococcus faecium|Aminopenicillins","Total tested isolates","N","2007","ES","Spain",218.000000000,""
"Antimicrobial resistance","Enterococcus faecium|Aminopenicillins","Total tested isolates","N","2007","FI","Finland",165.000000000,""
"Antimicrobial resistance","Enterococcus faecium|Aminopenicillins","Total tested isolates","N","2007","FR","France",312.000000000,""
"Antimicrobial resistance","Enterococcus faecium|Aminopenicillins","Total tested isolates","N","2007","HR","Croatia",51.000000000,""
"Antimicrobial resistance","Enterococcus faecium|Aminopenicillins","Total tested isolates","N","2007","HU","Hungary",59.000000000,""
"Antimicrobial resistance","Enterococcus faecium|Aminopenicillins","Total tested isolates","N","2007","IE","Ireland",311.000000000,""
"Antimicrobial resistance","Enterococcus faecium|Aminopenicillins","Total tested isolates","N","2007","IS","Iceland",14.000000000,""
"Antimicrobial resistance","Enterococcus faecium|Aminopenicillins","Total tested isolates","N","2007","IT","Italy",244.000000000,""
"Antimicrobial resistance","Enterococcus faecium|Aminopenicillins","Total tested isolates","N","2007","LT","Lithuania",18.000000000,""
"Antimicrobial resistance","Enterococcus faecium|Aminopenicillins","Total tested isolates","N","2007","LU","Luxembourg",12.000000000,""
"Antimicrobial resistance","Enterococcus faecium|Aminopenicillins","Total tested isolates","N","2007","LV","Latvia",30.000000000,""
"Antimicrobial resistance","Enterococcus faecium|Aminopenicillins","Total tested isolates","N","2007","MT","Malta",5.000000000,""
"Antimicrobial resistance","Enterococcus faecium|Aminopenicillins","Total tested isolates","N","2007","NL","Netherlands",386.000000000,""
"Antimicrobial resistance","Enterococcus faecium|Aminopenicillins","Total tested isolates","N","2007","NO","Norway",99.000000000,""
"Antimicrobial resistance","Enterococcus faecium|Aminopenicillins","Total tested isolates","N","2007","PL","Poland",25.000000000,""
"Antimicrobial resistance","Enterococcus faecium|Aminopenicillins","Total tested isolates","N","2007","PT","Portugal",155.000000000,""
"Antimicrobial resistance","Enterococcus faecium|Aminopenicillins","Total tested isolates","N","2007","RO","Romania",6.000000000,""
"Antimicrobial resistance","Enterococcus faecium|Aminopenicillins","Total tested isolates","N","2007","SE","Sweden",261.000000000,""
"Antimicrobial resistance","Enterococcus faecium|Aminopenicillins","Total tested isolates","N","2007","SI","Slovenia",65.000000000,""
"Antimicrobial resistance","Enterococcus faecium|Aminopenicillins","Total tested isolates","N","2007","UK","United Kingdom",134.000000000,""
"Antimicrobial resistance","Enterococcus faecium|Aminopenicillins","Total tested isolates","N","2008","AT","Austria",336.000000000,""
"Antimicrobial resistance","Enterococcus faecium|Aminopenicillins","Total tested isolates","N","2008","BE","Belgium",58.000000000,""
"Antimicrobial resistance","Enterococcus faecium|Aminopenicillins","Total tested isolates","N","2008","BG","Bulgaria",29.000000000,""
"Antimicrobial resistance","Enterococcus faecium|Aminopenicillins","Total tested isolates","N","2008","CY","Cyprus",10.000000000,""
"Antimicrobial resistance","Enterococcus faecium|Aminopenicillins","Total tested isolates","N","2008","CZ","Czechia",234.000000000,""
"Antimicrobial resistance","Enterococcus faecium|Aminopenicillins","Total tested isolates","N","2008","DE","Germany",133.000000000,""
"Antimicrobial resistance","Enterococcus faecium|Aminopenicillins","Total tested isolates","N","2008","DK","Denmark",404.000000000,""
"Antimicrobial resistance","Enterococcus faecium|Aminopenicillins","Total tested isolates","N","2008","EE","Estonia",39.000000000,""
"Antimicrobial resistance","Enterococcus faecium|Aminopenicillins","Total tested isolates","N","2008","EL","Greece",346.000000000,""
"Antimicrobial resistance","Enterococcus faecium|Aminopenicillins","Total tested isolates","N","2008","ES","Spain",289.000000000,""
"Antimicrobial resistance","Enterococcus faecium|Aminopenicillins","Total tested isolates","N","2008","FI","Finland",160.000000000,""
"Antimicrobial resistance","Enterococcus faecium|Aminopenicillins","Total tested isolates","N","2008","FR","France",369.000000000,""
"Antimicrobial resistance","Enterococcus faecium|Aminopenicillins","Total tested isolates","N","2008","HR","Croatia",72.000000000,""
"Antimicrobial resistance","Enterococcus faecium|Aminopenicillins","Total tested isolates","N","2008","HU","Hungary",69.000000000,""
"Antimicrobial resistance","Enterococcus faecium|Aminopenicillins","Total tested isolates","N","2008","IE","Ireland",389.000000000,""
"Antimicrobial resistance","Enterococcus faecium|Aminopenicillins","Total tested isolates","N","2008","IS","Iceland",7.000000000,""
"Antimicrobial resistance","Enterococcus faecium|Aminopenicillins","Total tested isolates","N","2008","IT","Italy",211.000000000,""
"Antimicrobial resistance","Enterococcus faecium|Aminopenicillins","Total tested isolates","N","2008","LT","Lithuania",24.000000000,""
"Antimicrobial resistance","Enterococcus faecium|Aminopenicillins","Total tested isolates","N","2008","LU","Luxembourg",17.000000000,""
"Antimicrobial resistance","Enterococcus faecium|Aminopenicillins","Total tested isolates","N","2008","LV","Latvia",30.000000000,""
"Antimicrobial resistance","Enterococcus faecium|Aminopenicillins","Total tested isolates","N","2008","MT","Malta",5.000000000,""
"Antimicrobial resistance","Enterococcus faecium|Aminopenicillins","Total tested isolates","N","2008","NL","Netherlands",264.000000000,""
"Antimicrobial resistance","Enterococcus faecium|Aminopenicillins","Total tested isolates","N","2008","NO","Norway",112.000000000,""
"Antimicrobial resistance","Enterococcus faecium|Aminopenicillins","Total tested isolates","N","2008","PL","Poland",9.000000000,""
"Antimicrobial resistance","Enterococcus faecium|Aminopenicillins","Total tested isolates","N","2008","PT","Portugal",166.000000000,""
"Antimicrobial resistance","Enterococcus faecium|Aminopenicillins","Total tested isolates","N","2008","RO","Romania",2.000000000,""
"Antimicrobial resistance","Enterococcus faecium|Aminopenicillins","Total tested isolates","N","2008","SE","Sweden",281.000000000,""
"Antimicrobial resistance","Enterococcus faecium|Aminopenicillins","Total tested isolates","N","2008","SI","Slovenia",76.000000000,""
"Antimicrobial resistance","Enterococcus faecium|Aminopenicillins","Total tested isolates","N","2008","UK","United Kingdom",82.000000000,""
"Antimicrobial resistance","Enterococcus faecium|Aminopenicillins","Total tested isolates","N","2009","AT","Austria",307.000000000,""
"Antimicrobial resistance","Enterococcus faecium|Aminopenicillins","Total tested isolates","N","2009","BE","Belgium",67.000000000,""
"Antimicrobial resistance","Enterococcus faecium|Aminopenicillins","Total tested isolates","N","2009","BG","Bulgaria",28.000000000,""
"Antimicrobial resistance","Enterococcus faecium|Aminopenicillins","Total tested isolates","N","2009","CY","Cyprus",15.000000000,""
"Antimicrobial resistance","Enterococcus faecium|Aminopenicillins","Total tested isolates","N","2009","CZ","Czechia",209.000000000,""
"Antimicrobial resistance","Enterococcus faecium|Aminopenicillins","Total tested isolates","N","2009","DE","Germany",334.000000000,""
"Antimicrobial resistance","Enterococcus faecium|Aminopenicillins","Total tested isolates","N","2009","DK","Denmark",405.000000000,""
"Antimicrobial resistance","Enterococcus faecium|Aminopenicillins","Total tested isolates","N","2009","EE","Estonia",40.000000000,""
"Antimicrobial resistance","Enterococcus faecium|Aminopenicillins","Total tested isolates","N","2009","EL","Greece",397.000000000,""
"Antimicrobial resistance","Enterococcus faecium|Aminopenicillins","Total tested isolates","N","2009","ES","Spain",342.000000000,""
"Antimicrobial resistance","Enterococcus faecium|Aminopenicillins","Total tested isolates","N","2009","FI","Finland",243.000000000,""
"Antimicrobial resistance","Enterococcus faecium|Aminopenicillins","Total tested isolates","N","2009","FR","France",590.000000000,""
"Antimicrobial resistance","Enterococcus faecium|Aminopenicillins","Total tested isolates","N","2009","HU","Hungary",76.000000000,""
"Antimicrobial resistance","Enterococcus faecium|Aminopenicillins","Total tested isolates","N","2009","IE","Ireland",381.000000000,""
"Antimicrobial resistance","Enterococcus faecium|Aminopenicillins","Total tested isolates","N","2009","IS","Iceland",25.000000000,""
"Antimicrobial resistance","Enterococcus faecium|Aminopenicillins","Total tested isolates","N","2009","IT","Italy",182.000000000,""
"Antimicrobial resistance","Enterococcus faecium|Aminopenicillins","Total tested isolates","N","2009","LT","Lithuania",19.000000000,""
"Antimicrobial resistance","Enterococcus faecium|Aminopenicillins","Total tested isolates","N","2009","LU","Luxembourg",14.000000000,""
"Antimicrobial resistance","Enterococcus faecium|Aminopenicillins","Total tested isolates","N","2009","LV","Latvia",22.000000000,""
"Antimicrobial resistance","Enterococcus faecium|Aminopenicillins","Total tested isolates","N","2009","MT","Malta",4.000000000,""
"Antimicrobial resistance","Enterococcus faecium|Aminopenicillins","Total tested isolates","N","2009","NL","Netherlands",203.000000000,""
"Antimicrobial resistance","Enterococcus faecium|Aminopenicillins","Total tested isolates","N","2009","NO","Norway",104.000000000,""
"Antimicrobial resistance","Enterococcus faecium|Aminopenicillins","Total tested isolates","N","2009","PL","Poland",80.000000000,""
"Antimicrobial resistance","Enterococcus faecium|Aminopenicillins","Total tested isolates","N","2009","PT","Portugal",213.000000000,""
"Antimicrobial resistance","Enterococcus faecium|Aminopenicillins","Total tested isolates","N","2009","RO","Romania",8.000000000,""
"Antimicrobial resistance","Enterococcus faecium|Aminopenicillins","Total tested isolates","N","2009","SI","Slovenia",71.000000000,""
"Antimicrobial resistance","Enterococcus faecium|Aminopenicillins","Total tested isolates","N","2009","UK","United Kingdom",255.000000000,""
"Antimicrobial resistance","Enterococcus faecium|Aminopenicillins","Total tested isolates","N","2010","AT","Austria",354.000000000,""
"Antimicrobial resistance","Enterococcus faecium|Aminopenicillins","Total tested isolates","N","2010","BE","Belgium",82.000000000,""
"Antimicrobial resistance","Enterococcus faecium|Aminopenicillins","Total tested isolates","N","2010","BG","Bulgaria",23.000000000,""
"Antimicrobial resistance","Enterococcus faecium|Aminopenicillins","Total tested isolates","N","2010","CY","Cyprus",23.000000000,""
"Antimicrobial resistance","Enterococcus faecium|Aminopenicillins","Total tested isolates","N","2010","CZ","Czechia",188.000000000,""
"Antimicrobial resistance","Enterococcus faecium|Aminopenicillins","Total tested isolates","N","2010","DE","Germany",440.000000000,""
"Antimicrobial resistance","Enterococcus faecium|Aminopenicillins","Total tested isolates","N","2010","DK","Denmark",456.000000000,""
"Antimicrobial resistance","Enterococcus faecium|Aminopenicillins","Total tested isolates","N","2010","EE","Estonia",20.000000000,""
"Antimicrobial resistance","Enterococcus faecium|Aminopenicillins","Total tested isolates","N","2010","EL","Greece",429.000000000,""
"Antimicrobial resistance","Enterococcus faecium|Aminopenicillins","Total tested isolates","N","2010","ES","Spain",471.000000000,""
"Antimicrobial resistance","Enterococcus faecium|Aminopenicillins","Total tested isolates","N","2010","FI","Finland",231.000000000,""
"Antimicrobial resistance","Enterococcus faecium|Aminopenicillins","Total tested isolates","N","2010","FR","France",539.000000000,""
"Antimicrobial resistance","Enterococcus faecium|Aminopenicillins","Total tested isolates","N","2010","HR","Croatia",45.000000000,""
"Antimicrobial resistance","Enterococcus faecium|Aminopenicillins","Total tested isolates","N","2010","HU","Hungary",94.000000000,""
"Antimicrobial resistance","Enterococcus faecium|Aminopenicillins","Total tested isolates","N","2010","IE","Ireland",380.000000000,""
"Antimicrobial resistance","Enterococcus faecium|Aminopenicillins","Total tested isolates","N","2010","IS","Iceland",16.000000000,""
"Antimicrobial resistance","Enterococcus faecium|Aminopenicillins","Total tested isolates","N","2010","IT","Italy",372.000000000,""
"Antimicrobial resistance","Enterococcus faecium|Aminopenicillins","Total tested isolates","N","2010","LT","Lithuania",25.000000000,""
"Antimicrobial resistance","Enterococcus faecium|Aminopenicillins","Total tested isolates","N","2010","LU","Luxembourg",22.000000000,""
"Antimicrobial resistance","Enterococcus faecium|Aminopenicillins","Total tested isolates","N","2010","LV","Latvia",23.000000000,""
"Antimicrobial resistance","Enterococcus faecium|Aminopenicillins","Total tested isolates","N","2010","MT","Malta",8.000000000,""
"Antimicrobial resistance","Enterococcus faecium|Aminopenicillins","Total tested isolates","N","2010","NL","Netherlands",594.000000000,""
"Antimicrobial resistance","Enterococcus faecium|Aminopenicillins","Total tested isolates","N","2010","NO","Norway",136.000000000,""
"Antimicrobial resistance","Enterococcus faecium|Aminopenicillins","Total tested isolates","N","2010","PL","Poland",85.000000000,""
"Antimicrobial resistance","Enterococcus faecium|Aminopenicillins","Total tested isolates","N","2010","PT","Portugal",177.000000000,""
"Antimicrobial resistance","Enterococcus faecium|Aminopenicillins","Total tested isolates","N","2010","RO","Romania",10.000000000,""
"Antimicrobial resistance","Enterococcus faecium|Aminopenicillins","Total tested isolates","N","2010","SE","Sweden",305.000000000,""
"Antimicrobial resistance","Enterococcus faecium|Aminopenicillins","Total tested isolates","N","2010","SI","Slovenia",59.000000000,""
"Antimicrobial resistance","Enterococcus faecium|Aminopenicillins","Total tested isolates","N","2010","UK","United Kingdom",237.000000000,""
"Antimicrobial resistance","Enterococcus faecium|Aminopenicillins","Total tested isolates","N","2011","AT","Austria",345.000000000,""
"Antimicrobial resistance","Enterococcus faecium|Aminopenicillins","Total tested isolates","N","2011","BE","Belgium",204.000000000,""
"Antimicrobial resistance","Enterococcus faecium|Aminopenicillins","Total tested isolates","N","2011","BG","Bulgaria",38.000000000,""
"Antimicrobial resistance","Enterococcus faecium|Aminopenicillins","Total tested isolates","N","2011","CY","Cyprus",17.000000000,""
"Antimicrobial resistance","Enterococcus faecium|Aminopenicillins","Total tested isolates","N","2011","CZ","Czechia",211.000000000,""
"Antimicrobial resistance","Enterococcus faecium|Aminopenicillins","Total tested isolates","N","2011","DE","Germany",536.000000000,""
"Antimicrobial resistance","Enterococcus faecium|Aminopenicillins","Total tested isolates","N","2011","DK","Denmark",523.000000000,""
"Antimicrobial resistance","Enterococcus faecium|Aminopenicillins","Total tested isolates","N","2011","EL","Greece",417.000000000,""
"Antimicrobial resistance","Enterococcus faecium|Aminopenicillins","Total tested isolates","N","2011","ES","Spain",546.000000000,""
"Antimicrobial resistance","Enterococcus faecium|Aminopenicillins","Total tested isolates","N","2011","FI","Finland",190.000000000,""
"Antimicrobial resistance","Enterococcus faecium|Aminopenicillins","Total tested isolates","N","2011","FR","France",625.000000000,""
"Antimicrobial resistance","Enterococcus faecium|Aminopenicillins","Total tested isolates","N","2011","HR","Croatia",58.000000000,""
"Antimicrobial resistance","Enterococcus faecium|Aminopenicillins","Total tested isolates","N","2011","HU","Hungary",107.000000000,""
"Antimicrobial resistance","Enterococcus faecium|Aminopenicillins","Total tested isolates","N","2011","IE","Ireland",353.000000000,""
"Antimicrobial resistance","Enterococcus faecium|Aminopenicillins","Total tested isolates","N","2011","IS","Iceland",13.000000000,""
"Antimicrobial resistance","Enterococcus faecium|Aminopenicillins","Total tested isolates","N","2011","IT","Italy",260.000000000,""
"Antimicrobial resistance","Enterococcus faecium|Aminopenicillins","Total tested isolates","N","2011","LT","Lithuania",26.000000000,""
"Antimicrobial resistance","Enterococcus faecium|Aminopenicillins","Total tested isolates","N","2011","LU","Luxembourg",24.000000000,""
"Antimicrobial resistance","Enterococcus faecium|Aminopenicillins","Total tested isolates","N","2011","LV","Latvia",24.000000000,""
"Antimicrobial resistance","Enterococcus faecium|Aminopenicillins","Total tested isolates","N","2011","MT","Malta",14.000000000,""
"Antimicrobial resistance","Enterococcus faecium|Aminopenicillins","Total tested isolates","N","2011","NL","Netherlands",625.000000000,""
"Antimicrobial resistance","Enterococcus faecium|Aminopenicillins","Total tested isolates","N","2011","NO","Norway",164.000000000,""
"Antimicrobial resistance","Enterococcus faecium|Aminopenicillins","Total tested isolates","N","2011","PL","Poland",168.000000000,""
"Antimicrobial resistance","Enterococcus faecium|Aminopenicillins","Total tested isolates","N","2011","PT","Portugal",200.000000000,""
"Antimicrobial resistance","Enterococcus faecium|Aminopenicillins","Total tested isolates","N","2011","RO","Romania",10.000000000,""
"Antimicrobial resistance","Enterococcus faecium|Aminopenicillins","Total tested isolates","N","2011","SE","Sweden",335.000000000,""
"Antimicrobial resistance","Enterococcus faecium|Aminopenicillins","Total tested isolates","N","2011","SI","Slovenia",83.000000000,""
"Antimicrobial resistance","Enterococcus faecium|Aminopenicillins","Total tested isolates","N","2011","SK","Slovakia",102.000000000,""
"Antimicrobial resistance","Enterococcus faecium|Aminopenicillins","Total tested isolates","N","2011","UK","United Kingdom",297.000000000,""
"Antimicrobial resistance","Enterococcus faecium|Aminopenicillins","Total tested isolates","N","2012","AT","Austria",351.000000000,""
"Antimicrobial resistance","Enterococcus faecium|Aminopenicillins","Total tested isolates","N","2012","BE","Belgium",196.000000000,""
"Antimicrobial resistance","Enterococcus faecium|Aminopenicillins","Total tested isolates","N","2012","BG","Bulgaria",40.000000000,""
"Antimicrobial resistance","Enterococcus faecium|Aminopenicillins","Total tested isolates","N","2012","CY","Cyprus",29.000000000,""
"Antimicrobial resistance","Enterococcus faecium|Aminopenicillins","Total tested isolates","N","2012","CZ","Czechia",262.000000000,""
"Antimicrobial resistance","Enterococcus faecium|Aminopenicillins","Total tested isolates","N","2012","DE","Germany",644.000000000,""
"Antimicrobial resistance","Enterococcus faecium|Aminopenicillins","Total tested isolates","N","2012","DK","Denmark",639.000000000,""
"Antimicrobial resistance","Enterococcus faecium|Aminopenicillins","Total tested isolates","N","2012","EE","Estonia",38.000000000,""
"Antimicrobial resistance","Enterococcus faecium|Aminopenicillins","Total tested isolates","N","2012","EL","Greece",416.000000000,""
"Antimicrobial resistance","Enterococcus faecium|Aminopenicillins","Total tested isolates","N","2012","ES","Spain",533.000000000,""
"Antimicrobial resistance","Enterococcus faecium|Aminopenicillins","Total tested isolates","N","2012","FI","Finland",205.000000000,""
"Antimicrobial resistance","Enterococcus faecium|Aminopenicillins","Total tested isolates","N","2012","FR","France",624.000000000,""
"Antimicrobial resistance","Enterococcus faecium|Aminopenicillins","Total tested isolates","N","2012","HR","Croatia",60.000000000,""
"Antimicrobial resistance","Enterococcus faecium|Aminopenicillins","Total tested isolates","N","2012","HU","Hungary",132.000000000,""
"Antimicrobial resistance","Enterococcus faecium|Aminopenicillins","Total tested isolates","N","2012","IE","Ireland",378.000000000,""
"Antimicrobial resistance","Enterococcus faecium|Aminopenicillins","Total tested isolates","N","2012","IS","Iceland",12.000000000,""
"Antimicrobial resistance","Enterococcus faecium|Aminopenicillins","Total tested isolates","N","2012","IT","Italy",409.000000000,""
"Antimicrobial resistance","Enterococcus faecium|Aminopenicillins","Total tested isolates","N","2012","LT","Lithuania",37.000000000,""
"Antimicrobial resistance","Enterococcus faecium|Aminopenicillins","Total tested isolates","N","2012","LU","Luxembourg",20.000000000,""
"Antimicrobial resistance","Enterococcus faecium|Aminopenicillins","Total tested isolates","N","2012","LV","Latvia",18.000000000,""
"Antimicrobial resistance","Enterococcus faecium|Aminopenicillins","Total tested isolates","N","2012","MT","Malta",6.000000000,""
"Antimicrobial resistance","Enterococcus faecium|Aminopenicillins","Total tested isolates","N","2012","NL","Netherlands",701.000000000,""
"Antimicrobial resistance","Enterococcus faecium|Aminopenicillins","Total tested isolates","N","2012","NO","Norway",169.000000000,""
"Antimicrobial resistance","Enterococcus faecium|Aminopenicillins","Total tested isolates","N","2012","PL","Poland",116.000000000,""
"Antimicrobial resistance","Enterococcus faecium|Aminopenicillins","Total tested isolates","N","2012","PT","Portugal",250.000000000,""
"Antimicrobial resistance","Enterococcus faecium|Aminopenicillins","Total tested isolates","N","2012","RO","Romania",34.000000000,""
"Antimicrobial resistance","Enterococcus faecium|Aminopenicillins","Total tested isolates","N","2012","SE","Sweden",359.000000000,""
"Antimicrobial resistance","Enterococcus faecium|Aminopenicillins","Total tested isolates","N","2012","SI","Slovenia",95.000000000,""
"Antimicrobial resistance","Enterococcus faecium|Aminopenicillins","Total tested isolates","N","2012","SK","Slovakia",82.000000000,""
"Antimicrobial resistance","Enterococcus faecium|Aminopenicillins","Total tested isolates","N","2012","UK","United Kingdom",347.000000000,""
"Antimicrobial resistance","Enterococcus faecium|Aminopenicillins","Total tested isolates","N","2013","AT","Austria",407.000000000,""
"Antimicrobial resistance","Enterococcus faecium|Aminopenicillins","Total tested isolates","N","2013","BE","Belgium",344.000000000,""
"Antimicrobial resistance","Enterococcus faecium|Aminopenicillins","Total tested isolates","N","2013","BG","Bulgaria",43.000000000,""
"Antimicrobial resistance","Enterococcus faecium|Aminopenicillins","Total tested isolates","N","2013","CY","Cyprus",29.000000000,""
"Antimicrobial resistance","Enterococcus faecium|Aminopenicillins","Total tested isolates","N","2013","CZ","Czechia",269.000000000,""
"Antimicrobial resistance","Enterococcus faecium|Aminopenicillins","Total tested isolates","N","2013","DE","Germany",851.000000000,""
"Antimicrobial resistance","Enterococcus faecium|Aminopenicillins","Total tested isolates","N","2013","DK","Denmark",648.000000000,""
"Antimicrobial resistance","Enterococcus faecium|Aminopenicillins","Total tested isolates","N","2013","EE","Estonia",39.000000000,""
"Antimicrobial resistance","Enterococcus faecium|Aminopenicillins","Total tested isolates","N","2013","EL","Greece",349.000000000,""
"Antimicrobial resistance","Enterococcus faecium|Aminopenicillins","Total tested isolates","N","2013","ES","Spain",545.000000000,""
"Antimicrobial resistance","Enterococcus faecium|Aminopenicillins","Total tested isolates","N","2013","FI","Finland",229.000000000,""
"Antimicrobial resistance","Enterococcus faecium|Aminopenicillins","Total tested isolates","N","2013","FR","France",730.000000000,""
"Antimicrobial resistance","Enterococcus faecium|Aminopenicillins","Total tested isolates","N","2013","HR","Croatia",74.000000000,""
"Antimicrobial resistance","Enterococcus faecium|Aminopenicillins","Total tested isolates","N","2013","HU","Hungary",211.000000000,""
"Antimicrobial resistance","Enterococcus faecium|Aminopenicillins","Total tested isolates","N","2013","IE","Ireland",396.000000000,""
"Antimicrobial resistance","Enterococcus faecium|Aminopenicillins","Total tested isolates","N","2013","IS","Iceland",17.000000000,""
"Antimicrobial resistance","Enterococcus faecium|Aminopenicillins","Total tested isolates","N","2013","IT","Italy",550.000000000,""
"Antimicrobial resistance","Enterococcus faecium|Aminopenicillins","Total tested isolates","N","2013","LT","Lithuania",25.000000000,""
"Antimicrobial resistance","Enterococcus faecium|Aminopenicillins","Total tested isolates","N","2013","LU","Luxembourg",19.000000000,""
"Antimicrobial resistance","Enterococcus faecium|Aminopenicillins","Total tested isolates","N","2013","LV","Latvia",25.000000000,""
"Antimicrobial resistance","Enterococcus faecium|Aminopenicillins","Total tested isolates","N","2013","MT","Malta",10.000000000,""
"Antimicrobial resistance","Enterococcus faecium|Aminopenicillins","Total tested isolates","N","2013","NL","Netherlands",757.000000000,""
"Antimicrobial resistance","Enterococcus faecium|Aminopenicillins","Total tested isolates","N","2013","NO","Norway",213.000000000,""
"Antimicrobial resistance","Enterococcus faecium|Aminopenicillins","Total tested isolates","N","2013","PL","Poland",150.000000000,""
"Antimicrobial resistance","Enterococcus faecium|Aminopenicillins","Total tested isolates","N","2013","PT","Portugal",281.000000000,""
"Antimicrobial resistance","Enterococcus faecium|Aminopenicillins","Total tested isolates","N","2013","RO","Romania",54.000000000,""
"Antimicrobial resistance","Enterococcus faecium|Aminopenicillins","Total tested isolates","N","2013","SE","Sweden",548.000000000,""
"Antimicrobial resistance","Enterococcus faecium|Aminopenicillins","Total tested isolates","N","2013","SI","Slovenia",102.000000000,""
"Antimicrobial resistance","Enterococcus faecium|Aminopenicillins","Total tested isolates","N","2013","SK","Slovakia",130.000000000,""
"Antimicrobial resistance","Enterococcus faecium|Aminopenicillins","Total tested isolates","N","2013","UK","United Kingdom",430.000000000,""
"Antimicrobial resistance","Enterococcus faecium|Aminopenicillins","Total tested isolates","N","2014","AT","Austria",445.000000000,""
"Antimicrobial resistance","Enterococcus faecium|Aminopenicillins","Total tested isolates","N","2014","BE","Belgium",191.000000000,""
"Antimicrobial resistance","Enterococcus faecium|Aminopenicillins","Total tested isolates","N","2014","BG","Bulgaria",60.000000000,""
"Antimicrobial resistance","Enterococcus faecium|Aminopenicillins","Total tested isolates","N","2014","CY","Cyprus",35.000000000,""
"Antimicrobial resistance","Enterococcus faecium|Aminopenicillins","Total tested isolates","N","2014","CZ","Czechia",250.000000000,""
"Antimicrobial resistance","Enterococcus faecium|Aminopenicillins","Total tested isolates","N","2014","DE","Germany",828.000000000,""
"Antimicrobial resistance","Enterococcus faecium|Aminopenicillins","Total tested isolates","N","2014","DK","Denmark",714.000000000,""
"Antimicrobial resistance","Enterococcus faecium|Aminopenicillins","Total tested isolates","N","2014","EE","Estonia",49.000000000,""
"Antimicrobial resistance","Enterococcus faecium|Aminopenicillins","Total tested isolates","N","2014","EL","Greece",270.000000000,""
"Antimicrobial resistance","Enterococcus faecium|Aminopenicillins","Total tested isolates","N","2014","ES","Spain",547.000000000,""
"Antimicrobial resistance","Enterococcus faecium|Aminopenicillins","Total tested isolates","N","2014","FI","Finland",276.000000000,""
"Antimicrobial resistance","Enterococcus faecium|Aminopenicillins","Total tested isolates","N","2014","FR","France",752.000000000,""
"Antimicrobial resistance","Enterococcus faecium|Aminopenicillins","Total tested isolates","N","2014","HR","Croatia",68.000000000,""
"Antimicrobial resistance","Enterococcus faecium|Aminopenicillins","Total tested isolates","N","2014","HU","Hungary",224.000000000,""
"Antimicrobial resistance","Enterococcus faecium|Aminopenicillins","Total tested isolates","N","2014","IE","Ireland",385.000000000,""
"Antimicrobial resistance","Enterococcus faecium|Aminopenicillins","Total tested isolates","N","2014","IS","Iceland",11.000000000,""
"Antimicrobial resistance","Enterococcus faecium|Aminopenicillins","Total tested isolates","N","2014","IT","Italy",476.000000000,""
"Antimicrobial resistance","Enterococcus faecium|Aminopenicillins","Total tested isolates","N","2014","LT","Lithuania",44.000000000,""
"Antimicrobial resistance","Enterococcus faecium|Aminopenicillins","Total tested isolates","N","2014","LU","Luxembourg",31.000000000,""
"Antimicrobial resistance","Enterococcus faecium|Aminopenicillins","Total tested isolates","N","2014","LV","Latvia",35.000000000,""
"Antimicrobial resistance","Enterococcus faecium|Aminopenicillins","Total tested isolates","N","2014","MT","Malta",11.000000000,""
"Antimicrobial resistance","Enterococcus faecium|Aminopenicillins","Total tested isolates","N","2014","NL","Netherlands",765.000000000,""
"Antimicrobial resistance","Enterococcus faecium|Aminopenicillins","Total tested isolates","N","2014","NO","Norway",228.000000000,""
"Antimicrobial resistance","Enterococcus faecium|Aminopenicillins","Total tested isolates","N","2014","PL","Poland",173.000000000,""
"Antimicrobial resistance","Enterococcus faecium|Aminopenicillins","Total tested isolates","N","2014","PT","Portugal",311.000000000,""
"Antimicrobial resistance","Enterococcus faecium|Aminopenicillins","Total tested isolates","N","2014","RO","Romania",55.000000000,""
"Antimicrobial resistance","Enterococcus faecium|Aminopenicillins","Total tested isolates","N","2014","SE","Sweden",282.000000000,""
"Antimicrobial resistance","Enterococcus faecium|Aminopenicillins","Total tested isolates","N","2014","SI","Slovenia",115.000000000,""
"Antimicrobial resistance","Enterococcus faecium|Aminopenicillins","Total tested isolates","N","2014","SK","Slovakia",128.000000000,""
"Antimicrobial resistance","Enterococcus faecium|Aminopenicillins","Total tested isolates","N","2014","UK","United Kingdom",400.000000000,""
"Antimicrobial resistance","Enterococcus faecium|Aminopenicillins","Total tested isolates","N","2015","AT","Austria",446.000000000,""
"Antimicrobial resistance","Enterococcus faecium|Aminopenicillins","Total tested isolates","N","2015","BE","Belgium",160.000000000,""
"Antimicrobial resistance","Enterococcus faecium|Aminopenicillins","Total tested isolates","N","2015","BG","Bulgaria",43.000000000,""
"Antimicrobial resistance","Enterococcus faecium|Aminopenicillins","Total tested isolates","N","2015","CY","Cyprus",28.000000000,""
"Antimicrobial resistance","Enterococcus faecium|Aminopenicillins","Total tested isolates","N","2015","CZ","Czechia",322.000000000,""
"Antimicrobial resistance","Enterococcus faecium|Aminopenicillins","Total tested isolates","N","2015","DE","Germany",1187.000000000,""
"Antimicrobial resistance","Enterococcus faecium|Aminopenicillins","Total tested isolates","N","2015","DK","Denmark",640.000000000,""
"Antimicrobial resistance","Enterococcus faecium|Aminopenicillins","Total tested isolates","N","2015","EE","Estonia",19.000000000,""
"Antimicrobial resistance","Enterococcus faecium|Aminopenicillins","Total tested isolates","N","2015","EL","Greece",304.000000000,""
"Antimicrobial resistance","Enterococcus faecium|Aminopenicillins","Total tested isolates","N","2015","ES","Spain",566.000000000,""
"Antimicrobial resistance","Enterococcus faecium|Aminopenicillins","Total tested isolates","N","2015","FI","Finland",220.000000000,""
"Antimicrobial resistance","Enterococcus faecium|Aminopenicillins","Total tested isolates","N","2015","FR","France",799.000000000,""
"Antimicrobial resistance","Enterococcus faecium|Aminopenicillins","Total tested isolates","N","2015","HR","Croatia",93.000000000,""
"Antimicrobial resistance","Enterococcus faecium|Aminopenicillins","Total tested isolates","N","2015","HU","Hungary",233.000000000,""
"Antimicrobial resistance","Enterococcus faecium|Aminopenicillins","Total tested isolates","N","2015","IE","Ireland",403.000000000,""
"Antimicrobial resistance","Enterococcus faecium|Aminopenicillins","Total tested isolates","N","2015","IS","Iceland",20.000000000,""
"Antimicrobial resistance","Enterococcus faecium|Aminopenicillins","Total tested isolates","N","2015","IT","Italy",759.000000000,""
"Antimicrobial resistance","Enterococcus faecium|Aminopenicillins","Total tested isolates","N","2015","LT","Lithuania",52.000000000,""
"Antimicrobial resistance","Enterococcus faecium|Aminopenicillins","Total tested isolates","N","2015","LU","Luxembourg",23.000000000,""
"Antimicrobial resistance","Enterococcus faecium|Aminopenicillins","Total tested isolates","N","2015","LV","Latvia",15.000000000,""
"Antimicrobial resistance","Enterococcus faecium|Aminopenicillins","Total tested isolates","N","2015","MT","Malta",6.000000000,""
"Antimicrobial resistance","Enterococcus faecium|Aminopenicillins","Total tested isolates","N","2015","NL","Netherlands",755.000000000,""
"Antimicrobial resistance","Enterococcus faecium|Aminopenicillins","Total tested isolates","N","2015","NO","Norway",185.000000000,""
"Antimicrobial resistance","Enterococcus faecium|Aminopenicillins","Total tested isolates","N","2015","PL","Poland",165.000000000,""
"Antimicrobial resistance","Enterococcus faecium|Aminopenicillins","Total tested isolates","N","2015","PT","Portugal",430.000000000,""
"Antimicrobial resistance","Enterococcus faecium|Aminopenicillins","Total tested isolates","N","2015","RO","Romania",71.000000000,""
"Antimicrobial resistance","Enterococcus faecium|Aminopenicillins","Total tested isolates","N","2015","SE","Sweden",378.000000000,""
"Antimicrobial resistance","Enterococcus faecium|Aminopenicillins","Total tested isolates","N","2015","SI","Slovenia",124.000000000,""
"Antimicrobial resistance","Enterococcus faecium|Aminopenicillins","Total tested isolates","N","2015","SK","Slovakia",143.000000000,""
"Antimicrobial resistance","Enterococcus faecium|Aminopenicillins","Total tested isolates","N","2015","UK","United Kingdom",313.000000000,""
"Antimicrobial resistance","Enterococcus faecium|Aminopenicillins","Total tested isolates","N","2016","AT","Austria",491.000000000,""
"Antimicrobial resistance","Enterococcus faecium|Aminopenicillins","Total tested isolates","N","2016","BE","Belgium",287.000000000,""
"Antimicrobial resistance","Enterococcus faecium|Aminopenicillins","Total tested isolates","N","2016","BG","Bulgaria",45.000000000,""
"Antimicrobial resistance","Enterococcus faecium|Aminopenicillins","Total tested isolates","N","2016","CY","Cyprus",41.000000000,""
"Antimicrobial resistance","Enterococcus faecium|Aminopenicillins","Total tested isolates","N","2016","CZ","Czechia",257.000000000,""
"Antimicrobial resistance","Enterococcus faecium|Aminopenicillins","Total tested isolates","N","2016","DE","Germany",1808.000000000,""
"Antimicrobial resistance","Enterococcus faecium|Aminopenicillins","Total tested isolates","N","2016","DK","Denmark",665.000000000,""
"Antimicrobial resistance","Enterococcus faecium|Aminopenicillins","Total tested isolates","N","2016","EE","Estonia",64.000000000,""
"Antimicrobial resistance","Enterococcus faecium|Aminopenicillins","Total tested isolates","N","2016","EL","Greece",356.000000000,""
"Antimicrobial resistance","Enterococcus faecium|Aminopenicillins","Total tested isolates","N","2016","ES","Spain",625.000000000,""
"Antimicrobial resistance","Enterococcus faecium|Aminopenicillins","Total tested isolates","N","2016","FI","Finland",216.000000000,""
"Antimicrobial resistance","Enterococcus faecium|Aminopenicillins","Total tested isolates","N","2016","FR","France",782.000000000,""
"Antimicrobial resistance","Enterococcus faecium|Aminopenicillins","Total tested isolates","N","2016","HR","Croatia",104.000000000,""
"Antimicrobial resistance","Enterococcus faecium|Aminopenicillins","Total tested isolates","N","2016","HU","Hungary",272.000000000,""
"Antimicrobial resistance","Enterococcus faecium|Aminopenicillins","Total tested isolates","N","2016","IE","Ireland",420.000000000,""
"Antimicrobial resistance","Enterococcus faecium|Aminopenicillins","Total tested isolates","N","2016","IS","Iceland",16.000000000,""
"Antimicrobial resistance","Enterococcus faecium|Aminopenicillins","Total tested isolates","N","2016","IT","Italy",948.000000000,""
"Antimicrobial resistance","Enterococcus faecium|Aminopenicillins","Total tested isolates","N","2016","LT","Lithuania",61.000000000,""
"Antimicrobial resistance","Enterococcus faecium|Aminopenicillins","Total tested isolates","N","2016","LU","Luxembourg",31.000000000,""
"Antimicrobial resistance","Enterococcus faecium|Aminopenicillins","Total tested isolates","N","2016","LV","Latvia",12.000000000,""
"Antimicrobial resistance","Enterococcus faecium|Aminopenicillins","Total tested isolates","N","2016","MT","Malta",12.000000000,""
"Antimicrobial resistance","Enterococcus faecium|Aminopenicillins","Total tested isolates","N","2016","NL","Netherlands",864.000000000,""
"Antimicrobial resistance","Enterococcus faecium|Aminopenicillins","Total tested isolates","N","2016","NO","Norway",214.000000000,""
"Antimicrobial resistance","Enterococcus faecium|Aminopenicillins","Total tested isolates","N","2016","PL","Poland",372.000000000,""
"Antimicrobial resistance","Enterococcus faecium|Aminopenicillins","Total tested isolates","N","2016","PT","Portugal",331.000000000,""
"Antimicrobial resistance","Enterococcus faecium|Aminopenicillins","Total tested isolates","N","2016","RO","Romania",72.000000000,""
"Antimicrobial resistance","Enterococcus faecium|Aminopenicillins","Total tested isolates","N","2016","SE","Sweden",554.000000000,""
"Antimicrobial resistance","Enterococcus faecium|Aminopenicillins","Total tested isolates","N","2016","SI","Slovenia",111.000000000,""
"Antimicrobial resistance","Enterococcus faecium|Aminopenicillins","Total tested isolates","N","2016","SK","Slovakia",114.000000000,""
"Antimicrobial resistance","Enterococcus faecium|Aminopenicillins","Total tested isolates","N","2016","UK","United Kingdom",1796.000000000,""
"Antimicrobial resistance","Enterococcus faecium|Aminopenicillins","Total tested isolates","N","2017","AT","Austria",566.000000000,""
"Antimicrobial resistance","Enterococcus faecium|Aminopenicillins","Total tested isolates","N","2017","BE","Belgium",410.000000000,""
"Antimicrobial resistance","Enterococcus faecium|Aminopenicillins","Total tested isolates","N","2017","BG","Bulgaria",84.000000000,""
"Antimicrobial resistance","Enterococcus faecium|Aminopenicillins","Total tested isolates","N","2017","CY","Cyprus",41.000000000,""
"Antimicrobial resistance","Enterococcus faecium|Aminopenicillins","Total tested isolates","N","2017","CZ","Czechia",264.000000000,""
"Antimicrobial resistance","Enterococcus faecium|Aminopenicillins","Total tested isolates","N","2017","DE","Germany",2457.000000000,""
"Antimicrobial resistance","Enterococcus faecium|Aminopenicillins","Total tested isolates","N","2017","DK","Denmark",766.000000000,""
"Antimicrobial resistance","Enterococcus faecium|Aminopenicillins","Total tested isolates","N","2017","EE","Estonia",52.000000000,""
"Antimicrobial resistance","Enterococcus faecium|Aminopenicillins","Total tested isolates","N","2017","EL","Greece",412.000000000,""
"Antimicrobial resistance","Enterococcus faecium|Aminopenicillins","Total tested isolates","N","2017","ES","Spain",572.000000000,""
"Antimicrobial resistance","Enterococcus faecium|Aminopenicillins","Total tested isolates","N","2017","FI","Finland",226.000000000,""
"Antimicrobial resistance","Enterococcus faecium|Aminopenicillins","Total tested isolates","N","2017","FR","France",935.000000000,""
"Antimicrobial resistance","Enterococcus faecium|Aminopenicillins","Total tested isolates","N","2017","HR","Croatia",89.000000000,""
"Antimicrobial resistance","Enterococcus faecium|Aminopenicillins","Total tested isolates","N","2017","HU","Hungary",315.000000000,""
"Antimicrobial resistance","Enterococcus faecium|Aminopenicillins","Total tested isolates","N","2017","IE","Ireland",410.000000000,""
"Antimicrobial resistance","Enterococcus faecium|Aminopenicillins","Total tested isolates","N","2017","IS","Iceland",17.000000000,""
"Antimicrobial resistance","Enterococcus faecium|Aminopenicillins","Total tested isolates","N","2017","IT","Italy",1038.000000000,""
"Antimicrobial resistance","Enterococcus faecium|Aminopenicillins","Total tested isolates","N","2017","LT","Lithuania",80.000000000,""
"Antimicrobial resistance","Enterococcus faecium|Aminopenicillins","Total tested isolates","N","2017","LU","Luxembourg",34.000000000,""
"Antimicrobial resistance","Enterococcus faecium|Aminopenicillins","Total tested isolates","N","2017","LV","Latvia",37.000000000,""
"Antimicrobial resistance","Enterococcus faecium|Aminopenicillins","Total tested isolates","N","2017","MT","Malta",13.000000000,""
"Antimicrobial resistance","Enterococcus faecium|Aminopenicillins","Total tested isolates","N","2017","NL","Netherlands",882.000000000,""
"Antimicrobial resistance","Enterococcus faecium|Aminopenicillins","Total tested isolates","N","2017","NO","Norway",209.000000000,""
"Antimicrobial resistance","Enterococcus faecium|Aminopenicillins","Total tested isolates","N","2017","PL","Poland",375.000000000,""
"Antimicrobial resistance","Enterococcus faecium|Aminopenicillins","Total tested isolates","N","2017","PT","Portugal",467.000000000,""
"Antimicrobial resistance","Enterococcus faecium|Aminopenicillins","Total tested isolates","N","2017","RO","Romania",64.000000000,""
"Antimicrobial resistance","Enterococcus faecium|Aminopenicillins","Total tested isolates","N","2017","SE","Sweden",539.000000000,""
"Antimicrobial resistance","Enterococcus faecium|Aminopenicillins","Total tested isolates","N","2017","SI","Slovenia",149.000000000,""
"Antimicrobial resistance","Enterococcus faecium|Aminopenicillins","Total tested isolates","N","2017","SK","Slovakia",113.000000000,""
"Antimicrobial resistance","Enterococcus faecium|Aminopenicillins","Total tested isolates","N","2017","UK","United Kingdom",2086.000000000,""
"Antimicrobial resistance","Enterococcus faecium|Aminopenicillins","Total tested isolates","N","2018","AT","Austria",516.000000000,""
"Antimicrobial resistance","Enterococcus faecium|Aminopenicillins","Total tested isolates","N","2018","BE","Belgium",437.000000000,""
"Antimicrobial resistance","Enterococcus faecium|Aminopenicillins","Total tested isolates","N","2018","BG","Bulgaria",91.000000000,""
"Antimicrobial resistance","Enterococcus faecium|Aminopenicillins","Total tested isolates","N","2018","CY","Cyprus",44.000000000,""
"Antimicrobial resistance","Enterococcus faecium|Aminopenicillins","Total tested isolates","N","2018","CZ","Czechia",358.000000000,""
"Antimicrobial resistance","Enterococcus faecium|Aminopenicillins","Total tested isolates","N","2018","DE","Germany",2249.000000000,""
"Antimicrobial resistance","Enterococcus faecium|Aminopenicillins","Total tested isolates","N","2018","DK","Denmark",779.000000000,""
"Antimicrobial resistance","Enterococcus faecium|Aminopenicillins","Total tested isolates","N","2018","EE","Estonia",64.000000000,""
"Antimicrobial resistance","Enterococcus faecium|Aminopenicillins","Total tested isolates","N","2018","EL","Greece",516.000000000,""
"Antimicrobial resistance","Enterococcus faecium|Aminopenicillins","Total tested isolates","N","2018","ES","Spain",746.000000000,""
"Antimicrobial resistance","Enterococcus faecium|Aminopenicillins","Total tested isolates","N","2018","FI","Finland",236.000000000,""
"Antimicrobial resistance","Enterococcus faecium|Aminopenicillins","Total tested isolates","N","2018","FR","France",908.000000000,""
"Antimicrobial resistance","Enterococcus faecium|Aminopenicillins","Total tested isolates","N","2018","HR","Croatia",71.000000000,""
"Antimicrobial resistance","Enterococcus faecium|Aminopenicillins","Total tested isolates","N","2018","HU","Hungary",303.000000000,""
"Antimicrobial resistance","Enterococcus faecium|Aminopenicillins","Total tested isolates","N","2018","IE","Ireland",417.000000000,""
"Antimicrobial resistance","Enterococcus faecium|Aminopenicillins","Total tested isolates","N","2018","IS","Iceland",16.000000000,""
"Antimicrobial resistance","Enterococcus faecium|Aminopenicillins","Total tested isolates","N","2018","IT","Italy",2239.000000000,""
"Antimicrobial resistance","Enterococcus faecium|Aminopenicillins","Total tested isolates","N","2018","LT","Lithuania",99.000000000,""
"Antimicrobial resistance","Enterococcus faecium|Aminopenicillins","Total tested isolates","N","2018","LU","Luxembourg",29.000000000,""
"Antimicrobial resistance","Enterococcus faecium|Aminopenicillins","Total tested isolates","N","2018","LV","Latvia",34.000000000,""
"Antimicrobial resistance","Enterococcus faecium|Aminopenicillins","Total tested isolates","N","2018","MT","Malta",15.000000000,""
"Antimicrobial resistance","Enterococcus faecium|Aminopenicillins","Total tested isolates","N","2018","NL","Netherlands",1003.000000000,""
"Antimicrobial resistance","Enterococcus faecium|Aminopenicillins","Total tested isolates","N","2018","NO","Norway",174.000000000,""
"Antimicrobial resistance","Enterococcus faecium|Aminopenicillins","Total tested isolates","N","2018","PL","Poland",361.000000000,""
"Antimicrobial resistance","Enterococcus faecium|Aminopenicillins","Total tested isolates","N","2018","PT","Portugal",427.000000000,""
"Antimicrobial resistance","Enterococcus faecium|Aminopenicillins","Total tested isolates","N","2018","RO","Romania",69.000000000,""
"Antimicrobial resistance","Enterococcus faecium|Aminopenicillins","Total tested isolates","N","2018","SE","Sweden",426.000000000,""
"Antimicrobial resistance","Enterococcus faecium|Aminopenicillins","Total tested isolates","N","2018","SI","Slovenia",134.000000000,""
"Antimicrobial resistance","Enterococcus faecium|Aminopenicillins","Total tested isolates","N","2018","SK","Slovakia",148.000000000,""
"Antimicrobial resistance","Enterococcus faecium|Aminopenicillins","Total tested isolates","N","2018","UK","United Kingdom",2469.000000000,""
"Antimicrobial resistance","Enterococcus faecium|Aminopenicillins","Total tested isolates","N","2019","AT","Austria",532.000000000,""
"Antimicrobial resistance","Enterococcus faecium|Aminopenicillins","Total tested isolates","N","2019","BE","Belgium",341.000000000,""
"Antimicrobial resistance","Enterococcus faecium|Aminopenicillins","Total tested isolates","N","2019","BG","Bulgaria",99.000000000,""
"Antimicrobial resistance","Enterococcus faecium|Aminopenicillins","Total tested isolates","N","2019","CY","Cyprus",32.000000000,""
"Antimicrobial resistance","Enterococcus faecium|Aminopenicillins","Total tested isolates","N","2019","CZ","Czechia",349.000000000,""
"Antimicrobial resistance","Enterococcus faecium|Aminopenicillins","Total tested isolates","N","2019","DE","Germany",2654.000000000,""
"Antimicrobial resistance","Enterococcus faecium|Aminopenicillins","Total tested isolates","N","2019","DK","Denmark",736.000000000,""
"Antimicrobial resistance","Enterococcus faecium|Aminopenicillins","Total tested isolates","N","2019","EE","Estonia",58.000000000,""
"Antimicrobial resistance","Enterococcus faecium|Aminopenicillins","Total tested isolates","N","2019","EL","Greece",98.000000000,""
"Antimicrobial resistance","Enterococcus faecium|Aminopenicillins","Total tested isolates","N","2019","ES","Spain",791.000000000,""
"Antimicrobial resistance","Enterococcus faecium|Aminopenicillins","Total tested isolates","N","2019","FI","Finland",242.000000000,""
"Antimicrobial resistance","Enterococcus faecium|Aminopenicillins","Total tested isolates","N","2019","FR","France",980.000000000,""
"Antimicrobial resistance","Enterococcus faecium|Aminopenicillins","Total tested isolates","N","2019","HR","Croatia",73.000000000,""
"Antimicrobial resistance","Enterococcus faecium|Aminopenicillins","Total tested isolates","N","2019","HU","Hungary",304.000000000,""
"Antimicrobial resistance","Enterococcus faecium|Aminopenicillins","Total tested isolates","N","2019","IE","Ireland",435.000000000,""
"Antimicrobial resistance","Enterococcus faecium|Aminopenicillins","Total tested isolates","N","2019","IS","Iceland",13.000000000,""
"Antimicrobial resistance","Enterococcus faecium|Aminopenicillins","Total tested isolates","N","2019","IT","Italy",2803.000000000,""
"Antimicrobial resistance","Enterococcus faecium|Aminopenicillins","Total tested isolates","N","2019","LT","Lithuania",128.000000000,""
"Antimicrobial resistance","Enterococcus faecium|Aminopenicillins","Total tested isolates","N","2019","LU","Luxembourg",37.000000000,""
"Antimicrobial resistance","Enterococcus faecium|Aminopenicillins","Total tested isolates","N","2019","LV","Latvia",58.000000000,""
"Antimicrobial resistance","Enterococcus faecium|Aminopenicillins","Total tested isolates","N","2019","MT","Malta",13.000000000,""
"Antimicrobial resistance","Enterococcus faecium|Aminopenicillins","Total tested isolates","N","2019","NL","Netherlands",788.000000000,""
"Antimicrobial resistance","Enterococcus faecium|Aminopenicillins","Total tested isolates","N","2019","NO","Norway",197.000000000,""
"Antimicrobial resistance","Enterococcus faecium|Aminopenicillins","Total tested isolates","N","2019","PL","Poland",422.000000000,""
"Antimicrobial resistance","Enterococcus faecium|Aminopenicillins","Total tested isolates","N","2019","PT","Portugal",361.000000000,""
"Antimicrobial resistance","Enterococcus faecium|Aminopenicillins","Total tested isolates","N","2019","RO","Romania",139.000000000,""
"Antimicrobial resistance","Enterococcus faecium|Aminopenicillins","Total tested isolates","N","2019","SE","Sweden",679.000000000,""
"Antimicrobial resistance","Enterococcus faecium|Aminopenicillins","Total tested isolates","N","2019","SI","Slovenia",137.000000000,""
"Antimicrobial resistance","Enterococcus faecium|Aminopenicillins","Total tested isolates","N","2019","SK","Slovakia",132.000000000,""
"Antimicrobial resistance","Enterococcus faecium|Aminopenicillins","Total tested isolates","N","2019","UK","United Kingdom",2324.000000000,""
"Antimicrobial resistance","Enterococcus faecium|Aminopenicillins","Total tested isolates","N","2020","AT","Austria",506.000000000,""
"Antimicrobial resistance","Enterococcus faecium|Aminopenicillins","Total tested isolates","N","2020","BE","Belgium",494.000000000,""
"Antimicrobial resistance","Enterococcus faecium|Aminopenicillins","Total tested isolates","N","2020","BG","Bulgaria",77.000000000,""
"Antimicrobial resistance","Enterococcus faecium|Aminopenicillins","Total tested isolates","N","2020","CY","Cyprus",42.000000000,""
"Antimicrobial resistance","Enterococcus faecium|Aminopenicillins","Total tested isolates","N","2020","CZ","Czechia",410.000000000,""
"Antimicrobial resistance","Enterococcus faecium|Aminopenicillins","Total tested isolates","N","2020","DE","Germany",3663.000000000,""
"Antimicrobial resistance","Enterococcus faecium|Aminopenicillins","Total tested isolates","N","2020","DK","Denmark",785.000000000,""
"Antimicrobial resistance","Enterococcus faecium|Aminopenicillins","Total tested isolates","N","2020","EE","Estonia",47.000000000,""
"Antimicrobial resistance","Enterococcus faecium|Aminopenicillins","Total tested isolates","N","2020","EL","Greece",433.000000000,""
"Antimicrobial resistance","Enterococcus faecium|Aminopenicillins","Total tested isolates","N","2020","ES","Spain",1016.000000000,""
"Antimicrobial resistance","Enterococcus faecium|Aminopenicillins","Total tested isolates","N","2020","FI","Finland",195.000000000,""
"Antimicrobial resistance","Enterococcus faecium|Aminopenicillins","Total tested isolates","N","2020","FR","France",1275.000000000,""
"Antimicrobial resistance","Enterococcus faecium|Aminopenicillins","Total tested isolates","N","2020","HR","Croatia",88.000000000,""
"Antimicrobial resistance","Enterococcus faecium|Aminopenicillins","Total tested isolates","N","2020","HU","Hungary",419.000000000,""
"Antimicrobial resistance","Enterococcus faecium|Aminopenicillins","Total tested isolates","N","2020","IE","Ireland",471.000000000,""
"Antimicrobial resistance","Enterococcus faecium|Aminopenicillins","Total tested isolates","N","2020","IS","Iceland",19.000000000,""
"Antimicrobial resistance","Enterococcus faecium|Aminopenicillins","Total tested isolates","N","2020","IT","Italy",4044.000000000,""
"Antimicrobial resistance","Enterococcus faecium|Aminopenicillins","Total tested isolates","N","2020","LT","Lithuania",145.000000000,""
"Antimicrobial resistance","Enterococcus faecium|Aminopenicillins","Total tested isolates","N","2020","LU","Luxembourg",42.000000000,""
"Antimicrobial resistance","Enterococcus faecium|Aminopenicillins","Total tested isolates","N","2020","LV","Latvia",61.000000000,""
"Antimicrobial resistance","Enterococcus faecium|Aminopenicillins","Total tested isolates","N","2020","MT","Malta",23.000000000,""
"Antimicrobial resistance","Enterococcus faecium|Aminopenicillins","Total tested isolates","N","2020","NL","Netherlands",1306.000000000,""
"Antimicrobial resistance","Enterococcus faecium|Aminopenicillins","Total tested isolates","N","2020","NO","Norway",183.000000000,""
"Antimicrobial resistance","Enterococcus faecium|Aminopenicillins","Total tested isolates","N","2020","PL","Poland",498.000000000,""
"Antimicrobial resistance","Enterococcus faecium|Aminopenicillins","Total tested isolates","N","2020","PT","Portugal",404.000000000,""
"Antimicrobial resistance","Enterococcus faecium|Aminopenicillins","Total tested isolates","N","2020","RO","Romania",115.000000000,""
"Antimicrobial resistance","Enterococcus faecium|Aminopenicillins","Total tested isolates","N","2020","SE","Sweden",653.000000000,""
"Antimicrobial resistance","Enterococcus faecium|Aminopenicillins","Total tested isolates","N","2020","SI","Slovenia",177.000000000,""
"Antimicrobial resistance","Enterococcus faecium|Aminopenicillins","Total tested isolates","N","2020","SK","Slovakia",110.000000000,""
"Antimicrobial resistance","Enterococcus faecium|Aminopenicillins","Total tested isolates","N","2021","AT","Austria",700.000000000,""
"Antimicrobial resistance","Enterococcus faecium|Aminopenicillins","Total tested isolates","N","2021","BE","Belgium",499.000000000,""
"Antimicrobial resistance","Enterococcus faecium|Aminopenicillins","Total tested isolates","N","2021","BG","Bulgaria",148.000000000,""
"Antimicrobial resistance","Enterococcus faecium|Aminopenicillins","Total tested isolates","N","2021","CY","Cyprus",84.000000000,""
"Antimicrobial resistance","Enterococcus faecium|Aminopenicillins","Total tested isolates","N","2021","CZ","Czechia",579.000000000,""
"Antimicrobial resistance","Enterococcus faecium|Aminopenicillins","Total tested isolates","N","2021","DE","Germany",4056.000000000,""
"Antimicrobial resistance","Enterococcus faecium|Aminopenicillins","Total tested isolates","N","2021","DK","Denmark",798.000000000,""
"Antimicrobial resistance","Enterococcus faecium|Aminopenicillins","Total tested isolates","N","2021","EE","Estonia",62.000000000,""
"Antimicrobial resistance","Enterococcus faecium|Aminopenicillins","Total tested isolates","N","2021","EL","Greece",925.000000000,""
"Antimicrobial resistance","Enterococcus faecium|Aminopenicillins","Total tested isolates","N","2021","ES","Spain",899.000000000,""
"Antimicrobial resistance","Enterococcus faecium|Aminopenicillins","Total tested isolates","N","2021","FI","Finland",189.000000000,""
"Antimicrobial resistance","Enterococcus faecium|Aminopenicillins","Total tested isolates","N","2021","FR","France",1402.000000000,""
"Antimicrobial resistance","Enterococcus faecium|Aminopenicillins","Total tested isolates","N","2021","HR","Croatia",113.000000000,""
"Antimicrobial resistance","Enterococcus faecium|Aminopenicillins","Total tested isolates","N","2021","HU","Hungary",648.000000000,""
"Antimicrobial resistance","Enterococcus faecium|Aminopenicillins","Total tested isolates","N","2021","IE","Ireland",596.000000000,""
"Antimicrobial resistance","Enterococcus faecium|Aminopenicillins","Total tested isolates","N","2021","IS","Iceland",18.000000000,""
"Antimicrobial resistance","Enterococcus faecium|Aminopenicillins","Total tested isolates","N","2021","IT","Italy",5202.000000000,""
"Antimicrobial resistance","Enterococcus faecium|Aminopenicillins","Total tested isolates","N","2021","LT","Lithuania",211.000000000,""
"Antimicrobial resistance","Enterococcus faecium|Aminopenicillins","Total tested isolates","N","2021","LU","Luxembourg",58.000000000,""
"Antimicrobial resistance","Enterococcus faecium|Aminopenicillins","Total tested isolates","N","2021","LV","Latvia",112.000000000,""
"Antimicrobial resistance","Enterococcus faecium|Aminopenicillins","Total tested isolates","N","2021","MT","Malta",38.000000000,""
"Antimicrobial resistance","Enterococcus faecium|Aminopenicillins","Total tested isolates","N","2021","NL","Netherlands",1270.000000000,""
"Antimicrobial resistance","Enterococcus faecium|Aminopenicillins","Total tested isolates","N","2021","NO","Norway",218.000000000,""
"Antimicrobial resistance","Enterococcus faecium|Aminopenicillins","Total tested isolates","N","2021","PL","Poland",794.000000000,""
"Antimicrobial resistance","Enterococcus faecium|Aminopenicillins","Total tested isolates","N","2021","PT","Portugal",374.000000000,""
"Antimicrobial resistance","Enterococcus faecium|Aminopenicillins","Total tested isolates","N","2021","RO","Romania",186.000000000,""
"Antimicrobial resistance","Enterococcus faecium|Aminopenicillins","Total tested isolates","N","2021","SE","Sweden",790.000000000,""
"Antimicrobial resistance","Enterococcus faecium|Aminopenicillins","Total tested isolates","N","2021","SI","Slovenia",219.000000000,""
"Antimicrobial resistance","Enterococcus faecium|Aminopenicillins","Total tested isolates","N","2021","SK","Slovakia",187.000000000,""
"Antimicrobial resistance","Enterococcus faecium|Aminopenicillins","Total tested isolates","N","2022","AT","Austria",628.000000000,""
"Antimicrobial resistance","Enterococcus faecium|Aminopenicillins","Total tested isolates","N","2022","BE","Belgium",414.000000000,""
"Antimicrobial resistance","Enterococcus faecium|Aminopenicillins","Total tested isolates","N","2022","BG","Bulgaria",145.000000000,""
"Antimicrobial resistance","Enterococcus faecium|Aminopenicillins","Total tested isolates","N","2022","CY","Cyprus",107.000000000,""
"Antimicrobial resistance","Enterococcus faecium|Aminopenicillins","Total tested isolates","N","2022","CZ","Czechia",380.000000000,""
"Antimicrobial resistance","Enterococcus faecium|Aminopenicillins","Total tested isolates","N","2022","DE","Germany",4552.000000000,""
"Antimicrobial resistance","Enterococcus faecium|Aminopenicillins","Total tested isolates","N","2022","DK","Denmark",624.000000000,""
"Antimicrobial resistance","Enterococcus faecium|Aminopenicillins","Total tested isolates","N","2022","EE","Estonia",65.000000000,""
"Antimicrobial resistance","Enterococcus faecium|Aminopenicillins","Total tested isolates","N","2022","EL","Greece",1123.000000000,""
"Antimicrobial resistance","Enterococcus faecium|Aminopenicillins","Total tested isolates","N","2022","ES","Spain",959.000000000,""
"Antimicrobial resistance","Enterococcus faecium|Aminopenicillins","Total tested isolates","N","2022","FI","Finland",204.000000000,""
"Antimicrobial resistance","Enterococcus faecium|Aminopenicillins","Total tested isolates","N","2022","FR","France",1368.000000000,""
"Antimicrobial resistance","Enterococcus faecium|Aminopenicillins","Total tested isolates","N","2022","HR","Croatia",133.000000000,""
"Antimicrobial resistance","Enterococcus faecium|Aminopenicillins","Total tested isolates","N","2022","HU","Hungary",486.000000000,""
"Antimicrobial resistance","Enterococcus faecium|Aminopenicillins","Total tested isolates","N","2022","IE","Ireland",595.000000000,""
"Antimicrobial resistance","Enterococcus faecium|Aminopenicillins","Total tested isolates","N","2022","IS","Iceland",33.000000000,""
"Antimicrobial resistance","Enterococcus faecium|Aminopenicillins","Total tested isolates","N","2022","IT","Italy",5887.000000000,""
"Antimicrobial resistance","Enterococcus faecium|Aminopenicillins","Total tested isolates","N","2022","LT","Lithuania",164.000000000,""
"Antimicrobial resistance","Enterococcus faecium|Aminopenicillins","Total tested isolates","N","2022","LU","Luxembourg",69.000000000,""
"Antimicrobial resistance","Enterococcus faecium|Aminopenicillins","Total tested isolates","N","2022","LV","Latvia",97.000000000,""
"Antimicrobial resistance","Enterococcus faecium|Aminopenicillins","Total tested isolates","N","2022","MT","Malta",32.000000000,""
"Antimicrobial resistance","Enterococcus faecium|Aminopenicillins","Total tested isolates","N","2022","NL","Netherlands",1078.000000000,""
"Antimicrobial resistance","Enterococcus faecium|Aminopenicillins","Total tested isolates","N","2022","NO","Norway",244.000000000,""
"Antimicrobial resistance","Enterococcus faecium|Aminopenicillins","Total tested isolates","N","2022","PL","Poland",651.000000000,""
"Antimicrobial resistance","Enterococcus faecium|Aminopenicillins","Total tested isolates","N","2022","PT","Portugal",519.000000000,""
"Antimicrobial resistance","Enterococcus faecium|Aminopenicillins","Total tested isolates","N","2022","RO","Romania",184.000000000,""
"Antimicrobial resistance","Enterococcus faecium|Aminopenicillins","Total tested isolates","N","2022","SE","Sweden",982.000000000,""
"Antimicrobial resistance","Enterococcus faecium|Aminopenicillins","Total tested isolates","N","2022","SI","Slovenia",158.000000000,""
"Antimicrobial resistance","Enterococcus faecium|Aminopenicillins","Total tested isolates","N","2022","SK","Slovakia",134.000000000,""
"Antimicrobial resistance","Enterococcus faecium|Aminopenicillins","Total tested isolates","N","2023","AT","Austria",588.000000000,""
"Antimicrobial resistance","Enterococcus faecium|Aminopenicillins","Total tested isolates","N","2023","BE","Belgium",315.000000000,""
"Antimicrobial resistance","Enterococcus faecium|Aminopenicillins","Total tested isolates","N","2023","BG","Bulgaria",128.000000000,""
"Antimicrobial resistance","Enterococcus faecium|Aminopenicillins","Total tested isolates","N","2023","CY","Cyprus",126.000000000,""
"Antimicrobial resistance","Enterococcus faecium|Aminopenicillins","Total tested isolates","N","2023","CZ","Czechia",401.000000000,""
"Antimicrobial resistance","Enterococcus faecium|Aminopenicillins","Total tested isolates","N","2023","DE","Germany",4652.000000000,""
"Antimicrobial resistance","Enterococcus faecium|Aminopenicillins","Total tested isolates","N","2023","DK","Denmark",601.000000000,""
"Antimicrobial resistance","Enterococcus faecium|Aminopenicillins","Total tested isolates","N","2023","EE","Estonia",53.000000000,""
"Antimicrobial resistance","Enterococcus faecium|Aminopenicillins","Total tested isolates","N","2023","EL","Greece",1218.000000000,""
"Antimicrobial resistance","Enterococcus faecium|Aminopenicillins","Total tested isolates","N","2023","ES","Spain",1023.000000000,""
"Antimicrobial resistance","Enterococcus faecium|Aminopenicillins","Total tested isolates","N","2023","FI","Finland",162.000000000,""
"Antimicrobial resistance","Enterococcus faecium|Aminopenicillins","Total tested isolates","N","2023","HR","Croatia",150.000000000,""
"Antimicrobial resistance","Enterococcus faecium|Aminopenicillins","Total tested isolates","N","2023","HU","Hungary",387.000000000,""
"Antimicrobial resistance","Enterococcus faecium|Aminopenicillins","Total tested isolates","N","2023","IE","Ireland",609.000000000,""
"Antimicrobial resistance","Enterococcus faecium|Aminopenicillins","Total tested isolates","N","2023","IS","Iceland",39.000000000,""
"Antimicrobial resistance","Enterococcus faecium|Aminopenicillins","Total tested isolates","N","2023","IT","Italy",6004.000000000,""
"Antimicrobial resistance","Enterococcus faecium|Aminopenicillins","Total tested isolates","N","2023","LT","Lithuania",156.000000000,""
"Antimicrobial resistance","Enterococcus faecium|Aminopenicillins","Total tested isolates","N","2023","LU","Luxembourg",74.000000000,""
"Antimicrobial resistance","Enterococcus faecium|Aminopenicillins","Total tested isolates","N","2023","LV","Latvia",56.000000000,""
"Antimicrobial resistance","Enterococcus faecium|Aminopenicillins","Total tested isolates","N","2023","MT","Malta",25.000000000,""
"Antimicrobial resistance","Enterococcus faecium|Aminopenicillins","Total tested isolates","N","2023","NL","Netherlands",988.000000000,""
"Antimicrobial resistance","Enterococcus faecium|Aminopenicillins","Total tested isolates","N","2023","NO","Norway",254.000000000,""
"Antimicrobial resistance","Enterococcus faecium|Aminopenicillins","Total tested isolates","N","2023","PL","Poland",712.000000000,""
"Antimicrobial resistance","Enterococcus faecium|Aminopenicillins","Total tested isolates","N","2023","PT","Portugal",524.000000000,""
"Antimicrobial resistance","Enterococcus faecium|Aminopenicillins","Total tested isolates","N","2023","RO","Romania",179.000000000,""
"Antimicrobial resistance","Enterococcus faecium|Aminopenicillins","Total tested isolates","N","2023","SE","Sweden",959.000000000,""
"Antimicrobial resistance","Enterococcus faecium|Aminopenicillins","Total tested isolates","N","2023","SI","Slovenia",171.000000000,""
"Antimicrobial resistance","Enterococcus faecium|Aminopenicillins","Total tested isolates","N","2023","SK","Slovakia",122.000000000,""
"Antimicrobial resistance","Enterococcus faecium|Aminopenicillins","Total tested isolates","N","2024","AT","Austria",614.000000000,""
"Antimicrobial resistance","Enterococcus faecium|Aminopenicillins","Total tested isolates","N","2024","BE","Belgium",523.000000000,""
"Antimicrobial resistance","Enterococcus faecium|Aminopenicillins","Total tested isolates","N","2024","BG","Bulgaria",131.000000000,""
"Antimicrobial resistance","Enterococcus faecium|Aminopenicillins","Total tested isolates","N","2024","CY","Cyprus",145.000000000,""
"Antimicrobial resistance","Enterococcus faecium|Aminopenicillins","Total tested isolates","N","2024","CZ","Czechia",415.000000000,""
"Antimicrobial resistance","Enterococcus faecium|Aminopenicillins","Total tested isolates","N","2024","DE","Germany",6102.000000000,""
"Antimicrobial resistance","Enterococcus faecium|Aminopenicillins","Total tested isolates","N","2024","DK","Denmark",578.000000000,""
"Antimicrobial resistance","Enterococcus faecium|Aminopenicillins","Total tested isolates","N","2024","EE","Estonia",44.000000000,""
"Antimicrobial resistance","Enterococcus faecium|Aminopenicillins","Total tested isolates","N","2024","EL","Greece",926.000000000,""
"Antimicrobial resistance","Enterococcus faecium|Aminopenicillins","Total tested isolates","N","2024","ES","Spain",1238.000000000,""
"Antimicrobial resistance","Enterococcus faecium|Aminopenicillins","Total tested isolates","N","2024","FI","Finland",154.000000000,""
"Antimicrobial resistance","Enterococcus faecium|Aminopenicillins","Total tested isolates","N","2024","FR","France",2049.000000000,""
"Antimicrobial resistance","Enterococcus faecium|Aminopenicillins","Total tested isolates","N","2024","HR","Croatia",137.000000000,""
"Antimicrobial resistance","Enterococcus faecium|Aminopenicillins","Total tested isolates","N","2024","HU","Hungary",372.000000000,""
"Antimicrobial resistance","Enterococcus faecium|Aminopenicillins","Total tested isolates","N","2024","IE","Ireland",500.000000000,""
"Antimicrobial resistance","Enterococcus faecium|Aminopenicillins","Total tested isolates","N","2024","IS","Iceland",28.000000000,""
"Antimicrobial resistance","Enterococcus faecium|Aminopenicillins","Total tested isolates","N","2024","IT","Italy",6230.000000000,""
"Antimicrobial resistance","Enterococcus faecium|Aminopenicillins","Total tested isolates","N","2024","LI","Liechtenstein",1.000000000,""
"Antimicrobial resistance","Enterococcus faecium|Aminopenicillins","Total tested isolates","N","2024","LT","Lithuania",194.000000000,""
"Antimicrobial resistance","Enterococcus faecium|Aminopenicillins","Total tested isolates","N","2024","LU","Luxembourg",58.000000000,""
"Antimicrobial resistance","Enterococcus faecium|Aminopenicillins","Total tested isolates","N","2024","LV","Latvia",102.000000000,""
"Antimicrobial resistance","Enterococcus faecium|Aminopenicillins","Total tested isolates","N","2024","MT","Malta",39.000000000,""
"Antimicrobial resistance","Enterococcus faecium|Aminopenicillins","Total tested isolates","N","2024","NL","Netherlands",1138.000000000,""
"Antimicrobial resistance","Enterococcus faecium|Aminopenicillins","Total tested isolates","N","2024","NO","Norway",240.000000000,""
"Antimicrobial resistance","Enterococcus faecium|Aminopenicillins","Total tested isolates","N","2024","PL","Poland",815.000000000,""
"Antimicrobial resistance","Enterococcus faecium|Aminopenicillins","Total tested isolates","N","2024","PT","Portugal",583.000000000,""
"Antimicrobial resistance","Enterococcus faecium|Aminopenicillins","Total tested isolates","N","2024","RO","Romania",209.000000000,""
"Antimicrobial resistance","Enterococcus faecium|Aminopenicillins","Total tested isolates","N","2024","SE","Sweden",924.000000000,""
"Antimicrobial resistance","Enterococcus faecium|Aminopenicillins","Total tested isolates","N","2024","SI","Slovenia",150.000000000,""
"Antimicrobial resistance","Enterococcus faecium|Aminopenicillins","Total tested isolates","N","2024","SK","Slovakia",119.000000000,""
