"HealthTopic","Population","Indicator","Unit","Time","RegionCode","RegionName","NumValue","TxtValue"
"Antimicrobial resistance","Staphylococcus aureus|Meticillin (MRSA)","R - resistant isolates","N","2000","AT","Austria",68.000000000,""
"Antimicrobial resistance","Staphylococcus aureus|Meticillin (MRSA)","R - resistant isolates","N","2000","BE","Belgium",137.000000000,""
"Antimicrobial resistance","Staphylococcus aureus|Meticillin (MRSA)","R - resistant isolates","N","2000","BG","Bulgaria",41.000000000,""
"Antimicrobial resistance","Staphylococcus aureus|Meticillin (MRSA)","R - resistant isolates","N","2000","CZ","Czechia",22.000000000,""
"Antimicrobial resistance","Staphylococcus aureus|Meticillin (MRSA)","R - resistant isolates","N","2000","DE","Germany",111.000000000,""
"Antimicrobial resistance","Staphylococcus aureus|Meticillin (MRSA)","R - resistant isolates","N","2000","DK","Denmark",1.000000000,""
"Antimicrobial resistance","Staphylococcus aureus|Meticillin (MRSA)","R - resistant isolates","N","2000","EL","Greece",182.000000000,""
"Antimicrobial resistance","Staphylococcus aureus|Meticillin (MRSA)","R - resistant isolates","N","2000","ES","Spain",252.000000000,""
"Antimicrobial resistance","Staphylococcus aureus|Meticillin (MRSA)","R - resistant isolates","N","2000","FI","Finland",5.000000000,""
"Antimicrobial resistance","Staphylococcus aureus|Meticillin (MRSA)","R - resistant isolates","N","2000","IE","Ireland",194.000000000,""
"Antimicrobial resistance","Staphylococcus aureus|Meticillin (MRSA)","R - resistant isolates","N","2000","IS","Iceland",1.000000000,""
"Antimicrobial resistance","Staphylococcus aureus|Meticillin (MRSA)","R - resistant isolates","N","2000","IT","Italy",208.000000000,""
"Antimicrobial resistance","Staphylococcus aureus|Meticillin (MRSA)","R - resistant isolates","N","2000","LU","Luxembourg",12.000000000,""
"Antimicrobial resistance","Staphylococcus aureus|Meticillin (MRSA)","R - resistant isolates","N","2000","MT","Malta",27.000000000,""
"Antimicrobial resistance","Staphylococcus aureus|Meticillin (MRSA)","R - resistant isolates","N","2000","NL","Netherlands",3.000000000,""
"Antimicrobial resistance","Staphylococcus aureus|Meticillin (MRSA)","R - resistant isolates","N","2000","NO","Norway",0.000000000,""
"Antimicrobial resistance","Staphylococcus aureus|Meticillin (MRSA)","R - resistant isolates","N","2000","PT","Portugal",38.000000000,""
"Antimicrobial resistance","Staphylococcus aureus|Meticillin (MRSA)","R - resistant isolates","N","2000","SE","Sweden",9.000000000,""
"Antimicrobial resistance","Staphylococcus aureus|Meticillin (MRSA)","R - resistant isolates","N","2000","SI","Slovenia",32.000000000,""
"Antimicrobial resistance","Staphylococcus aureus|Meticillin (MRSA)","R - resistant isolates","N","2000","UK","United Kingdom",588.000000000,""
"Antimicrobial resistance","Staphylococcus aureus|Meticillin (MRSA)","R - resistant isolates","N","2001","AT","Austria",21.000000000,""
"Antimicrobial resistance","Staphylococcus aureus|Meticillin (MRSA)","R - resistant isolates","N","2001","BE","Belgium",212.000000000,""
"Antimicrobial resistance","Staphylococcus aureus|Meticillin (MRSA)","R - resistant isolates","N","2001","BG","Bulgaria",28.000000000,""
"Antimicrobial resistance","Staphylococcus aureus|Meticillin (MRSA)","R - resistant isolates","N","2001","CZ","Czechia",63.000000000,""
"Antimicrobial resistance","Staphylococcus aureus|Meticillin (MRSA)","R - resistant isolates","N","2001","DE","Germany",191.000000000,""
"Antimicrobial resistance","Staphylococcus aureus|Meticillin (MRSA)","R - resistant isolates","N","2001","DK","Denmark",4.000000000,""
"Antimicrobial resistance","Staphylococcus aureus|Meticillin (MRSA)","R - resistant isolates","N","2001","EE","Estonia",4.000000000,""
"Antimicrobial resistance","Staphylococcus aureus|Meticillin (MRSA)","R - resistant isolates","N","2001","EL","Greece",144.000000000,""
"Antimicrobial resistance","Staphylococcus aureus|Meticillin (MRSA)","R - resistant isolates","N","2001","ES","Spain",232.000000000,""
"Antimicrobial resistance","Staphylococcus aureus|Meticillin (MRSA)","R - resistant isolates","N","2001","FI","Finland",5.000000000,""
"Antimicrobial resistance","Staphylococcus aureus|Meticillin (MRSA)","R - resistant isolates","N","2001","FR","France",572.000000000,""
"Antimicrobial resistance","Staphylococcus aureus|Meticillin (MRSA)","R - resistant isolates","N","2001","HR","Croatia",47.000000000,""
"Antimicrobial resistance","Staphylococcus aureus|Meticillin (MRSA)","R - resistant isolates","N","2001","HU","Hungary",14.000000000,""
"Antimicrobial resistance","Staphylococcus aureus|Meticillin (MRSA)","R - resistant isolates","N","2001","IE","Ireland",274.000000000,""
"Antimicrobial resistance","Staphylococcus aureus|Meticillin (MRSA)","R - resistant isolates","N","2001","IS","Iceland",0.000000000,""
"Antimicrobial resistance","Staphylococcus aureus|Meticillin (MRSA)","R - resistant isolates","N","2001","IT","Italy",344.000000000,""
"Antimicrobial resistance","Staphylococcus aureus|Meticillin (MRSA)","R - resistant isolates","N","2001","LU","Luxembourg",17.000000000,""
"Antimicrobial resistance","Staphylococcus aureus|Meticillin (MRSA)","R - resistant isolates","N","2001","MT","Malta",44.000000000,""
"Antimicrobial resistance","Staphylococcus aureus|Meticillin (MRSA)","R - resistant isolates","N","2001","NL","Netherlands",7.000000000,""
"Antimicrobial resistance","Staphylococcus aureus|Meticillin (MRSA)","R - resistant isolates","N","2001","NO","Norway",2.000000000,""
"Antimicrobial resistance","Staphylococcus aureus|Meticillin (MRSA)","R - resistant isolates","N","2001","PL","Poland",23.000000000,""
"Antimicrobial resistance","Staphylococcus aureus|Meticillin (MRSA)","R - resistant isolates","N","2001","PT","Portugal",166.000000000,""
"Antimicrobial resistance","Staphylococcus aureus|Meticillin (MRSA)","R - resistant isolates","N","2001","SE","Sweden",14.000000000,""
"Antimicrobial resistance","Staphylococcus aureus|Meticillin (MRSA)","R - resistant isolates","N","2001","SI","Slovenia",53.000000000,""
"Antimicrobial resistance","Staphylococcus aureus|Meticillin (MRSA)","R - resistant isolates","N","2001","SK","Slovakia",2.000000000,""
"Antimicrobial resistance","Staphylococcus aureus|Meticillin (MRSA)","R - resistant isolates","N","2001","UK","United Kingdom",672.000000000,""
"Antimicrobial resistance","Staphylococcus aureus|Meticillin (MRSA)","R - resistant isolates","N","2002","AT","Austria",55.000000000,""
"Antimicrobial resistance","Staphylococcus aureus|Meticillin (MRSA)","R - resistant isolates","N","2002","BE","Belgium",309.000000000,""
"Antimicrobial resistance","Staphylococcus aureus|Meticillin (MRSA)","R - resistant isolates","N","2002","BG","Bulgaria",38.000000000,""
"Antimicrobial resistance","Staphylococcus aureus|Meticillin (MRSA)","R - resistant isolates","N","2002","CZ","Czechia",69.000000000,""
"Antimicrobial resistance","Staphylococcus aureus|Meticillin (MRSA)","R - resistant isolates","N","2002","DE","Germany",197.000000000,""
"Antimicrobial resistance","Staphylococcus aureus|Meticillin (MRSA)","R - resistant isolates","N","2002","DK","Denmark",7.000000000,""
"Antimicrobial resistance","Staphylococcus aureus|Meticillin (MRSA)","R - resistant isolates","N","2002","EE","Estonia",1.000000000,""
"Antimicrobial resistance","Staphylococcus aureus|Meticillin (MRSA)","R - resistant isolates","N","2002","EL","Greece",162.000000000,""
"Antimicrobial resistance","Staphylococcus aureus|Meticillin (MRSA)","R - resistant isolates","N","2002","ES","Spain",279.000000000,""
"Antimicrobial resistance","Staphylococcus aureus|Meticillin (MRSA)","R - resistant isolates","N","2002","FI","Finland",6.000000000,""
"Antimicrobial resistance","Staphylococcus aureus|Meticillin (MRSA)","R - resistant isolates","N","2002","FR","France",548.000000000,""
"Antimicrobial resistance","Staphylococcus aureus|Meticillin (MRSA)","R - resistant isolates","N","2002","HR","Croatia",103.000000000,""
"Antimicrobial resistance","Staphylococcus aureus|Meticillin (MRSA)","R - resistant isolates","N","2002","HU","Hungary",37.000000000,""
"Antimicrobial resistance","Staphylococcus aureus|Meticillin (MRSA)","R - resistant isolates","N","2002","IE","Ireland",424.000000000,""
"Antimicrobial resistance","Staphylococcus aureus|Meticillin (MRSA)","R - resistant isolates","N","2002","IS","Iceland",0.000000000,""
"Antimicrobial resistance","Staphylococcus aureus|Meticillin (MRSA)","R - resistant isolates","N","2002","IT","Italy",513.000000000,""
"Antimicrobial resistance","Staphylococcus aureus|Meticillin (MRSA)","R - resistant isolates","N","2002","LU","Luxembourg",14.000000000,""
"Antimicrobial resistance","Staphylococcus aureus|Meticillin (MRSA)","R - resistant isolates","N","2002","MT","Malta",37.000000000,""
"Antimicrobial resistance","Staphylococcus aureus|Meticillin (MRSA)","R - resistant isolates","N","2002","NL","Netherlands",14.000000000,""
"Antimicrobial resistance","Staphylococcus aureus|Meticillin (MRSA)","R - resistant isolates","N","2002","NO","Norway",1.000000000,""
"Antimicrobial resistance","Staphylococcus aureus|Meticillin (MRSA)","R - resistant isolates","N","2002","PL","Poland",43.000000000,""
"Antimicrobial resistance","Staphylococcus aureus|Meticillin (MRSA)","R - resistant isolates","N","2002","PT","Portugal",207.000000000,""
"Antimicrobial resistance","Staphylococcus aureus|Meticillin (MRSA)","R - resistant isolates","N","2002","RO","Romania",29.000000000,""
"Antimicrobial resistance","Staphylococcus aureus|Meticillin (MRSA)","R - resistant isolates","N","2002","SE","Sweden",12.000000000,""
"Antimicrobial resistance","Staphylococcus aureus|Meticillin (MRSA)","R - resistant isolates","N","2002","SI","Slovenia",38.000000000,""
"Antimicrobial resistance","Staphylococcus aureus|Meticillin (MRSA)","R - resistant isolates","N","2002","SK","Slovakia",22.000000000,""
"Antimicrobial resistance","Staphylococcus aureus|Meticillin (MRSA)","R - resistant isolates","N","2002","UK","United Kingdom",741.000000000,""
"Antimicrobial resistance","Staphylococcus aureus|Meticillin (MRSA)","R - resistant isolates","N","2003","AT","Austria",134.000000000,""
"Antimicrobial resistance","Staphylococcus aureus|Meticillin (MRSA)","R - resistant isolates","N","2003","BE","Belgium",334.000000000,""
"Antimicrobial resistance","Staphylococcus aureus|Meticillin (MRSA)","R - resistant isolates","N","2003","BG","Bulgaria",49.000000000,""
"Antimicrobial resistance","Staphylococcus aureus|Meticillin (MRSA)","R - resistant isolates","N","2003","CY","Cyprus",18.000000000,""
"Antimicrobial resistance","Staphylococcus aureus|Meticillin (MRSA)","R - resistant isolates","N","2003","CZ","Czechia",85.000000000,""
"Antimicrobial resistance","Staphylococcus aureus|Meticillin (MRSA)","R - resistant isolates","N","2003","DE","Germany",168.000000000,""
"Antimicrobial resistance","Staphylococcus aureus|Meticillin (MRSA)","R - resistant isolates","N","2003","DK","Denmark",4.000000000,""
"Antimicrobial resistance","Staphylococcus aureus|Meticillin (MRSA)","R - resistant isolates","N","2003","EE","Estonia",4.000000000,""
"Antimicrobial resistance","Staphylococcus aureus|Meticillin (MRSA)","R - resistant isolates","N","2003","EL","Greece",301.000000000,""
"Antimicrobial resistance","Staphylococcus aureus|Meticillin (MRSA)","R - resistant isolates","N","2003","ES","Spain",334.000000000,""
"Antimicrobial resistance","Staphylococcus aureus|Meticillin (MRSA)","R - resistant isolates","N","2003","FI","Finland",10.000000000,""
"Antimicrobial resistance","Staphylococcus aureus|Meticillin (MRSA)","R - resistant isolates","N","2003","FR","France",492.000000000,""
"Antimicrobial resistance","Staphylococcus aureus|Meticillin (MRSA)","R - resistant isolates","N","2003","HR","Croatia",133.000000000,""
"Antimicrobial resistance","Staphylococcus aureus|Meticillin (MRSA)","R - resistant isolates","N","2003","HU","Hungary",128.000000000,""
"Antimicrobial resistance","Staphylococcus aureus|Meticillin (MRSA)","R - resistant isolates","N","2003","IE","Ireland",468.000000000,""
"Antimicrobial resistance","Staphylococcus aureus|Meticillin (MRSA)","R - resistant isolates","N","2003","IS","Iceland",0.000000000,""
"Antimicrobial resistance","Staphylococcus aureus|Meticillin (MRSA)","R - resistant isolates","N","2003","IT","Italy",577.000000000,""
"Antimicrobial resistance","Staphylococcus aureus|Meticillin (MRSA)","R - resistant isolates","N","2003","LU","Luxembourg",20.000000000,""
"Antimicrobial resistance","Staphylococcus aureus|Meticillin (MRSA)","R - resistant isolates","N","2003","MT","Malta",52.000000000,""
"Antimicrobial resistance","Staphylococcus aureus|Meticillin (MRSA)","R - resistant isolates","N","2003","NL","Netherlands",14.000000000,""
"Antimicrobial resistance","Staphylococcus aureus|Meticillin (MRSA)","R - resistant isolates","N","2003","NO","Norway",2.000000000,""
"Antimicrobial resistance","Staphylococcus aureus|Meticillin (MRSA)","R - resistant isolates","N","2003","PL","Poland",32.000000000,""
"Antimicrobial resistance","Staphylococcus aureus|Meticillin (MRSA)","R - resistant isolates","N","2003","PT","Portugal",470.000000000,""
"Antimicrobial resistance","Staphylococcus aureus|Meticillin (MRSA)","R - resistant isolates","N","2003","RO","Romania",39.000000000,""
"Antimicrobial resistance","Staphylococcus aureus|Meticillin (MRSA)","R - resistant isolates","N","2003","SE","Sweden",16.000000000,""
"Antimicrobial resistance","Staphylococcus aureus|Meticillin (MRSA)","R - resistant isolates","N","2003","SI","Slovenia",38.000000000,""
"Antimicrobial resistance","Staphylococcus aureus|Meticillin (MRSA)","R - resistant isolates","N","2003","SK","Slovakia",34.000000000,""
"Antimicrobial resistance","Staphylococcus aureus|Meticillin (MRSA)","R - resistant isolates","N","2003","UK","United Kingdom",1552.000000000,""
"Antimicrobial resistance","Staphylococcus aureus|Meticillin (MRSA)","R - resistant isolates","N","2004","AT","Austria",204.000000000,""
"Antimicrobial resistance","Staphylococcus aureus|Meticillin (MRSA)","R - resistant isolates","N","2004","BE","Belgium",408.000000000,""
"Antimicrobial resistance","Staphylococcus aureus|Meticillin (MRSA)","R - resistant isolates","N","2004","BG","Bulgaria",40.000000000,""
"Antimicrobial resistance","Staphylococcus aureus|Meticillin (MRSA)","R - resistant isolates","N","2004","CY","Cyprus",19.000000000,""
"Antimicrobial resistance","Staphylococcus aureus|Meticillin (MRSA)","R - resistant isolates","N","2004","CZ","Czechia",123.000000000,""
"Antimicrobial resistance","Staphylococcus aureus|Meticillin (MRSA)","R - resistant isolates","N","2004","DE","Germany",216.000000000,""
"Antimicrobial resistance","Staphylococcus aureus|Meticillin (MRSA)","R - resistant isolates","N","2004","DK","Denmark",18.000000000,""
"Antimicrobial resistance","Staphylococcus aureus|Meticillin (MRSA)","R - resistant isolates","N","2004","EE","Estonia",5.000000000,""
"Antimicrobial resistance","Staphylococcus aureus|Meticillin (MRSA)","R - resistant isolates","N","2004","EL","Greece",270.000000000,""
"Antimicrobial resistance","Staphylococcus aureus|Meticillin (MRSA)","R - resistant isolates","N","2004","ES","Spain",401.000000000,""
"Antimicrobial resistance","Staphylococcus aureus|Meticillin (MRSA)","R - resistant isolates","N","2004","FI","Finland",27.000000000,""
"Antimicrobial resistance","Staphylococcus aureus|Meticillin (MRSA)","R - resistant isolates","N","2004","FR","France",957.000000000,""
"Antimicrobial resistance","Staphylococcus aureus|Meticillin (MRSA)","R - resistant isolates","N","2004","HR","Croatia",147.000000000,""
"Antimicrobial resistance","Staphylococcus aureus|Meticillin (MRSA)","R - resistant isolates","N","2004","HU","Hungary",170.000000000,""
"Antimicrobial resistance","Staphylococcus aureus|Meticillin (MRSA)","R - resistant isolates","N","2004","IE","Ireland",533.000000000,""
"Antimicrobial resistance","Staphylococcus aureus|Meticillin (MRSA)","R - resistant isolates","N","2004","IS","Iceland",0.000000000,""
"Antimicrobial resistance","Staphylococcus aureus|Meticillin (MRSA)","R - resistant isolates","N","2004","IT","Italy",485.000000000,""
"Antimicrobial resistance","Staphylococcus aureus|Meticillin (MRSA)","R - resistant isolates","N","2004","LU","Luxembourg",15.000000000,""
"Antimicrobial resistance","Staphylococcus aureus|Meticillin (MRSA)","R - resistant isolates","N","2004","LV","Latvia",22.000000000,""
"Antimicrobial resistance","Staphylococcus aureus|Meticillin (MRSA)","R - resistant isolates","N","2004","MT","Malta",53.000000000,""
"Antimicrobial resistance","Staphylococcus aureus|Meticillin (MRSA)","R - resistant isolates","N","2004","NL","Netherlands",15.000000000,""
"Antimicrobial resistance","Staphylococcus aureus|Meticillin (MRSA)","R - resistant isolates","N","2004","NO","Norway",4.000000000,""
"Antimicrobial resistance","Staphylococcus aureus|Meticillin (MRSA)","R - resistant isolates","N","2004","PL","Poland",51.000000000,""
"Antimicrobial resistance","Staphylococcus aureus|Meticillin (MRSA)","R - resistant isolates","N","2004","PT","Portugal",490.000000000,""
"Antimicrobial resistance","Staphylococcus aureus|Meticillin (MRSA)","R - resistant isolates","N","2004","RO","Romania",67.000000000,""
"Antimicrobial resistance","Staphylococcus aureus|Meticillin (MRSA)","R - resistant isolates","N","2004","SE","Sweden",14.000000000,""
"Antimicrobial resistance","Staphylococcus aureus|Meticillin (MRSA)","R - resistant isolates","N","2004","SI","Slovenia",41.000000000,""
"Antimicrobial resistance","Staphylococcus aureus|Meticillin (MRSA)","R - resistant isolates","N","2004","SK","Slovakia",55.000000000,""
"Antimicrobial resistance","Staphylococcus aureus|Meticillin (MRSA)","R - resistant isolates","N","2004","UK","United Kingdom",1553.000000000,""
"Antimicrobial resistance","Staphylococcus aureus|Meticillin (MRSA)","R - resistant isolates","N","2005","AT","Austria",201.000000000,""
"Antimicrobial resistance","Staphylococcus aureus|Meticillin (MRSA)","R - resistant isolates","N","2005","BE","Belgium",329.000000000,""
"Antimicrobial resistance","Staphylococcus aureus|Meticillin (MRSA)","R - resistant isolates","N","2005","BG","Bulgaria",48.000000000,""
"Antimicrobial resistance","Staphylococcus aureus|Meticillin (MRSA)","R - resistant isolates","N","2005","CY","Cyprus",30.000000000,""
"Antimicrobial resistance","Staphylococcus aureus|Meticillin (MRSA)","R - resistant isolates","N","2005","CZ","Czechia",200.000000000,""
"Antimicrobial resistance","Staphylococcus aureus|Meticillin (MRSA)","R - resistant isolates","N","2005","DE","Germany",177.000000000,""
"Antimicrobial resistance","Staphylococcus aureus|Meticillin (MRSA)","R - resistant isolates","N","2005","DK","Denmark",21.000000000,""
"Antimicrobial resistance","Staphylococcus aureus|Meticillin (MRSA)","R - resistant isolates","N","2005","EE","Estonia",3.000000000,""
"Antimicrobial resistance","Staphylococcus aureus|Meticillin (MRSA)","R - resistant isolates","N","2005","EL","Greece",286.000000000,""
"Antimicrobial resistance","Staphylococcus aureus|Meticillin (MRSA)","R - resistant isolates","N","2005","ES","Spain",362.000000000,""
"Antimicrobial resistance","Staphylococcus aureus|Meticillin (MRSA)","R - resistant isolates","N","2005","FI","Finland",23.000000000,""
"Antimicrobial resistance","Staphylococcus aureus|Meticillin (MRSA)","R - resistant isolates","N","2005","FR","France",949.000000000,""
"Antimicrobial resistance","Staphylococcus aureus|Meticillin (MRSA)","R - resistant isolates","N","2005","HR","Croatia",130.000000000,""
"Antimicrobial resistance","Staphylococcus aureus|Meticillin (MRSA)","R - resistant isolates","N","2005","HU","Hungary",215.000000000,""
"Antimicrobial resistance","Staphylococcus aureus|Meticillin (MRSA)","R - resistant isolates","N","2005","IE","Ireland",568.000000000,""
"Antimicrobial resistance","Staphylococcus aureus|Meticillin (MRSA)","R - resistant isolates","N","2005","IS","Iceland",0.000000000,""
"Antimicrobial resistance","Staphylococcus aureus|Meticillin (MRSA)","R - resistant isolates","N","2005","IT","Italy",531.000000000,""
"Antimicrobial resistance","Staphylococcus aureus|Meticillin (MRSA)","R - resistant isolates","N","2005","LU","Luxembourg",11.000000000,""
"Antimicrobial resistance","Staphylococcus aureus|Meticillin (MRSA)","R - resistant isolates","N","2005","LV","Latvia",25.000000000,""
"Antimicrobial resistance","Staphylococcus aureus|Meticillin (MRSA)","R - resistant isolates","N","2005","MT","Malta",43.000000000,""
"Antimicrobial resistance","Staphylococcus aureus|Meticillin (MRSA)","R - resistant isolates","N","2005","NL","Netherlands",13.000000000,""
"Antimicrobial resistance","Staphylococcus aureus|Meticillin (MRSA)","R - resistant isolates","N","2005","NO","Norway",3.000000000,""
"Antimicrobial resistance","Staphylococcus aureus|Meticillin (MRSA)","R - resistant isolates","N","2005","PL","Poland",48.000000000,""
"Antimicrobial resistance","Staphylococcus aureus|Meticillin (MRSA)","R - resistant isolates","N","2005","PT","Portugal",537.000000000,""
"Antimicrobial resistance","Staphylococcus aureus|Meticillin (MRSA)","R - resistant isolates","N","2005","RO","Romania",54.000000000,""
"Antimicrobial resistance","Staphylococcus aureus|Meticillin (MRSA)","R - resistant isolates","N","2005","SE","Sweden",18.000000000,""
"Antimicrobial resistance","Staphylococcus aureus|Meticillin (MRSA)","R - resistant isolates","N","2005","SI","Slovenia",36.000000000,""
"Antimicrobial resistance","Staphylococcus aureus|Meticillin (MRSA)","R - resistant isolates","N","2005","SK","Slovakia",28.000000000,""
"Antimicrobial resistance","Staphylococcus aureus|Meticillin (MRSA)","R - resistant isolates","N","2005","UK","United Kingdom",1704.000000000,""
"Antimicrobial resistance","Staphylococcus aureus|Meticillin (MRSA)","R - resistant isolates","N","2006","AT","Austria",158.000000000,""
"Antimicrobial resistance","Staphylococcus aureus|Meticillin (MRSA)","R - resistant isolates","N","2006","BE","Belgium",188.000000000,""
"Antimicrobial resistance","Staphylococcus aureus|Meticillin (MRSA)","R - resistant isolates","N","2006","BG","Bulgaria",45.000000000,""
"Antimicrobial resistance","Staphylococcus aureus|Meticillin (MRSA)","R - resistant isolates","N","2006","CY","Cyprus",21.000000000,""
"Antimicrobial resistance","Staphylococcus aureus|Meticillin (MRSA)","R - resistant isolates","N","2006","CZ","Czechia",188.000000000,""
"Antimicrobial resistance","Staphylococcus aureus|Meticillin (MRSA)","R - resistant isolates","N","2006","DE","Germany",159.000000000,""
"Antimicrobial resistance","Staphylococcus aureus|Meticillin (MRSA)","R - resistant isolates","N","2006","DK","Denmark",22.000000000,""
"Antimicrobial resistance","Staphylococcus aureus|Meticillin (MRSA)","R - resistant isolates","N","2006","EE","Estonia",5.000000000,""
"Antimicrobial resistance","Staphylococcus aureus|Meticillin (MRSA)","R - resistant isolates","N","2006","EL","Greece",352.000000000,""
"Antimicrobial resistance","Staphylococcus aureus|Meticillin (MRSA)","R - resistant isolates","N","2006","ES","Spain",374.000000000,""
"Antimicrobial resistance","Staphylococcus aureus|Meticillin (MRSA)","R - resistant isolates","N","2006","FI","Finland",29.000000000,""
"Antimicrobial resistance","Staphylococcus aureus|Meticillin (MRSA)","R - resistant isolates","N","2006","FR","France",1021.000000000,""
"Antimicrobial resistance","Staphylococcus aureus|Meticillin (MRSA)","R - resistant isolates","N","2006","HR","Croatia",142.000000000,""
"Antimicrobial resistance","Staphylococcus aureus|Meticillin (MRSA)","R - resistant isolates","N","2006","HU","Hungary",283.000000000,""
"Antimicrobial resistance","Staphylococcus aureus|Meticillin (MRSA)","R - resistant isolates","N","2006","IE","Ireland",570.000000000,""
"Antimicrobial resistance","Staphylococcus aureus|Meticillin (MRSA)","R - resistant isolates","N","2006","IS","Iceland",0.000000000,""
"Antimicrobial resistance","Staphylococcus aureus|Meticillin (MRSA)","R - resistant isolates","N","2006","IT","Italy",425.000000000,""
"Antimicrobial resistance","Staphylococcus aureus|Meticillin (MRSA)","R - resistant isolates","N","2006","LT","Lithuania",20.000000000,""
"Antimicrobial resistance","Staphylococcus aureus|Meticillin (MRSA)","R - resistant isolates","N","2006","LU","Luxembourg",15.000000000,""
"Antimicrobial resistance","Staphylococcus aureus|Meticillin (MRSA)","R - resistant isolates","N","2006","LV","Latvia",32.000000000,""
"Antimicrobial resistance","Staphylococcus aureus|Meticillin (MRSA)","R - resistant isolates","N","2006","MT","Malta",60.000000000,""
"Antimicrobial resistance","Staphylococcus aureus|Meticillin (MRSA)","R - resistant isolates","N","2006","NL","Netherlands",18.000000000,""
"Antimicrobial resistance","Staphylococcus aureus|Meticillin (MRSA)","R - resistant isolates","N","2006","NO","Norway",1.000000000,""
"Antimicrobial resistance","Staphylococcus aureus|Meticillin (MRSA)","R - resistant isolates","N","2006","PL","Poland",34.000000000,""
"Antimicrobial resistance","Staphylococcus aureus|Meticillin (MRSA)","R - resistant isolates","N","2006","PT","Portugal",628.000000000,""
"Antimicrobial resistance","Staphylococcus aureus|Meticillin (MRSA)","R - resistant isolates","N","2006","RO","Romania",44.000000000,""
"Antimicrobial resistance","Staphylococcus aureus|Meticillin (MRSA)","R - resistant isolates","N","2006","SE","Sweden",17.000000000,""
"Antimicrobial resistance","Staphylococcus aureus|Meticillin (MRSA)","R - resistant isolates","N","2006","SI","Slovenia",26.000000000,""
"Antimicrobial resistance","Staphylococcus aureus|Meticillin (MRSA)","R - resistant isolates","N","2006","UK","United Kingdom",1683.000000000,""
"Antimicrobial resistance","Staphylococcus aureus|Meticillin (MRSA)","R - resistant isolates","N","2007","AT","Austria",191.000000000,""
"Antimicrobial resistance","Staphylococcus aureus|Meticillin (MRSA)","R - resistant isolates","N","2007","BE","Belgium",199.000000000,""
"Antimicrobial resistance","Staphylococcus aureus|Meticillin (MRSA)","R - resistant isolates","N","2007","BG","Bulgaria",16.000000000,""
"Antimicrobial resistance","Staphylococcus aureus|Meticillin (MRSA)","R - resistant isolates","N","2007","CY","Cyprus",41.000000000,""
"Antimicrobial resistance","Staphylococcus aureus|Meticillin (MRSA)","R - resistant isolates","N","2007","CZ","Czechia",213.000000000,""
"Antimicrobial resistance","Staphylococcus aureus|Meticillin (MRSA)","R - resistant isolates","N","2007","DE","Germany",139.000000000,""
"Antimicrobial resistance","Staphylococcus aureus|Meticillin (MRSA)","R - resistant isolates","N","2007","DK","Denmark",11.000000000,""
"Antimicrobial resistance","Staphylococcus aureus|Meticillin (MRSA)","R - resistant isolates","N","2007","EE","Estonia",17.000000000,""
"Antimicrobial resistance","Staphylococcus aureus|Meticillin (MRSA)","R - resistant isolates","N","2007","EL","Greece",387.000000000,""
"Antimicrobial resistance","Staphylococcus aureus|Meticillin (MRSA)","R - resistant isolates","N","2007","ES","Spain",418.000000000,""
"Antimicrobial resistance","Staphylococcus aureus|Meticillin (MRSA)","R - resistant isolates","N","2007","FI","Finland",13.000000000,""
"Antimicrobial resistance","Staphylococcus aureus|Meticillin (MRSA)","R - resistant isolates","N","2007","FR","France",1096.000000000,""
"Antimicrobial resistance","Staphylococcus aureus|Meticillin (MRSA)","R - resistant isolates","N","2007","HR","Croatia",141.000000000,""
"Antimicrobial resistance","Staphylococcus aureus|Meticillin (MRSA)","R - resistant isolates","N","2007","HU","Hungary",279.000000000,""
"Antimicrobial resistance","Staphylococcus aureus|Meticillin (MRSA)","R - resistant isolates","N","2007","IE","Ireland",507.000000000,""
"Antimicrobial resistance","Staphylococcus aureus|Meticillin (MRSA)","R - resistant isolates","N","2007","IS","Iceland",0.000000000,""
"Antimicrobial resistance","Staphylococcus aureus|Meticillin (MRSA)","R - resistant isolates","N","2007","IT","Italy",357.000000000,""
"Antimicrobial resistance","Staphylococcus aureus|Meticillin (MRSA)","R - resistant isolates","N","2007","LT","Lithuania",21.000000000,""
"Antimicrobial resistance","Staphylococcus aureus|Meticillin (MRSA)","R - resistant isolates","N","2007","LU","Luxembourg",23.000000000,""
"Antimicrobial resistance","Staphylococcus aureus|Meticillin (MRSA)","R - resistant isolates","N","2007","LV","Latvia",13.000000000,""
"Antimicrobial resistance","Staphylococcus aureus|Meticillin (MRSA)","R - resistant isolates","N","2007","MT","Malta",55.000000000,""
"Antimicrobial resistance","Staphylococcus aureus|Meticillin (MRSA)","R - resistant isolates","N","2007","NL","Netherlands",21.000000000,""
"Antimicrobial resistance","Staphylococcus aureus|Meticillin (MRSA)","R - resistant isolates","N","2007","NO","Norway",1.000000000,""
"Antimicrobial resistance","Staphylococcus aureus|Meticillin (MRSA)","R - resistant isolates","N","2007","PL","Poland",28.000000000,""
"Antimicrobial resistance","Staphylococcus aureus|Meticillin (MRSA)","R - resistant isolates","N","2007","PT","Portugal",669.000000000,""
"Antimicrobial resistance","Staphylococcus aureus|Meticillin (MRSA)","R - resistant isolates","N","2007","RO","Romania",11.000000000,""
"Antimicrobial resistance","Staphylococcus aureus|Meticillin (MRSA)","R - resistant isolates","N","2007","SE","Sweden",11.000000000,""
"Antimicrobial resistance","Staphylococcus aureus|Meticillin (MRSA)","R - resistant isolates","N","2007","SI","Slovenia",35.000000000,""
"Antimicrobial resistance","Staphylococcus aureus|Meticillin (MRSA)","R - resistant isolates","N","2007","UK","United Kingdom",1713.000000000,""
"Antimicrobial resistance","Staphylococcus aureus|Meticillin (MRSA)","R - resistant isolates","N","2008","AT","Austria",165.000000000,""
"Antimicrobial resistance","Staphylococcus aureus|Meticillin (MRSA)","R - resistant isolates","N","2008","BE","Belgium",187.000000000,""
"Antimicrobial resistance","Staphylococcus aureus|Meticillin (MRSA)","R - resistant isolates","N","2008","BG","Bulgaria",40.000000000,""
"Antimicrobial resistance","Staphylococcus aureus|Meticillin (MRSA)","R - resistant isolates","N","2008","CY","Cyprus",42.000000000,""
"Antimicrobial resistance","Staphylococcus aureus|Meticillin (MRSA)","R - resistant isolates","N","2008","CZ","Czechia",243.000000000,""
"Antimicrobial resistance","Staphylococcus aureus|Meticillin (MRSA)","R - resistant isolates","N","2008","DE","Germany",211.000000000,""
"Antimicrobial resistance","Staphylococcus aureus|Meticillin (MRSA)","R - resistant isolates","N","2008","DK","Denmark",33.000000000,""
"Antimicrobial resistance","Staphylococcus aureus|Meticillin (MRSA)","R - resistant isolates","N","2008","EE","Estonia",8.000000000,""
"Antimicrobial resistance","Staphylococcus aureus|Meticillin (MRSA)","R - resistant isolates","N","2008","EL","Greece",349.000000000,""
"Antimicrobial resistance","Staphylococcus aureus|Meticillin (MRSA)","R - resistant isolates","N","2008","ES","Spain",402.000000000,""
"Antimicrobial resistance","Staphylococcus aureus|Meticillin (MRSA)","R - resistant isolates","N","2008","FI","Finland",27.000000000,""
"Antimicrobial resistance","Staphylococcus aureus|Meticillin (MRSA)","R - resistant isolates","N","2008","FR","France",1072.000000000,""
"Antimicrobial resistance","Staphylococcus aureus|Meticillin (MRSA)","R - resistant isolates","N","2008","HR","Croatia",167.000000000,""
"Antimicrobial resistance","Staphylococcus aureus|Meticillin (MRSA)","R - resistant isolates","N","2008","HU","Hungary",266.000000000,""
"Antimicrobial resistance","Staphylococcus aureus|Meticillin (MRSA)","R - resistant isolates","N","2008","IE","Ireland",411.000000000,""
"Antimicrobial resistance","Staphylococcus aureus|Meticillin (MRSA)","R - resistant isolates","N","2008","IS","Iceland",1.000000000,""
"Antimicrobial resistance","Staphylococcus aureus|Meticillin (MRSA)","R - resistant isolates","N","2008","IT","Italy",313.000000000,""
"Antimicrobial resistance","Staphylococcus aureus|Meticillin (MRSA)","R - resistant isolates","N","2008","LT","Lithuania",30.000000000,""
"Antimicrobial resistance","Staphylococcus aureus|Meticillin (MRSA)","R - resistant isolates","N","2008","LU","Luxembourg",11.000000000,""
"Antimicrobial resistance","Staphylococcus aureus|Meticillin (MRSA)","R - resistant isolates","N","2008","LV","Latvia",20.000000000,""
"Antimicrobial resistance","Staphylococcus aureus|Meticillin (MRSA)","R - resistant isolates","N","2008","MT","Malta",56.000000000,""
"Antimicrobial resistance","Staphylococcus aureus|Meticillin (MRSA)","R - resistant isolates","N","2008","NL","Netherlands",18.000000000,""
"Antimicrobial resistance","Staphylococcus aureus|Meticillin (MRSA)","R - resistant isolates","N","2008","NO","Norway",5.000000000,""
"Antimicrobial resistance","Staphylococcus aureus|Meticillin (MRSA)","R - resistant isolates","N","2008","PL","Poland",12.000000000,""
"Antimicrobial resistance","Staphylococcus aureus|Meticillin (MRSA)","R - resistant isolates","N","2008","PT","Portugal",823.000000000,""
"Antimicrobial resistance","Staphylococcus aureus|Meticillin (MRSA)","R - resistant isolates","N","2008","RO","Romania",13.000000000,""
"Antimicrobial resistance","Staphylococcus aureus|Meticillin (MRSA)","R - resistant isolates","N","2008","SE","Sweden",16.000000000,""
"Antimicrobial resistance","Staphylococcus aureus|Meticillin (MRSA)","R - resistant isolates","N","2008","SI","Slovenia",30.000000000,""
"Antimicrobial resistance","Staphylococcus aureus|Meticillin (MRSA)","R - resistant isolates","N","2008","UK","United Kingdom",1029.000000000,""
"Antimicrobial resistance","Staphylococcus aureus|Meticillin (MRSA)","R - resistant isolates","N","2009","AT","Austria",108.000000000,""
"Antimicrobial resistance","Staphylococcus aureus|Meticillin (MRSA)","R - resistant isolates","N","2009","BE","Belgium",200.000000000,""
"Antimicrobial resistance","Staphylococcus aureus|Meticillin (MRSA)","R - resistant isolates","N","2009","BG","Bulgaria",35.000000000,""
"Antimicrobial resistance","Staphylococcus aureus|Meticillin (MRSA)","R - resistant isolates","N","2009","CY","Cyprus",36.000000000,""
"Antimicrobial resistance","Staphylococcus aureus|Meticillin (MRSA)","R - resistant isolates","N","2009","CZ","Czechia",244.000000000,""
"Antimicrobial resistance","Staphylococcus aureus|Meticillin (MRSA)","R - resistant isolates","N","2009","DE","Germany",346.000000000,""
"Antimicrobial resistance","Staphylococcus aureus|Meticillin (MRSA)","R - resistant isolates","N","2009","DK","Denmark",29.000000000,""
"Antimicrobial resistance","Staphylococcus aureus|Meticillin (MRSA)","R - resistant isolates","N","2009","EE","Estonia",7.000000000,""
"Antimicrobial resistance","Staphylococcus aureus|Meticillin (MRSA)","R - resistant isolates","N","2009","EL","Greece",402.000000000,""
"Antimicrobial resistance","Staphylococcus aureus|Meticillin (MRSA)","R - resistant isolates","N","2009","ES","Spain",445.000000000,""
"Antimicrobial resistance","Staphylococcus aureus|Meticillin (MRSA)","R - resistant isolates","N","2009","FI","Finland",24.000000000,""
"Antimicrobial resistance","Staphylococcus aureus|Meticillin (MRSA)","R - resistant isolates","N","2009","FR","France",1074.000000000,""
"Antimicrobial resistance","Staphylococcus aureus|Meticillin (MRSA)","R - resistant isolates","N","2009","HU","Hungary",310.000000000,""
"Antimicrobial resistance","Staphylococcus aureus|Meticillin (MRSA)","R - resistant isolates","N","2009","IE","Ireland",338.000000000,""
"Antimicrobial resistance","Staphylococcus aureus|Meticillin (MRSA)","R - resistant isolates","N","2009","IS","Iceland",0.000000000,""
"Antimicrobial resistance","Staphylococcus aureus|Meticillin (MRSA)","R - resistant isolates","N","2009","IT","Italy",366.000000000,""
"Antimicrobial resistance","Staphylococcus aureus|Meticillin (MRSA)","R - resistant isolates","N","2009","LT","Lithuania",28.000000000,""
"Antimicrobial resistance","Staphylococcus aureus|Meticillin (MRSA)","R - resistant isolates","N","2009","LU","Luxembourg",15.000000000,""
"Antimicrobial resistance","Staphylococcus aureus|Meticillin (MRSA)","R - resistant isolates","N","2009","LV","Latvia",16.000000000,""
"Antimicrobial resistance","Staphylococcus aureus|Meticillin (MRSA)","R - resistant isolates","N","2009","MT","Malta",50.000000000,""
"Antimicrobial resistance","Staphylococcus aureus|Meticillin (MRSA)","R - resistant isolates","N","2009","NL","Netherlands",13.000000000,""
"Antimicrobial resistance","Staphylococcus aureus|Meticillin (MRSA)","R - resistant isolates","N","2009","NO","Norway",3.000000000,""
"Antimicrobial resistance","Staphylococcus aureus|Meticillin (MRSA)","R - resistant isolates","N","2009","PL","Poland",102.000000000,""
"Antimicrobial resistance","Staphylococcus aureus|Meticillin (MRSA)","R - resistant isolates","N","2009","PT","Portugal",891.000000000,""
"Antimicrobial resistance","Staphylococcus aureus|Meticillin (MRSA)","R - resistant isolates","N","2009","RO","Romania",16.000000000,""
"Antimicrobial resistance","Staphylococcus aureus|Meticillin (MRSA)","R - resistant isolates","N","2009","SI","Slovenia",45.000000000,""
"Antimicrobial resistance","Staphylococcus aureus|Meticillin (MRSA)","R - resistant isolates","N","2009","UK","United Kingdom",802.000000000,""
"Antimicrobial resistance","Staphylococcus aureus|Meticillin (MRSA)","R - resistant isolates","N","2010","AT","Austria",135.000000000,""
"Antimicrobial resistance","Staphylococcus aureus|Meticillin (MRSA)","R - resistant isolates","N","2010","BE","Belgium",217.000000000,""
"Antimicrobial resistance","Staphylococcus aureus|Meticillin (MRSA)","R - resistant isolates","N","2010","BG","Bulgaria",38.000000000,""
"Antimicrobial resistance","Staphylococcus aureus|Meticillin (MRSA)","R - resistant isolates","N","2010","CY","Cyprus",32.000000000,""
"Antimicrobial resistance","Staphylococcus aureus|Meticillin (MRSA)","R - resistant isolates","N","2010","CZ","Czechia",215.000000000,""
"Antimicrobial resistance","Staphylococcus aureus|Meticillin (MRSA)","R - resistant isolates","N","2010","DE","Germany",415.000000000,""
"Antimicrobial resistance","Staphylococcus aureus|Meticillin (MRSA)","R - resistant isolates","N","2010","DK","Denmark",18.000000000,""
"Antimicrobial resistance","Staphylococcus aureus|Meticillin (MRSA)","R - resistant isolates","N","2010","EE","Estonia",1.000000000,""
"Antimicrobial resistance","Staphylococcus aureus|Meticillin (MRSA)","R - resistant isolates","N","2010","EL","Greece",340.000000000,""
"Antimicrobial resistance","Staphylococcus aureus|Meticillin (MRSA)","R - resistant isolates","N","2010","ES","Spain",503.000000000,""
"Antimicrobial resistance","Staphylococcus aureus|Meticillin (MRSA)","R - resistant isolates","N","2010","FI","Finland",25.000000000,""
"Antimicrobial resistance","Staphylococcus aureus|Meticillin (MRSA)","R - resistant isolates","N","2010","FR","France",1049.000000000,""
"Antimicrobial resistance","Staphylococcus aureus|Meticillin (MRSA)","R - resistant isolates","N","2010","HR","Croatia",93.000000000,""
"Antimicrobial resistance","Staphylococcus aureus|Meticillin (MRSA)","R - resistant isolates","N","2010","HU","Hungary",370.000000000,""
"Antimicrobial resistance","Staphylococcus aureus|Meticillin (MRSA)","R - resistant isolates","N","2010","IE","Ireland",288.000000000,""
"Antimicrobial resistance","Staphylococcus aureus|Meticillin (MRSA)","R - resistant isolates","N","2010","IS","Iceland",1.000000000,""
"Antimicrobial resistance","Staphylococcus aureus|Meticillin (MRSA)","R - resistant isolates","N","2010","IT","Italy",645.000000000,""
"Antimicrobial resistance","Staphylococcus aureus|Meticillin (MRSA)","R - resistant isolates","N","2010","LT","Lithuania",36.000000000,""
"Antimicrobial resistance","Staphylococcus aureus|Meticillin (MRSA)","R - resistant isolates","N","2010","LU","Luxembourg",22.000000000,""
"Antimicrobial resistance","Staphylococcus aureus|Meticillin (MRSA)","R - resistant isolates","N","2010","LV","Latvia",21.000000000,""
"Antimicrobial resistance","Staphylococcus aureus|Meticillin (MRSA)","R - resistant isolates","N","2010","MT","Malta",52.000000000,""
"Antimicrobial resistance","Staphylococcus aureus|Meticillin (MRSA)","R - resistant isolates","N","2010","NL","Netherlands",32.000000000,""
"Antimicrobial resistance","Staphylococcus aureus|Meticillin (MRSA)","R - resistant isolates","N","2010","NO","Norway",7.000000000,""
"Antimicrobial resistance","Staphylococcus aureus|Meticillin (MRSA)","R - resistant isolates","N","2010","PL","Poland",69.000000000,""
"Antimicrobial resistance","Staphylococcus aureus|Meticillin (MRSA)","R - resistant isolates","N","2010","PT","Portugal",871.000000000,""
"Antimicrobial resistance","Staphylococcus aureus|Meticillin (MRSA)","R - resistant isolates","N","2010","RO","Romania",18.000000000,""
"Antimicrobial resistance","Staphylococcus aureus|Meticillin (MRSA)","R - resistant isolates","N","2010","SE","Sweden",14.000000000,""
"Antimicrobial resistance","Staphylococcus aureus|Meticillin (MRSA)","R - resistant isolates","N","2010","SI","Slovenia",57.000000000,""
"Antimicrobial resistance","Staphylococcus aureus|Meticillin (MRSA)","R - resistant isolates","N","2010","UK","United Kingdom",579.000000000,""
"Antimicrobial resistance","Staphylococcus aureus|Meticillin (MRSA)","R - resistant isolates","N","2011","AT","Austria",142.000000000,""
"Antimicrobial resistance","Staphylococcus aureus|Meticillin (MRSA)","R - resistant isolates","N","2011","BE","Belgium",304.000000000,""
"Antimicrobial resistance","Staphylococcus aureus|Meticillin (MRSA)","R - resistant isolates","N","2011","BG","Bulgaria",48.000000000,""
"Antimicrobial resistance","Staphylococcus aureus|Meticillin (MRSA)","R - resistant isolates","N","2011","CY","Cyprus",47.000000000,""
"Antimicrobial resistance","Staphylococcus aureus|Meticillin (MRSA)","R - resistant isolates","N","2011","CZ","Czechia",226.000000000,""
"Antimicrobial resistance","Staphylococcus aureus|Meticillin (MRSA)","R - resistant isolates","N","2011","DE","Germany",386.000000000,""
"Antimicrobial resistance","Staphylococcus aureus|Meticillin (MRSA)","R - resistant isolates","N","2011","DK","Denmark",19.000000000,""
"Antimicrobial resistance","Staphylococcus aureus|Meticillin (MRSA)","R - resistant isolates","N","2011","EE","Estonia",2.000000000,""
"Antimicrobial resistance","Staphylococcus aureus|Meticillin (MRSA)","R - resistant isolates","N","2011","EL","Greece",307.000000000,""
"Antimicrobial resistance","Staphylococcus aureus|Meticillin (MRSA)","R - resistant isolates","N","2011","ES","Spain",438.000000000,""
"Antimicrobial resistance","Staphylococcus aureus|Meticillin (MRSA)","R - resistant isolates","N","2011","FI","Finland",48.000000000,""
"Antimicrobial resistance","Staphylococcus aureus|Meticillin (MRSA)","R - resistant isolates","N","2011","FR","France",949.000000000,""
"Antimicrobial resistance","Staphylococcus aureus|Meticillin (MRSA)","R - resistant isolates","N","2011","HR","Croatia",115.000000000,""
"Antimicrobial resistance","Staphylococcus aureus|Meticillin (MRSA)","R - resistant isolates","N","2011","HU","Hungary",303.000000000,""
"Antimicrobial resistance","Staphylococcus aureus|Meticillin (MRSA)","R - resistant isolates","N","2011","IE","Ireland",251.000000000,""
"Antimicrobial resistance","Staphylococcus aureus|Meticillin (MRSA)","R - resistant isolates","N","2011","IS","Iceland",2.000000000,""
"Antimicrobial resistance","Staphylococcus aureus|Meticillin (MRSA)","R - resistant isolates","N","2011","IT","Italy",482.000000000,""
"Antimicrobial resistance","Staphylococcus aureus|Meticillin (MRSA)","R - resistant isolates","N","2011","LT","Lithuania",15.000000000,""
"Antimicrobial resistance","Staphylococcus aureus|Meticillin (MRSA)","R - resistant isolates","N","2011","LU","Luxembourg",26.000000000,""
"Antimicrobial resistance","Staphylococcus aureus|Meticillin (MRSA)","R - resistant isolates","N","2011","LV","Latvia",19.000000000,""
"Antimicrobial resistance","Staphylococcus aureus|Meticillin (MRSA)","R - resistant isolates","N","2011","MT","Malta",64.000000000,""
"Antimicrobial resistance","Staphylococcus aureus|Meticillin (MRSA)","R - resistant isolates","N","2011","NL","Netherlands",34.000000000,""
"Antimicrobial resistance","Staphylococcus aureus|Meticillin (MRSA)","R - resistant isolates","N","2011","NO","Norway",4.000000000,""
"Antimicrobial resistance","Staphylococcus aureus|Meticillin (MRSA)","R - resistant isolates","N","2011","PL","Poland",167.000000000,""
"Antimicrobial resistance","Staphylococcus aureus|Meticillin (MRSA)","R - resistant isolates","N","2011","PT","Portugal",713.000000000,""
"Antimicrobial resistance","Staphylococcus aureus|Meticillin (MRSA)","R - resistant isolates","N","2011","RO","Romania",54.000000000,""
"Antimicrobial resistance","Staphylococcus aureus|Meticillin (MRSA)","R - resistant isolates","N","2011","SE","Sweden",24.000000000,""
"Antimicrobial resistance","Staphylococcus aureus|Meticillin (MRSA)","R - resistant isolates","N","2011","SI","Slovenia",33.000000000,""
"Antimicrobial resistance","Staphylococcus aureus|Meticillin (MRSA)","R - resistant isolates","N","2011","SK","Slovakia",148.000000000,""
"Antimicrobial resistance","Staphylococcus aureus|Meticillin (MRSA)","R - resistant isolates","N","2011","UK","United Kingdom",465.000000000,""
"Antimicrobial resistance","Staphylococcus aureus|Meticillin (MRSA)","R - resistant isolates","N","2012","AT","Austria",174.000000000,""
"Antimicrobial resistance","Staphylococcus aureus|Meticillin (MRSA)","R - resistant isolates","N","2012","BE","Belgium",260.000000000,""
"Antimicrobial resistance","Staphylococcus aureus|Meticillin (MRSA)","R - resistant isolates","N","2012","BG","Bulgaria",45.000000000,""
"Antimicrobial resistance","Staphylococcus aureus|Meticillin (MRSA)","R - resistant isolates","N","2012","CY","Cyprus",58.000000000,""
"Antimicrobial resistance","Staphylococcus aureus|Meticillin (MRSA)","R - resistant isolates","N","2012","CZ","Czechia",212.000000000,""
"Antimicrobial resistance","Staphylococcus aureus|Meticillin (MRSA)","R - resistant isolates","N","2012","DE","Germany",394.000000000,""
"Antimicrobial resistance","Staphylococcus aureus|Meticillin (MRSA)","R - resistant isolates","N","2012","DK","Denmark",19.000000000,""
"Antimicrobial resistance","Staphylococcus aureus|Meticillin (MRSA)","R - resistant isolates","N","2012","EE","Estonia",8.000000000,""
"Antimicrobial resistance","Staphylococcus aureus|Meticillin (MRSA)","R - resistant isolates","N","2012","EL","Greece",359.000000000,""
"Antimicrobial resistance","Staphylococcus aureus|Meticillin (MRSA)","R - resistant isolates","N","2012","ES","Spain",461.000000000,""
"Antimicrobial resistance","Staphylococcus aureus|Meticillin (MRSA)","R - resistant isolates","N","2012","FI","Finland",32.000000000,""
"Antimicrobial resistance","Staphylococcus aureus|Meticillin (MRSA)","R - resistant isolates","N","2012","FR","France",1003.000000000,""
"Antimicrobial resistance","Staphylococcus aureus|Meticillin (MRSA)","R - resistant isolates","N","2012","HR","Croatia",86.000000000,""
"Antimicrobial resistance","Staphylococcus aureus|Meticillin (MRSA)","R - resistant isolates","N","2012","HU","Hungary",284.000000000,""
"Antimicrobial resistance","Staphylococcus aureus|Meticillin (MRSA)","R - resistant isolates","N","2012","IE","Ireland",235.000000000,""
"Antimicrobial resistance","Staphylococcus aureus|Meticillin (MRSA)","R - resistant isolates","N","2012","IS","Iceland",1.000000000,""
"Antimicrobial resistance","Staphylococcus aureus|Meticillin (MRSA)","R - resistant isolates","N","2012","IT","Italy",576.000000000,""
"Antimicrobial resistance","Staphylococcus aureus|Meticillin (MRSA)","R - resistant isolates","N","2012","LT","Lithuania",28.000000000,""
"Antimicrobial resistance","Staphylococcus aureus|Meticillin (MRSA)","R - resistant isolates","N","2012","LU","Luxembourg",21.000000000,""
"Antimicrobial resistance","Staphylococcus aureus|Meticillin (MRSA)","R - resistant isolates","N","2012","LV","Latvia",19.000000000,""
"Antimicrobial resistance","Staphylococcus aureus|Meticillin (MRSA)","R - resistant isolates","N","2012","MT","Malta",48.000000000,""
"Antimicrobial resistance","Staphylococcus aureus|Meticillin (MRSA)","R - resistant isolates","N","2012","NL","Netherlands",29.000000000,""
"Antimicrobial resistance","Staphylococcus aureus|Meticillin (MRSA)","R - resistant isolates","N","2012","NO","Norway",18.000000000,""
"Antimicrobial resistance","Staphylococcus aureus|Meticillin (MRSA)","R - resistant isolates","N","2012","PL","Poland",113.000000000,""
"Antimicrobial resistance","Staphylococcus aureus|Meticillin (MRSA)","R - resistant isolates","N","2012","PT","Portugal",783.000000000,""
"Antimicrobial resistance","Staphylococcus aureus|Meticillin (MRSA)","R - resistant isolates","N","2012","RO","Romania",122.000000000,""
"Antimicrobial resistance","Staphylococcus aureus|Meticillin (MRSA)","R - resistant isolates","N","2012","SE","Sweden",24.000000000,""
"Antimicrobial resistance","Staphylococcus aureus|Meticillin (MRSA)","R - resistant isolates","N","2012","SI","Slovenia",46.000000000,""
"Antimicrobial resistance","Staphylococcus aureus|Meticillin (MRSA)","R - resistant isolates","N","2012","SK","Slovakia",114.000000000,""
"Antimicrobial resistance","Staphylococcus aureus|Meticillin (MRSA)","R - resistant isolates","N","2012","UK","United Kingdom",379.000000000,""
"Antimicrobial resistance","Staphylococcus aureus|Meticillin (MRSA)","R - resistant isolates","N","2013","AT","Austria",231.000000000,""
"Antimicrobial resistance","Staphylococcus aureus|Meticillin (MRSA)","R - resistant isolates","N","2013","BE","Belgium",272.000000000,""
"Antimicrobial resistance","Staphylococcus aureus|Meticillin (MRSA)","R - resistant isolates","N","2013","BG","Bulgaria",41.000000000,""
"Antimicrobial resistance","Staphylococcus aureus|Meticillin (MRSA)","R - resistant isolates","N","2013","CY","Cyprus",51.000000000,""
"Antimicrobial resistance","Staphylococcus aureus|Meticillin (MRSA)","R - resistant isolates","N","2013","CZ","Czechia",229.000000000,""
"Antimicrobial resistance","Staphylococcus aureus|Meticillin (MRSA)","R - resistant isolates","N","2013","DE","Germany",414.000000000,""
"Antimicrobial resistance","Staphylococcus aureus|Meticillin (MRSA)","R - resistant isolates","N","2013","DK","Denmark",29.000000000,""
"Antimicrobial resistance","Staphylococcus aureus|Meticillin (MRSA)","R - resistant isolates","N","2013","EE","Estonia",6.000000000,""
"Antimicrobial resistance","Staphylococcus aureus|Meticillin (MRSA)","R - resistant isolates","N","2013","EL","Greece",305.000000000,""
"Antimicrobial resistance","Staphylococcus aureus|Meticillin (MRSA)","R - resistant isolates","N","2013","ES","Spain",401.000000000,""
"Antimicrobial resistance","Staphylococcus aureus|Meticillin (MRSA)","R - resistant isolates","N","2013","FI","Finland",33.000000000,""
"Antimicrobial resistance","Staphylococcus aureus|Meticillin (MRSA)","R - resistant isolates","N","2013","FR","France",927.000000000,""
"Antimicrobial resistance","Staphylococcus aureus|Meticillin (MRSA)","R - resistant isolates","N","2013","HR","Croatia",125.000000000,""
"Antimicrobial resistance","Staphylococcus aureus|Meticillin (MRSA)","R - resistant isolates","N","2013","HU","Hungary",288.000000000,""
"Antimicrobial resistance","Staphylococcus aureus|Meticillin (MRSA)","R - resistant isolates","N","2013","IE","Ireland",213.000000000,""
"Antimicrobial resistance","Staphylococcus aureus|Meticillin (MRSA)","R - resistant isolates","N","2013","IS","Iceland",0.000000000,""
"Antimicrobial resistance","Staphylococcus aureus|Meticillin (MRSA)","R - resistant isolates","N","2013","IT","Italy",858.000000000,""
"Antimicrobial resistance","Staphylococcus aureus|Meticillin (MRSA)","R - resistant isolates","N","2013","LT","Lithuania",27.000000000,""
"Antimicrobial resistance","Staphylococcus aureus|Meticillin (MRSA)","R - resistant isolates","N","2013","LU","Luxembourg",12.000000000,""
"Antimicrobial resistance","Staphylococcus aureus|Meticillin (MRSA)","R - resistant isolates","N","2013","LV","Latvia",12.000000000,""
"Antimicrobial resistance","Staphylococcus aureus|Meticillin (MRSA)","R - resistant isolates","N","2013","MT","Malta",57.000000000,""
"Antimicrobial resistance","Staphylococcus aureus|Meticillin (MRSA)","R - resistant isolates","N","2013","NL","Netherlands",44.000000000,""
"Antimicrobial resistance","Staphylococcus aureus|Meticillin (MRSA)","R - resistant isolates","N","2013","NO","Norway",10.000000000,""
"Antimicrobial resistance","Staphylococcus aureus|Meticillin (MRSA)","R - resistant isolates","N","2013","PL","Poland",119.000000000,""
"Antimicrobial resistance","Staphylococcus aureus|Meticillin (MRSA)","R - resistant isolates","N","2013","PT","Portugal",1118.000000000,""
"Antimicrobial resistance","Staphylococcus aureus|Meticillin (MRSA)","R - resistant isolates","N","2013","RO","Romania",247.000000000,""
"Antimicrobial resistance","Staphylococcus aureus|Meticillin (MRSA)","R - resistant isolates","N","2013","SE","Sweden",44.000000000,""
"Antimicrobial resistance","Staphylococcus aureus|Meticillin (MRSA)","R - resistant isolates","N","2013","SI","Slovenia",42.000000000,""
"Antimicrobial resistance","Staphylococcus aureus|Meticillin (MRSA)","R - resistant isolates","N","2013","SK","Slovakia",267.000000000,""
"Antimicrobial resistance","Staphylococcus aureus|Meticillin (MRSA)","R - resistant isolates","N","2013","UK","United Kingdom",294.000000000,""
"Antimicrobial resistance","Staphylococcus aureus|Meticillin (MRSA)","R - resistant isolates","N","2014","AT","Austria",205.000000000,""
"Antimicrobial resistance","Staphylococcus aureus|Meticillin (MRSA)","R - resistant isolates","N","2014","BE","Belgium",133.000000000,""
"Antimicrobial resistance","Staphylococcus aureus|Meticillin (MRSA)","R - resistant isolates","N","2014","BG","Bulgaria",45.000000000,""
"Antimicrobial resistance","Staphylococcus aureus|Meticillin (MRSA)","R - resistant isolates","N","2014","CY","Cyprus",49.000000000,""
"Antimicrobial resistance","Staphylococcus aureus|Meticillin (MRSA)","R - resistant isolates","N","2014","CZ","Czechia",223.000000000,""
"Antimicrobial resistance","Staphylococcus aureus|Meticillin (MRSA)","R - resistant isolates","N","2014","DE","Germany",406.000000000,""
"Antimicrobial resistance","Staphylococcus aureus|Meticillin (MRSA)","R - resistant isolates","N","2014","DK","Denmark",46.000000000,""
"Antimicrobial resistance","Staphylococcus aureus|Meticillin (MRSA)","R - resistant isolates","N","2014","EE","Estonia",7.000000000,""
"Antimicrobial resistance","Staphylococcus aureus|Meticillin (MRSA)","R - resistant isolates","N","2014","EL","Greece",206.000000000,""
"Antimicrobial resistance","Staphylococcus aureus|Meticillin (MRSA)","R - resistant isolates","N","2014","ES","Spain",416.000000000,""
"Antimicrobial resistance","Staphylococcus aureus|Meticillin (MRSA)","R - resistant isolates","N","2014","FI","Finland",55.000000000,""
"Antimicrobial resistance","Staphylococcus aureus|Meticillin (MRSA)","R - resistant isolates","N","2014","FR","France",953.000000000,""
"Antimicrobial resistance","Staphylococcus aureus|Meticillin (MRSA)","R - resistant isolates","N","2014","HR","Croatia",103.000000000,""
"Antimicrobial resistance","Staphylococcus aureus|Meticillin (MRSA)","R - resistant isolates","N","2014","HU","Hungary",295.000000000,""
"Antimicrobial resistance","Staphylococcus aureus|Meticillin (MRSA)","R - resistant isolates","N","2014","IE","Ireland",209.000000000,""
"Antimicrobial resistance","Staphylococcus aureus|Meticillin (MRSA)","R - resistant isolates","N","2014","IS","Iceland",2.000000000,""
"Antimicrobial resistance","Staphylococcus aureus|Meticillin (MRSA)","R - resistant isolates","N","2014","IT","Italy",716.000000000,""
"Antimicrobial resistance","Staphylococcus aureus|Meticillin (MRSA)","R - resistant isolates","N","2014","LT","Lithuania",28.000000000,""
"Antimicrobial resistance","Staphylococcus aureus|Meticillin (MRSA)","R - resistant isolates","N","2014","LU","Luxembourg",15.000000000,""
"Antimicrobial resistance","Staphylococcus aureus|Meticillin (MRSA)","R - resistant isolates","N","2014","LV","Latvia",18.000000000,""
"Antimicrobial resistance","Staphylococcus aureus|Meticillin (MRSA)","R - resistant isolates","N","2014","MT","Malta",34.000000000,""
"Antimicrobial resistance","Staphylococcus aureus|Meticillin (MRSA)","R - resistant isolates","N","2014","NL","Netherlands",27.000000000,""
"Antimicrobial resistance","Staphylococcus aureus|Meticillin (MRSA)","R - resistant isolates","N","2014","NO","Norway",16.000000000,""
"Antimicrobial resistance","Staphylococcus aureus|Meticillin (MRSA)","R - resistant isolates","N","2014","PL","Poland",109.000000000,""
"Antimicrobial resistance","Staphylococcus aureus|Meticillin (MRSA)","R - resistant isolates","N","2014","PT","Portugal",1515.000000000,""
"Antimicrobial resistance","Staphylococcus aureus|Meticillin (MRSA)","R - resistant isolates","N","2014","RO","Romania",177.000000000,""
"Antimicrobial resistance","Staphylococcus aureus|Meticillin (MRSA)","R - resistant isolates","N","2014","SE","Sweden",26.000000000,""
"Antimicrobial resistance","Staphylococcus aureus|Meticillin (MRSA)","R - resistant isolates","N","2014","SI","Slovenia",65.000000000,""
"Antimicrobial resistance","Staphylococcus aureus|Meticillin (MRSA)","R - resistant isolates","N","2014","SK","Slovakia",179.000000000,""
"Antimicrobial resistance","Staphylococcus aureus|Meticillin (MRSA)","R - resistant isolates","N","2014","UK","United Kingdom",271.000000000,""
"Antimicrobial resistance","Staphylococcus aureus|Meticillin (MRSA)","R - resistant isolates","N","2015","AT","Austria",207.000000000,""
"Antimicrobial resistance","Staphylococcus aureus|Meticillin (MRSA)","R - resistant isolates","N","2015","BE","Belgium",112.000000000,""
"Antimicrobial resistance","Staphylococcus aureus|Meticillin (MRSA)","R - resistant isolates","N","2015","BG","Bulgaria",29.000000000,""
"Antimicrobial resistance","Staphylococcus aureus|Meticillin (MRSA)","R - resistant isolates","N","2015","CY","Cyprus",62.000000000,""
"Antimicrobial resistance","Staphylococcus aureus|Meticillin (MRSA)","R - resistant isolates","N","2015","CZ","Czechia",241.000000000,""
"Antimicrobial resistance","Staphylococcus aureus|Meticillin (MRSA)","R - resistant isolates","N","2015","DE","Germany",579.000000000,""
"Antimicrobial resistance","Staphylococcus aureus|Meticillin (MRSA)","R - resistant isolates","N","2015","DK","Denmark",29.000000000,""
"Antimicrobial resistance","Staphylococcus aureus|Meticillin (MRSA)","R - resistant isolates","N","2015","EE","Estonia",6.000000000,""
"Antimicrobial resistance","Staphylococcus aureus|Meticillin (MRSA)","R - resistant isolates","N","2015","EL","Greece",241.000000000,""
"Antimicrobial resistance","Staphylococcus aureus|Meticillin (MRSA)","R - resistant isolates","N","2015","ES","Spain",498.000000000,""
"Antimicrobial resistance","Staphylococcus aureus|Meticillin (MRSA)","R - resistant isolates","N","2015","FI","Finland",43.000000000,""
"Antimicrobial resistance","Staphylococcus aureus|Meticillin (MRSA)","R - resistant isolates","N","2015","FR","France",870.000000000,""
"Antimicrobial resistance","Staphylococcus aureus|Meticillin (MRSA)","R - resistant isolates","N","2015","HR","Croatia",119.000000000,""
"Antimicrobial resistance","Staphylococcus aureus|Meticillin (MRSA)","R - resistant isolates","N","2015","HU","Hungary",374.000000000,""
"Antimicrobial resistance","Staphylococcus aureus|Meticillin (MRSA)","R - resistant isolates","N","2015","IE","Ireland",191.000000000,""
"Antimicrobial resistance","Staphylococcus aureus|Meticillin (MRSA)","R - resistant isolates","N","2015","IS","Iceland",0.000000000,""
"Antimicrobial resistance","Staphylococcus aureus|Meticillin (MRSA)","R - resistant isolates","N","2015","IT","Italy",1023.000000000,""
"Antimicrobial resistance","Staphylococcus aureus|Meticillin (MRSA)","R - resistant isolates","N","2015","LT","Lithuania",34.000000000,""
"Antimicrobial resistance","Staphylococcus aureus|Meticillin (MRSA)","R - resistant isolates","N","2015","LU","Luxembourg",12.000000000,""
"Antimicrobial resistance","Staphylococcus aureus|Meticillin (MRSA)","R - resistant isolates","N","2015","LV","Latvia",14.000000000,""
"Antimicrobial resistance","Staphylococcus aureus|Meticillin (MRSA)","R - resistant isolates","N","2015","MT","Malta",43.000000000,""
"Antimicrobial resistance","Staphylococcus aureus|Meticillin (MRSA)","R - resistant isolates","N","2015","NL","Netherlands",43.000000000,""
"Antimicrobial resistance","Staphylococcus aureus|Meticillin (MRSA)","R - resistant isolates","N","2015","NO","Norway",16.000000000,""
"Antimicrobial resistance","Staphylococcus aureus|Meticillin (MRSA)","R - resistant isolates","N","2015","PL","Poland",151.000000000,""
"Antimicrobial resistance","Staphylococcus aureus|Meticillin (MRSA)","R - resistant isolates","N","2015","PT","Portugal",1695.000000000,""
"Antimicrobial resistance","Staphylococcus aureus|Meticillin (MRSA)","R - resistant isolates","N","2015","RO","Romania",170.000000000,""
"Antimicrobial resistance","Staphylococcus aureus|Meticillin (MRSA)","R - resistant isolates","N","2015","SE","Sweden",25.000000000,""
"Antimicrobial resistance","Staphylococcus aureus|Meticillin (MRSA)","R - resistant isolates","N","2015","SI","Slovenia",47.000000000,""
"Antimicrobial resistance","Staphylococcus aureus|Meticillin (MRSA)","R - resistant isolates","N","2015","SK","Slovakia",164.000000000,""
"Antimicrobial resistance","Staphylococcus aureus|Meticillin (MRSA)","R - resistant isolates","N","2015","UK","United Kingdom",296.000000000,""
"Antimicrobial resistance","Staphylococcus aureus|Meticillin (MRSA)","R - resistant isolates","N","2016","AT","Austria",220.000000000,""
"Antimicrobial resistance","Staphylococcus aureus|Meticillin (MRSA)","R - resistant isolates","N","2016","BE","Belgium",166.000000000,""
"Antimicrobial resistance","Staphylococcus aureus|Meticillin (MRSA)","R - resistant isolates","N","2016","BG","Bulgaria",33.000000000,""
"Antimicrobial resistance","Staphylococcus aureus|Meticillin (MRSA)","R - resistant isolates","N","2016","CY","Cyprus",54.000000000,""
"Antimicrobial resistance","Staphylococcus aureus|Meticillin (MRSA)","R - resistant isolates","N","2016","CZ","Czechia",259.000000000,""
"Antimicrobial resistance","Staphylococcus aureus|Meticillin (MRSA)","R - resistant isolates","N","2016","DE","Germany",1003.000000000,""
"Antimicrobial resistance","Staphylococcus aureus|Meticillin (MRSA)","R - resistant isolates","N","2016","DK","Denmark",39.000000000,""
"Antimicrobial resistance","Staphylococcus aureus|Meticillin (MRSA)","R - resistant isolates","N","2016","EE","Estonia",11.000000000,""
"Antimicrobial resistance","Staphylococcus aureus|Meticillin (MRSA)","R - resistant isolates","N","2016","EL","Greece",248.000000000,""
"Antimicrobial resistance","Staphylococcus aureus|Meticillin (MRSA)","R - resistant isolates","N","2016","ES","Spain",502.000000000,""
"Antimicrobial resistance","Staphylococcus aureus|Meticillin (MRSA)","R - resistant isolates","N","2016","FI","Finland",44.000000000,""
"Antimicrobial resistance","Staphylococcus aureus|Meticillin (MRSA)","R - resistant isolates","N","2016","FR","France",768.000000000,""
"Antimicrobial resistance","Staphylococcus aureus|Meticillin (MRSA)","R - resistant isolates","N","2016","HR","Croatia",116.000000000,""
"Antimicrobial resistance","Staphylococcus aureus|Meticillin (MRSA)","R - resistant isolates","N","2016","HU","Hungary",420.000000000,""
"Antimicrobial resistance","Staphylococcus aureus|Meticillin (MRSA)","R - resistant isolates","N","2016","IE","Ireland",164.000000000,""
"Antimicrobial resistance","Staphylococcus aureus|Meticillin (MRSA)","R - resistant isolates","N","2016","IS","Iceland",1.000000000,""
"Antimicrobial resistance","Staphylococcus aureus|Meticillin (MRSA)","R - resistant isolates","N","2016","IT","Italy",1001.000000000,""
"Antimicrobial resistance","Staphylococcus aureus|Meticillin (MRSA)","R - resistant isolates","N","2016","LT","Lithuania",58.000000000,""
"Antimicrobial resistance","Staphylococcus aureus|Meticillin (MRSA)","R - resistant isolates","N","2016","LU","Luxembourg",18.000000000,""
"Antimicrobial resistance","Staphylococcus aureus|Meticillin (MRSA)","R - resistant isolates","N","2016","LV","Latvia",12.000000000,""
"Antimicrobial resistance","Staphylococcus aureus|Meticillin (MRSA)","R - resistant isolates","N","2016","MT","Malta",36.000000000,""
"Antimicrobial resistance","Staphylococcus aureus|Meticillin (MRSA)","R - resistant isolates","N","2016","NL","Netherlands",36.000000000,""
"Antimicrobial resistance","Staphylococcus aureus|Meticillin (MRSA)","R - resistant isolates","N","2016","NO","Norway",17.000000000,""
"Antimicrobial resistance","Staphylococcus aureus|Meticillin (MRSA)","R - resistant isolates","N","2016","PL","Poland",290.000000000,""
"Antimicrobial resistance","Staphylococcus aureus|Meticillin (MRSA)","R - resistant isolates","N","2016","PT","Portugal",1505.000000000,""
"Antimicrobial resistance","Staphylococcus aureus|Meticillin (MRSA)","R - resistant isolates","N","2016","RO","Romania",242.000000000,""
"Antimicrobial resistance","Staphylococcus aureus|Meticillin (MRSA)","R - resistant isolates","N","2016","SE","Sweden",78.000000000,""
"Antimicrobial resistance","Staphylococcus aureus|Meticillin (MRSA)","R - resistant isolates","N","2016","SI","Slovenia",59.000000000,""
"Antimicrobial resistance","Staphylococcus aureus|Meticillin (MRSA)","R - resistant isolates","N","2016","SK","Slovakia",155.000000000,""
"Antimicrobial resistance","Staphylococcus aureus|Meticillin (MRSA)","R - resistant isolates","N","2016","UK","United Kingdom",452.000000000,""
"Antimicrobial resistance","Staphylococcus aureus|Meticillin (MRSA)","R - resistant isolates","N","2017","AT","Austria",187.000000000,""
"Antimicrobial resistance","Staphylococcus aureus|Meticillin (MRSA)","R - resistant isolates","N","2017","BE","Belgium",129.000000000,""
"Antimicrobial resistance","Staphylococcus aureus|Meticillin (MRSA)","R - resistant isolates","N","2017","BG","Bulgaria",31.000000000,""
"Antimicrobial resistance","Staphylococcus aureus|Meticillin (MRSA)","R - resistant isolates","N","2017","CY","Cyprus",39.000000000,""
"Antimicrobial resistance","Staphylococcus aureus|Meticillin (MRSA)","R - resistant isolates","N","2017","CZ","Czechia",274.000000000,""
"Antimicrobial resistance","Staphylococcus aureus|Meticillin (MRSA)","R - resistant isolates","N","2017","DE","Germany",1191.000000000,""
"Antimicrobial resistance","Staphylococcus aureus|Meticillin (MRSA)","R - resistant isolates","N","2017","DK","Denmark",50.000000000,""
"Antimicrobial resistance","Staphylococcus aureus|Meticillin (MRSA)","R - resistant isolates","N","2017","EE","Estonia",6.000000000,""
"Antimicrobial resistance","Staphylococcus aureus|Meticillin (MRSA)","R - resistant isolates","N","2017","EL","Greece",316.000000000,""
"Antimicrobial resistance","Staphylococcus aureus|Meticillin (MRSA)","R - resistant isolates","N","2017","ES","Spain",468.000000000,""
"Antimicrobial resistance","Staphylococcus aureus|Meticillin (MRSA)","R - resistant isolates","N","2017","FI","Finland",51.000000000,""
"Antimicrobial resistance","Staphylococcus aureus|Meticillin (MRSA)","R - resistant isolates","N","2017","FR","France",836.000000000,""
"Antimicrobial resistance","Staphylococcus aureus|Meticillin (MRSA)","R - resistant isolates","N","2017","HR","Croatia",148.000000000,""
"Antimicrobial resistance","Staphylococcus aureus|Meticillin (MRSA)","R - resistant isolates","N","2017","HU","Hungary",370.000000000,""
"Antimicrobial resistance","Staphylococcus aureus|Meticillin (MRSA)","R - resistant isolates","N","2017","IE","Ireland",186.000000000,""
"Antimicrobial resistance","Staphylococcus aureus|Meticillin (MRSA)","R - resistant isolates","N","2017","IS","Iceland",1.000000000,""
"Antimicrobial resistance","Staphylococcus aureus|Meticillin (MRSA)","R - resistant isolates","N","2017","IT","Italy",1217.000000000,""
"Antimicrobial resistance","Staphylococcus aureus|Meticillin (MRSA)","R - resistant isolates","N","2017","LT","Lithuania",45.000000000,""
"Antimicrobial resistance","Staphylococcus aureus|Meticillin (MRSA)","R - resistant isolates","N","2017","LU","Luxembourg",19.000000000,""
"Antimicrobial resistance","Staphylococcus aureus|Meticillin (MRSA)","R - resistant isolates","N","2017","LV","Latvia",12.000000000,""
"Antimicrobial resistance","Staphylococcus aureus|Meticillin (MRSA)","R - resistant isolates","N","2017","MT","Malta",40.000000000,""
"Antimicrobial resistance","Staphylococcus aureus|Meticillin (MRSA)","R - resistant isolates","N","2017","NL","Netherlands",48.000000000,""
"Antimicrobial resistance","Staphylococcus aureus|Meticillin (MRSA)","R - resistant isolates","N","2017","NO","Norway",14.000000000,""
"Antimicrobial resistance","Staphylococcus aureus|Meticillin (MRSA)","R - resistant isolates","N","2017","PL","Poland",274.000000000,""
"Antimicrobial resistance","Staphylococcus aureus|Meticillin (MRSA)","R - resistant isolates","N","2017","PT","Portugal",1460.000000000,""
"Antimicrobial resistance","Staphylococcus aureus|Meticillin (MRSA)","R - resistant isolates","N","2017","RO","Romania",230.000000000,""
"Antimicrobial resistance","Staphylococcus aureus|Meticillin (MRSA)","R - resistant isolates","N","2017","SE","Sweden",44.000000000,""
"Antimicrobial resistance","Staphylococcus aureus|Meticillin (MRSA)","R - resistant isolates","N","2017","SI","Slovenia",52.000000000,""
"Antimicrobial resistance","Staphylococcus aureus|Meticillin (MRSA)","R - resistant isolates","N","2017","SK","Slovakia",179.000000000,""
"Antimicrobial resistance","Staphylococcus aureus|Meticillin (MRSA)","R - resistant isolates","N","2017","UK","United Kingdom",615.000000000,""
"Antimicrobial resistance","Staphylococcus aureus|Meticillin (MRSA)","R - resistant isolates","N","2018","AT","Austria",211.000000000,""
"Antimicrobial resistance","Staphylococcus aureus|Meticillin (MRSA)","R - resistant isolates","N","2018","BE","Belgium",157.000000000,""
"Antimicrobial resistance","Staphylococcus aureus|Meticillin (MRSA)","R - resistant isolates","N","2018","BG","Bulgaria",55.000000000,""
"Antimicrobial resistance","Staphylococcus aureus|Meticillin (MRSA)","R - resistant isolates","N","2018","CY","Cyprus",47.000000000,""
"Antimicrobial resistance","Staphylococcus aureus|Meticillin (MRSA)","R - resistant isolates","N","2018","CZ","Czechia",307.000000000,""
"Antimicrobial resistance","Staphylococcus aureus|Meticillin (MRSA)","R - resistant isolates","N","2018","DE","Germany",912.000000000,""
"Antimicrobial resistance","Staphylococcus aureus|Meticillin (MRSA)","R - resistant isolates","N","2018","DK","Denmark",36.000000000,""
"Antimicrobial resistance","Staphylococcus aureus|Meticillin (MRSA)","R - resistant isolates","N","2018","EE","Estonia",12.000000000,""
"Antimicrobial resistance","Staphylococcus aureus|Meticillin (MRSA)","R - resistant isolates","N","2018","EL","Greece",323.000000000,""
"Antimicrobial resistance","Staphylococcus aureus|Meticillin (MRSA)","R - resistant isolates","N","2018","ES","Spain",603.000000000,""
"Antimicrobial resistance","Staphylococcus aureus|Meticillin (MRSA)","R - resistant isolates","N","2018","FI","Finland",44.000000000,""
"Antimicrobial resistance","Staphylococcus aureus|Meticillin (MRSA)","R - resistant isolates","N","2018","FR","France",836.000000000,""
"Antimicrobial resistance","Staphylococcus aureus|Meticillin (MRSA)","R - resistant isolates","N","2018","HR","Croatia",121.000000000,""
"Antimicrobial resistance","Staphylococcus aureus|Meticillin (MRSA)","R - resistant isolates","N","2018","HU","Hungary",398.000000000,""
"Antimicrobial resistance","Staphylococcus aureus|Meticillin (MRSA)","R - resistant isolates","N","2018","IE","Ireland",147.000000000,""
"Antimicrobial resistance","Staphylococcus aureus|Meticillin (MRSA)","R - resistant isolates","N","2018","IS","Iceland",0.000000000,""
"Antimicrobial resistance","Staphylococcus aureus|Meticillin (MRSA)","R - resistant isolates","N","2018","IT","Italy",2808.000000000,""
"Antimicrobial resistance","Staphylococcus aureus|Meticillin (MRSA)","R - resistant isolates","N","2018","LT","Lithuania",58.000000000,""
"Antimicrobial resistance","Staphylococcus aureus|Meticillin (MRSA)","R - resistant isolates","N","2018","LU","Luxembourg",14.000000000,""
"Antimicrobial resistance","Staphylococcus aureus|Meticillin (MRSA)","R - resistant isolates","N","2018","LV","Latvia",18.000000000,""
"Antimicrobial resistance","Staphylococcus aureus|Meticillin (MRSA)","R - resistant isolates","N","2018","MT","Malta",32.000000000,""
"Antimicrobial resistance","Staphylococcus aureus|Meticillin (MRSA)","R - resistant isolates","N","2018","NL","Netherlands",43.000000000,""
"Antimicrobial resistance","Staphylococcus aureus|Meticillin (MRSA)","R - resistant isolates","N","2018","NO","Norway",14.000000000,""
"Antimicrobial resistance","Staphylococcus aureus|Meticillin (MRSA)","R - resistant isolates","N","2018","PL","Poland",311.000000000,""
"Antimicrobial resistance","Staphylococcus aureus|Meticillin (MRSA)","R - resistant isolates","N","2018","PT","Portugal",1451.000000000,""
"Antimicrobial resistance","Staphylococcus aureus|Meticillin (MRSA)","R - resistant isolates","N","2018","RO","Romania",258.000000000,""
"Antimicrobial resistance","Staphylococcus aureus|Meticillin (MRSA)","R - resistant isolates","N","2018","SE","Sweden",70.000000000,""
"Antimicrobial resistance","Staphylococcus aureus|Meticillin (MRSA)","R - resistant isolates","N","2018","SI","Slovenia",71.000000000,""
"Antimicrobial resistance","Staphylococcus aureus|Meticillin (MRSA)","R - resistant isolates","N","2018","SK","Slovakia",162.000000000,""
"Antimicrobial resistance","Staphylococcus aureus|Meticillin (MRSA)","R - resistant isolates","N","2018","UK","United Kingdom",656.000000000,""
"Antimicrobial resistance","Staphylococcus aureus|Meticillin (MRSA)","R - resistant isolates","N","2019","AT","Austria",173.000000000,""
"Antimicrobial resistance","Staphylococcus aureus|Meticillin (MRSA)","R - resistant isolates","N","2019","BE","Belgium",78.000000000,""
"Antimicrobial resistance","Staphylococcus aureus|Meticillin (MRSA)","R - resistant isolates","N","2019","BG","Bulgaria",48.000000000,""
"Antimicrobial resistance","Staphylococcus aureus|Meticillin (MRSA)","R - resistant isolates","N","2019","CY","Cyprus",21.000000000,""
"Antimicrobial resistance","Staphylococcus aureus|Meticillin (MRSA)","R - resistant isolates","N","2019","CZ","Czechia",264.000000000,""
"Antimicrobial resistance","Staphylococcus aureus|Meticillin (MRSA)","R - resistant isolates","N","2019","DE","Germany",799.000000000,""
"Antimicrobial resistance","Staphylococcus aureus|Meticillin (MRSA)","R - resistant isolates","N","2019","DK","Denmark",48.000000000,""
"Antimicrobial resistance","Staphylococcus aureus|Meticillin (MRSA)","R - resistant isolates","N","2019","EE","Estonia",11.000000000,""
"Antimicrobial resistance","Staphylococcus aureus|Meticillin (MRSA)","R - resistant isolates","N","2019","EL","Greece",64.000000000,""
"Antimicrobial resistance","Staphylococcus aureus|Meticillin (MRSA)","R - resistant isolates","N","2019","ES","Spain",632.000000000,""
"Antimicrobial resistance","Staphylococcus aureus|Meticillin (MRSA)","R - resistant isolates","N","2019","FI","Finland",56.000000000,""
"Antimicrobial resistance","Staphylococcus aureus|Meticillin (MRSA)","R - resistant isolates","N","2019","FR","France",752.000000000,""
"Antimicrobial resistance","Staphylococcus aureus|Meticillin (MRSA)","R - resistant isolates","N","2019","HR","Croatia",89.000000000,""
"Antimicrobial resistance","Staphylococcus aureus|Meticillin (MRSA)","R - resistant isolates","N","2019","HU","Hungary",365.000000000,""
"Antimicrobial resistance","Staphylococcus aureus|Meticillin (MRSA)","R - resistant isolates","N","2019","IE","Ireland",144.000000000,""
"Antimicrobial resistance","Staphylococcus aureus|Meticillin (MRSA)","R - resistant isolates","N","2019","IS","Iceland",7.000000000,""
"Antimicrobial resistance","Staphylococcus aureus|Meticillin (MRSA)","R - resistant isolates","N","2019","IT","Italy",3322.000000000,""
"Antimicrobial resistance","Staphylococcus aureus|Meticillin (MRSA)","R - resistant isolates","N","2019","LT","Lithuania",61.000000000,""
"Antimicrobial resistance","Staphylococcus aureus|Meticillin (MRSA)","R - resistant isolates","N","2019","LU","Luxembourg",13.000000000,""
"Antimicrobial resistance","Staphylococcus aureus|Meticillin (MRSA)","R - resistant isolates","N","2019","LV","Latvia",33.000000000,""
"Antimicrobial resistance","Staphylococcus aureus|Meticillin (MRSA)","R - resistant isolates","N","2019","MT","Malta",18.000000000,""
"Antimicrobial resistance","Staphylococcus aureus|Meticillin (MRSA)","R - resistant isolates","N","2019","NL","Netherlands",48.000000000,""
"Antimicrobial resistance","Staphylococcus aureus|Meticillin (MRSA)","R - resistant isolates","N","2019","NO","Norway",17.000000000,""
"Antimicrobial resistance","Staphylococcus aureus|Meticillin (MRSA)","R - resistant isolates","N","2019","PL","Poland",275.000000000,""
"Antimicrobial resistance","Staphylococcus aureus|Meticillin (MRSA)","R - resistant isolates","N","2019","PT","Portugal",1135.000000000,""
"Antimicrobial resistance","Staphylococcus aureus|Meticillin (MRSA)","R - resistant isolates","N","2019","RO","Romania",293.000000000,""
"Antimicrobial resistance","Staphylococcus aureus|Meticillin (MRSA)","R - resistant isolates","N","2019","SE","Sweden",107.000000000,""
"Antimicrobial resistance","Staphylococcus aureus|Meticillin (MRSA)","R - resistant isolates","N","2019","SI","Slovenia",49.000000000,""
"Antimicrobial resistance","Staphylococcus aureus|Meticillin (MRSA)","R - resistant isolates","N","2019","SK","Slovakia",153.000000000,""
"Antimicrobial resistance","Staphylococcus aureus|Meticillin (MRSA)","R - resistant isolates","N","2019","UK","United Kingdom",536.000000000,""
"Antimicrobial resistance","Staphylococcus aureus|Meticillin (MRSA)","R - resistant isolates","N","2020","AT","Austria",125.000000000,""
"Antimicrobial resistance","Staphylococcus aureus|Meticillin (MRSA)","R - resistant isolates","N","2020","BE","Belgium",101.000000000,""
"Antimicrobial resistance","Staphylococcus aureus|Meticillin (MRSA)","R - resistant isolates","N","2020","BG","Bulgaria",26.000000000,""
"Antimicrobial resistance","Staphylococcus aureus|Meticillin (MRSA)","R - resistant isolates","N","2020","CY","Cyprus",52.000000000,""
"Antimicrobial resistance","Staphylococcus aureus|Meticillin (MRSA)","R - resistant isolates","N","2020","CZ","Czechia",195.000000000,""
"Antimicrobial resistance","Staphylococcus aureus|Meticillin (MRSA)","R - resistant isolates","N","2020","DE","Germany",800.000000000,""
"Antimicrobial resistance","Staphylococcus aureus|Meticillin (MRSA)","R - resistant isolates","N","2020","DK","Denmark",41.000000000,""
"Antimicrobial resistance","Staphylococcus aureus|Meticillin (MRSA)","R - resistant isolates","N","2020","EE","Estonia",11.000000000,""
"Antimicrobial resistance","Staphylococcus aureus|Meticillin (MRSA)","R - resistant isolates","N","2020","EL","Greece",180.000000000,""
"Antimicrobial resistance","Staphylococcus aureus|Meticillin (MRSA)","R - resistant isolates","N","2020","ES","Spain",534.000000000,""
"Antimicrobial resistance","Staphylococcus aureus|Meticillin (MRSA)","R - resistant isolates","N","2020","FI","Finland",57.000000000,""
"Antimicrobial resistance","Staphylococcus aureus|Meticillin (MRSA)","R - resistant isolates","N","2020","FR","France",1299.000000000,""
"Antimicrobial resistance","Staphylococcus aureus|Meticillin (MRSA)","R - resistant isolates","N","2020","HR","Croatia",124.000000000,""
"Antimicrobial resistance","Staphylococcus aureus|Meticillin (MRSA)","R - resistant isolates","N","2020","HU","Hungary",317.000000000,""
"Antimicrobial resistance","Staphylococcus aureus|Meticillin (MRSA)","R - resistant isolates","N","2020","IE","Ireland",119.000000000,""
"Antimicrobial resistance","Staphylococcus aureus|Meticillin (MRSA)","R - resistant isolates","N","2020","IS","Iceland",6.000000000,""
"Antimicrobial resistance","Staphylococcus aureus|Meticillin (MRSA)","R - resistant isolates","N","2020","IT","Italy",3664.000000000,""
"Antimicrobial resistance","Staphylococcus aureus|Meticillin (MRSA)","R - resistant isolates","N","2020","LT","Lithuania",69.000000000,""
"Antimicrobial resistance","Staphylococcus aureus|Meticillin (MRSA)","R - resistant isolates","N","2020","LU","Luxembourg",6.000000000,""
"Antimicrobial resistance","Staphylococcus aureus|Meticillin (MRSA)","R - resistant isolates","N","2020","LV","Latvia",33.000000000,""
"Antimicrobial resistance","Staphylococcus aureus|Meticillin (MRSA)","R - resistant isolates","N","2020","MT","Malta",18.000000000,""
"Antimicrobial resistance","Staphylococcus aureus|Meticillin (MRSA)","R - resistant isolates","N","2020","NL","Netherlands",49.000000000,""
"Antimicrobial resistance","Staphylococcus aureus|Meticillin (MRSA)","R - resistant isolates","N","2020","NO","Norway",25.000000000,""
"Antimicrobial resistance","Staphylococcus aureus|Meticillin (MRSA)","R - resistant isolates","N","2020","PL","Poland",187.000000000,""
"Antimicrobial resistance","Staphylococcus aureus|Meticillin (MRSA)","R - resistant isolates","N","2020","PT","Portugal",979.000000000,""
"Antimicrobial resistance","Staphylococcus aureus|Meticillin (MRSA)","R - resistant isolates","N","2020","RO","Romania",192.000000000,""
"Antimicrobial resistance","Staphylococcus aureus|Meticillin (MRSA)","R - resistant isolates","N","2020","SE","Sweden",160.000000000,""
"Antimicrobial resistance","Staphylococcus aureus|Meticillin (MRSA)","R - resistant isolates","N","2020","SI","Slovenia",70.000000000,""
"Antimicrobial resistance","Staphylococcus aureus|Meticillin (MRSA)","R - resistant isolates","N","2020","SK","Slovakia",134.000000000,""
"Antimicrobial resistance","Staphylococcus aureus|Meticillin (MRSA)","R - resistant isolates","N","2021","AT","Austria",98.000000000,""
"Antimicrobial resistance","Staphylococcus aureus|Meticillin (MRSA)","R - resistant isolates","N","2021","BE","Belgium",66.000000000,""
"Antimicrobial resistance","Staphylococcus aureus|Meticillin (MRSA)","R - resistant isolates","N","2021","BG","Bulgaria",32.000000000,""
"Antimicrobial resistance","Staphylococcus aureus|Meticillin (MRSA)","R - resistant isolates","N","2021","CY","Cyprus",76.000000000,""
"Antimicrobial resistance","Staphylococcus aureus|Meticillin (MRSA)","R - resistant isolates","N","2021","CZ","Czechia",215.000000000,""
"Antimicrobial resistance","Staphylococcus aureus|Meticillin (MRSA)","R - resistant isolates","N","2021","DE","Germany",768.000000000,""
"Antimicrobial resistance","Staphylococcus aureus|Meticillin (MRSA)","R - resistant isolates","N","2021","DK","Denmark",46.000000000,""
"Antimicrobial resistance","Staphylococcus aureus|Meticillin (MRSA)","R - resistant isolates","N","2021","EE","Estonia",6.000000000,""
"Antimicrobial resistance","Staphylococcus aureus|Meticillin (MRSA)","R - resistant isolates","N","2021","EL","Greece",244.000000000,""
"Antimicrobial resistance","Staphylococcus aureus|Meticillin (MRSA)","R - resistant isolates","N","2021","ES","Spain",519.000000000,""
"Antimicrobial resistance","Staphylococcus aureus|Meticillin (MRSA)","R - resistant isolates","N","2021","FI","Finland",63.000000000,""
"Antimicrobial resistance","Staphylococcus aureus|Meticillin (MRSA)","R - resistant isolates","N","2021","FR","France",1269.000000000,""
"Antimicrobial resistance","Staphylococcus aureus|Meticillin (MRSA)","R - resistant isolates","N","2021","HR","Croatia",209.000000000,""
"Antimicrobial resistance","Staphylococcus aureus|Meticillin (MRSA)","R - resistant isolates","N","2021","HU","Hungary",455.000000000,""
"Antimicrobial resistance","Staphylococcus aureus|Meticillin (MRSA)","R - resistant isolates","N","2021","IE","Ireland",129.000000000,""
"Antimicrobial resistance","Staphylococcus aureus|Meticillin (MRSA)","R - resistant isolates","N","2021","IS","Iceland",1.000000000,""
"Antimicrobial resistance","Staphylococcus aureus|Meticillin (MRSA)","R - resistant isolates","N","2021","IT","Italy",3714.000000000,""
"Antimicrobial resistance","Staphylococcus aureus|Meticillin (MRSA)","R - resistant isolates","N","2021","LT","Lithuania",67.000000000,""
"Antimicrobial resistance","Staphylococcus aureus|Meticillin (MRSA)","R - resistant isolates","N","2021","LU","Luxembourg",11.000000000,""
"Antimicrobial resistance","Staphylococcus aureus|Meticillin (MRSA)","R - resistant isolates","N","2021","LV","Latvia",24.000000000,""
"Antimicrobial resistance","Staphylococcus aureus|Meticillin (MRSA)","R - resistant isolates","N","2021","MT","Malta",21.000000000,""
"Antimicrobial resistance","Staphylococcus aureus|Meticillin (MRSA)","R - resistant isolates","N","2021","NL","Netherlands",49.000000000,""
"Antimicrobial resistance","Staphylococcus aureus|Meticillin (MRSA)","R - resistant isolates","N","2021","NO","Norway",15.000000000,""
"Antimicrobial resistance","Staphylococcus aureus|Meticillin (MRSA)","R - resistant isolates","N","2021","PL","Poland",283.000000000,""
"Antimicrobial resistance","Staphylococcus aureus|Meticillin (MRSA)","R - resistant isolates","N","2021","PT","Portugal",722.000000000,""
"Antimicrobial resistance","Staphylococcus aureus|Meticillin (MRSA)","R - resistant isolates","N","2021","RO","Romania",189.000000000,""
"Antimicrobial resistance","Staphylococcus aureus|Meticillin (MRSA)","R - resistant isolates","N","2021","SE","Sweden",152.000000000,""
"Antimicrobial resistance","Staphylococcus aureus|Meticillin (MRSA)","R - resistant isolates","N","2021","SI","Slovenia",60.000000000,""
"Antimicrobial resistance","Staphylococcus aureus|Meticillin (MRSA)","R - resistant isolates","N","2021","SK","Slovakia",130.000000000,""
"Antimicrobial resistance","Staphylococcus aureus|Meticillin (MRSA)","R - resistant isolates","N","2022","AT","Austria",122.000000000,""
"Antimicrobial resistance","Staphylococcus aureus|Meticillin (MRSA)","R - resistant isolates","N","2022","BE","Belgium",62.000000000,""
"Antimicrobial resistance","Staphylococcus aureus|Meticillin (MRSA)","R - resistant isolates","N","2022","BG","Bulgaria",28.000000000,""
"Antimicrobial resistance","Staphylococcus aureus|Meticillin (MRSA)","R - resistant isolates","N","2022","CY","Cyprus",99.000000000,""
"Antimicrobial resistance","Staphylococcus aureus|Meticillin (MRSA)","R - resistant isolates","N","2022","CZ","Czechia",181.000000000,""
"Antimicrobial resistance","Staphylococcus aureus|Meticillin (MRSA)","R - resistant isolates","N","2022","DE","Germany",753.000000000,""
"Antimicrobial resistance","Staphylococcus aureus|Meticillin (MRSA)","R - resistant isolates","N","2022","DK","Denmark",36.000000000,""
"Antimicrobial resistance","Staphylococcus aureus|Meticillin (MRSA)","R - resistant isolates","N","2022","EE","Estonia",9.000000000,""
"Antimicrobial resistance","Staphylococcus aureus|Meticillin (MRSA)","R - resistant isolates","N","2022","EL","Greece",358.000000000,""
"Antimicrobial resistance","Staphylococcus aureus|Meticillin (MRSA)","R - resistant isolates","N","2022","ES","Spain",646.000000000,""
"Antimicrobial resistance","Staphylococcus aureus|Meticillin (MRSA)","R - resistant isolates","N","2022","FI","Finland",55.000000000,""
"Antimicrobial resistance","Staphylococcus aureus|Meticillin (MRSA)","R - resistant isolates","N","2022","FR","France",1109.000000000,""
"Antimicrobial resistance","Staphylococcus aureus|Meticillin (MRSA)","R - resistant isolates","N","2022","HR","Croatia",190.000000000,""
"Antimicrobial resistance","Staphylococcus aureus|Meticillin (MRSA)","R - resistant isolates","N","2022","HU","Hungary",433.000000000,""
"Antimicrobial resistance","Staphylococcus aureus|Meticillin (MRSA)","R - resistant isolates","N","2022","IE","Ireland",123.000000000,""
"Antimicrobial resistance","Staphylococcus aureus|Meticillin (MRSA)","R - resistant isolates","N","2022","IS","Iceland",4.000000000,""
"Antimicrobial resistance","Staphylococcus aureus|Meticillin (MRSA)","R - resistant isolates","N","2022","IT","Italy",4208.000000000,""
"Antimicrobial resistance","Staphylococcus aureus|Meticillin (MRSA)","R - resistant isolates","N","2022","LI","Liechtenstein",1.000000000,""
"Antimicrobial resistance","Staphylococcus aureus|Meticillin (MRSA)","R - resistant isolates","N","2022","LT","Lithuania",78.000000000,""
"Antimicrobial resistance","Staphylococcus aureus|Meticillin (MRSA)","R - resistant isolates","N","2022","LU","Luxembourg",11.000000000,""
"Antimicrobial resistance","Staphylococcus aureus|Meticillin (MRSA)","R - resistant isolates","N","2022","LV","Latvia",37.000000000,""
"Antimicrobial resistance","Staphylococcus aureus|Meticillin (MRSA)","R - resistant isolates","N","2022","MT","Malta",22.000000000,""
"Antimicrobial resistance","Staphylococcus aureus|Meticillin (MRSA)","R - resistant isolates","N","2022","NL","Netherlands",68.000000000,""
"Antimicrobial resistance","Staphylococcus aureus|Meticillin (MRSA)","R - resistant isolates","N","2022","NO","Norway",20.000000000,""
"Antimicrobial resistance","Staphylococcus aureus|Meticillin (MRSA)","R - resistant isolates","N","2022","PL","Poland",265.000000000,""
"Antimicrobial resistance","Staphylococcus aureus|Meticillin (MRSA)","R - resistant isolates","N","2022","PT","Portugal",885.000000000,""
"Antimicrobial resistance","Staphylococcus aureus|Meticillin (MRSA)","R - resistant isolates","N","2022","RO","Romania",232.000000000,""
"Antimicrobial resistance","Staphylococcus aureus|Meticillin (MRSA)","R - resistant isolates","N","2022","SE","Sweden",147.000000000,""
"Antimicrobial resistance","Staphylococcus aureus|Meticillin (MRSA)","R - resistant isolates","N","2022","SI","Slovenia",56.000000000,""
"Antimicrobial resistance","Staphylococcus aureus|Meticillin (MRSA)","R - resistant isolates","N","2022","SK","Slovakia",104.000000000,""
"Antimicrobial resistance","Staphylococcus aureus|Meticillin (MRSA)","R - resistant isolates","N","2023","AT","Austria",148.000000000,""
"Antimicrobial resistance","Staphylococcus aureus|Meticillin (MRSA)","R - resistant isolates","N","2023","BE","Belgium",102.000000000,""
"Antimicrobial resistance","Staphylococcus aureus|Meticillin (MRSA)","R - resistant isolates","N","2023","BG","Bulgaria",46.000000000,""
"Antimicrobial resistance","Staphylococcus aureus|Meticillin (MRSA)","R - resistant isolates","N","2023","CY","Cyprus",117.000000000,""
"Antimicrobial resistance","Staphylococcus aureus|Meticillin (MRSA)","R - resistant isolates","N","2023","CZ","Czechia",221.000000000,""
"Antimicrobial resistance","Staphylococcus aureus|Meticillin (MRSA)","R - resistant isolates","N","2023","DE","Germany",840.000000000,""
"Antimicrobial resistance","Staphylococcus aureus|Meticillin (MRSA)","R - resistant isolates","N","2023","DK","Denmark",28.000000000,""
"Antimicrobial resistance","Staphylococcus aureus|Meticillin (MRSA)","R - resistant isolates","N","2023","EE","Estonia",9.000000000,""
"Antimicrobial resistance","Staphylococcus aureus|Meticillin (MRSA)","R - resistant isolates","N","2023","EL","Greece",461.000000000,""
"Antimicrobial resistance","Staphylococcus aureus|Meticillin (MRSA)","R - resistant isolates","N","2023","ES","Spain",578.000000000,""
"Antimicrobial resistance","Staphylococcus aureus|Meticillin (MRSA)","R - resistant isolates","N","2023","FI","Finland",60.000000000,""
"Antimicrobial resistance","Staphylococcus aureus|Meticillin (MRSA)","R - resistant isolates","N","2023","HR","Croatia",220.000000000,""
"Antimicrobial resistance","Staphylococcus aureus|Meticillin (MRSA)","R - resistant isolates","N","2023","HU","Hungary",419.000000000,""
"Antimicrobial resistance","Staphylococcus aureus|Meticillin (MRSA)","R - resistant isolates","N","2023","IE","Ireland",120.000000000,""
"Antimicrobial resistance","Staphylococcus aureus|Meticillin (MRSA)","R - resistant isolates","N","2023","IS","Iceland",8.000000000,""
"Antimicrobial resistance","Staphylococcus aureus|Meticillin (MRSA)","R - resistant isolates","N","2023","IT","Italy",3962.000000000,""
"Antimicrobial resistance","Staphylococcus aureus|Meticillin (MRSA)","R - resistant isolates","N","2023","LI","Liechtenstein",0.000000000,""
"Antimicrobial resistance","Staphylococcus aureus|Meticillin (MRSA)","R - resistant isolates","N","2023","LT","Lithuania",70.000000000,""
"Antimicrobial resistance","Staphylococcus aureus|Meticillin (MRSA)","R - resistant isolates","N","2023","LU","Luxembourg",11.000000000,""
"Antimicrobial resistance","Staphylococcus aureus|Meticillin (MRSA)","R - resistant isolates","N","2023","LV","Latvia",25.000000000,""
"Antimicrobial resistance","Staphylococcus aureus|Meticillin (MRSA)","R - resistant isolates","N","2023","MT","Malta",16.000000000,""
"Antimicrobial resistance","Staphylococcus aureus|Meticillin (MRSA)","R - resistant isolates","N","2023","NL","Netherlands",66.000000000,""
"Antimicrobial resistance","Staphylococcus aureus|Meticillin (MRSA)","R - resistant isolates","N","2023","NO","Norway",33.000000000,""
"Antimicrobial resistance","Staphylococcus aureus|Meticillin (MRSA)","R - resistant isolates","N","2023","PL","Poland",272.000000000,""
"Antimicrobial resistance","Staphylococcus aureus|Meticillin (MRSA)","R - resistant isolates","N","2023","PT","Portugal",758.000000000,""
"Antimicrobial resistance","Staphylococcus aureus|Meticillin (MRSA)","R - resistant isolates","N","2023","RO","Romania",297.000000000,""
"Antimicrobial resistance","Staphylococcus aureus|Meticillin (MRSA)","R - resistant isolates","N","2023","SE","Sweden",168.000000000,""
"Antimicrobial resistance","Staphylococcus aureus|Meticillin (MRSA)","R - resistant isolates","N","2023","SI","Slovenia",68.000000000,""
"Antimicrobial resistance","Staphylococcus aureus|Meticillin (MRSA)","R - resistant isolates","N","2023","SK","Slovakia",60.000000000,""
"Antimicrobial resistance","Staphylococcus aureus|Meticillin (MRSA)","R - resistant isolates","N","2024","AT","Austria",182.000000000,""
"Antimicrobial resistance","Staphylococcus aureus|Meticillin (MRSA)","R - resistant isolates","N","2024","BE","Belgium",140.000000000,""
"Antimicrobial resistance","Staphylococcus aureus|Meticillin (MRSA)","R - resistant isolates","N","2024","BG","Bulgaria",35.000000000,""
"Antimicrobial resistance","Staphylococcus aureus|Meticillin (MRSA)","R - resistant isolates","N","2024","CY","Cyprus",108.000000000,""
"Antimicrobial resistance","Staphylococcus aureus|Meticillin (MRSA)","R - resistant isolates","N","2024","CZ","Czechia",213.000000000,""
"Antimicrobial resistance","Staphylococcus aureus|Meticillin (MRSA)","R - resistant isolates","N","2024","DE","Germany",1013.000000000,""
"Antimicrobial resistance","Staphylococcus aureus|Meticillin (MRSA)","R - resistant isolates","N","2024","DK","Denmark",33.000000000,""
"Antimicrobial resistance","Staphylococcus aureus|Meticillin (MRSA)","R - resistant isolates","N","2024","EE","Estonia",15.000000000,""
"Antimicrobial resistance","Staphylococcus aureus|Meticillin (MRSA)","R - resistant isolates","N","2024","EL","Greece",392.000000000,""
"Antimicrobial resistance","Staphylococcus aureus|Meticillin (MRSA)","R - resistant isolates","N","2024","ES","Spain",550.000000000,""
"Antimicrobial resistance","Staphylococcus aureus|Meticillin (MRSA)","R - resistant isolates","N","2024","FI","Finland",85.000000000,""
"Antimicrobial resistance","Staphylococcus aureus|Meticillin (MRSA)","R - resistant isolates","N","2024","FR","France",1195.000000000,""
"Antimicrobial resistance","Staphylococcus aureus|Meticillin (MRSA)","R - resistant isolates","N","2024","HR","Croatia",175.000000000,""
"Antimicrobial resistance","Staphylococcus aureus|Meticillin (MRSA)","R - resistant isolates","N","2024","HU","Hungary",381.000000000,""
"Antimicrobial resistance","Staphylococcus aureus|Meticillin (MRSA)","R - resistant isolates","N","2024","IE","Ireland",117.000000000,""
"Antimicrobial resistance","Staphylococcus aureus|Meticillin (MRSA)","R - resistant isolates","N","2024","IS","Iceland",8.000000000,""
"Antimicrobial resistance","Staphylococcus aureus|Meticillin (MRSA)","R - resistant isolates","N","2024","IT","Italy",4163.000000000,""
"Antimicrobial resistance","Staphylococcus aureus|Meticillin (MRSA)","R - resistant isolates","N","2024","LI","Liechtenstein",1.000000000,""
"Antimicrobial resistance","Staphylococcus aureus|Meticillin (MRSA)","R - resistant isolates","N","2024","LT","Lithuania",93.000000000,""
"Antimicrobial resistance","Staphylococcus aureus|Meticillin (MRSA)","R - resistant isolates","N","2024","LU","Luxembourg",10.000000000,""
"Antimicrobial resistance","Staphylococcus aureus|Meticillin (MRSA)","R - resistant isolates","N","2024","LV","Latvia",33.000000000,""
"Antimicrobial resistance","Staphylococcus aureus|Meticillin (MRSA)","R - resistant isolates","N","2024","MT","Malta",16.000000000,""
"Antimicrobial resistance","Staphylococcus aureus|Meticillin (MRSA)","R - resistant isolates","N","2024","NL","Netherlands",82.000000000,""
"Antimicrobial resistance","Staphylococcus aureus|Meticillin (MRSA)","R - resistant isolates","N","2024","NO","Norway",36.000000000,""
"Antimicrobial resistance","Staphylococcus aureus|Meticillin (MRSA)","R - resistant isolates","N","2024","PL","Poland",251.000000000,""
"Antimicrobial resistance","Staphylococcus aureus|Meticillin (MRSA)","R - resistant isolates","N","2024","PT","Portugal",857.000000000,""
"Antimicrobial resistance","Staphylococcus aureus|Meticillin (MRSA)","R - resistant isolates","N","2024","RO","Romania",376.000000000,""
"Antimicrobial resistance","Staphylococcus aureus|Meticillin (MRSA)","R - resistant isolates","N","2024","SE","Sweden",194.000000000,""
"Antimicrobial resistance","Staphylococcus aureus|Meticillin (MRSA)","R - resistant isolates","N","2024","SI","Slovenia",59.000000000,""
"Antimicrobial resistance","Staphylococcus aureus|Meticillin (MRSA)","R - resistant isolates","N","2024","SK","Slovakia",94.000000000,""
"Antimicrobial resistance","Staphylococcus aureus|Meticillin (MRSA)","R - resistant isolates, percentage  ","%","2000","AT","Austria",17.801047120,""
"Antimicrobial resistance","Staphylococcus aureus|Meticillin (MRSA)","R - resistant isolates, percentage  ","%","2000","BE","Belgium",20.852359200,""
"Antimicrobial resistance","Staphylococcus aureus|Meticillin (MRSA)","R - resistant isolates, percentage  ","%","2000","BG","Bulgaria",40.196078430,""
"Antimicrobial resistance","Staphylococcus aureus|Meticillin (MRSA)","R - resistant isolates, percentage  ","%","2000","CZ","Czechia",4.271844660,""
"Antimicrobial resistance","Staphylococcus aureus|Meticillin (MRSA)","R - resistant isolates, percentage  ","%","2000","DE","Germany",12.471910110,""
"Antimicrobial resistance","Staphylococcus aureus|Meticillin (MRSA)","R - resistant isolates, percentage  ","%","2000","DK","Denmark",0.199600790,""
"Antimicrobial resistance","Staphylococcus aureus|Meticillin (MRSA)","R - resistant isolates, percentage  ","%","2000","EL","Greece",49.726775950,""
"Antimicrobial resistance","Staphylococcus aureus|Meticillin (MRSA)","R - resistant isolates, percentage  ","%","2000","ES","Spain",29.404900810,""
"Antimicrobial resistance","Staphylococcus aureus|Meticillin (MRSA)","R - resistant isolates, percentage  ","%","2000","FI","Finland",1.362397820,""
"Antimicrobial resistance","Staphylococcus aureus|Meticillin (MRSA)","R - resistant isolates, percentage  ","%","2000","IE","Ireland",37.964774950,""
"Antimicrobial resistance","Staphylococcus aureus|Meticillin (MRSA)","R - resistant isolates, percentage  ","%","2000","IS","Iceland",2.500000000,""
"Antimicrobial resistance","Staphylococcus aureus|Meticillin (MRSA)","R - resistant isolates, percentage  ","%","2000","IT","Italy",44.255319140,""
"Antimicrobial resistance","Staphylococcus aureus|Meticillin (MRSA)","R - resistant isolates, percentage  ","%","2000","LU","Luxembourg",17.910447760,""
"Antimicrobial resistance","Staphylococcus aureus|Meticillin (MRSA)","R - resistant isolates, percentage  ","%","2000","MT","Malta",35.526315780,""
"Antimicrobial resistance","Staphylococcus aureus|Meticillin (MRSA)","R - resistant isolates, percentage  ","%","2000","NL","Netherlands",0.269541770,""
"Antimicrobial resistance","Staphylococcus aureus|Meticillin (MRSA)","R - resistant isolates, percentage  ","%","2000","NO","Norway",0.000000000,""
"Antimicrobial resistance","Staphylococcus aureus|Meticillin (MRSA)","R - resistant isolates, percentage  ","%","2000","PT","Portugal",25.165562910,""
"Antimicrobial resistance","Staphylococcus aureus|Meticillin (MRSA)","R - resistant isolates, percentage  ","%","2000","SE","Sweden",0.608930980,""
"Antimicrobial resistance","Staphylococcus aureus|Meticillin (MRSA)","R - resistant isolates, percentage  ","%","2000","SI","Slovenia",21.052631570,""
"Antimicrobial resistance","Staphylococcus aureus|Meticillin (MRSA)","R - resistant isolates, percentage  ","%","2000","UK","United Kingdom",41.437632130,""
"Antimicrobial resistance","Staphylococcus aureus|Meticillin (MRSA)","R - resistant isolates, percentage  ","%","2001","AT","Austria",7.553956830,""
"Antimicrobial resistance","Staphylococcus aureus|Meticillin (MRSA)","R - resistant isolates, percentage  ","%","2001","BE","Belgium",22.529224220,""
"Antimicrobial resistance","Staphylococcus aureus|Meticillin (MRSA)","R - resistant isolates, percentage  ","%","2001","BG","Bulgaria",27.184466010,""
"Antimicrobial resistance","Staphylococcus aureus|Meticillin (MRSA)","R - resistant isolates, percentage  ","%","2001","CZ","Czechia",5.860465110,""
"Antimicrobial resistance","Staphylococcus aureus|Meticillin (MRSA)","R - resistant isolates, percentage  ","%","2001","DE","Germany",15.655737700,""
"Antimicrobial resistance","Staphylococcus aureus|Meticillin (MRSA)","R - resistant isolates, percentage  ","%","2001","DK","Denmark",0.769230760,""
"Antimicrobial resistance","Staphylococcus aureus|Meticillin (MRSA)","R - resistant isolates, percentage  ","%","2001","EE","Estonia",5.063291130,""
"Antimicrobial resistance","Staphylococcus aureus|Meticillin (MRSA)","R - resistant isolates, percentage  ","%","2001","EL","Greece",39.889196670,""
"Antimicrobial resistance","Staphylococcus aureus|Meticillin (MRSA)","R - resistant isolates, percentage  ","%","2001","ES","Spain",24.446786090,""
"Antimicrobial resistance","Staphylococcus aureus|Meticillin (MRSA)","R - resistant isolates, percentage  ","%","2001","FI","Finland",0.825082500,""
"Antimicrobial resistance","Staphylococcus aureus|Meticillin (MRSA)","R - resistant isolates, percentage  ","%","2001","FR","France",33.372228700,""
"Antimicrobial resistance","Staphylococcus aureus|Meticillin (MRSA)","R - resistant isolates, percentage  ","%","2001","HR","Croatia",31.543624160,""
"Antimicrobial resistance","Staphylococcus aureus|Meticillin (MRSA)","R - resistant isolates, percentage  ","%","2001","HU","Hungary",4.651162790,""
"Antimicrobial resistance","Staphylococcus aureus|Meticillin (MRSA)","R - resistant isolates, percentage  ","%","2001","IE","Ireland",42.612752720,""
"Antimicrobial resistance","Staphylococcus aureus|Meticillin (MRSA)","R - resistant isolates, percentage  ","%","2001","IS","Iceland",0.000000000,""
"Antimicrobial resistance","Staphylococcus aureus|Meticillin (MRSA)","R - resistant isolates, percentage  ","%","2001","IT","Italy",41.001191890,""
"Antimicrobial resistance","Staphylococcus aureus|Meticillin (MRSA)","R - resistant isolates, percentage  ","%","2001","LU","Luxembourg",20.000000000,""
"Antimicrobial resistance","Staphylococcus aureus|Meticillin (MRSA)","R - resistant isolates, percentage  ","%","2001","MT","Malta",53.658536580,""
"Antimicrobial resistance","Staphylococcus aureus|Meticillin (MRSA)","R - resistant isolates, percentage  ","%","2001","NL","Netherlands",0.565885200,""
"Antimicrobial resistance","Staphylococcus aureus|Meticillin (MRSA)","R - resistant isolates, percentage  ","%","2001","NO","Norway",0.486618000,""
"Antimicrobial resistance","Staphylococcus aureus|Meticillin (MRSA)","R - resistant isolates, percentage  ","%","2001","PL","Poland",15.231788070,""
"Antimicrobial resistance","Staphylococcus aureus|Meticillin (MRSA)","R - resistant isolates, percentage  ","%","2001","PT","Portugal",31.861804220,""
"Antimicrobial resistance","Staphylococcus aureus|Meticillin (MRSA)","R - resistant isolates, percentage  ","%","2001","SE","Sweden",0.857317810,""
"Antimicrobial resistance","Staphylococcus aureus|Meticillin (MRSA)","R - resistant isolates, percentage  ","%","2001","SI","Slovenia",19.629629620,""
"Antimicrobial resistance","Staphylococcus aureus|Meticillin (MRSA)","R - resistant isolates, percentage  ","%","2001","SK","Slovakia",5.405405400,""
"Antimicrobial resistance","Staphylococcus aureus|Meticillin (MRSA)","R - resistant isolates, percentage  ","%","2001","UK","United Kingdom",47.257383960,""
"Antimicrobial resistance","Staphylococcus aureus|Meticillin (MRSA)","R - resistant isolates, percentage  ","%","2002","AT","Austria",12.087912080,""
"Antimicrobial resistance","Staphylococcus aureus|Meticillin (MRSA)","R - resistant isolates, percentage  ","%","2002","BE","Belgium",28.296703290,""
"Antimicrobial resistance","Staphylococcus aureus|Meticillin (MRSA)","R - resistant isolates, percentage  ","%","2002","BG","Bulgaria",32.758620680,""
"Antimicrobial resistance","Staphylococcus aureus|Meticillin (MRSA)","R - resistant isolates, percentage  ","%","2002","CZ","Czechia",5.907534240,""
"Antimicrobial resistance","Staphylococcus aureus|Meticillin (MRSA)","R - resistant isolates, percentage  ","%","2002","DE","Germany",18.480300180,""
"Antimicrobial resistance","Staphylococcus aureus|Meticillin (MRSA)","R - resistant isolates, percentage  ","%","2002","DK","Denmark",0.930851060,""
"Antimicrobial resistance","Staphylococcus aureus|Meticillin (MRSA)","R - resistant isolates, percentage  ","%","2002","EE","Estonia",1.219512190,""
"Antimicrobial resistance","Staphylococcus aureus|Meticillin (MRSA)","R - resistant isolates, percentage  ","%","2002","EL","Greece",44.021739130,""
"Antimicrobial resistance","Staphylococcus aureus|Meticillin (MRSA)","R - resistant isolates, percentage  ","%","2002","ES","Spain",23.327759190,""
"Antimicrobial resistance","Staphylococcus aureus|Meticillin (MRSA)","R - resistant isolates, percentage  ","%","2002","FI","Finland",0.832177530,""
"Antimicrobial resistance","Staphylococcus aureus|Meticillin (MRSA)","R - resistant isolates, percentage  ","%","2002","FR","France",32.952495490,""
"Antimicrobial resistance","Staphylococcus aureus|Meticillin (MRSA)","R - resistant isolates, percentage  ","%","2002","HR","Croatia",36.917562720,""
"Antimicrobial resistance","Staphylococcus aureus|Meticillin (MRSA)","R - resistant isolates, percentage  ","%","2002","HU","Hungary",8.958837770,""
"Antimicrobial resistance","Staphylococcus aureus|Meticillin (MRSA)","R - resistant isolates, percentage  ","%","2002","IE","Ireland",42.484969930,""
"Antimicrobial resistance","Staphylococcus aureus|Meticillin (MRSA)","R - resistant isolates, percentage  ","%","2002","IS","Iceland",0.000000000,""
"Antimicrobial resistance","Staphylococcus aureus|Meticillin (MRSA)","R - resistant isolates, percentage  ","%","2002","IT","Italy",38.198064030,""
"Antimicrobial resistance","Staphylococcus aureus|Meticillin (MRSA)","R - resistant isolates, percentage  ","%","2002","LU","Luxembourg",14.736842100,""
"Antimicrobial resistance","Staphylococcus aureus|Meticillin (MRSA)","R - resistant isolates, percentage  ","%","2002","MT","Malta",42.528735630,""
"Antimicrobial resistance","Staphylococcus aureus|Meticillin (MRSA)","R - resistant isolates, percentage  ","%","2002","NL","Netherlands",0.944669360,""
"Antimicrobial resistance","Staphylococcus aureus|Meticillin (MRSA)","R - resistant isolates, percentage  ","%","2002","NO","Norway",0.199203180,""
"Antimicrobial resistance","Staphylococcus aureus|Meticillin (MRSA)","R - resistant isolates, percentage  ","%","2002","PL","Poland",23.118279560,""
"Antimicrobial resistance","Staphylococcus aureus|Meticillin (MRSA)","R - resistant isolates, percentage  ","%","2002","PT","Portugal",38.121546960,""
"Antimicrobial resistance","Staphylococcus aureus|Meticillin (MRSA)","R - resistant isolates, percentage  ","%","2002","RO","Romania",36.250000000,""
"Antimicrobial resistance","Staphylococcus aureus|Meticillin (MRSA)","R - resistant isolates, percentage  ","%","2002","SE","Sweden",0.653594770,""
"Antimicrobial resistance","Staphylococcus aureus|Meticillin (MRSA)","R - resistant isolates, percentage  ","%","2002","SI","Slovenia",13.768115940,""
"Antimicrobial resistance","Staphylococcus aureus|Meticillin (MRSA)","R - resistant isolates, percentage  ","%","2002","SK","Slovakia",8.494208490,""
"Antimicrobial resistance","Staphylococcus aureus|Meticillin (MRSA)","R - resistant isolates, percentage  ","%","2002","UK","United Kingdom",46.662468510,""
"Antimicrobial resistance","Staphylococcus aureus|Meticillin (MRSA)","R - resistant isolates, percentage  ","%","2003","AT","Austria",15.384615380,""
"Antimicrobial resistance","Staphylococcus aureus|Meticillin (MRSA)","R - resistant isolates, percentage  ","%","2003","BE","Belgium",29.479258600,""
"Antimicrobial resistance","Staphylococcus aureus|Meticillin (MRSA)","R - resistant isolates, percentage  ","%","2003","BG","Bulgaria",31.210191080,""
"Antimicrobial resistance","Staphylococcus aureus|Meticillin (MRSA)","R - resistant isolates, percentage  ","%","2003","CY","Cyprus",64.285714280,""
"Antimicrobial resistance","Staphylococcus aureus|Meticillin (MRSA)","R - resistant isolates, percentage  ","%","2003","CZ","Czechia",6.128334530,""
"Antimicrobial resistance","Staphylococcus aureus|Meticillin (MRSA)","R - resistant isolates, percentage  ","%","2003","DE","Germany",18.280739930,""
"Antimicrobial resistance","Staphylococcus aureus|Meticillin (MRSA)","R - resistant isolates, percentage  ","%","2003","DK","Denmark",0.596125180,""
"Antimicrobial resistance","Staphylococcus aureus|Meticillin (MRSA)","R - resistant isolates, percentage  ","%","2003","EE","Estonia",4.081632650,""
"Antimicrobial resistance","Staphylococcus aureus|Meticillin (MRSA)","R - resistant isolates, percentage  ","%","2003","EL","Greece",45.195195190,""
"Antimicrobial resistance","Staphylococcus aureus|Meticillin (MRSA)","R - resistant isolates, percentage  ","%","2003","ES","Spain",24.011502510,""
"Antimicrobial resistance","Staphylococcus aureus|Meticillin (MRSA)","R - resistant isolates, percentage  ","%","2003","FI","Finland",1.375515810,""
"Antimicrobial resistance","Staphylococcus aureus|Meticillin (MRSA)","R - resistant isolates, percentage  ","%","2003","FR","France",28.805620600,""
"Antimicrobial resistance","Staphylococcus aureus|Meticillin (MRSA)","R - resistant isolates, percentage  ","%","2003","HR","Croatia",36.944444440,""
"Antimicrobial resistance","Staphylococcus aureus|Meticillin (MRSA)","R - resistant isolates, percentage  ","%","2003","HU","Hungary",14.918414910,""
"Antimicrobial resistance","Staphylococcus aureus|Meticillin (MRSA)","R - resistant isolates, percentage  ","%","2003","IE","Ireland",42.238267140,""
"Antimicrobial resistance","Staphylococcus aureus|Meticillin (MRSA)","R - resistant isolates, percentage  ","%","2003","IS","Iceland",0.000000000,""
"Antimicrobial resistance","Staphylococcus aureus|Meticillin (MRSA)","R - resistant isolates, percentage  ","%","2003","IT","Italy",39.385665520,""
"Antimicrobial resistance","Staphylococcus aureus|Meticillin (MRSA)","R - resistant isolates, percentage  ","%","2003","LU","Luxembourg",21.052631570,""
"Antimicrobial resistance","Staphylococcus aureus|Meticillin (MRSA)","R - resistant isolates, percentage  ","%","2003","MT","Malta",42.975206610,""
"Antimicrobial resistance","Staphylococcus aureus|Meticillin (MRSA)","R - resistant isolates, percentage  ","%","2003","NL","Netherlands",1.027146000,""
"Antimicrobial resistance","Staphylococcus aureus|Meticillin (MRSA)","R - resistant isolates, percentage  ","%","2003","NO","Norway",0.396825390,""
"Antimicrobial resistance","Staphylococcus aureus|Meticillin (MRSA)","R - resistant isolates, percentage  ","%","2003","PL","Poland",19.277108430,""
"Antimicrobial resistance","Staphylococcus aureus|Meticillin (MRSA)","R - resistant isolates, percentage  ","%","2003","PT","Portugal",45.498547910,""
"Antimicrobial resistance","Staphylococcus aureus|Meticillin (MRSA)","R - resistant isolates, percentage  ","%","2003","RO","Romania",45.882352940,""
"Antimicrobial resistance","Staphylococcus aureus|Meticillin (MRSA)","R - resistant isolates, percentage  ","%","2003","SE","Sweden",0.862533690,""
"Antimicrobial resistance","Staphylococcus aureus|Meticillin (MRSA)","R - resistant isolates, percentage  ","%","2003","SI","Slovenia",12.709030100,""
"Antimicrobial resistance","Staphylococcus aureus|Meticillin (MRSA)","R - resistant isolates, percentage  ","%","2003","SK","Slovakia",12.639405200,""
"Antimicrobial resistance","Staphylococcus aureus|Meticillin (MRSA)","R - resistant isolates, percentage  ","%","2003","UK","United Kingdom",44.015882010,""
"Antimicrobial resistance","Staphylococcus aureus|Meticillin (MRSA)","R - resistant isolates, percentage  ","%","2004","AT","Austria",14.366197180,""
"Antimicrobial resistance","Staphylococcus aureus|Meticillin (MRSA)","R - resistant isolates, percentage  ","%","2004","BE","Belgium",33.251833740,""
"Antimicrobial resistance","Staphylococcus aureus|Meticillin (MRSA)","R - resistant isolates, percentage  ","%","2004","BG","Bulgaria",23.529411760,""
"Antimicrobial resistance","Staphylococcus aureus|Meticillin (MRSA)","R - resistant isolates, percentage  ","%","2004","CY","Cyprus",48.717948710,""
"Antimicrobial resistance","Staphylococcus aureus|Meticillin (MRSA)","R - resistant isolates, percentage  ","%","2004","CZ","Czechia",8.518005540,""
"Antimicrobial resistance","Staphylococcus aureus|Meticillin (MRSA)","R - resistant isolates, percentage  ","%","2004","DE","Germany",19.529837250,""
"Antimicrobial resistance","Staphylococcus aureus|Meticillin (MRSA)","R - resistant isolates, percentage  ","%","2004","DK","Denmark",1.253481890,""
"Antimicrobial resistance","Staphylococcus aureus|Meticillin (MRSA)","R - resistant isolates, percentage  ","%","2004","EE","Estonia",4.807692300,""
"Antimicrobial resistance","Staphylococcus aureus|Meticillin (MRSA)","R - resistant isolates, percentage  ","%","2004","EL","Greece",44.334975360,""
"Antimicrobial resistance","Staphylococcus aureus|Meticillin (MRSA)","R - resistant isolates, percentage  ","%","2004","ES","Spain",26.277850580,""
"Antimicrobial resistance","Staphylococcus aureus|Meticillin (MRSA)","R - resistant isolates, percentage  ","%","2004","FI","Finland",3.061224480,""
"Antimicrobial resistance","Staphylococcus aureus|Meticillin (MRSA)","R - resistant isolates, percentage  ","%","2004","FR","France",28.592769640,""
"Antimicrobial resistance","Staphylococcus aureus|Meticillin (MRSA)","R - resistant isolates, percentage  ","%","2004","HR","Croatia",37.500000000,""
"Antimicrobial resistance","Staphylococcus aureus|Meticillin (MRSA)","R - resistant isolates, percentage  ","%","2004","HU","Hungary",16.666666660,""
"Antimicrobial resistance","Staphylococcus aureus|Meticillin (MRSA)","R - resistant isolates, percentage  ","%","2004","IE","Ireland",41.446345250,""
"Antimicrobial resistance","Staphylococcus aureus|Meticillin (MRSA)","R - resistant isolates, percentage  ","%","2004","IS","Iceland",0.000000000,""
"Antimicrobial resistance","Staphylococcus aureus|Meticillin (MRSA)","R - resistant isolates, percentage  ","%","2004","IT","Italy",39.786710410,""
"Antimicrobial resistance","Staphylococcus aureus|Meticillin (MRSA)","R - resistant isolates, percentage  ","%","2004","LU","Luxembourg",15.625000000,""
"Antimicrobial resistance","Staphylococcus aureus|Meticillin (MRSA)","R - resistant isolates, percentage  ","%","2004","LV","Latvia",25.287356320,""
"Antimicrobial resistance","Staphylococcus aureus|Meticillin (MRSA)","R - resistant isolates, percentage  ","%","2004","MT","Malta",56.382978720,""
"Antimicrobial resistance","Staphylococcus aureus|Meticillin (MRSA)","R - resistant isolates, percentage  ","%","2004","NL","Netherlands",1.122754490,""
"Antimicrobial resistance","Staphylococcus aureus|Meticillin (MRSA)","R - resistant isolates, percentage  ","%","2004","NO","Norway",0.776699020,""
"Antimicrobial resistance","Staphylococcus aureus|Meticillin (MRSA)","R - resistant isolates, percentage  ","%","2004","PL","Poland",19.465648850,""
"Antimicrobial resistance","Staphylococcus aureus|Meticillin (MRSA)","R - resistant isolates, percentage  ","%","2004","PT","Portugal",46.095954840,""
"Antimicrobial resistance","Staphylococcus aureus|Meticillin (MRSA)","R - resistant isolates, percentage  ","%","2004","RO","Romania",70.526315780,""
"Antimicrobial resistance","Staphylococcus aureus|Meticillin (MRSA)","R - resistant isolates, percentage  ","%","2004","SE","Sweden",0.734522560,""
"Antimicrobial resistance","Staphylococcus aureus|Meticillin (MRSA)","R - resistant isolates, percentage  ","%","2004","SI","Slovenia",11.815561950,""
"Antimicrobial resistance","Staphylococcus aureus|Meticillin (MRSA)","R - resistant isolates, percentage  ","%","2004","SK","Slovakia",19.031141860,""
"Antimicrobial resistance","Staphylococcus aureus|Meticillin (MRSA)","R - resistant isolates, percentage  ","%","2004","UK","United Kingdom",43.648116910,""
"Antimicrobial resistance","Staphylococcus aureus|Meticillin (MRSA)","R - resistant isolates, percentage  ","%","2005","AT","Austria",13.654891300,""
"Antimicrobial resistance","Staphylococcus aureus|Meticillin (MRSA)","R - resistant isolates, percentage  ","%","2005","BE","Belgium",31.393129770,""
"Antimicrobial resistance","Staphylococcus aureus|Meticillin (MRSA)","R - resistant isolates, percentage  ","%","2005","BG","Bulgaria",30.000000000,""
"Antimicrobial resistance","Staphylococcus aureus|Meticillin (MRSA)","R - resistant isolates, percentage  ","%","2005","CY","Cyprus",55.555555550,""
"Antimicrobial resistance","Staphylococcus aureus|Meticillin (MRSA)","R - resistant isolates, percentage  ","%","2005","CZ","Czechia",12.878300060,""
"Antimicrobial resistance","Staphylococcus aureus|Meticillin (MRSA)","R - resistant isolates, percentage  ","%","2005","DE","Germany",21.428571420,""
"Antimicrobial resistance","Staphylococcus aureus|Meticillin (MRSA)","R - resistant isolates, percentage  ","%","2005","DK","Denmark",1.555555550,""
"Antimicrobial resistance","Staphylococcus aureus|Meticillin (MRSA)","R - resistant isolates, percentage  ","%","2005","EE","Estonia",2.127659570,""
"Antimicrobial resistance","Staphylococcus aureus|Meticillin (MRSA)","R - resistant isolates, percentage  ","%","2005","EL","Greece",41.997063140,""
"Antimicrobial resistance","Staphylococcus aureus|Meticillin (MRSA)","R - resistant isolates, percentage  ","%","2005","ES","Spain",27.075542250,""
"Antimicrobial resistance","Staphylococcus aureus|Meticillin (MRSA)","R - resistant isolates, percentage  ","%","2005","FI","Finland",2.911392400,""
"Antimicrobial resistance","Staphylococcus aureus|Meticillin (MRSA)","R - resistant isolates, percentage  ","%","2005","FR","France",27.246626470,""
"Antimicrobial resistance","Staphylococcus aureus|Meticillin (MRSA)","R - resistant isolates, percentage  ","%","2005","HR","Croatia",36.723163840,""
"Antimicrobial resistance","Staphylococcus aureus|Meticillin (MRSA)","R - resistant isolates, percentage  ","%","2005","HU","Hungary",19.852262230,""
"Antimicrobial resistance","Staphylococcus aureus|Meticillin (MRSA)","R - resistant isolates, percentage  ","%","2005","IE","Ireland",41.764705880,""
"Antimicrobial resistance","Staphylococcus aureus|Meticillin (MRSA)","R - resistant isolates, percentage  ","%","2005","IS","Iceland",0.000000000,""
"Antimicrobial resistance","Staphylococcus aureus|Meticillin (MRSA)","R - resistant isolates, percentage  ","%","2005","IT","Italy",37.106918230,""
"Antimicrobial resistance","Staphylococcus aureus|Meticillin (MRSA)","R - resistant isolates, percentage  ","%","2005","LU","Luxembourg",13.253012040,""
"Antimicrobial resistance","Staphylococcus aureus|Meticillin (MRSA)","R - resistant isolates, percentage  ","%","2005","LV","Latvia",19.841269840,""
"Antimicrobial resistance","Staphylococcus aureus|Meticillin (MRSA)","R - resistant isolates, percentage  ","%","2005","MT","Malta",55.844155840,""
"Antimicrobial resistance","Staphylococcus aureus|Meticillin (MRSA)","R - resistant isolates, percentage  ","%","2005","NL","Netherlands",0.923951670,""
"Antimicrobial resistance","Staphylococcus aureus|Meticillin (MRSA)","R - resistant isolates, percentage  ","%","2005","NO","Norway",0.544464600,""
"Antimicrobial resistance","Staphylococcus aureus|Meticillin (MRSA)","R - resistant isolates, percentage  ","%","2005","PL","Poland",24.242424240,""
"Antimicrobial resistance","Staphylococcus aureus|Meticillin (MRSA)","R - resistant isolates, percentage  ","%","2005","PT","Portugal",46.574154370,""
"Antimicrobial resistance","Staphylococcus aureus|Meticillin (MRSA)","R - resistant isolates, percentage  ","%","2005","RO","Romania",58.695652170,""
"Antimicrobial resistance","Staphylococcus aureus|Meticillin (MRSA)","R - resistant isolates, percentage  ","%","2005","SE","Sweden",1.014656140,""
"Antimicrobial resistance","Staphylococcus aureus|Meticillin (MRSA)","R - resistant isolates, percentage  ","%","2005","SI","Slovenia",10.315186240,""
"Antimicrobial resistance","Staphylococcus aureus|Meticillin (MRSA)","R - resistant isolates, percentage  ","%","2005","SK","Slovakia",19.047619040,""
"Antimicrobial resistance","Staphylococcus aureus|Meticillin (MRSA)","R - resistant isolates, percentage  ","%","2005","UK","United Kingdom",42.954373580,""
"Antimicrobial resistance","Staphylococcus aureus|Meticillin (MRSA)","R - resistant isolates, percentage  ","%","2006","AT","Austria",9.651802070,""
"Antimicrobial resistance","Staphylococcus aureus|Meticillin (MRSA)","R - resistant isolates, percentage  ","%","2006","BE","Belgium",21.911421910,""
"Antimicrobial resistance","Staphylococcus aureus|Meticillin (MRSA)","R - resistant isolates, percentage  ","%","2006","BG","Bulgaria",28.301886790,""
"Antimicrobial resistance","Staphylococcus aureus|Meticillin (MRSA)","R - resistant isolates, percentage  ","%","2006","CY","Cyprus",33.870967740,""
"Antimicrobial resistance","Staphylococcus aureus|Meticillin (MRSA)","R - resistant isolates, percentage  ","%","2006","CZ","Czechia",12.311722330,""
"Antimicrobial resistance","Staphylococcus aureus|Meticillin (MRSA)","R - resistant isolates, percentage  ","%","2006","DE","Germany",19.974874370,""
"Antimicrobial resistance","Staphylococcus aureus|Meticillin (MRSA)","R - resistant isolates, percentage  ","%","2006","DK","Denmark",1.720093820,""
"Antimicrobial resistance","Staphylococcus aureus|Meticillin (MRSA)","R - resistant isolates, percentage  ","%","2006","EE","Estonia",3.246753240,""
"Antimicrobial resistance","Staphylococcus aureus|Meticillin (MRSA)","R - resistant isolates, percentage  ","%","2006","EL","Greece",42.615012100,""
"Antimicrobial resistance","Staphylococcus aureus|Meticillin (MRSA)","R - resistant isolates, percentage  ","%","2006","ES","Spain",25.219150370,""
"Antimicrobial resistance","Staphylococcus aureus|Meticillin (MRSA)","R - resistant isolates, percentage  ","%","2006","FI","Finland",3.251121070,""
"Antimicrobial resistance","Staphylococcus aureus|Meticillin (MRSA)","R - resistant isolates, percentage  ","%","2006","FR","France",26.741749600,""
"Antimicrobial resistance","Staphylococcus aureus|Meticillin (MRSA)","R - resistant isolates, percentage  ","%","2006","HR","Croatia",36.317135540,""
"Antimicrobial resistance","Staphylococcus aureus|Meticillin (MRSA)","R - resistant isolates, percentage  ","%","2006","HU","Hungary",25.110913930,""
"Antimicrobial resistance","Staphylococcus aureus|Meticillin (MRSA)","R - resistant isolates, percentage  ","%","2006","IE","Ireland",42.316258350,""
"Antimicrobial resistance","Staphylococcus aureus|Meticillin (MRSA)","R - resistant isolates, percentage  ","%","2006","IS","Iceland",0.000000000,""
"Antimicrobial resistance","Staphylococcus aureus|Meticillin (MRSA)","R - resistant isolates, percentage  ","%","2006","IT","Italy",38.496376810,""
"Antimicrobial resistance","Staphylococcus aureus|Meticillin (MRSA)","R - resistant isolates, percentage  ","%","2006","LT","Lithuania",11.976047900,""
"Antimicrobial resistance","Staphylococcus aureus|Meticillin (MRSA)","R - resistant isolates, percentage  ","%","2006","LU","Luxembourg",19.480519480,""
"Antimicrobial resistance","Staphylococcus aureus|Meticillin (MRSA)","R - resistant isolates, percentage  ","%","2006","LV","Latvia",18.604651160,""
"Antimicrobial resistance","Staphylococcus aureus|Meticillin (MRSA)","R - resistant isolates, percentage  ","%","2006","MT","Malta",66.666666660,""
"Antimicrobial resistance","Staphylococcus aureus|Meticillin (MRSA)","R - resistant isolates, percentage  ","%","2006","NL","Netherlands",1.100917430,""
"Antimicrobial resistance","Staphylococcus aureus|Meticillin (MRSA)","R - resistant isolates, percentage  ","%","2006","NO","Norway",0.136239780,""
"Antimicrobial resistance","Staphylococcus aureus|Meticillin (MRSA)","R - resistant isolates, percentage  ","%","2006","PL","Poland",19.540229880,""
"Antimicrobial resistance","Staphylococcus aureus|Meticillin (MRSA)","R - resistant isolates, percentage  ","%","2006","PT","Portugal",48.085758030,""
"Antimicrobial resistance","Staphylococcus aureus|Meticillin (MRSA)","R - resistant isolates, percentage  ","%","2006","RO","Romania",53.012048190,""
"Antimicrobial resistance","Staphylococcus aureus|Meticillin (MRSA)","R - resistant isolates, percentage  ","%","2006","SE","Sweden",0.864260290,""
"Antimicrobial resistance","Staphylococcus aureus|Meticillin (MRSA)","R - resistant isolates, percentage  ","%","2006","SI","Slovenia",7.123287670,""
"Antimicrobial resistance","Staphylococcus aureus|Meticillin (MRSA)","R - resistant isolates, percentage  ","%","2006","UK","United Kingdom",42.075000000,""
"Antimicrobial resistance","Staphylococcus aureus|Meticillin (MRSA)","R - resistant isolates, percentage  ","%","2007","AT","Austria",12.707917490,""
"Antimicrobial resistance","Staphylococcus aureus|Meticillin (MRSA)","R - resistant isolates, percentage  ","%","2007","BE","Belgium",23.274853800,""
"Antimicrobial resistance","Staphylococcus aureus|Meticillin (MRSA)","R - resistant isolates, percentage  ","%","2007","BG","Bulgaria",13.223140490,""
"Antimicrobial resistance","Staphylococcus aureus|Meticillin (MRSA)","R - resistant isolates, percentage  ","%","2007","CY","Cyprus",48.235294110,""
"Antimicrobial resistance","Staphylococcus aureus|Meticillin (MRSA)","R - resistant isolates, percentage  ","%","2007","CZ","Czechia",12.885662430,""
"Antimicrobial resistance","Staphylococcus aureus|Meticillin (MRSA)","R - resistant isolates, percentage  ","%","2007","DE","Germany",16.295427900,""
"Antimicrobial resistance","Staphylococcus aureus|Meticillin (MRSA)","R - resistant isolates, percentage  ","%","2007","DK","Denmark",0.836501900,""
"Antimicrobial resistance","Staphylococcus aureus|Meticillin (MRSA)","R - resistant isolates, percentage  ","%","2007","EE","Estonia",8.252427180,""
"Antimicrobial resistance","Staphylococcus aureus|Meticillin (MRSA)","R - resistant isolates, percentage  ","%","2007","EL","Greece",48.014888330,""
"Antimicrobial resistance","Staphylococcus aureus|Meticillin (MRSA)","R - resistant isolates, percentage  ","%","2007","ES","Spain",25.456760040,""
"Antimicrobial resistance","Staphylococcus aureus|Meticillin (MRSA)","R - resistant isolates, percentage  ","%","2007","FI","Finland",1.597051590,""
"Antimicrobial resistance","Staphylococcus aureus|Meticillin (MRSA)","R - resistant isolates, percentage  ","%","2007","FR","France",25.788235290,""
"Antimicrobial resistance","Staphylococcus aureus|Meticillin (MRSA)","R - resistant isolates, percentage  ","%","2007","HR","Croatia",37.600000000,""
"Antimicrobial resistance","Staphylococcus aureus|Meticillin (MRSA)","R - resistant isolates, percentage  ","%","2007","HU","Hungary",23.269391150,""
"Antimicrobial resistance","Staphylococcus aureus|Meticillin (MRSA)","R - resistant isolates, percentage  ","%","2007","IE","Ireland",38.063063060,""
"Antimicrobial resistance","Staphylococcus aureus|Meticillin (MRSA)","R - resistant isolates, percentage  ","%","2007","IS","Iceland",0.000000000,""
"Antimicrobial resistance","Staphylococcus aureus|Meticillin (MRSA)","R - resistant isolates, percentage  ","%","2007","IT","Italy",33.711048150,""
"Antimicrobial resistance","Staphylococcus aureus|Meticillin (MRSA)","R - resistant isolates, percentage  ","%","2007","LT","Lithuania",8.750000000,""
"Antimicrobial resistance","Staphylococcus aureus|Meticillin (MRSA)","R - resistant isolates, percentage  ","%","2007","LU","Luxembourg",20.000000000,""
"Antimicrobial resistance","Staphylococcus aureus|Meticillin (MRSA)","R - resistant isolates, percentage  ","%","2007","LV","Latvia",7.692307690,""
"Antimicrobial resistance","Staphylococcus aureus|Meticillin (MRSA)","R - resistant isolates, percentage  ","%","2007","MT","Malta",52.380952380,""
"Antimicrobial resistance","Staphylococcus aureus|Meticillin (MRSA)","R - resistant isolates, percentage  ","%","2007","NL","Netherlands",1.429543900,""
"Antimicrobial resistance","Staphylococcus aureus|Meticillin (MRSA)","R - resistant isolates, percentage  ","%","2007","NO","Norway",0.126582270,""
"Antimicrobial resistance","Staphylococcus aureus|Meticillin (MRSA)","R - resistant isolates, percentage  ","%","2007","PL","Poland",15.135135130,""
"Antimicrobial resistance","Staphylococcus aureus|Meticillin (MRSA)","R - resistant isolates, percentage  ","%","2007","PT","Portugal",48.373101950,""
"Antimicrobial resistance","Staphylococcus aureus|Meticillin (MRSA)","R - resistant isolates, percentage  ","%","2007","RO","Romania",26.190476190,""
"Antimicrobial resistance","Staphylococcus aureus|Meticillin (MRSA)","R - resistant isolates, percentage  ","%","2007","SE","Sweden",0.508552930,""
"Antimicrobial resistance","Staphylococcus aureus|Meticillin (MRSA)","R - resistant isolates, percentage  ","%","2007","SI","Slovenia",8.293838860,""
"Antimicrobial resistance","Staphylococcus aureus|Meticillin (MRSA)","R - resistant isolates, percentage  ","%","2007","UK","United Kingdom",35.605903130,""
"Antimicrobial resistance","Staphylococcus aureus|Meticillin (MRSA)","R - resistant isolates, percentage  ","%","2008","AT","Austria",8.711721220,""
"Antimicrobial resistance","Staphylococcus aureus|Meticillin (MRSA)","R - resistant isolates, percentage  ","%","2008","BE","Belgium",20.640176600,""
"Antimicrobial resistance","Staphylococcus aureus|Meticillin (MRSA)","R - resistant isolates, percentage  ","%","2008","BG","Bulgaria",25.000000000,""
"Antimicrobial resistance","Staphylococcus aureus|Meticillin (MRSA)","R - resistant isolates, percentage  ","%","2008","CY","Cyprus",45.652173910,""
"Antimicrobial resistance","Staphylococcus aureus|Meticillin (MRSA)","R - resistant isolates, percentage  ","%","2008","CZ","Czechia",14.169096200,""
"Antimicrobial resistance","Staphylococcus aureus|Meticillin (MRSA)","R - resistant isolates, percentage  ","%","2008","DE","Germany",19.375573920,""
"Antimicrobial resistance","Staphylococcus aureus|Meticillin (MRSA)","R - resistant isolates, percentage  ","%","2008","DK","Denmark",2.548262540,""
"Antimicrobial resistance","Staphylococcus aureus|Meticillin (MRSA)","R - resistant isolates, percentage  ","%","2008","EE","Estonia",4.324324320,""
"Antimicrobial resistance","Staphylococcus aureus|Meticillin (MRSA)","R - resistant isolates, percentage  ","%","2008","EL","Greece",40.628637950,""
"Antimicrobial resistance","Staphylococcus aureus|Meticillin (MRSA)","R - resistant isolates, percentage  ","%","2008","ES","Spain",26.693227090,""
"Antimicrobial resistance","Staphylococcus aureus|Meticillin (MRSA)","R - resistant isolates, percentage  ","%","2008","FI","Finland",2.925243770,""
"Antimicrobial resistance","Staphylococcus aureus|Meticillin (MRSA)","R - resistant isolates, percentage  ","%","2008","FR","France",24.497257760,""
"Antimicrobial resistance","Staphylococcus aureus|Meticillin (MRSA)","R - resistant isolates, percentage  ","%","2008","HR","Croatia",35.232067510,""
"Antimicrobial resistance","Staphylococcus aureus|Meticillin (MRSA)","R - resistant isolates, percentage  ","%","2008","HU","Hungary",22.523285350,""
"Antimicrobial resistance","Staphylococcus aureus|Meticillin (MRSA)","R - resistant isolates, percentage  ","%","2008","IE","Ireland",33.091787430,""
"Antimicrobial resistance","Staphylococcus aureus|Meticillin (MRSA)","R - resistant isolates, percentage  ","%","2008","IS","Iceland",1.587301580,""
"Antimicrobial resistance","Staphylococcus aureus|Meticillin (MRSA)","R - resistant isolates, percentage  ","%","2008","IT","Italy",33.655913970,""
"Antimicrobial resistance","Staphylococcus aureus|Meticillin (MRSA)","R - resistant isolates, percentage  ","%","2008","LT","Lithuania",10.791366900,""
"Antimicrobial resistance","Staphylococcus aureus|Meticillin (MRSA)","R - resistant isolates, percentage  ","%","2008","LU","Luxembourg",9.401709400,""
"Antimicrobial resistance","Staphylococcus aureus|Meticillin (MRSA)","R - resistant isolates, percentage  ","%","2008","LV","Latvia",12.195121950,""
"Antimicrobial resistance","Staphylococcus aureus|Meticillin (MRSA)","R - resistant isolates, percentage  ","%","2008","MT","Malta",51.851851850,""
"Antimicrobial resistance","Staphylococcus aureus|Meticillin (MRSA)","R - resistant isolates, percentage  ","%","2008","NL","Netherlands",1.672862450,""
"Antimicrobial resistance","Staphylococcus aureus|Meticillin (MRSA)","R - resistant isolates, percentage  ","%","2008","NO","Norway",0.598086120,""
"Antimicrobial resistance","Staphylococcus aureus|Meticillin (MRSA)","R - resistant isolates, percentage  ","%","2008","PL","Poland",12.121212120,""
"Antimicrobial resistance","Staphylococcus aureus|Meticillin (MRSA)","R - resistant isolates, percentage  ","%","2008","PT","Portugal",52.892030840,""
"Antimicrobial resistance","Staphylococcus aureus|Meticillin (MRSA)","R - resistant isolates, percentage  ","%","2008","RO","Romania",33.333333330,""
"Antimicrobial resistance","Staphylococcus aureus|Meticillin (MRSA)","R - resistant isolates, percentage  ","%","2008","SE","Sweden",0.664176000,""
"Antimicrobial resistance","Staphylococcus aureus|Meticillin (MRSA)","R - resistant isolates, percentage  ","%","2008","SI","Slovenia",7.177033490,""
"Antimicrobial resistance","Staphylococcus aureus|Meticillin (MRSA)","R - resistant isolates, percentage  ","%","2008","UK","United Kingdom",30.716417910,""
"Antimicrobial resistance","Staphylococcus aureus|Meticillin (MRSA)","R - resistant isolates, percentage  ","%","2009","AT","Austria",6.210465780,""
"Antimicrobial resistance","Staphylococcus aureus|Meticillin (MRSA)","R - resistant isolates, percentage  ","%","2009","BE","Belgium",21.074815590,""
"Antimicrobial resistance","Staphylococcus aureus|Meticillin (MRSA)","R - resistant isolates, percentage  ","%","2009","BG","Bulgaria",15.837104070,""
"Antimicrobial resistance","Staphylococcus aureus|Meticillin (MRSA)","R - resistant isolates, percentage  ","%","2009","CY","Cyprus",40.449438200,""
"Antimicrobial resistance","Staphylococcus aureus|Meticillin (MRSA)","R - resistant isolates, percentage  ","%","2009","CZ","Czechia",14.395280230,""
"Antimicrobial resistance","Staphylococcus aureus|Meticillin (MRSA)","R - resistant isolates, percentage  ","%","2009","DE","Germany",18.355437660,""
"Antimicrobial resistance","Staphylococcus aureus|Meticillin (MRSA)","R - resistant isolates, percentage  ","%","2009","DK","Denmark",2.078853040,""
"Antimicrobial resistance","Staphylococcus aureus|Meticillin (MRSA)","R - resistant isolates, percentage  ","%","2009","EE","Estonia",3.286384970,""
"Antimicrobial resistance","Staphylococcus aureus|Meticillin (MRSA)","R - resistant isolates, percentage  ","%","2009","EL","Greece",40.361445780,""
"Antimicrobial resistance","Staphylococcus aureus|Meticillin (MRSA)","R - resistant isolates, percentage  ","%","2009","ES","Spain",25.947521860,""
"Antimicrobial resistance","Staphylococcus aureus|Meticillin (MRSA)","R - resistant isolates, percentage  ","%","2009","FI","Finland",2.453987730,""
"Antimicrobial resistance","Staphylococcus aureus|Meticillin (MRSA)","R - resistant isolates, percentage  ","%","2009","FR","France",22.754237280,""
"Antimicrobial resistance","Staphylococcus aureus|Meticillin (MRSA)","R - resistant isolates, percentage  ","%","2009","HU","Hungary",29.026217220,""
"Antimicrobial resistance","Staphylococcus aureus|Meticillin (MRSA)","R - resistant isolates, percentage  ","%","2009","IE","Ireland",26.804123710,""
"Antimicrobial resistance","Staphylococcus aureus|Meticillin (MRSA)","R - resistant isolates, percentage  ","%","2009","IS","Iceland",0.000000000,""
"Antimicrobial resistance","Staphylococcus aureus|Meticillin (MRSA)","R - resistant isolates, percentage  ","%","2009","IT","Italy",37.423312880,""
"Antimicrobial resistance","Staphylococcus aureus|Meticillin (MRSA)","R - resistant isolates, percentage  ","%","2009","LT","Lithuania",11.023622040,""
"Antimicrobial resistance","Staphylococcus aureus|Meticillin (MRSA)","R - resistant isolates, percentage  ","%","2009","LU","Luxembourg",13.274336280,""
"Antimicrobial resistance","Staphylococcus aureus|Meticillin (MRSA)","R - resistant isolates, percentage  ","%","2009","LV","Latvia",8.602150530,""
"Antimicrobial resistance","Staphylococcus aureus|Meticillin (MRSA)","R - resistant isolates, percentage  ","%","2009","MT","Malta",58.823529410,""
"Antimicrobial resistance","Staphylococcus aureus|Meticillin (MRSA)","R - resistant isolates, percentage  ","%","2009","NL","Netherlands",1.256038640,""
"Antimicrobial resistance","Staphylococcus aureus|Meticillin (MRSA)","R - resistant isolates, percentage  ","%","2009","NO","Norway",0.330760740,""
"Antimicrobial resistance","Staphylococcus aureus|Meticillin (MRSA)","R - resistant isolates, percentage  ","%","2009","PL","Poland",20.158102760,""
"Antimicrobial resistance","Staphylococcus aureus|Meticillin (MRSA)","R - resistant isolates, percentage  ","%","2009","PT","Portugal",48.848684210,""
"Antimicrobial resistance","Staphylococcus aureus|Meticillin (MRSA)","R - resistant isolates, percentage  ","%","2009","RO","Romania",34.042553190,""
"Antimicrobial resistance","Staphylococcus aureus|Meticillin (MRSA)","R - resistant isolates, percentage  ","%","2009","SI","Slovenia",9.554140120,""
"Antimicrobial resistance","Staphylococcus aureus|Meticillin (MRSA)","R - resistant isolates, percentage  ","%","2009","UK","United Kingdom",27.818244880,""
"Antimicrobial resistance","Staphylococcus aureus|Meticillin (MRSA)","R - resistant isolates, percentage  ","%","2010","AT","Austria",7.446221730,""
"Antimicrobial resistance","Staphylococcus aureus|Meticillin (MRSA)","R - resistant isolates, percentage  ","%","2010","BE","Belgium",20.529801320,""
"Antimicrobial resistance","Staphylococcus aureus|Meticillin (MRSA)","R - resistant isolates, percentage  ","%","2010","BG","Bulgaria",19.000000000,""
"Antimicrobial resistance","Staphylococcus aureus|Meticillin (MRSA)","R - resistant isolates, percentage  ","%","2010","CY","Cyprus",32.323232320,""
"Antimicrobial resistance","Staphylococcus aureus|Meticillin (MRSA)","R - resistant isolates, percentage  ","%","2010","CZ","Czechia",13.496547390,""
"Antimicrobial resistance","Staphylococcus aureus|Meticillin (MRSA)","R - resistant isolates, percentage  ","%","2010","DE","Germany",20.959595950,""
"Antimicrobial resistance","Staphylococcus aureus|Meticillin (MRSA)","R - resistant isolates, percentage  ","%","2010","DK","Denmark",1.321585900,""
"Antimicrobial resistance","Staphylococcus aureus|Meticillin (MRSA)","R - resistant isolates, percentage  ","%","2010","EE","Estonia",0.689655170,""
"Antimicrobial resistance","Staphylococcus aureus|Meticillin (MRSA)","R - resistant isolates, percentage  ","%","2010","EL","Greece",39.215686270,""
"Antimicrobial resistance","Staphylococcus aureus|Meticillin (MRSA)","R - resistant isolates, percentage  ","%","2010","ES","Spain",25.327291030,""
"Antimicrobial resistance","Staphylococcus aureus|Meticillin (MRSA)","R - resistant isolates, percentage  ","%","2010","FI","Finland",2.285191950,""
"Antimicrobial resistance","Staphylococcus aureus|Meticillin (MRSA)","R - resistant isolates, percentage  ","%","2010","FR","France",21.588804280,""
"Antimicrobial resistance","Staphylococcus aureus|Meticillin (MRSA)","R - resistant isolates, percentage  ","%","2010","HR","Croatia",26.050420160,""
"Antimicrobial resistance","Staphylococcus aureus|Meticillin (MRSA)","R - resistant isolates, percentage  ","%","2010","HU","Hungary",30.228758160,""
"Antimicrobial resistance","Staphylococcus aureus|Meticillin (MRSA)","R - resistant isolates, percentage  ","%","2010","IE","Ireland",23.860811930,""
"Antimicrobial resistance","Staphylococcus aureus|Meticillin (MRSA)","R - resistant isolates, percentage  ","%","2010","IS","Iceland",1.538461530,""
"Antimicrobial resistance","Staphylococcus aureus|Meticillin (MRSA)","R - resistant isolates, percentage  ","%","2010","IT","Italy",36.523216300,""
"Antimicrobial resistance","Staphylococcus aureus|Meticillin (MRSA)","R - resistant isolates, percentage  ","%","2010","LT","Lithuania",14.117647050,""
"Antimicrobial resistance","Staphylococcus aureus|Meticillin (MRSA)","R - resistant isolates, percentage  ","%","2010","LU","Luxembourg",16.541353380,""
"Antimicrobial resistance","Staphylococcus aureus|Meticillin (MRSA)","R - resistant isolates, percentage  ","%","2010","LV","Latvia",13.725490190,""
"Antimicrobial resistance","Staphylococcus aureus|Meticillin (MRSA)","R - resistant isolates, percentage  ","%","2010","MT","Malta",48.148148140,""
"Antimicrobial resistance","Staphylococcus aureus|Meticillin (MRSA)","R - resistant isolates, percentage  ","%","2010","NL","Netherlands",1.439496170,""
"Antimicrobial resistance","Staphylococcus aureus|Meticillin (MRSA)","R - resistant isolates, percentage  ","%","2010","NO","Norway",0.668576880,""
"Antimicrobial resistance","Staphylococcus aureus|Meticillin (MRSA)","R - resistant isolates, percentage  ","%","2010","PL","Poland",13.117870720,""
"Antimicrobial resistance","Staphylococcus aureus|Meticillin (MRSA)","R - resistant isolates, percentage  ","%","2010","PT","Portugal",53.337415790,""
"Antimicrobial resistance","Staphylococcus aureus|Meticillin (MRSA)","R - resistant isolates, percentage  ","%","2010","RO","Romania",39.130434780,""
"Antimicrobial resistance","Staphylococcus aureus|Meticillin (MRSA)","R - resistant isolates, percentage  ","%","2010","SE","Sweden",0.525920360,""
"Antimicrobial resistance","Staphylococcus aureus|Meticillin (MRSA)","R - resistant isolates, percentage  ","%","2010","SI","Slovenia",11.974789910,""
"Antimicrobial resistance","Staphylococcus aureus|Meticillin (MRSA)","R - resistant isolates, percentage  ","%","2010","UK","United Kingdom",21.572280170,""
"Antimicrobial resistance","Staphylococcus aureus|Meticillin (MRSA)","R - resistant isolates, percentage  ","%","2011","AT","Austria",7.222787380,""
"Antimicrobial resistance","Staphylococcus aureus|Meticillin (MRSA)","R - resistant isolates, percentage  ","%","2011","BE","Belgium",17.431192660,""
"Antimicrobial resistance","Staphylococcus aureus|Meticillin (MRSA)","R - resistant isolates, percentage  ","%","2011","BG","Bulgaria",22.429906540,""
"Antimicrobial resistance","Staphylococcus aureus|Meticillin (MRSA)","R - resistant isolates, percentage  ","%","2011","CY","Cyprus",41.592920350,""
"Antimicrobial resistance","Staphylococcus aureus|Meticillin (MRSA)","R - resistant isolates, percentage  ","%","2011","CZ","Czechia",14.533762050,""
"Antimicrobial resistance","Staphylococcus aureus|Meticillin (MRSA)","R - resistant isolates, percentage  ","%","2011","DE","Germany",16.164154100,""
"Antimicrobial resistance","Staphylococcus aureus|Meticillin (MRSA)","R - resistant isolates, percentage  ","%","2011","DK","Denmark",1.308539940,""
"Antimicrobial resistance","Staphylococcus aureus|Meticillin (MRSA)","R - resistant isolates, percentage  ","%","2011","EE","Estonia",1.724137930,""
"Antimicrobial resistance","Staphylococcus aureus|Meticillin (MRSA)","R - resistant isolates, percentage  ","%","2011","EL","Greece",39.158163260,""
"Antimicrobial resistance","Staphylococcus aureus|Meticillin (MRSA)","R - resistant isolates, percentage  ","%","2011","ES","Spain",22.461538460,""
"Antimicrobial resistance","Staphylococcus aureus|Meticillin (MRSA)","R - resistant isolates, percentage  ","%","2011","FI","Finland",3.639120540,""
"Antimicrobial resistance","Staphylococcus aureus|Meticillin (MRSA)","R - resistant isolates, percentage  ","%","2011","FR","France",20.122985580,""
"Antimicrobial resistance","Staphylococcus aureus|Meticillin (MRSA)","R - resistant isolates, percentage  ","%","2011","HR","Croatia",27.710843370,""
"Antimicrobial resistance","Staphylococcus aureus|Meticillin (MRSA)","R - resistant isolates, percentage  ","%","2011","HU","Hungary",26.211072660,""
"Antimicrobial resistance","Staphylococcus aureus|Meticillin (MRSA)","R - resistant isolates, percentage  ","%","2011","IE","Ireland",23.746452220,""
"Antimicrobial resistance","Staphylococcus aureus|Meticillin (MRSA)","R - resistant isolates, percentage  ","%","2011","IS","Iceland",2.816901400,""
"Antimicrobial resistance","Staphylococcus aureus|Meticillin (MRSA)","R - resistant isolates, percentage  ","%","2011","IT","Italy",38.223632030,""
"Antimicrobial resistance","Staphylococcus aureus|Meticillin (MRSA)","R - resistant isolates, percentage  ","%","2011","LT","Lithuania",5.395683450,""
"Antimicrobial resistance","Staphylococcus aureus|Meticillin (MRSA)","R - resistant isolates, percentage  ","%","2011","LU","Luxembourg",20.472440940,""
"Antimicrobial resistance","Staphylococcus aureus|Meticillin (MRSA)","R - resistant isolates, percentage  ","%","2011","LV","Latvia",9.895833330,""
"Antimicrobial resistance","Staphylococcus aureus|Meticillin (MRSA)","R - resistant isolates, percentage  ","%","2011","MT","Malta",49.230769230,""
"Antimicrobial resistance","Staphylococcus aureus|Meticillin (MRSA)","R - resistant isolates, percentage  ","%","2011","NL","Netherlands",1.625239000,""
"Antimicrobial resistance","Staphylococcus aureus|Meticillin (MRSA)","R - resistant isolates, percentage  ","%","2011","NO","Norway",0.327064590,""
"Antimicrobial resistance","Staphylococcus aureus|Meticillin (MRSA)","R - resistant isolates, percentage  ","%","2011","PL","Poland",19.418604650,""
"Antimicrobial resistance","Staphylococcus aureus|Meticillin (MRSA)","R - resistant isolates, percentage  ","%","2011","PT","Portugal",54.552410090,""
"Antimicrobial resistance","Staphylococcus aureus|Meticillin (MRSA)","R - resistant isolates, percentage  ","%","2011","RO","Romania",49.541284400,""
"Antimicrobial resistance","Staphylococcus aureus|Meticillin (MRSA)","R - resistant isolates, percentage  ","%","2011","SE","Sweden",0.808080800,""
"Antimicrobial resistance","Staphylococcus aureus|Meticillin (MRSA)","R - resistant isolates, percentage  ","%","2011","SI","Slovenia",7.112068960,""
"Antimicrobial resistance","Staphylococcus aureus|Meticillin (MRSA)","R - resistant isolates, percentage  ","%","2011","SK","Slovakia",26.148409890,""
"Antimicrobial resistance","Staphylococcus aureus|Meticillin (MRSA)","R - resistant isolates, percentage  ","%","2011","UK","United Kingdom",13.644366190,""
"Antimicrobial resistance","Staphylococcus aureus|Meticillin (MRSA)","R - resistant isolates, percentage  ","%","2012","AT","Austria",8.040665430,""
"Antimicrobial resistance","Staphylococcus aureus|Meticillin (MRSA)","R - resistant isolates, percentage  ","%","2012","BE","Belgium",16.581632650,""
"Antimicrobial resistance","Staphylococcus aureus|Meticillin (MRSA)","R - resistant isolates, percentage  ","%","2012","BG","Bulgaria",19.823788540,""
"Antimicrobial resistance","Staphylococcus aureus|Meticillin (MRSA)","R - resistant isolates, percentage  ","%","2012","CY","Cyprus",35.151515150,""
"Antimicrobial resistance","Staphylococcus aureus|Meticillin (MRSA)","R - resistant isolates, percentage  ","%","2012","CZ","Czechia",13.159528240,""
"Antimicrobial resistance","Staphylococcus aureus|Meticillin (MRSA)","R - resistant isolates, percentage  ","%","2012","DE","Germany",15.372610220,""
"Antimicrobial resistance","Staphylococcus aureus|Meticillin (MRSA)","R - resistant isolates, percentage  ","%","2012","DK","Denmark",1.327742830,""
"Antimicrobial resistance","Staphylococcus aureus|Meticillin (MRSA)","R - resistant isolates, percentage  ","%","2012","EE","Estonia",7.692307690,""
"Antimicrobial resistance","Staphylococcus aureus|Meticillin (MRSA)","R - resistant isolates, percentage  ","%","2012","EL","Greece",40.981735150,""
"Antimicrobial resistance","Staphylococcus aureus|Meticillin (MRSA)","R - resistant isolates, percentage  ","%","2012","ES","Spain",24.275934700,""
"Antimicrobial resistance","Staphylococcus aureus|Meticillin (MRSA)","R - resistant isolates, percentage  ","%","2012","FI","Finland",2.271114260,""
"Antimicrobial resistance","Staphylococcus aureus|Meticillin (MRSA)","R - resistant isolates, percentage  ","%","2012","FR","France",19.185156840,""
"Antimicrobial resistance","Staphylococcus aureus|Meticillin (MRSA)","R - resistant isolates, percentage  ","%","2012","HR","Croatia",21.339950370,""
"Antimicrobial resistance","Staphylococcus aureus|Meticillin (MRSA)","R - resistant isolates, percentage  ","%","2012","HU","Hungary",24.846894130,""
"Antimicrobial resistance","Staphylococcus aureus|Meticillin (MRSA)","R - resistant isolates, percentage  ","%","2012","IE","Ireland",22.639691710,""
"Antimicrobial resistance","Staphylococcus aureus|Meticillin (MRSA)","R - resistant isolates, percentage  ","%","2012","IS","Iceland",1.724137930,""
"Antimicrobial resistance","Staphylococcus aureus|Meticillin (MRSA)","R - resistant isolates, percentage  ","%","2012","IT","Italy",35.207823960,""
"Antimicrobial resistance","Staphylococcus aureus|Meticillin (MRSA)","R - resistant isolates, percentage  ","%","2012","LT","Lithuania",8.668730650,""
"Antimicrobial resistance","Staphylococcus aureus|Meticillin (MRSA)","R - resistant isolates, percentage  ","%","2012","LU","Luxembourg",16.030534350,""
"Antimicrobial resistance","Staphylococcus aureus|Meticillin (MRSA)","R - resistant isolates, percentage  ","%","2012","LV","Latvia",9.004739330,""
"Antimicrobial resistance","Staphylococcus aureus|Meticillin (MRSA)","R - resistant isolates, percentage  ","%","2012","MT","Malta",47.524752470,""
"Antimicrobial resistance","Staphylococcus aureus|Meticillin (MRSA)","R - resistant isolates, percentage  ","%","2012","NL","Netherlands",1.273605620,""
"Antimicrobial resistance","Staphylococcus aureus|Meticillin (MRSA)","R - resistant isolates, percentage  ","%","2012","NO","Norway",1.258741250,""
"Antimicrobial resistance","Staphylococcus aureus|Meticillin (MRSA)","R - resistant isolates, percentage  ","%","2012","PL","Poland",14.431673050,""
"Antimicrobial resistance","Staphylococcus aureus|Meticillin (MRSA)","R - resistant isolates, percentage  ","%","2012","PT","Portugal",53.814432980,""
"Antimicrobial resistance","Staphylococcus aureus|Meticillin (MRSA)","R - resistant isolates, percentage  ","%","2012","RO","Romania",53.275109170,""
"Antimicrobial resistance","Staphylococcus aureus|Meticillin (MRSA)","R - resistant isolates, percentage  ","%","2012","SE","Sweden",0.735519460,""
"Antimicrobial resistance","Staphylococcus aureus|Meticillin (MRSA)","R - resistant isolates, percentage  ","%","2012","SI","Slovenia",10.337078650,""
"Antimicrobial resistance","Staphylococcus aureus|Meticillin (MRSA)","R - resistant isolates, percentage  ","%","2012","SK","Slovakia",24.050632910,""
"Antimicrobial resistance","Staphylococcus aureus|Meticillin (MRSA)","R - resistant isolates, percentage  ","%","2012","UK","United Kingdom",14.162929740,""
"Antimicrobial resistance","Staphylococcus aureus|Meticillin (MRSA)","R - resistant isolates, percentage  ","%","2013","AT","Austria",9.116022090,""
"Antimicrobial resistance","Staphylococcus aureus|Meticillin (MRSA)","R - resistant isolates, percentage  ","%","2013","BE","Belgium",16.873449130,""
"Antimicrobial resistance","Staphylococcus aureus|Meticillin (MRSA)","R - resistant isolates, percentage  ","%","2013","BG","Bulgaria",19.158878500,""
"Antimicrobial resistance","Staphylococcus aureus|Meticillin (MRSA)","R - resistant isolates, percentage  ","%","2013","CY","Cyprus",32.484076430,""
"Antimicrobial resistance","Staphylococcus aureus|Meticillin (MRSA)","R - resistant isolates, percentage  ","%","2013","CZ","Czechia",13.415348560,""
"Antimicrobial resistance","Staphylococcus aureus|Meticillin (MRSA)","R - resistant isolates, percentage  ","%","2013","DE","Germany",13.235294110,""
"Antimicrobial resistance","Staphylococcus aureus|Meticillin (MRSA)","R - resistant isolates, percentage  ","%","2013","DK","Denmark",1.721068240,""
"Antimicrobial resistance","Staphylococcus aureus|Meticillin (MRSA)","R - resistant isolates, percentage  ","%","2013","EE","Estonia",3.529411760,""
"Antimicrobial resistance","Staphylococcus aureus|Meticillin (MRSA)","R - resistant isolates, percentage  ","%","2013","EL","Greece",40.290620870,""
"Antimicrobial resistance","Staphylococcus aureus|Meticillin (MRSA)","R - resistant isolates, percentage  ","%","2013","ES","Spain",22.566122670,""
"Antimicrobial resistance","Staphylococcus aureus|Meticillin (MRSA)","R - resistant isolates, percentage  ","%","2013","FI","Finland",2.088607590,""
"Antimicrobial resistance","Staphylococcus aureus|Meticillin (MRSA)","R - resistant isolates, percentage  ","%","2013","FR","France",17.068679800,""
"Antimicrobial resistance","Staphylococcus aureus|Meticillin (MRSA)","R - resistant isolates, percentage  ","%","2013","HR","Croatia",24.038461530,""
"Antimicrobial resistance","Staphylococcus aureus|Meticillin (MRSA)","R - resistant isolates, percentage  ","%","2013","HU","Hungary",24.000000000,""
"Antimicrobial resistance","Staphylococcus aureus|Meticillin (MRSA)","R - resistant isolates, percentage  ","%","2013","IE","Ireland",19.925163700,""
"Antimicrobial resistance","Staphylococcus aureus|Meticillin (MRSA)","R - resistant isolates, percentage  ","%","2013","IS","Iceland",0.000000000,""
"Antimicrobial resistance","Staphylococcus aureus|Meticillin (MRSA)","R - resistant isolates, percentage  ","%","2013","IT","Italy",35.839598990,""
"Antimicrobial resistance","Staphylococcus aureus|Meticillin (MRSA)","R - resistant isolates, percentage  ","%","2013","LT","Lithuania",10.112359550,""
"Antimicrobial resistance","Staphylococcus aureus|Meticillin (MRSA)","R - resistant isolates, percentage  ","%","2013","LU","Luxembourg",8.888888880,""
"Antimicrobial resistance","Staphylococcus aureus|Meticillin (MRSA)","R - resistant isolates, percentage  ","%","2013","LV","Latvia",6.976744180,""
"Antimicrobial resistance","Staphylococcus aureus|Meticillin (MRSA)","R - resistant isolates, percentage  ","%","2013","MT","Malta",53.773584900,""
"Antimicrobial resistance","Staphylococcus aureus|Meticillin (MRSA)","R - resistant isolates, percentage  ","%","2013","NL","Netherlands",1.503245640,""
"Antimicrobial resistance","Staphylococcus aureus|Meticillin (MRSA)","R - resistant isolates, percentage  ","%","2013","NO","Norway",0.678886620,""
"Antimicrobial resistance","Staphylococcus aureus|Meticillin (MRSA)","R - resistant isolates, percentage  ","%","2013","PL","Poland",16.016150740,""
"Antimicrobial resistance","Staphylococcus aureus|Meticillin (MRSA)","R - resistant isolates, percentage  ","%","2013","PT","Portugal",46.778242670,""
"Antimicrobial resistance","Staphylococcus aureus|Meticillin (MRSA)","R - resistant isolates, percentage  ","%","2013","RO","Romania",64.490861610,""
"Antimicrobial resistance","Staphylococcus aureus|Meticillin (MRSA)","R - resistant isolates, percentage  ","%","2013","SE","Sweden",1.073432540,""
"Antimicrobial resistance","Staphylococcus aureus|Meticillin (MRSA)","R - resistant isolates, percentage  ","%","2013","SI","Slovenia",9.032258060,""
"Antimicrobial resistance","Staphylococcus aureus|Meticillin (MRSA)","R - resistant isolates, percentage  ","%","2013","SK","Slovakia",48.369565210,""
"Antimicrobial resistance","Staphylococcus aureus|Meticillin (MRSA)","R - resistant isolates, percentage  ","%","2013","UK","United Kingdom",13.887576750,""
"Antimicrobial resistance","Staphylococcus aureus|Meticillin (MRSA)","R - resistant isolates, percentage  ","%","2014","AT","Austria",7.732930960,""
"Antimicrobial resistance","Staphylococcus aureus|Meticillin (MRSA)","R - resistant isolates, percentage  ","%","2014","BE","Belgium",13.461538460,""
"Antimicrobial resistance","Staphylococcus aureus|Meticillin (MRSA)","R - resistant isolates, percentage  ","%","2014","BG","Bulgaria",20.833333330,""
"Antimicrobial resistance","Staphylococcus aureus|Meticillin (MRSA)","R - resistant isolates, percentage  ","%","2014","CY","Cyprus",36.029411760,""
"Antimicrobial resistance","Staphylococcus aureus|Meticillin (MRSA)","R - resistant isolates, percentage  ","%","2014","CZ","Czechia",13.156342180,""
"Antimicrobial resistance","Staphylococcus aureus|Meticillin (MRSA)","R - resistant isolates, percentage  ","%","2014","DE","Germany",12.905276540,""
"Antimicrobial resistance","Staphylococcus aureus|Meticillin (MRSA)","R - resistant isolates, percentage  ","%","2014","DK","Denmark",2.454642470,""
"Antimicrobial resistance","Staphylococcus aureus|Meticillin (MRSA)","R - resistant isolates, percentage  ","%","2014","EE","Estonia",3.139013450,""
"Antimicrobial resistance","Staphylococcus aureus|Meticillin (MRSA)","R - resistant isolates, percentage  ","%","2014","EL","Greece",37.050359710,""
"Antimicrobial resistance","Staphylococcus aureus|Meticillin (MRSA)","R - resistant isolates, percentage  ","%","2014","ES","Spain",21.666666660,""
"Antimicrobial resistance","Staphylococcus aureus|Meticillin (MRSA)","R - resistant isolates, percentage  ","%","2014","FI","Finland",3.003823040,""
"Antimicrobial resistance","Staphylococcus aureus|Meticillin (MRSA)","R - resistant isolates, percentage  ","%","2014","FR","France",17.377826400,""
"Antimicrobial resistance","Staphylococcus aureus|Meticillin (MRSA)","R - resistant isolates, percentage  ","%","2014","HR","Croatia",21.280991730,""
"Antimicrobial resistance","Staphylococcus aureus|Meticillin (MRSA)","R - resistant isolates, percentage  ","%","2014","HU","Hungary",23.064894440,""
"Antimicrobial resistance","Staphylococcus aureus|Meticillin (MRSA)","R - resistant isolates, percentage  ","%","2014","IE","Ireland",19.441860460,""
"Antimicrobial resistance","Staphylococcus aureus|Meticillin (MRSA)","R - resistant isolates, percentage  ","%","2014","IS","Iceland",3.278688520,""
"Antimicrobial resistance","Staphylococcus aureus|Meticillin (MRSA)","R - resistant isolates, percentage  ","%","2014","IT","Italy",33.552014990,""
"Antimicrobial resistance","Staphylococcus aureus|Meticillin (MRSA)","R - resistant isolates, percentage  ","%","2014","LT","Lithuania",7.310704960,""
"Antimicrobial resistance","Staphylococcus aureus|Meticillin (MRSA)","R - resistant isolates, percentage  ","%","2014","LU","Luxembourg",12.000000000,""
"Antimicrobial resistance","Staphylococcus aureus|Meticillin (MRSA)","R - resistant isolates, percentage  ","%","2014","LV","Latvia",8.181818180,""
"Antimicrobial resistance","Staphylococcus aureus|Meticillin (MRSA)","R - resistant isolates, percentage  ","%","2014","MT","Malta",43.589743580,""
"Antimicrobial resistance","Staphylococcus aureus|Meticillin (MRSA)","R - resistant isolates, percentage  ","%","2014","NL","Netherlands",0.933287240,""
"Antimicrobial resistance","Staphylococcus aureus|Meticillin (MRSA)","R - resistant isolates, percentage  ","%","2014","NO","Norway",1.036269430,""
"Antimicrobial resistance","Staphylococcus aureus|Meticillin (MRSA)","R - resistant isolates, percentage  ","%","2014","PL","Poland",22.244897950,""
"Antimicrobial resistance","Staphylococcus aureus|Meticillin (MRSA)","R - resistant isolates, percentage  ","%","2014","PT","Portugal",47.447541490,""
"Antimicrobial resistance","Staphylococcus aureus|Meticillin (MRSA)","R - resistant isolates, percentage  ","%","2014","RO","Romania",56.012658220,""
"Antimicrobial resistance","Staphylococcus aureus|Meticillin (MRSA)","R - resistant isolates, percentage  ","%","2014","SE","Sweden",0.947176680,""
"Antimicrobial resistance","Staphylococcus aureus|Meticillin (MRSA)","R - resistant isolates, percentage  ","%","2014","SI","Slovenia",13.131313130,""
"Antimicrobial resistance","Staphylococcus aureus|Meticillin (MRSA)","R - resistant isolates, percentage  ","%","2014","SK","Slovakia",27.968750000,""
"Antimicrobial resistance","Staphylococcus aureus|Meticillin (MRSA)","R - resistant isolates, percentage  ","%","2014","UK","United Kingdom",11.291666660,""
"Antimicrobial resistance","Staphylococcus aureus|Meticillin (MRSA)","R - resistant isolates, percentage  ","%","2015","AT","Austria",7.432675040,""
"Antimicrobial resistance","Staphylococcus aureus|Meticillin (MRSA)","R - resistant isolates, percentage  ","%","2015","BE","Belgium",12.267250820,""
"Antimicrobial resistance","Staphylococcus aureus|Meticillin (MRSA)","R - resistant isolates, percentage  ","%","2015","BG","Bulgaria",13.063063060,""
"Antimicrobial resistance","Staphylococcus aureus|Meticillin (MRSA)","R - resistant isolates, percentage  ","%","2015","CY","Cyprus",43.356643350,""
"Antimicrobial resistance","Staphylococcus aureus|Meticillin (MRSA)","R - resistant isolates, percentage  ","%","2015","CZ","Czechia",13.344407530,""
"Antimicrobial resistance","Staphylococcus aureus|Meticillin (MRSA)","R - resistant isolates, percentage  ","%","2015","DE","Germany",11.533864540,""
"Antimicrobial resistance","Staphylococcus aureus|Meticillin (MRSA)","R - resistant isolates, percentage  ","%","2015","DK","Denmark",1.545842210,""
"Antimicrobial resistance","Staphylococcus aureus|Meticillin (MRSA)","R - resistant isolates, percentage  ","%","2015","EE","Estonia",3.973509930,""
"Antimicrobial resistance","Staphylococcus aureus|Meticillin (MRSA)","R - resistant isolates, percentage  ","%","2015","EL","Greece",39.379084960,""
"Antimicrobial resistance","Staphylococcus aureus|Meticillin (MRSA)","R - resistant isolates, percentage  ","%","2015","ES","Spain",25.292026400,""
"Antimicrobial resistance","Staphylococcus aureus|Meticillin (MRSA)","R - resistant isolates, percentage  ","%","2015","FI","Finland",2.077294680,""
"Antimicrobial resistance","Staphylococcus aureus|Meticillin (MRSA)","R - resistant isolates, percentage  ","%","2015","FR","France",15.718157180,""
"Antimicrobial resistance","Staphylococcus aureus|Meticillin (MRSA)","R - resistant isolates, percentage  ","%","2015","HR","Croatia",24.485596700,""
"Antimicrobial resistance","Staphylococcus aureus|Meticillin (MRSA)","R - resistant isolates, percentage  ","%","2015","HU","Hungary",24.653922210,""
"Antimicrobial resistance","Staphylococcus aureus|Meticillin (MRSA)","R - resistant isolates, percentage  ","%","2015","IE","Ireland",18.070009460,""
"Antimicrobial resistance","Staphylococcus aureus|Meticillin (MRSA)","R - resistant isolates, percentage  ","%","2015","IS","Iceland",0.000000000,""
"Antimicrobial resistance","Staphylococcus aureus|Meticillin (MRSA)","R - resistant isolates, percentage  ","%","2015","IT","Italy",34.100000000,""
"Antimicrobial resistance","Staphylococcus aureus|Meticillin (MRSA)","R - resistant isolates, percentage  ","%","2015","LT","Lithuania",9.042553190,""
"Antimicrobial resistance","Staphylococcus aureus|Meticillin (MRSA)","R - resistant isolates, percentage  ","%","2015","LU","Luxembourg",8.888888880,""
"Antimicrobial resistance","Staphylococcus aureus|Meticillin (MRSA)","R - resistant isolates, percentage  ","%","2015","LV","Latvia",5.577689240,""
"Antimicrobial resistance","Staphylococcus aureus|Meticillin (MRSA)","R - resistant isolates, percentage  ","%","2015","MT","Malta",49.425287350,""
"Antimicrobial resistance","Staphylococcus aureus|Meticillin (MRSA)","R - resistant isolates, percentage  ","%","2015","NL","Netherlands",1.552346570,""
"Antimicrobial resistance","Staphylococcus aureus|Meticillin (MRSA)","R - resistant isolates, percentage  ","%","2015","NO","Norway",1.101169990,""
"Antimicrobial resistance","Staphylococcus aureus|Meticillin (MRSA)","R - resistant isolates, percentage  ","%","2015","PL","Poland",15.762004170,""
"Antimicrobial resistance","Staphylococcus aureus|Meticillin (MRSA)","R - resistant isolates, percentage  ","%","2015","PT","Portugal",46.836142580,""
"Antimicrobial resistance","Staphylococcus aureus|Meticillin (MRSA)","R - resistant isolates, percentage  ","%","2015","RO","Romania",57.239057230,""
"Antimicrobial resistance","Staphylococcus aureus|Meticillin (MRSA)","R - resistant isolates, percentage  ","%","2015","SE","Sweden",0.800256080,""
"Antimicrobial resistance","Staphylococcus aureus|Meticillin (MRSA)","R - resistant isolates, percentage  ","%","2015","SI","Slovenia",9.161793370,""
"Antimicrobial resistance","Staphylococcus aureus|Meticillin (MRSA)","R - resistant isolates, percentage  ","%","2015","SK","Slovakia",28.130360200,""
"Antimicrobial resistance","Staphylococcus aureus|Meticillin (MRSA)","R - resistant isolates, percentage  ","%","2015","UK","United Kingdom",10.736307580,""
"Antimicrobial resistance","Staphylococcus aureus|Meticillin (MRSA)","R - resistant isolates, percentage  ","%","2016","AT","Austria",7.206026850,""
"Antimicrobial resistance","Staphylococcus aureus|Meticillin (MRSA)","R - resistant isolates, percentage  ","%","2016","BE","Belgium",12.170087970,""
"Antimicrobial resistance","Staphylococcus aureus|Meticillin (MRSA)","R - resistant isolates, percentage  ","%","2016","BG","Bulgaria",14.285714280,""
"Antimicrobial resistance","Staphylococcus aureus|Meticillin (MRSA)","R - resistant isolates, percentage  ","%","2016","CY","Cyprus",38.848920860,""
"Antimicrobial resistance","Staphylococcus aureus|Meticillin (MRSA)","R - resistant isolates, percentage  ","%","2016","CZ","Czechia",13.725490190,""
"Antimicrobial resistance","Staphylococcus aureus|Meticillin (MRSA)","R - resistant isolates, percentage  ","%","2016","DE","Germany",10.166227440,""
"Antimicrobial resistance","Staphylococcus aureus|Meticillin (MRSA)","R - resistant isolates, percentage  ","%","2016","DK","Denmark",1.986754960,""
"Antimicrobial resistance","Staphylococcus aureus|Meticillin (MRSA)","R - resistant isolates, percentage  ","%","2016","EE","Estonia",3.503184710,""
"Antimicrobial resistance","Staphylococcus aureus|Meticillin (MRSA)","R - resistant isolates, percentage  ","%","2016","EL","Greece",38.810641620,""
"Antimicrobial resistance","Staphylococcus aureus|Meticillin (MRSA)","R - resistant isolates, percentage  ","%","2016","ES","Spain",25.809768630,""
"Antimicrobial resistance","Staphylococcus aureus|Meticillin (MRSA)","R - resistant isolates, percentage  ","%","2016","FI","Finland",2.328042320,""
"Antimicrobial resistance","Staphylococcus aureus|Meticillin (MRSA)","R - resistant isolates, percentage  ","%","2016","FR","France",13.768375760,""
"Antimicrobial resistance","Staphylococcus aureus|Meticillin (MRSA)","R - resistant isolates, percentage  ","%","2016","HR","Croatia",25.327510910,""
"Antimicrobial resistance","Staphylococcus aureus|Meticillin (MRSA)","R - resistant isolates, percentage  ","%","2016","HU","Hungary",25.179856110,""
"Antimicrobial resistance","Staphylococcus aureus|Meticillin (MRSA)","R - resistant isolates, percentage  ","%","2016","IE","Ireland",14.348206470,""
"Antimicrobial resistance","Staphylococcus aureus|Meticillin (MRSA)","R - resistant isolates, percentage  ","%","2016","IS","Iceland",1.315789470,""
"Antimicrobial resistance","Staphylococcus aureus|Meticillin (MRSA)","R - resistant isolates, percentage  ","%","2016","IT","Italy",33.579335790,""
"Antimicrobial resistance","Staphylococcus aureus|Meticillin (MRSA)","R - resistant isolates, percentage  ","%","2016","LT","Lithuania",11.530815100,""
"Antimicrobial resistance","Staphylococcus aureus|Meticillin (MRSA)","R - resistant isolates, percentage  ","%","2016","LU","Luxembourg",9.625668440,""
"Antimicrobial resistance","Staphylococcus aureus|Meticillin (MRSA)","R - resistant isolates, percentage  ","%","2016","LV","Latvia",4.225352110,""
"Antimicrobial resistance","Staphylococcus aureus|Meticillin (MRSA)","R - resistant isolates, percentage  ","%","2016","MT","Malta",37.113402060,""
"Antimicrobial resistance","Staphylococcus aureus|Meticillin (MRSA)","R - resistant isolates, percentage  ","%","2016","NL","Netherlands",1.183821110,""
"Antimicrobial resistance","Staphylococcus aureus|Meticillin (MRSA)","R - resistant isolates, percentage  ","%","2016","NO","Norway",1.174033140,""
"Antimicrobial resistance","Staphylococcus aureus|Meticillin (MRSA)","R - resistant isolates, percentage  ","%","2016","PL","Poland",16.365688480,""
"Antimicrobial resistance","Staphylococcus aureus|Meticillin (MRSA)","R - resistant isolates, percentage  ","%","2016","PT","Portugal",43.572669360,""
"Antimicrobial resistance","Staphylococcus aureus|Meticillin (MRSA)","R - resistant isolates, percentage  ","%","2016","RO","Romania",50.733752620,""
"Antimicrobial resistance","Staphylococcus aureus|Meticillin (MRSA)","R - resistant isolates, percentage  ","%","2016","SE","Sweden",2.260869560,""
"Antimicrobial resistance","Staphylococcus aureus|Meticillin (MRSA)","R - resistant isolates, percentage  ","%","2016","SI","Slovenia",11.048689130,""
"Antimicrobial resistance","Staphylococcus aureus|Meticillin (MRSA)","R - resistant isolates, percentage  ","%","2016","SK","Slovakia",27.145359010,""
"Antimicrobial resistance","Staphylococcus aureus|Meticillin (MRSA)","R - resistant isolates, percentage  ","%","2016","UK","United Kingdom",6.729194580,""
"Antimicrobial resistance","Staphylococcus aureus|Meticillin (MRSA)","R - resistant isolates, percentage  ","%","2017","AT","Austria",5.921469280,""
"Antimicrobial resistance","Staphylococcus aureus|Meticillin (MRSA)","R - resistant isolates, percentage  ","%","2017","BE","Belgium",8.537392450,""
"Antimicrobial resistance","Staphylococcus aureus|Meticillin (MRSA)","R - resistant isolates, percentage  ","%","2017","BG","Bulgaria",13.656387660,""
"Antimicrobial resistance","Staphylococcus aureus|Meticillin (MRSA)","R - resistant isolates, percentage  ","%","2017","CY","Cyprus",31.200000000,""
"Antimicrobial resistance","Staphylococcus aureus|Meticillin (MRSA)","R - resistant isolates, percentage  ","%","2017","CZ","Czechia",14.094650200,""
"Antimicrobial resistance","Staphylococcus aureus|Meticillin (MRSA)","R - resistant isolates, percentage  ","%","2017","DE","Germany",9.072212060,""
"Antimicrobial resistance","Staphylococcus aureus|Meticillin (MRSA)","R - resistant isolates, percentage  ","%","2017","DK","Denmark",2.505010020,""
"Antimicrobial resistance","Staphylococcus aureus|Meticillin (MRSA)","R - resistant isolates, percentage  ","%","2017","EE","Estonia",2.068965510,""
"Antimicrobial resistance","Staphylococcus aureus|Meticillin (MRSA)","R - resistant isolates, percentage  ","%","2017","EL","Greece",38.442822380,""
"Antimicrobial resistance","Staphylococcus aureus|Meticillin (MRSA)","R - resistant isolates, percentage  ","%","2017","ES","Spain",25.215517240,""
"Antimicrobial resistance","Staphylococcus aureus|Meticillin (MRSA)","R - resistant isolates, percentage  ","%","2017","FI","Finland",2.091020910,""
"Antimicrobial resistance","Staphylococcus aureus|Meticillin (MRSA)","R - resistant isolates, percentage  ","%","2017","FR","France",12.917181700,""
"Antimicrobial resistance","Staphylococcus aureus|Meticillin (MRSA)","R - resistant isolates, percentage  ","%","2017","HR","Croatia",28.461538460,""
"Antimicrobial resistance","Staphylococcus aureus|Meticillin (MRSA)","R - resistant isolates, percentage  ","%","2017","HU","Hungary",23.627075350,""
"Antimicrobial resistance","Staphylococcus aureus|Meticillin (MRSA)","R - resistant isolates, percentage  ","%","2017","IE","Ireland",16.315789470,""
"Antimicrobial resistance","Staphylococcus aureus|Meticillin (MRSA)","R - resistant isolates, percentage  ","%","2017","IS","Iceland",1.449275360,""
"Antimicrobial resistance","Staphylococcus aureus|Meticillin (MRSA)","R - resistant isolates, percentage  ","%","2017","IT","Italy",33.890281250,""
"Antimicrobial resistance","Staphylococcus aureus|Meticillin (MRSA)","R - resistant isolates, percentage  ","%","2017","LT","Lithuania",8.754863810,""
"Antimicrobial resistance","Staphylococcus aureus|Meticillin (MRSA)","R - resistant isolates, percentage  ","%","2017","LU","Luxembourg",9.500000000,""
"Antimicrobial resistance","Staphylococcus aureus|Meticillin (MRSA)","R - resistant isolates, percentage  ","%","2017","LV","Latvia",5.714285710,""
"Antimicrobial resistance","Staphylococcus aureus|Meticillin (MRSA)","R - resistant isolates, percentage  ","%","2017","MT","Malta",42.105263150,""
"Antimicrobial resistance","Staphylococcus aureus|Meticillin (MRSA)","R - resistant isolates, percentage  ","%","2017","NL","Netherlands",1.576354670,""
"Antimicrobial resistance","Staphylococcus aureus|Meticillin (MRSA)","R - resistant isolates, percentage  ","%","2017","NO","Norway",0.957592330,""
"Antimicrobial resistance","Staphylococcus aureus|Meticillin (MRSA)","R - resistant isolates, percentage  ","%","2017","PL","Poland",15.180055400,""
"Antimicrobial resistance","Staphylococcus aureus|Meticillin (MRSA)","R - resistant isolates, percentage  ","%","2017","PT","Portugal",39.163090120,""
"Antimicrobial resistance","Staphylococcus aureus|Meticillin (MRSA)","R - resistant isolates, percentage  ","%","2017","RO","Romania",45.364891510,""
"Antimicrobial resistance","Staphylococcus aureus|Meticillin (MRSA)","R - resistant isolates, percentage  ","%","2017","SE","Sweden",1.161869550,""
"Antimicrobial resistance","Staphylococcus aureus|Meticillin (MRSA)","R - resistant isolates, percentage  ","%","2017","SI","Slovenia",9.027777770,""
"Antimicrobial resistance","Staphylococcus aureus|Meticillin (MRSA)","R - resistant isolates, percentage  ","%","2017","SK","Slovakia",29.200652520,""
"Antimicrobial resistance","Staphylococcus aureus|Meticillin (MRSA)","R - resistant isolates, percentage  ","%","2017","UK","United Kingdom",6.923336710,""
"Antimicrobial resistance","Staphylococcus aureus|Meticillin (MRSA)","R - resistant isolates, percentage  ","%","2018","AT","Austria",6.380405200,""
"Antimicrobial resistance","Staphylococcus aureus|Meticillin (MRSA)","R - resistant isolates, percentage  ","%","2018","BE","Belgium",9.048991350,""
"Antimicrobial resistance","Staphylococcus aureus|Meticillin (MRSA)","R - resistant isolates, percentage  ","%","2018","BG","Bulgaria",17.571884980,""
"Antimicrobial resistance","Staphylococcus aureus|Meticillin (MRSA)","R - resistant isolates, percentage  ","%","2018","CY","Cyprus",40.170940170,""
"Antimicrobial resistance","Staphylococcus aureus|Meticillin (MRSA)","R - resistant isolates, percentage  ","%","2018","CZ","Czechia",13.687026300,""
"Antimicrobial resistance","Staphylococcus aureus|Meticillin (MRSA)","R - resistant isolates, percentage  ","%","2018","DE","Germany",7.652290650,""
"Antimicrobial resistance","Staphylococcus aureus|Meticillin (MRSA)","R - resistant isolates, percentage  ","%","2018","DK","Denmark",1.650618980,""
"Antimicrobial resistance","Staphylococcus aureus|Meticillin (MRSA)","R - resistant isolates, percentage  ","%","2018","EE","Estonia",3.342618380,""
"Antimicrobial resistance","Staphylococcus aureus|Meticillin (MRSA)","R - resistant isolates, percentage  ","%","2018","EL","Greece",36.373873870,""
"Antimicrobial resistance","Staphylococcus aureus|Meticillin (MRSA)","R - resistant isolates, percentage  ","%","2018","ES","Spain",24.672667750,""
"Antimicrobial resistance","Staphylococcus aureus|Meticillin (MRSA)","R - resistant isolates, percentage  ","%","2018","FI","Finland",2.090261280,""
"Antimicrobial resistance","Staphylococcus aureus|Meticillin (MRSA)","R - resistant isolates, percentage  ","%","2018","FR","France",12.110676510,""
"Antimicrobial resistance","Staphylococcus aureus|Meticillin (MRSA)","R - resistant isolates, percentage  ","%","2018","HR","Croatia",26.419213970,""
"Antimicrobial resistance","Staphylococcus aureus|Meticillin (MRSA)","R - resistant isolates, percentage  ","%","2018","HU","Hungary",23.126089480,""
"Antimicrobial resistance","Staphylococcus aureus|Meticillin (MRSA)","R - resistant isolates, percentage  ","%","2018","IE","Ireland",12.373737370,""
"Antimicrobial resistance","Staphylococcus aureus|Meticillin (MRSA)","R - resistant isolates, percentage  ","%","2018","IS","Iceland",0.000000000,""
"Antimicrobial resistance","Staphylococcus aureus|Meticillin (MRSA)","R - resistant isolates, percentage  ","%","2018","IT","Italy",33.982814950,""
"Antimicrobial resistance","Staphylococcus aureus|Meticillin (MRSA)","R - resistant isolates, percentage  ","%","2018","LT","Lithuania",8.393632410,""
"Antimicrobial resistance","Staphylococcus aureus|Meticillin (MRSA)","R - resistant isolates, percentage  ","%","2018","LU","Luxembourg",7.734806620,""
"Antimicrobial resistance","Staphylococcus aureus|Meticillin (MRSA)","R - resistant isolates, percentage  ","%","2018","LV","Latvia",5.714285710,""
"Antimicrobial resistance","Staphylococcus aureus|Meticillin (MRSA)","R - resistant isolates, percentage  ","%","2018","MT","Malta",36.363636360,""
"Antimicrobial resistance","Staphylococcus aureus|Meticillin (MRSA)","R - resistant isolates, percentage  ","%","2018","NL","Netherlands",1.205832860,""
"Antimicrobial resistance","Staphylococcus aureus|Meticillin (MRSA)","R - resistant isolates, percentage  ","%","2018","NO","Norway",0.904977370,""
"Antimicrobial resistance","Staphylococcus aureus|Meticillin (MRSA)","R - resistant isolates, percentage  ","%","2018","PL","Poland",15.875446650,""
"Antimicrobial resistance","Staphylococcus aureus|Meticillin (MRSA)","R - resistant isolates, percentage  ","%","2018","PT","Portugal",38.083989500,""
"Antimicrobial resistance","Staphylococcus aureus|Meticillin (MRSA)","R - resistant isolates, percentage  ","%","2018","RO","Romania",43.000000000,""
"Antimicrobial resistance","Staphylococcus aureus|Meticillin (MRSA)","R - resistant isolates, percentage  ","%","2018","SE","Sweden",1.923605380,""
"Antimicrobial resistance","Staphylococcus aureus|Meticillin (MRSA)","R - resistant isolates, percentage  ","%","2018","SI","Slovenia",11.716171610,""
"Antimicrobial resistance","Staphylococcus aureus|Meticillin (MRSA)","R - resistant isolates, percentage  ","%","2018","SK","Slovakia",26.557377040,""
"Antimicrobial resistance","Staphylococcus aureus|Meticillin (MRSA)","R - resistant isolates, percentage  ","%","2018","UK","United Kingdom",7.252625760,""
"Antimicrobial resistance","Staphylococcus aureus|Meticillin (MRSA)","R - resistant isolates, percentage  ","%","2019","AT","Austria",5.206139030,""
"Antimicrobial resistance","Staphylococcus aureus|Meticillin (MRSA)","R - resistant isolates, percentage  ","%","2019","BE","Belgium",6.678082190,""
"Antimicrobial resistance","Staphylococcus aureus|Meticillin (MRSA)","R - resistant isolates, percentage  ","%","2019","BG","Bulgaria",14.814814810,""
"Antimicrobial resistance","Staphylococcus aureus|Meticillin (MRSA)","R - resistant isolates, percentage  ","%","2019","CY","Cyprus",36.206896550,""
"Antimicrobial resistance","Staphylococcus aureus|Meticillin (MRSA)","R - resistant isolates, percentage  ","%","2019","CZ","Czechia",12.523719160,""
"Antimicrobial resistance","Staphylococcus aureus|Meticillin (MRSA)","R - resistant isolates, percentage  ","%","2019","DE","Germany",6.686192460,""
"Antimicrobial resistance","Staphylococcus aureus|Meticillin (MRSA)","R - resistant isolates, percentage  ","%","2019","DK","Denmark",2.209944750,""
"Antimicrobial resistance","Staphylococcus aureus|Meticillin (MRSA)","R - resistant isolates, percentage  ","%","2019","EE","Estonia",3.005464480,""
"Antimicrobial resistance","Staphylococcus aureus|Meticillin (MRSA)","R - resistant isolates, percentage  ","%","2019","EL","Greece",37.647058820,""
"Antimicrobial resistance","Staphylococcus aureus|Meticillin (MRSA)","R - resistant isolates, percentage  ","%","2019","ES","Spain",23.312430830,""
"Antimicrobial resistance","Staphylococcus aureus|Meticillin (MRSA)","R - resistant isolates, percentage  ","%","2019","FI","Finland",2.264456120,""
"Antimicrobial resistance","Staphylococcus aureus|Meticillin (MRSA)","R - resistant isolates, percentage  ","%","2019","FR","France",11.628266580,""
"Antimicrobial resistance","Staphylococcus aureus|Meticillin (MRSA)","R - resistant isolates, percentage  ","%","2019","HR","Croatia",24.860335190,""
"Antimicrobial resistance","Staphylococcus aureus|Meticillin (MRSA)","R - resistant isolates, percentage  ","%","2019","HU","Hungary",19.373673030,""
"Antimicrobial resistance","Staphylococcus aureus|Meticillin (MRSA)","R - resistant isolates, percentage  ","%","2019","IE","Ireland",12.565445020,""
"Antimicrobial resistance","Staphylococcus aureus|Meticillin (MRSA)","R - resistant isolates, percentage  ","%","2019","IS","Iceland",5.785123960,""
"Antimicrobial resistance","Staphylococcus aureus|Meticillin (MRSA)","R - resistant isolates, percentage  ","%","2019","IT","Italy",34.314636910,""
"Antimicrobial resistance","Staphylococcus aureus|Meticillin (MRSA)","R - resistant isolates, percentage  ","%","2019","LT","Lithuania",9.298780480,""
"Antimicrobial resistance","Staphylococcus aureus|Meticillin (MRSA)","R - resistant isolates, percentage  ","%","2019","LU","Luxembourg",6.220095690,""
"Antimicrobial resistance","Staphylococcus aureus|Meticillin (MRSA)","R - resistant isolates, percentage  ","%","2019","LV","Latvia",7.838479800,""
"Antimicrobial resistance","Staphylococcus aureus|Meticillin (MRSA)","R - resistant isolates, percentage  ","%","2019","MT","Malta",24.000000000,""
"Antimicrobial resistance","Staphylococcus aureus|Meticillin (MRSA)","R - resistant isolates, percentage  ","%","2019","NL","Netherlands",1.490220420,""
"Antimicrobial resistance","Staphylococcus aureus|Meticillin (MRSA)","R - resistant isolates, percentage  ","%","2019","NO","Norway",1.034063260,""
"Antimicrobial resistance","Staphylococcus aureus|Meticillin (MRSA)","R - resistant isolates, percentage  ","%","2019","PL","Poland",14.937533940,""
"Antimicrobial resistance","Staphylococcus aureus|Meticillin (MRSA)","R - resistant isolates, percentage  ","%","2019","PT","Portugal",34.762633990,""
"Antimicrobial resistance","Staphylococcus aureus|Meticillin (MRSA)","R - resistant isolates, percentage  ","%","2019","RO","Romania",46.880000000,""
"Antimicrobial resistance","Staphylococcus aureus|Meticillin (MRSA)","R - resistant isolates, percentage  ","%","2019","SE","Sweden",1.798924000,""
"Antimicrobial resistance","Staphylococcus aureus|Meticillin (MRSA)","R - resistant isolates, percentage  ","%","2019","SI","Slovenia",7.469512190,""
"Antimicrobial resistance","Staphylococcus aureus|Meticillin (MRSA)","R - resistant isolates, percentage  ","%","2019","SK","Slovakia",27.175843690,""
"Antimicrobial resistance","Staphylococcus aureus|Meticillin (MRSA)","R - resistant isolates, percentage  ","%","2019","UK","United Kingdom",5.881062100,""
"Antimicrobial resistance","Staphylococcus aureus|Meticillin (MRSA)","R - resistant isolates, percentage  ","%","2020","AT","Austria",4.396763980,""
"Antimicrobial resistance","Staphylococcus aureus|Meticillin (MRSA)","R - resistant isolates, percentage  ","%","2020","BE","Belgium",6.941580750,""
"Antimicrobial resistance","Staphylococcus aureus|Meticillin (MRSA)","R - resistant isolates, percentage  ","%","2020","BG","Bulgaria",11.818181810,""
"Antimicrobial resistance","Staphylococcus aureus|Meticillin (MRSA)","R - resistant isolates, percentage  ","%","2020","CY","Cyprus",49.056603770,""
"Antimicrobial resistance","Staphylococcus aureus|Meticillin (MRSA)","R - resistant isolates, percentage  ","%","2020","CZ","Czechia",9.334609860,""
"Antimicrobial resistance","Staphylococcus aureus|Meticillin (MRSA)","R - resistant isolates, percentage  ","%","2020","DE","Germany",5.545158380,""
"Antimicrobial resistance","Staphylococcus aureus|Meticillin (MRSA)","R - resistant isolates, percentage  ","%","2020","DK","Denmark",1.715481170,""
"Antimicrobial resistance","Staphylococcus aureus|Meticillin (MRSA)","R - resistant isolates, percentage  ","%","2020","EE","Estonia",2.997275200,""
"Antimicrobial resistance","Staphylococcus aureus|Meticillin (MRSA)","R - resistant isolates, percentage  ","%","2020","EL","Greece",40.178571420,""
"Antimicrobial resistance","Staphylococcus aureus|Meticillin (MRSA)","R - resistant isolates, percentage  ","%","2020","ES","Spain",23.086900120,""
"Antimicrobial resistance","Staphylococcus aureus|Meticillin (MRSA)","R - resistant isolates, percentage  ","%","2020","FI","Finland",2.605118820,""
"Antimicrobial resistance","Staphylococcus aureus|Meticillin (MRSA)","R - resistant isolates, percentage  ","%","2020","FR","France",12.069125700,""
"Antimicrobial resistance","Staphylococcus aureus|Meticillin (MRSA)","R - resistant isolates, percentage  ","%","2020","HR","Croatia",29.245283010,""
"Antimicrobial resistance","Staphylococcus aureus|Meticillin (MRSA)","R - resistant isolates, percentage  ","%","2020","HU","Hungary",20.951751480,""
"Antimicrobial resistance","Staphylococcus aureus|Meticillin (MRSA)","R - resistant isolates, percentage  ","%","2020","IE","Ireland",11.621093750,""
"Antimicrobial resistance","Staphylococcus aureus|Meticillin (MRSA)","R - resistant isolates, percentage  ","%","2020","IS","Iceland",5.172413790,""
"Antimicrobial resistance","Staphylococcus aureus|Meticillin (MRSA)","R - resistant isolates, percentage  ","%","2020","IT","Italy",33.543898190,""
"Antimicrobial resistance","Staphylococcus aureus|Meticillin (MRSA)","R - resistant isolates, percentage  ","%","2020","LT","Lithuania",9.801136360,""
"Antimicrobial resistance","Staphylococcus aureus|Meticillin (MRSA)","R - resistant isolates, percentage  ","%","2020","LU","Luxembourg",3.076923070,""
"Antimicrobial resistance","Staphylococcus aureus|Meticillin (MRSA)","R - resistant isolates, percentage  ","%","2020","LV","Latvia",9.348441920,""
"Antimicrobial resistance","Staphylococcus aureus|Meticillin (MRSA)","R - resistant isolates, percentage  ","%","2020","MT","Malta",19.565217390,""
"Antimicrobial resistance","Staphylococcus aureus|Meticillin (MRSA)","R - resistant isolates, percentage  ","%","2020","NL","Netherlands",1.488004850,""
"Antimicrobial resistance","Staphylococcus aureus|Meticillin (MRSA)","R - resistant isolates, percentage  ","%","2020","NO","Norway",1.610824740,""
"Antimicrobial resistance","Staphylococcus aureus|Meticillin (MRSA)","R - resistant isolates, percentage  ","%","2020","PL","Poland",13.841598810,""
"Antimicrobial resistance","Staphylococcus aureus|Meticillin (MRSA)","R - resistant isolates, percentage  ","%","2020","PT","Portugal",29.675659290,""
"Antimicrobial resistance","Staphylococcus aureus|Meticillin (MRSA)","R - resistant isolates, percentage  ","%","2020","RO","Romania",47.290640390,""
"Antimicrobial resistance","Staphylococcus aureus|Meticillin (MRSA)","R - resistant isolates, percentage  ","%","2020","SE","Sweden",2.328627560,""
"Antimicrobial resistance","Staphylococcus aureus|Meticillin (MRSA)","R - resistant isolates, percentage  ","%","2020","SI","Slovenia",9.845288320,""
"Antimicrobial resistance","Staphylococcus aureus|Meticillin (MRSA)","R - resistant isolates, percentage  ","%","2020","SK","Slovakia",24.814814810,""
"Antimicrobial resistance","Staphylococcus aureus|Meticillin (MRSA)","R - resistant isolates, percentage  ","%","2021","AT","Austria",3.102247540,""
"Antimicrobial resistance","Staphylococcus aureus|Meticillin (MRSA)","R - resistant isolates, percentage  ","%","2021","BE","Belgium",4.089219330,""
"Antimicrobial resistance","Staphylococcus aureus|Meticillin (MRSA)","R - resistant isolates, percentage  ","%","2021","BG","Bulgaria",15.165876770,""
"Antimicrobial resistance","Staphylococcus aureus|Meticillin (MRSA)","R - resistant isolates, percentage  ","%","2021","CY","Cyprus",42.937853100,""
"Antimicrobial resistance","Staphylococcus aureus|Meticillin (MRSA)","R - resistant isolates, percentage  ","%","2021","CZ","Czechia",9.433962260,""
"Antimicrobial resistance","Staphylococcus aureus|Meticillin (MRSA)","R - resistant isolates, percentage  ","%","2021","DE","Germany",4.861990370,""
"Antimicrobial resistance","Staphylococcus aureus|Meticillin (MRSA)","R - resistant isolates, percentage  ","%","2021","DK","Denmark",1.807465610,""
"Antimicrobial resistance","Staphylococcus aureus|Meticillin (MRSA)","R - resistant isolates, percentage  ","%","2021","EE","Estonia",1.507537680,""
"Antimicrobial resistance","Staphylococcus aureus|Meticillin (MRSA)","R - resistant isolates, percentage  ","%","2021","EL","Greece",41.852487130,""
"Antimicrobial resistance","Staphylococcus aureus|Meticillin (MRSA)","R - resistant isolates, percentage  ","%","2021","ES","Spain",27.373417720,""
"Antimicrobial resistance","Staphylococcus aureus|Meticillin (MRSA)","R - resistant isolates, percentage  ","%","2021","FI","Finland",2.600082540,""
"Antimicrobial resistance","Staphylococcus aureus|Meticillin (MRSA)","R - resistant isolates, percentage  ","%","2021","FR","France",11.000346740,""
"Antimicrobial resistance","Staphylococcus aureus|Meticillin (MRSA)","R - resistant isolates, percentage  ","%","2021","HR","Croatia",34.833333330,""
"Antimicrobial resistance","Staphylococcus aureus|Meticillin (MRSA)","R - resistant isolates, percentage  ","%","2021","HU","Hungary",19.287833820,""
"Antimicrobial resistance","Staphylococcus aureus|Meticillin (MRSA)","R - resistant isolates, percentage  ","%","2021","IE","Ireland",10.634789770,""
"Antimicrobial resistance","Staphylococcus aureus|Meticillin (MRSA)","R - resistant isolates, percentage  ","%","2021","IS","Iceland",1.052631570,""
"Antimicrobial resistance","Staphylococcus aureus|Meticillin (MRSA)","R - resistant isolates, percentage  ","%","2021","IT","Italy",30.547787460,""
"Antimicrobial resistance","Staphylococcus aureus|Meticillin (MRSA)","R - resistant isolates, percentage  ","%","2021","LT","Lithuania",8.981233240,""
"Antimicrobial resistance","Staphylococcus aureus|Meticillin (MRSA)","R - resistant isolates, percentage  ","%","2021","LU","Luxembourg",5.527638190,""
"Antimicrobial resistance","Staphylococcus aureus|Meticillin (MRSA)","R - resistant isolates, percentage  ","%","2021","LV","Latvia",5.251641130,""
"Antimicrobial resistance","Staphylococcus aureus|Meticillin (MRSA)","R - resistant isolates, percentage  ","%","2021","MT","Malta",20.388349510,""
"Antimicrobial resistance","Staphylococcus aureus|Meticillin (MRSA)","R - resistant isolates, percentage  ","%","2021","NL","Netherlands",1.516558340,""
"Antimicrobial resistance","Staphylococcus aureus|Meticillin (MRSA)","R - resistant isolates, percentage  ","%","2021","NO","Norway",0.915750910,""
"Antimicrobial resistance","Staphylococcus aureus|Meticillin (MRSA)","R - resistant isolates, percentage  ","%","2021","PL","Poland",16.472642600,""
"Antimicrobial resistance","Staphylococcus aureus|Meticillin (MRSA)","R - resistant isolates, percentage  ","%","2021","PT","Portugal",25.130525580,""
"Antimicrobial resistance","Staphylococcus aureus|Meticillin (MRSA)","R - resistant isolates, percentage  ","%","2021","RO","Romania",40.997830800,""
"Antimicrobial resistance","Staphylococcus aureus|Meticillin (MRSA)","R - resistant isolates, percentage  ","%","2021","SE","Sweden",1.965601960,""
"Antimicrobial resistance","Staphylococcus aureus|Meticillin (MRSA)","R - resistant isolates, percentage  ","%","2021","SI","Slovenia",7.812500000,""
"Antimicrobial resistance","Staphylococcus aureus|Meticillin (MRSA)","R - resistant isolates, percentage  ","%","2021","SK","Slovakia",22.336769750,""
"Antimicrobial resistance","Staphylococcus aureus|Meticillin (MRSA)","R - resistant isolates, percentage  ","%","2022","AT","Austria",3.925353920,""
"Antimicrobial resistance","Staphylococcus aureus|Meticillin (MRSA)","R - resistant isolates, percentage  ","%","2022","BE","Belgium",4.155495970,""
"Antimicrobial resistance","Staphylococcus aureus|Meticillin (MRSA)","R - resistant isolates, percentage  ","%","2022","BG","Bulgaria",12.017167380,""
"Antimicrobial resistance","Staphylococcus aureus|Meticillin (MRSA)","R - resistant isolates, percentage  ","%","2022","CY","Cyprus",50.769230760,""
"Antimicrobial resistance","Staphylococcus aureus|Meticillin (MRSA)","R - resistant isolates, percentage  ","%","2022","CZ","Czechia",7.488622250,""
"Antimicrobial resistance","Staphylococcus aureus|Meticillin (MRSA)","R - resistant isolates, percentage  ","%","2022","DE","Germany",3.984548620,""
"Antimicrobial resistance","Staphylococcus aureus|Meticillin (MRSA)","R - resistant isolates, percentage  ","%","2022","DK","Denmark",1.850899740,""
"Antimicrobial resistance","Staphylococcus aureus|Meticillin (MRSA)","R - resistant isolates, percentage  ","%","2022","EE","Estonia",2.211302210,""
"Antimicrobial resistance","Staphylococcus aureus|Meticillin (MRSA)","R - resistant isolates, percentage  ","%","2022","EL","Greece",38.997821350,""
"Antimicrobial resistance","Staphylococcus aureus|Meticillin (MRSA)","R - resistant isolates, percentage  ","%","2022","ES","Spain",25.706327090,""
"Antimicrobial resistance","Staphylococcus aureus|Meticillin (MRSA)","R - resistant isolates, percentage  ","%","2022","FI","Finland",2.274607110,""
"Antimicrobial resistance","Staphylococcus aureus|Meticillin (MRSA)","R - resistant isolates, percentage  ","%","2022","FR","France",10.434700790,""
"Antimicrobial resistance","Staphylococcus aureus|Meticillin (MRSA)","R - resistant isolates, percentage  ","%","2022","HR","Croatia",31.096563010,""
"Antimicrobial resistance","Staphylococcus aureus|Meticillin (MRSA)","R - resistant isolates, percentage  ","%","2022","HU","Hungary",20.897683390,""
"Antimicrobial resistance","Staphylococcus aureus|Meticillin (MRSA)","R - resistant isolates, percentage  ","%","2022","IE","Ireland",10.441426140,""
"Antimicrobial resistance","Staphylococcus aureus|Meticillin (MRSA)","R - resistant isolates, percentage  ","%","2022","IS","Iceland",2.777777770,""
"Antimicrobial resistance","Staphylococcus aureus|Meticillin (MRSA)","R - resistant isolates, percentage  ","%","2022","IT","Italy",29.943784240,""
"Antimicrobial resistance","Staphylococcus aureus|Meticillin (MRSA)","R - resistant isolates, percentage  ","%","2022","LI","Liechtenstein",-,""
"Antimicrobial resistance","Staphylococcus aureus|Meticillin (MRSA)","R - resistant isolates, percentage  ","%","2022","LT","Lithuania",9.420289850,""
"Antimicrobial resistance","Staphylococcus aureus|Meticillin (MRSA)","R - resistant isolates, percentage  ","%","2022","LU","Luxembourg",4.680851060,""
"Antimicrobial resistance","Staphylococcus aureus|Meticillin (MRSA)","R - resistant isolates, percentage  ","%","2022","LV","Latvia",7.212475630,""
"Antimicrobial resistance","Staphylococcus aureus|Meticillin (MRSA)","R - resistant isolates, percentage  ","%","2022","MT","Malta",18.965517240,""
"Antimicrobial resistance","Staphylococcus aureus|Meticillin (MRSA)","R - resistant isolates, percentage  ","%","2022","NL","Netherlands",1.884178440,""
"Antimicrobial resistance","Staphylococcus aureus|Meticillin (MRSA)","R - resistant isolates, percentage  ","%","2022","NO","Norway",1.113585740,""
"Antimicrobial resistance","Staphylococcus aureus|Meticillin (MRSA)","R - resistant isolates, percentage  ","%","2022","PL","Poland",13.250000000,""
"Antimicrobial resistance","Staphylococcus aureus|Meticillin (MRSA)","R - resistant isolates, percentage  ","%","2022","PT","Portugal",24.971783290,""
"Antimicrobial resistance","Staphylococcus aureus|Meticillin (MRSA)","R - resistant isolates, percentage  ","%","2022","RO","Romania",38.926174490,""
"Antimicrobial resistance","Staphylococcus aureus|Meticillin (MRSA)","R - resistant isolates, percentage  ","%","2022","SE","Sweden",1.852318540,""
"Antimicrobial resistance","Staphylococcus aureus|Meticillin (MRSA)","R - resistant isolates, percentage  ","%","2022","SI","Slovenia",8.695652170,""
"Antimicrobial resistance","Staphylococcus aureus|Meticillin (MRSA)","R - resistant isolates, percentage  ","%","2022","SK","Slovakia",17.993079580,""
"Antimicrobial resistance","Staphylococcus aureus|Meticillin (MRSA)","R - resistant isolates, percentage  ","%","2023","AT","Austria",4.488929320,""
"Antimicrobial resistance","Staphylococcus aureus|Meticillin (MRSA)","R - resistant isolates, percentage  ","%","2023","BE","Belgium",6.000000000,""
"Antimicrobial resistance","Staphylococcus aureus|Meticillin (MRSA)","R - resistant isolates, percentage  ","%","2023","BG","Bulgaria",15.862068960,""
"Antimicrobial resistance","Staphylococcus aureus|Meticillin (MRSA)","R - resistant isolates, percentage  ","%","2023","CY","Cyprus",51.091703050,""
"Antimicrobial resistance","Staphylococcus aureus|Meticillin (MRSA)","R - resistant isolates, percentage  ","%","2023","CZ","Czechia",9.592013880,""
"Antimicrobial resistance","Staphylococcus aureus|Meticillin (MRSA)","R - resistant isolates, percentage  ","%","2023","DE","Germany",4.407829140,""
"Antimicrobial resistance","Staphylococcus aureus|Meticillin (MRSA)","R - resistant isolates, percentage  ","%","2023","DK","Denmark",1.497326200,""
"Antimicrobial resistance","Staphylococcus aureus|Meticillin (MRSA)","R - resistant isolates, percentage  ","%","2023","EE","Estonia",2.064220180,""
"Antimicrobial resistance","Staphylococcus aureus|Meticillin (MRSA)","R - resistant isolates, percentage  ","%","2023","EL","Greece",41.234347040,""
"Antimicrobial resistance","Staphylococcus aureus|Meticillin (MRSA)","R - resistant isolates, percentage  ","%","2023","ES","Spain",25.884460360,""
"Antimicrobial resistance","Staphylococcus aureus|Meticillin (MRSA)","R - resistant isolates, percentage  ","%","2023","FI","Finland",2.853067040,""
"Antimicrobial resistance","Staphylococcus aureus|Meticillin (MRSA)","R - resistant isolates, percentage  ","%","2023","HR","Croatia",30.054644800,""
"Antimicrobial resistance","Staphylococcus aureus|Meticillin (MRSA)","R - resistant isolates, percentage  ","%","2023","HU","Hungary",20.660749500,""
"Antimicrobial resistance","Staphylococcus aureus|Meticillin (MRSA)","R - resistant isolates, percentage  ","%","2023","IE","Ireland",9.661835740,""
"Antimicrobial resistance","Staphylococcus aureus|Meticillin (MRSA)","R - resistant isolates, percentage  ","%","2023","IS","Iceland",6.201550380,""
"Antimicrobial resistance","Staphylococcus aureus|Meticillin (MRSA)","R - resistant isolates, percentage  ","%","2023","IT","Italy",26.574552280,""
"Antimicrobial resistance","Staphylococcus aureus|Meticillin (MRSA)","R - resistant isolates, percentage  ","%","2023","LI","Liechtenstein",-,""
"Antimicrobial resistance","Staphylococcus aureus|Meticillin (MRSA)","R - resistant isolates, percentage  ","%","2023","LT","Lithuania",8.610086100,""
"Antimicrobial resistance","Staphylococcus aureus|Meticillin (MRSA)","R - resistant isolates, percentage  ","%","2023","LU","Luxembourg",5.789473680,""
"Antimicrobial resistance","Staphylococcus aureus|Meticillin (MRSA)","R - resistant isolates, percentage  ","%","2023","LV","Latvia",5.387931030,""
"Antimicrobial resistance","Staphylococcus aureus|Meticillin (MRSA)","R - resistant isolates, percentage  ","%","2023","MT","Malta",14.545454540,""
"Antimicrobial resistance","Staphylococcus aureus|Meticillin (MRSA)","R - resistant isolates, percentage  ","%","2023","NL","Netherlands",1.765177850,""
"Antimicrobial resistance","Staphylococcus aureus|Meticillin (MRSA)","R - resistant isolates, percentage  ","%","2023","NO","Norway",1.925320880,""
"Antimicrobial resistance","Staphylococcus aureus|Meticillin (MRSA)","R - resistant isolates, percentage  ","%","2023","PL","Poland",13.927291340,""
"Antimicrobial resistance","Staphylococcus aureus|Meticillin (MRSA)","R - resistant isolates, percentage  ","%","2023","PT","Portugal",23.081607790,""
"Antimicrobial resistance","Staphylococcus aureus|Meticillin (MRSA)","R - resistant isolates, percentage  ","%","2023","RO","Romania",39.389920420,""
"Antimicrobial resistance","Staphylococcus aureus|Meticillin (MRSA)","R - resistant isolates, percentage  ","%","2023","SE","Sweden",2.122552110,""
"Antimicrobial resistance","Staphylococcus aureus|Meticillin (MRSA)","R - resistant isolates, percentage  ","%","2023","SI","Slovenia",10.104011880,""
"Antimicrobial resistance","Staphylococcus aureus|Meticillin (MRSA)","R - resistant isolates, percentage  ","%","2023","SK","Slovakia",14.423076920,""
"Antimicrobial resistance","Staphylococcus aureus|Meticillin (MRSA)","R - resistant isolates, percentage  ","%","2024","AT","Austria",5.346650990,""
"Antimicrobial resistance","Staphylococcus aureus|Meticillin (MRSA)","R - resistant isolates, percentage  ","%","2024","BE","Belgium",7.438894790,""
"Antimicrobial resistance","Staphylococcus aureus|Meticillin (MRSA)","R - resistant isolates, percentage  ","%","2024","BG","Bulgaria",10.937500000,""
"Antimicrobial resistance","Staphylococcus aureus|Meticillin (MRSA)","R - resistant isolates, percentage  ","%","2024","CY","Cyprus",45.957446800,""
"Antimicrobial resistance","Staphylococcus aureus|Meticillin (MRSA)","R - resistant isolates, percentage  ","%","2024","CZ","Czechia",9.256844850,""
"Antimicrobial resistance","Staphylococcus aureus|Meticillin (MRSA)","R - resistant isolates, percentage  ","%","2024","DE","Germany",4.240800430,""
"Antimicrobial resistance","Staphylococcus aureus|Meticillin (MRSA)","R - resistant isolates, percentage  ","%","2024","DK","Denmark",1.871809410,""
"Antimicrobial resistance","Staphylococcus aureus|Meticillin (MRSA)","R - resistant isolates, percentage  ","%","2024","EE","Estonia",3.393665150,""
"Antimicrobial resistance","Staphylococcus aureus|Meticillin (MRSA)","R - resistant isolates, percentage  ","%","2024","EL","Greece",40.537745600,""
"Antimicrobial resistance","Staphylococcus aureus|Meticillin (MRSA)","R - resistant isolates, percentage  ","%","2024","ES","Spain",23.686477170,""
"Antimicrobial resistance","Staphylococcus aureus|Meticillin (MRSA)","R - resistant isolates, percentage  ","%","2024","FI","Finland",3.705318220,""
"Antimicrobial resistance","Staphylococcus aureus|Meticillin (MRSA)","R - resistant isolates, percentage  ","%","2024","FR","France",9.908789380,""
"Antimicrobial resistance","Staphylococcus aureus|Meticillin (MRSA)","R - resistant isolates, percentage  ","%","2024","HR","Croatia",29.812606470,""
"Antimicrobial resistance","Staphylococcus aureus|Meticillin (MRSA)","R - resistant isolates, percentage  ","%","2024","HU","Hungary",17.286751360,""
"Antimicrobial resistance","Staphylococcus aureus|Meticillin (MRSA)","R - resistant isolates, percentage  ","%","2024","IE","Ireland",11.037735840,""
"Antimicrobial resistance","Staphylococcus aureus|Meticillin (MRSA)","R - resistant isolates, percentage  ","%","2024","IS","Iceland",5.594405590,""
"Antimicrobial resistance","Staphylococcus aureus|Meticillin (MRSA)","R - resistant isolates, percentage  ","%","2024","IT","Italy",25.695944690,""
"Antimicrobial resistance","Staphylococcus aureus|Meticillin (MRSA)","R - resistant isolates, percentage  ","%","2024","LI","Liechtenstein",-,""
"Antimicrobial resistance","Staphylococcus aureus|Meticillin (MRSA)","R - resistant isolates, percentage  ","%","2024","LT","Lithuania",10.010764260,""
"Antimicrobial resistance","Staphylococcus aureus|Meticillin (MRSA)","R - resistant isolates, percentage  ","%","2024","LU","Luxembourg",5.128205120,""
"Antimicrobial resistance","Staphylococcus aureus|Meticillin (MRSA)","R - resistant isolates, percentage  ","%","2024","LV","Latvia",6.932773100,""
"Antimicrobial resistance","Staphylococcus aureus|Meticillin (MRSA)","R - resistant isolates, percentage  ","%","2024","MT","Malta",15.238095230,""
"Antimicrobial resistance","Staphylococcus aureus|Meticillin (MRSA)","R - resistant isolates, percentage  ","%","2024","NL","Netherlands",2.022194820,""
"Antimicrobial resistance","Staphylococcus aureus|Meticillin (MRSA)","R - resistant isolates, percentage  ","%","2024","NO","Norway",2.059496560,""
"Antimicrobial resistance","Staphylococcus aureus|Meticillin (MRSA)","R - resistant isolates, percentage  ","%","2024","PL","Poland",10.754070260,""
"Antimicrobial resistance","Staphylococcus aureus|Meticillin (MRSA)","R - resistant isolates, percentage  ","%","2024","PT","Portugal",23.805555550,""
"Antimicrobial resistance","Staphylococcus aureus|Meticillin (MRSA)","R - resistant isolates, percentage  ","%","2024","RO","Romania",36.826640540,""
"Antimicrobial resistance","Staphylococcus aureus|Meticillin (MRSA)","R - resistant isolates, percentage  ","%","2024","SE","Sweden",2.598794370,""
"Antimicrobial resistance","Staphylococcus aureus|Meticillin (MRSA)","R - resistant isolates, percentage  ","%","2024","SI","Slovenia",8.702064890,""
"Antimicrobial resistance","Staphylococcus aureus|Meticillin (MRSA)","R - resistant isolates, percentage  ","%","2024","SK","Slovakia",19.262295080,""
"Antimicrobial resistance","Staphylococcus aureus|Meticillin (MRSA)","Total tested isolates","N","2000","AT","Austria",382.000000000,""
"Antimicrobial resistance","Staphylococcus aureus|Meticillin (MRSA)","Total tested isolates","N","2000","BE","Belgium",657.000000000,""
"Antimicrobial resistance","Staphylococcus aureus|Meticillin (MRSA)","Total tested isolates","N","2000","BG","Bulgaria",102.000000000,""
"Antimicrobial resistance","Staphylococcus aureus|Meticillin (MRSA)","Total tested isolates","N","2000","CZ","Czechia",515.000000000,""
"Antimicrobial resistance","Staphylococcus aureus|Meticillin (MRSA)","Total tested isolates","N","2000","DE","Germany",890.000000000,""
"Antimicrobial resistance","Staphylococcus aureus|Meticillin (MRSA)","Total tested isolates","N","2000","DK","Denmark",501.000000000,""
"Antimicrobial resistance","Staphylococcus aureus|Meticillin (MRSA)","Total tested isolates","N","2000","EL","Greece",366.000000000,""
"Antimicrobial resistance","Staphylococcus aureus|Meticillin (MRSA)","Total tested isolates","N","2000","ES","Spain",857.000000000,""
"Antimicrobial resistance","Staphylococcus aureus|Meticillin (MRSA)","Total tested isolates","N","2000","FI","Finland",367.000000000,""
"Antimicrobial resistance","Staphylococcus aureus|Meticillin (MRSA)","Total tested isolates","N","2000","IE","Ireland",511.000000000,""
"Antimicrobial resistance","Staphylococcus aureus|Meticillin (MRSA)","Total tested isolates","N","2000","IS","Iceland",40.000000000,""
"Antimicrobial resistance","Staphylococcus aureus|Meticillin (MRSA)","Total tested isolates","N","2000","IT","Italy",470.000000000,""
"Antimicrobial resistance","Staphylococcus aureus|Meticillin (MRSA)","Total tested isolates","N","2000","LU","Luxembourg",67.000000000,""
"Antimicrobial resistance","Staphylococcus aureus|Meticillin (MRSA)","Total tested isolates","N","2000","MT","Malta",76.000000000,""
"Antimicrobial resistance","Staphylococcus aureus|Meticillin (MRSA)","Total tested isolates","N","2000","NL","Netherlands",1113.000000000,""
"Antimicrobial resistance","Staphylococcus aureus|Meticillin (MRSA)","Total tested isolates","N","2000","NO","Norway",400.000000000,""
"Antimicrobial resistance","Staphylococcus aureus|Meticillin (MRSA)","Total tested isolates","N","2000","PT","Portugal",151.000000000,""
"Antimicrobial resistance","Staphylococcus aureus|Meticillin (MRSA)","Total tested isolates","N","2000","SE","Sweden",1478.000000000,""
"Antimicrobial resistance","Staphylococcus aureus|Meticillin (MRSA)","Total tested isolates","N","2000","SI","Slovenia",152.000000000,""
"Antimicrobial resistance","Staphylococcus aureus|Meticillin (MRSA)","Total tested isolates","N","2000","UK","United Kingdom",1419.000000000,""
"Antimicrobial resistance","Staphylococcus aureus|Meticillin (MRSA)","Total tested isolates","N","2001","AT","Austria",278.000000000,""
"Antimicrobial resistance","Staphylococcus aureus|Meticillin (MRSA)","Total tested isolates","N","2001","BE","Belgium",941.000000000,""
"Antimicrobial resistance","Staphylococcus aureus|Meticillin (MRSA)","Total tested isolates","N","2001","BG","Bulgaria",103.000000000,""
"Antimicrobial resistance","Staphylococcus aureus|Meticillin (MRSA)","Total tested isolates","N","2001","CZ","Czechia",1075.000000000,""
"Antimicrobial resistance","Staphylococcus aureus|Meticillin (MRSA)","Total tested isolates","N","2001","DE","Germany",1220.000000000,""
"Antimicrobial resistance","Staphylococcus aureus|Meticillin (MRSA)","Total tested isolates","N","2001","DK","Denmark",520.000000000,""
"Antimicrobial resistance","Staphylococcus aureus|Meticillin (MRSA)","Total tested isolates","N","2001","EE","Estonia",79.000000000,""
"Antimicrobial resistance","Staphylococcus aureus|Meticillin (MRSA)","Total tested isolates","N","2001","EL","Greece",361.000000000,""
"Antimicrobial resistance","Staphylococcus aureus|Meticillin (MRSA)","Total tested isolates","N","2001","ES","Spain",949.000000000,""
"Antimicrobial resistance","Staphylococcus aureus|Meticillin (MRSA)","Total tested isolates","N","2001","FI","Finland",606.000000000,""
"Antimicrobial resistance","Staphylococcus aureus|Meticillin (MRSA)","Total tested isolates","N","2001","FR","France",1714.000000000,""
"Antimicrobial resistance","Staphylococcus aureus|Meticillin (MRSA)","Total tested isolates","N","2001","HR","Croatia",149.000000000,""
"Antimicrobial resistance","Staphylococcus aureus|Meticillin (MRSA)","Total tested isolates","N","2001","HU","Hungary",301.000000000,""
"Antimicrobial resistance","Staphylococcus aureus|Meticillin (MRSA)","Total tested isolates","N","2001","IE","Ireland",643.000000000,""
"Antimicrobial resistance","Staphylococcus aureus|Meticillin (MRSA)","Total tested isolates","N","2001","IS","Iceland",63.000000000,""
"Antimicrobial resistance","Staphylococcus aureus|Meticillin (MRSA)","Total tested isolates","N","2001","IT","Italy",839.000000000,""
"Antimicrobial resistance","Staphylococcus aureus|Meticillin (MRSA)","Total tested isolates","N","2001","LU","Luxembourg",85.000000000,""
"Antimicrobial resistance","Staphylococcus aureus|Meticillin (MRSA)","Total tested isolates","N","2001","MT","Malta",82.000000000,""
"Antimicrobial resistance","Staphylococcus aureus|Meticillin (MRSA)","Total tested isolates","N","2001","NL","Netherlands",1237.000000000,""
"Antimicrobial resistance","Staphylococcus aureus|Meticillin (MRSA)","Total tested isolates","N","2001","NO","Norway",411.000000000,""
"Antimicrobial resistance","Staphylococcus aureus|Meticillin (MRSA)","Total tested isolates","N","2001","PL","Poland",151.000000000,""
"Antimicrobial resistance","Staphylococcus aureus|Meticillin (MRSA)","Total tested isolates","N","2001","PT","Portugal",521.000000000,""
"Antimicrobial resistance","Staphylococcus aureus|Meticillin (MRSA)","Total tested isolates","N","2001","SE","Sweden",1633.000000000,""
"Antimicrobial resistance","Staphylococcus aureus|Meticillin (MRSA)","Total tested isolates","N","2001","SI","Slovenia",270.000000000,""
"Antimicrobial resistance","Staphylococcus aureus|Meticillin (MRSA)","Total tested isolates","N","2001","SK","Slovakia",37.000000000,""
"Antimicrobial resistance","Staphylococcus aureus|Meticillin (MRSA)","Total tested isolates","N","2001","UK","United Kingdom",1422.000000000,""
"Antimicrobial resistance","Staphylococcus aureus|Meticillin (MRSA)","Total tested isolates","N","2002","AT","Austria",455.000000000,""
"Antimicrobial resistance","Staphylococcus aureus|Meticillin (MRSA)","Total tested isolates","N","2002","BE","Belgium",1092.000000000,""
"Antimicrobial resistance","Staphylococcus aureus|Meticillin (MRSA)","Total tested isolates","N","2002","BG","Bulgaria",116.000000000,""
"Antimicrobial resistance","Staphylococcus aureus|Meticillin (MRSA)","Total tested isolates","N","2002","CZ","Czechia",1168.000000000,""
"Antimicrobial resistance","Staphylococcus aureus|Meticillin (MRSA)","Total tested isolates","N","2002","DE","Germany",1066.000000000,""
"Antimicrobial resistance","Staphylococcus aureus|Meticillin (MRSA)","Total tested isolates","N","2002","DK","Denmark",752.000000000,""
"Antimicrobial resistance","Staphylococcus aureus|Meticillin (MRSA)","Total tested isolates","N","2002","EE","Estonia",82.000000000,""
"Antimicrobial resistance","Staphylococcus aureus|Meticillin (MRSA)","Total tested isolates","N","2002","EL","Greece",368.000000000,""
"Antimicrobial resistance","Staphylococcus aureus|Meticillin (MRSA)","Total tested isolates","N","2002","ES","Spain",1196.000000000,""
"Antimicrobial resistance","Staphylococcus aureus|Meticillin (MRSA)","Total tested isolates","N","2002","FI","Finland",721.000000000,""
"Antimicrobial resistance","Staphylococcus aureus|Meticillin (MRSA)","Total tested isolates","N","2002","FR","France",1663.000000000,""
"Antimicrobial resistance","Staphylococcus aureus|Meticillin (MRSA)","Total tested isolates","N","2002","HR","Croatia",279.000000000,""
"Antimicrobial resistance","Staphylococcus aureus|Meticillin (MRSA)","Total tested isolates","N","2002","HU","Hungary",413.000000000,""
"Antimicrobial resistance","Staphylococcus aureus|Meticillin (MRSA)","Total tested isolates","N","2002","IE","Ireland",998.000000000,""
"Antimicrobial resistance","Staphylococcus aureus|Meticillin (MRSA)","Total tested isolates","N","2002","IS","Iceland",60.000000000,""
"Antimicrobial resistance","Staphylococcus aureus|Meticillin (MRSA)","Total tested isolates","N","2002","IT","Italy",1343.000000000,""
"Antimicrobial resistance","Staphylococcus aureus|Meticillin (MRSA)","Total tested isolates","N","2002","LU","Luxembourg",95.000000000,""
"Antimicrobial resistance","Staphylococcus aureus|Meticillin (MRSA)","Total tested isolates","N","2002","MT","Malta",87.000000000,""
"Antimicrobial resistance","Staphylococcus aureus|Meticillin (MRSA)","Total tested isolates","N","2002","NL","Netherlands",1482.000000000,""
"Antimicrobial resistance","Staphylococcus aureus|Meticillin (MRSA)","Total tested isolates","N","2002","NO","Norway",502.000000000,""
"Antimicrobial resistance","Staphylococcus aureus|Meticillin (MRSA)","Total tested isolates","N","2002","PL","Poland",186.000000000,""
"Antimicrobial resistance","Staphylococcus aureus|Meticillin (MRSA)","Total tested isolates","N","2002","PT","Portugal",543.000000000,""
"Antimicrobial resistance","Staphylococcus aureus|Meticillin (MRSA)","Total tested isolates","N","2002","RO","Romania",80.000000000,""
"Antimicrobial resistance","Staphylococcus aureus|Meticillin (MRSA)","Total tested isolates","N","2002","SE","Sweden",1836.000000000,""
"Antimicrobial resistance","Staphylococcus aureus|Meticillin (MRSA)","Total tested isolates","N","2002","SI","Slovenia",276.000000000,""
"Antimicrobial resistance","Staphylococcus aureus|Meticillin (MRSA)","Total tested isolates","N","2002","SK","Slovakia",259.000000000,""
"Antimicrobial resistance","Staphylococcus aureus|Meticillin (MRSA)","Total tested isolates","N","2002","UK","United Kingdom",1588.000000000,""
"Antimicrobial resistance","Staphylococcus aureus|Meticillin (MRSA)","Total tested isolates","N","2003","AT","Austria",871.000000000,""
"Antimicrobial resistance","Staphylococcus aureus|Meticillin (MRSA)","Total tested isolates","N","2003","BE","Belgium",1133.000000000,""
"Antimicrobial resistance","Staphylococcus aureus|Meticillin (MRSA)","Total tested isolates","N","2003","BG","Bulgaria",157.000000000,""
"Antimicrobial resistance","Staphylococcus aureus|Meticillin (MRSA)","Total tested isolates","N","2003","CY","Cyprus",28.000000000,""
"Antimicrobial resistance","Staphylococcus aureus|Meticillin (MRSA)","Total tested isolates","N","2003","CZ","Czechia",1387.000000000,""
"Antimicrobial resistance","Staphylococcus aureus|Meticillin (MRSA)","Total tested isolates","N","2003","DE","Germany",919.000000000,""
"Antimicrobial resistance","Staphylococcus aureus|Meticillin (MRSA)","Total tested isolates","N","2003","DK","Denmark",671.000000000,""
"Antimicrobial resistance","Staphylococcus aureus|Meticillin (MRSA)","Total tested isolates","N","2003","EE","Estonia",98.000000000,""
"Antimicrobial resistance","Staphylococcus aureus|Meticillin (MRSA)","Total tested isolates","N","2003","EL","Greece",666.000000000,""
"Antimicrobial resistance","Staphylococcus aureus|Meticillin (MRSA)","Total tested isolates","N","2003","ES","Spain",1391.000000000,""
"Antimicrobial resistance","Staphylococcus aureus|Meticillin (MRSA)","Total tested isolates","N","2003","FI","Finland",727.000000000,""
"Antimicrobial resistance","Staphylococcus aureus|Meticillin (MRSA)","Total tested isolates","N","2003","FR","France",1708.000000000,""
"Antimicrobial resistance","Staphylococcus aureus|Meticillin (MRSA)","Total tested isolates","N","2003","HR","Croatia",360.000000000,""
"Antimicrobial resistance","Staphylococcus aureus|Meticillin (MRSA)","Total tested isolates","N","2003","HU","Hungary",858.000000000,""
"Antimicrobial resistance","Staphylococcus aureus|Meticillin (MRSA)","Total tested isolates","N","2003","IE","Ireland",1108.000000000,""
"Antimicrobial resistance","Staphylococcus aureus|Meticillin (MRSA)","Total tested isolates","N","2003","IS","Iceland",64.000000000,""
"Antimicrobial resistance","Staphylococcus aureus|Meticillin (MRSA)","Total tested isolates","N","2003","IT","Italy",1465.000000000,""
"Antimicrobial resistance","Staphylococcus aureus|Meticillin (MRSA)","Total tested isolates","N","2003","LU","Luxembourg",95.000000000,""
"Antimicrobial resistance","Staphylococcus aureus|Meticillin (MRSA)","Total tested isolates","N","2003","MT","Malta",121.000000000,""
"Antimicrobial resistance","Staphylococcus aureus|Meticillin (MRSA)","Total tested isolates","N","2003","NL","Netherlands",1363.000000000,""
"Antimicrobial resistance","Staphylococcus aureus|Meticillin (MRSA)","Total tested isolates","N","2003","NO","Norway",504.000000000,""
"Antimicrobial resistance","Staphylococcus aureus|Meticillin (MRSA)","Total tested isolates","N","2003","PL","Poland",166.000000000,""
"Antimicrobial resistance","Staphylococcus aureus|Meticillin (MRSA)","Total tested isolates","N","2003","PT","Portugal",1033.000000000,""
"Antimicrobial resistance","Staphylococcus aureus|Meticillin (MRSA)","Total tested isolates","N","2003","RO","Romania",85.000000000,""
"Antimicrobial resistance","Staphylococcus aureus|Meticillin (MRSA)","Total tested isolates","N","2003","SE","Sweden",1855.000000000,""
"Antimicrobial resistance","Staphylococcus aureus|Meticillin (MRSA)","Total tested isolates","N","2003","SI","Slovenia",299.000000000,""
"Antimicrobial resistance","Staphylococcus aureus|Meticillin (MRSA)","Total tested isolates","N","2003","SK","Slovakia",269.000000000,""
"Antimicrobial resistance","Staphylococcus aureus|Meticillin (MRSA)","Total tested isolates","N","2003","UK","United Kingdom",3526.000000000,""
"Antimicrobial resistance","Staphylococcus aureus|Meticillin (MRSA)","Total tested isolates","N","2004","AT","Austria",1420.000000000,""
"Antimicrobial resistance","Staphylococcus aureus|Meticillin (MRSA)","Total tested isolates","N","2004","BE","Belgium",1227.000000000,""
"Antimicrobial resistance","Staphylococcus aureus|Meticillin (MRSA)","Total tested isolates","N","2004","BG","Bulgaria",170.000000000,""
"Antimicrobial resistance","Staphylococcus aureus|Meticillin (MRSA)","Total tested isolates","N","2004","CY","Cyprus",39.000000000,""
"Antimicrobial resistance","Staphylococcus aureus|Meticillin (MRSA)","Total tested isolates","N","2004","CZ","Czechia",1444.000000000,""
"Antimicrobial resistance","Staphylococcus aureus|Meticillin (MRSA)","Total tested isolates","N","2004","DE","Germany",1106.000000000,""
"Antimicrobial resistance","Staphylococcus aureus|Meticillin (MRSA)","Total tested isolates","N","2004","DK","Denmark",1436.000000000,""
"Antimicrobial resistance","Staphylococcus aureus|Meticillin (MRSA)","Total tested isolates","N","2004","EE","Estonia",104.000000000,""
"Antimicrobial resistance","Staphylococcus aureus|Meticillin (MRSA)","Total tested isolates","N","2004","EL","Greece",609.000000000,""
"Antimicrobial resistance","Staphylococcus aureus|Meticillin (MRSA)","Total tested isolates","N","2004","ES","Spain",1526.000000000,""
"Antimicrobial resistance","Staphylococcus aureus|Meticillin (MRSA)","Total tested isolates","N","2004","FI","Finland",882.000000000,""
"Antimicrobial resistance","Staphylococcus aureus|Meticillin (MRSA)","Total tested isolates","N","2004","FR","France",3347.000000000,""
"Antimicrobial resistance","Staphylococcus aureus|Meticillin (MRSA)","Total tested isolates","N","2004","HR","Croatia",392.000000000,""
"Antimicrobial resistance","Staphylococcus aureus|Meticillin (MRSA)","Total tested isolates","N","2004","HU","Hungary",1020.000000000,""
"Antimicrobial resistance","Staphylococcus aureus|Meticillin (MRSA)","Total tested isolates","N","2004","IE","Ireland",1286.000000000,""
"Antimicrobial resistance","Staphylococcus aureus|Meticillin (MRSA)","Total tested isolates","N","2004","IS","Iceland",55.000000000,""
"Antimicrobial resistance","Staphylococcus aureus|Meticillin (MRSA)","Total tested isolates","N","2004","IT","Italy",1219.000000000,""
"Antimicrobial resistance","Staphylococcus aureus|Meticillin (MRSA)","Total tested isolates","N","2004","LU","Luxembourg",96.000000000,""
"Antimicrobial resistance","Staphylococcus aureus|Meticillin (MRSA)","Total tested isolates","N","2004","LV","Latvia",87.000000000,""
"Antimicrobial resistance","Staphylococcus aureus|Meticillin (MRSA)","Total tested isolates","N","2004","MT","Malta",94.000000000,""
"Antimicrobial resistance","Staphylococcus aureus|Meticillin (MRSA)","Total tested isolates","N","2004","NL","Netherlands",1336.000000000,""
"Antimicrobial resistance","Staphylococcus aureus|Meticillin (MRSA)","Total tested isolates","N","2004","NO","Norway",515.000000000,""
"Antimicrobial resistance","Staphylococcus aureus|Meticillin (MRSA)","Total tested isolates","N","2004","PL","Poland",262.000000000,""
"Antimicrobial resistance","Staphylococcus aureus|Meticillin (MRSA)","Total tested isolates","N","2004","PT","Portugal",1063.000000000,""
"Antimicrobial resistance","Staphylococcus aureus|Meticillin (MRSA)","Total tested isolates","N","2004","RO","Romania",95.000000000,""
"Antimicrobial resistance","Staphylococcus aureus|Meticillin (MRSA)","Total tested isolates","N","2004","SE","Sweden",1906.000000000,""
"Antimicrobial resistance","Staphylococcus aureus|Meticillin (MRSA)","Total tested isolates","N","2004","SI","Slovenia",347.000000000,""
"Antimicrobial resistance","Staphylococcus aureus|Meticillin (MRSA)","Total tested isolates","N","2004","SK","Slovakia",289.000000000,""
"Antimicrobial resistance","Staphylococcus aureus|Meticillin (MRSA)","Total tested isolates","N","2004","UK","United Kingdom",3558.000000000,""
"Antimicrobial resistance","Staphylococcus aureus|Meticillin (MRSA)","Total tested isolates","N","2005","AT","Austria",1472.000000000,""
"Antimicrobial resistance","Staphylococcus aureus|Meticillin (MRSA)","Total tested isolates","N","2005","BE","Belgium",1048.000000000,""
"Antimicrobial resistance","Staphylococcus aureus|Meticillin (MRSA)","Total tested isolates","N","2005","BG","Bulgaria",160.000000000,""
"Antimicrobial resistance","Staphylococcus aureus|Meticillin (MRSA)","Total tested isolates","N","2005","CY","Cyprus",54.000000000,""
"Antimicrobial resistance","Staphylococcus aureus|Meticillin (MRSA)","Total tested isolates","N","2005","CZ","Czechia",1553.000000000,""
"Antimicrobial resistance","Staphylococcus aureus|Meticillin (MRSA)","Total tested isolates","N","2005","DE","Germany",826.000000000,""
"Antimicrobial resistance","Staphylococcus aureus|Meticillin (MRSA)","Total tested isolates","N","2005","DK","Denmark",1350.000000000,""
"Antimicrobial resistance","Staphylococcus aureus|Meticillin (MRSA)","Total tested isolates","N","2005","EE","Estonia",141.000000000,""
"Antimicrobial resistance","Staphylococcus aureus|Meticillin (MRSA)","Total tested isolates","N","2005","EL","Greece",681.000000000,""
"Antimicrobial resistance","Staphylococcus aureus|Meticillin (MRSA)","Total tested isolates","N","2005","ES","Spain",1337.000000000,""
"Antimicrobial resistance","Staphylococcus aureus|Meticillin (MRSA)","Total tested isolates","N","2005","FI","Finland",790.000000000,""
"Antimicrobial resistance","Staphylococcus aureus|Meticillin (MRSA)","Total tested isolates","N","2005","FR","France",3483.000000000,""
"Antimicrobial resistance","Staphylococcus aureus|Meticillin (MRSA)","Total tested isolates","N","2005","HR","Croatia",354.000000000,""
"Antimicrobial resistance","Staphylococcus aureus|Meticillin (MRSA)","Total tested isolates","N","2005","HU","Hungary",1083.000000000,""
"Antimicrobial resistance","Staphylococcus aureus|Meticillin (MRSA)","Total tested isolates","N","2005","IE","Ireland",1360.000000000,""
"Antimicrobial resistance","Staphylococcus aureus|Meticillin (MRSA)","Total tested isolates","N","2005","IS","Iceland",78.000000000,""
"Antimicrobial resistance","Staphylococcus aureus|Meticillin (MRSA)","Total tested isolates","N","2005","IT","Italy",1431.000000000,""
"Antimicrobial resistance","Staphylococcus aureus|Meticillin (MRSA)","Total tested isolates","N","2005","LU","Luxembourg",83.000000000,""
"Antimicrobial resistance","Staphylococcus aureus|Meticillin (MRSA)","Total tested isolates","N","2005","LV","Latvia",126.000000000,""
"Antimicrobial resistance","Staphylococcus aureus|Meticillin (MRSA)","Total tested isolates","N","2005","MT","Malta",77.000000000,""
"Antimicrobial resistance","Staphylococcus aureus|Meticillin (MRSA)","Total tested isolates","N","2005","NL","Netherlands",1407.000000000,""
"Antimicrobial resistance","Staphylococcus aureus|Meticillin (MRSA)","Total tested isolates","N","2005","NO","Norway",551.000000000,""
"Antimicrobial resistance","Staphylococcus aureus|Meticillin (MRSA)","Total tested isolates","N","2005","PL","Poland",198.000000000,""
"Antimicrobial resistance","Staphylococcus aureus|Meticillin (MRSA)","Total tested isolates","N","2005","PT","Portugal",1153.000000000,""
"Antimicrobial resistance","Staphylococcus aureus|Meticillin (MRSA)","Total tested isolates","N","2005","RO","Romania",92.000000000,""
"Antimicrobial resistance","Staphylococcus aureus|Meticillin (MRSA)","Total tested isolates","N","2005","SE","Sweden",1774.000000000,""
"Antimicrobial resistance","Staphylococcus aureus|Meticillin (MRSA)","Total tested isolates","N","2005","SI","Slovenia",349.000000000,""
"Antimicrobial resistance","Staphylococcus aureus|Meticillin (MRSA)","Total tested isolates","N","2005","SK","Slovakia",147.000000000,""
"Antimicrobial resistance","Staphylococcus aureus|Meticillin (MRSA)","Total tested isolates","N","2005","UK","United Kingdom",3967.000000000,""
"Antimicrobial resistance","Staphylococcus aureus|Meticillin (MRSA)","Total tested isolates","N","2006","AT","Austria",1637.000000000,""
"Antimicrobial resistance","Staphylococcus aureus|Meticillin (MRSA)","Total tested isolates","N","2006","BE","Belgium",858.000000000,""
"Antimicrobial resistance","Staphylococcus aureus|Meticillin (MRSA)","Total tested isolates","N","2006","BG","Bulgaria",159.000000000,""
"Antimicrobial resistance","Staphylococcus aureus|Meticillin (MRSA)","Total tested isolates","N","2006","CY","Cyprus",62.000000000,""
"Antimicrobial resistance","Staphylococcus aureus|Meticillin (MRSA)","Total tested isolates","N","2006","CZ","Czechia",1527.000000000,""
"Antimicrobial resistance","Staphylococcus aureus|Meticillin (MRSA)","Total tested isolates","N","2006","DE","Germany",796.000000000,""
"Antimicrobial resistance","Staphylococcus aureus|Meticillin (MRSA)","Total tested isolates","N","2006","DK","Denmark",1279.000000000,""
"Antimicrobial resistance","Staphylococcus aureus|Meticillin (MRSA)","Total tested isolates","N","2006","EE","Estonia",154.000000000,""
"Antimicrobial resistance","Staphylococcus aureus|Meticillin (MRSA)","Total tested isolates","N","2006","EL","Greece",826.000000000,""
"Antimicrobial resistance","Staphylococcus aureus|Meticillin (MRSA)","Total tested isolates","N","2006","ES","Spain",1483.000000000,""
"Antimicrobial resistance","Staphylococcus aureus|Meticillin (MRSA)","Total tested isolates","N","2006","FI","Finland",892.000000000,""
"Antimicrobial resistance","Staphylococcus aureus|Meticillin (MRSA)","Total tested isolates","N","2006","FR","France",3818.000000000,""
"Antimicrobial resistance","Staphylococcus aureus|Meticillin (MRSA)","Total tested isolates","N","2006","HR","Croatia",391.000000000,""
"Antimicrobial resistance","Staphylococcus aureus|Meticillin (MRSA)","Total tested isolates","N","2006","HU","Hungary",1127.000000000,""
"Antimicrobial resistance","Staphylococcus aureus|Meticillin (MRSA)","Total tested isolates","N","2006","IE","Ireland",1347.000000000,""
"Antimicrobial resistance","Staphylococcus aureus|Meticillin (MRSA)","Total tested isolates","N","2006","IS","Iceland",57.000000000,""
"Antimicrobial resistance","Staphylococcus aureus|Meticillin (MRSA)","Total tested isolates","N","2006","IT","Italy",1104.000000000,""
"Antimicrobial resistance","Staphylococcus aureus|Meticillin (MRSA)","Total tested isolates","N","2006","LT","Lithuania",167.000000000,""
"Antimicrobial resistance","Staphylococcus aureus|Meticillin (MRSA)","Total tested isolates","N","2006","LU","Luxembourg",77.000000000,""
"Antimicrobial resistance","Staphylococcus aureus|Meticillin (MRSA)","Total tested isolates","N","2006","LV","Latvia",172.000000000,""
"Antimicrobial resistance","Staphylococcus aureus|Meticillin (MRSA)","Total tested isolates","N","2006","MT","Malta",90.000000000,""
"Antimicrobial resistance","Staphylococcus aureus|Meticillin (MRSA)","Total tested isolates","N","2006","NL","Netherlands",1635.000000000,""
"Antimicrobial resistance","Staphylococcus aureus|Meticillin (MRSA)","Total tested isolates","N","2006","NO","Norway",734.000000000,""
"Antimicrobial resistance","Staphylococcus aureus|Meticillin (MRSA)","Total tested isolates","N","2006","PL","Poland",174.000000000,""
"Antimicrobial resistance","Staphylococcus aureus|Meticillin (MRSA)","Total tested isolates","N","2006","PT","Portugal",1306.000000000,""
"Antimicrobial resistance","Staphylococcus aureus|Meticillin (MRSA)","Total tested isolates","N","2006","RO","Romania",83.000000000,""
"Antimicrobial resistance","Staphylococcus aureus|Meticillin (MRSA)","Total tested isolates","N","2006","SE","Sweden",1967.000000000,""
"Antimicrobial resistance","Staphylococcus aureus|Meticillin (MRSA)","Total tested isolates","N","2006","SI","Slovenia",365.000000000,""
"Antimicrobial resistance","Staphylococcus aureus|Meticillin (MRSA)","Total tested isolates","N","2006","UK","United Kingdom",4000.000000000,""
"Antimicrobial resistance","Staphylococcus aureus|Meticillin (MRSA)","Total tested isolates","N","2007","AT","Austria",1503.000000000,""
"Antimicrobial resistance","Staphylococcus aureus|Meticillin (MRSA)","Total tested isolates","N","2007","BE","Belgium",855.000000000,""
"Antimicrobial resistance","Staphylococcus aureus|Meticillin (MRSA)","Total tested isolates","N","2007","BG","Bulgaria",121.000000000,""
"Antimicrobial resistance","Staphylococcus aureus|Meticillin (MRSA)","Total tested isolates","N","2007","CY","Cyprus",85.000000000,""
"Antimicrobial resistance","Staphylococcus aureus|Meticillin (MRSA)","Total tested isolates","N","2007","CZ","Czechia",1653.000000000,""
"Antimicrobial resistance","Staphylococcus aureus|Meticillin (MRSA)","Total tested isolates","N","2007","DE","Germany",853.000000000,""
"Antimicrobial resistance","Staphylococcus aureus|Meticillin (MRSA)","Total tested isolates","N","2007","DK","Denmark",1315.000000000,""
"Antimicrobial resistance","Staphylococcus aureus|Meticillin (MRSA)","Total tested isolates","N","2007","EE","Estonia",206.000000000,""
"Antimicrobial resistance","Staphylococcus aureus|Meticillin (MRSA)","Total tested isolates","N","2007","EL","Greece",806.000000000,""
"Antimicrobial resistance","Staphylococcus aureus|Meticillin (MRSA)","Total tested isolates","N","2007","ES","Spain",1642.000000000,""
"Antimicrobial resistance","Staphylococcus aureus|Meticillin (MRSA)","Total tested isolates","N","2007","FI","Finland",814.000000000,""
"Antimicrobial resistance","Staphylococcus aureus|Meticillin (MRSA)","Total tested isolates","N","2007","FR","France",4250.000000000,""
"Antimicrobial resistance","Staphylococcus aureus|Meticillin (MRSA)","Total tested isolates","N","2007","HR","Croatia",375.000000000,""
"Antimicrobial resistance","Staphylococcus aureus|Meticillin (MRSA)","Total tested isolates","N","2007","HU","Hungary",1199.000000000,""
"Antimicrobial resistance","Staphylococcus aureus|Meticillin (MRSA)","Total tested isolates","N","2007","IE","Ireland",1332.000000000,""
"Antimicrobial resistance","Staphylococcus aureus|Meticillin (MRSA)","Total tested isolates","N","2007","IS","Iceland",65.000000000,""
"Antimicrobial resistance","Staphylococcus aureus|Meticillin (MRSA)","Total tested isolates","N","2007","IT","Italy",1059.000000000,""
"Antimicrobial resistance","Staphylococcus aureus|Meticillin (MRSA)","Total tested isolates","N","2007","LT","Lithuania",240.000000000,""
"Antimicrobial resistance","Staphylococcus aureus|Meticillin (MRSA)","Total tested isolates","N","2007","LU","Luxembourg",115.000000000,""
"Antimicrobial resistance","Staphylococcus aureus|Meticillin (MRSA)","Total tested isolates","N","2007","LV","Latvia",169.000000000,""
"Antimicrobial resistance","Staphylococcus aureus|Meticillin (MRSA)","Total tested isolates","N","2007","MT","Malta",105.000000000,""
"Antimicrobial resistance","Staphylococcus aureus|Meticillin (MRSA)","Total tested isolates","N","2007","NL","Netherlands",1469.000000000,""
"Antimicrobial resistance","Staphylococcus aureus|Meticillin (MRSA)","Total tested isolates","N","2007","NO","Norway",790.000000000,""
"Antimicrobial resistance","Staphylococcus aureus|Meticillin (MRSA)","Total tested isolates","N","2007","PL","Poland",185.000000000,""
"Antimicrobial resistance","Staphylococcus aureus|Meticillin (MRSA)","Total tested isolates","N","2007","PT","Portugal",1383.000000000,""
"Antimicrobial resistance","Staphylococcus aureus|Meticillin (MRSA)","Total tested isolates","N","2007","RO","Romania",42.000000000,""
"Antimicrobial resistance","Staphylococcus aureus|Meticillin (MRSA)","Total tested isolates","N","2007","SE","Sweden",2163.000000000,""
"Antimicrobial resistance","Staphylococcus aureus|Meticillin (MRSA)","Total tested isolates","N","2007","SI","Slovenia",422.000000000,""
"Antimicrobial resistance","Staphylococcus aureus|Meticillin (MRSA)","Total tested isolates","N","2007","UK","United Kingdom",4811.000000000,""
"Antimicrobial resistance","Staphylococcus aureus|Meticillin (MRSA)","Total tested isolates","N","2008","AT","Austria",1894.000000000,""
"Antimicrobial resistance","Staphylococcus aureus|Meticillin (MRSA)","Total tested isolates","N","2008","BE","Belgium",906.000000000,""
"Antimicrobial resistance","Staphylococcus aureus|Meticillin (MRSA)","Total tested isolates","N","2008","BG","Bulgaria",160.000000000,""
"Antimicrobial resistance","Staphylococcus aureus|Meticillin (MRSA)","Total tested isolates","N","2008","CY","Cyprus",92.000000000,""
"Antimicrobial resistance","Staphylococcus aureus|Meticillin (MRSA)","Total tested isolates","N","2008","CZ","Czechia",1715.000000000,""
"Antimicrobial resistance","Staphylococcus aureus|Meticillin (MRSA)","Total tested isolates","N","2008","DE","Germany",1089.000000000,""
"Antimicrobial resistance","Staphylococcus aureus|Meticillin (MRSA)","Total tested isolates","N","2008","DK","Denmark",1295.000000000,""
"Antimicrobial resistance","Staphylococcus aureus|Meticillin (MRSA)","Total tested isolates","N","2008","EE","Estonia",185.000000000,""
"Antimicrobial resistance","Staphylococcus aureus|Meticillin (MRSA)","Total tested isolates","N","2008","EL","Greece",859.000000000,""
"Antimicrobial resistance","Staphylococcus aureus|Meticillin (MRSA)","Total tested isolates","N","2008","ES","Spain",1506.000000000,""
"Antimicrobial resistance","Staphylococcus aureus|Meticillin (MRSA)","Total tested isolates","N","2008","FI","Finland",923.000000000,""
"Antimicrobial resistance","Staphylococcus aureus|Meticillin (MRSA)","Total tested isolates","N","2008","FR","France",4376.000000000,""
"Antimicrobial resistance","Staphylococcus aureus|Meticillin (MRSA)","Total tested isolates","N","2008","HR","Croatia",474.000000000,""
"Antimicrobial resistance","Staphylococcus aureus|Meticillin (MRSA)","Total tested isolates","N","2008","HU","Hungary",1181.000000000,""
"Antimicrobial resistance","Staphylococcus aureus|Meticillin (MRSA)","Total tested isolates","N","2008","IE","Ireland",1242.000000000,""
"Antimicrobial resistance","Staphylococcus aureus|Meticillin (MRSA)","Total tested isolates","N","2008","IS","Iceland",63.000000000,""
"Antimicrobial resistance","Staphylococcus aureus|Meticillin (MRSA)","Total tested isolates","N","2008","IT","Italy",930.000000000,""
"Antimicrobial resistance","Staphylococcus aureus|Meticillin (MRSA)","Total tested isolates","N","2008","LT","Lithuania",278.000000000,""
"Antimicrobial resistance","Staphylococcus aureus|Meticillin (MRSA)","Total tested isolates","N","2008","LU","Luxembourg",117.000000000,""
"Antimicrobial resistance","Staphylococcus aureus|Meticillin (MRSA)","Total tested isolates","N","2008","LV","Latvia",164.000000000,""
"Antimicrobial resistance","Staphylococcus aureus|Meticillin (MRSA)","Total tested isolates","N","2008","MT","Malta",108.000000000,""
"Antimicrobial resistance","Staphylococcus aureus|Meticillin (MRSA)","Total tested isolates","N","2008","NL","Netherlands",1076.000000000,""
"Antimicrobial resistance","Staphylococcus aureus|Meticillin (MRSA)","Total tested isolates","N","2008","NO","Norway",836.000000000,""
"Antimicrobial resistance","Staphylococcus aureus|Meticillin (MRSA)","Total tested isolates","N","2008","PL","Poland",99.000000000,""
"Antimicrobial resistance","Staphylococcus aureus|Meticillin (MRSA)","Total tested isolates","N","2008","PT","Portugal",1556.000000000,""
"Antimicrobial resistance","Staphylococcus aureus|Meticillin (MRSA)","Total tested isolates","N","2008","RO","Romania",39.000000000,""
"Antimicrobial resistance","Staphylococcus aureus|Meticillin (MRSA)","Total tested isolates","N","2008","SE","Sweden",2409.000000000,""
"Antimicrobial resistance","Staphylococcus aureus|Meticillin (MRSA)","Total tested isolates","N","2008","SI","Slovenia",418.000000000,""
"Antimicrobial resistance","Staphylococcus aureus|Meticillin (MRSA)","Total tested isolates","N","2008","UK","United Kingdom",3350.000000000,""
"Antimicrobial resistance","Staphylococcus aureus|Meticillin (MRSA)","Total tested isolates","N","2009","AT","Austria",1739.000000000,""
"Antimicrobial resistance","Staphylococcus aureus|Meticillin (MRSA)","Total tested isolates","N","2009","BE","Belgium",949.000000000,""
"Antimicrobial resistance","Staphylococcus aureus|Meticillin (MRSA)","Total tested isolates","N","2009","BG","Bulgaria",221.000000000,""
"Antimicrobial resistance","Staphylococcus aureus|Meticillin (MRSA)","Total tested isolates","N","2009","CY","Cyprus",89.000000000,""
"Antimicrobial resistance","Staphylococcus aureus|Meticillin (MRSA)","Total tested isolates","N","2009","CZ","Czechia",1695.000000000,""
"Antimicrobial resistance","Staphylococcus aureus|Meticillin (MRSA)","Total tested isolates","N","2009","DE","Germany",1885.000000000,""
"Antimicrobial resistance","Staphylococcus aureus|Meticillin (MRSA)","Total tested isolates","N","2009","DK","Denmark",1395.000000000,""
"Antimicrobial resistance","Staphylococcus aureus|Meticillin (MRSA)","Total tested isolates","N","2009","EE","Estonia",213.000000000,""
"Antimicrobial resistance","Staphylococcus aureus|Meticillin (MRSA)","Total tested isolates","N","2009","EL","Greece",996.000000000,""
"Antimicrobial resistance","Staphylococcus aureus|Meticillin (MRSA)","Total tested isolates","N","2009","ES","Spain",1715.000000000,""
"Antimicrobial resistance","Staphylococcus aureus|Meticillin (MRSA)","Total tested isolates","N","2009","FI","Finland",978.000000000,""
"Antimicrobial resistance","Staphylococcus aureus|Meticillin (MRSA)","Total tested isolates","N","2009","FR","France",4720.000000000,""
"Antimicrobial resistance","Staphylococcus aureus|Meticillin (MRSA)","Total tested isolates","N","2009","HU","Hungary",1068.000000000,""
"Antimicrobial resistance","Staphylococcus aureus|Meticillin (MRSA)","Total tested isolates","N","2009","IE","Ireland",1261.000000000,""
"Antimicrobial resistance","Staphylococcus aureus|Meticillin (MRSA)","Total tested isolates","N","2009","IS","Iceland",59.000000000,""
"Antimicrobial resistance","Staphylococcus aureus|Meticillin (MRSA)","Total tested isolates","N","2009","IT","Italy",978.000000000,""
"Antimicrobial resistance","Staphylococcus aureus|Meticillin (MRSA)","Total tested isolates","N","2009","LT","Lithuania",254.000000000,""
"Antimicrobial resistance","Staphylococcus aureus|Meticillin (MRSA)","Total tested isolates","N","2009","LU","Luxembourg",113.000000000,""
"Antimicrobial resistance","Staphylococcus aureus|Meticillin (MRSA)","Total tested isolates","N","2009","LV","Latvia",186.000000000,""
"Antimicrobial resistance","Staphylococcus aureus|Meticillin (MRSA)","Total tested isolates","N","2009","MT","Malta",85.000000000,""
"Antimicrobial resistance","Staphylococcus aureus|Meticillin (MRSA)","Total tested isolates","N","2009","NL","Netherlands",1035.000000000,""
"Antimicrobial resistance","Staphylococcus aureus|Meticillin (MRSA)","Total tested isolates","N","2009","NO","Norway",907.000000000,""
"Antimicrobial resistance","Staphylococcus aureus|Meticillin (MRSA)","Total tested isolates","N","2009","PL","Poland",506.000000000,""
"Antimicrobial resistance","Staphylococcus aureus|Meticillin (MRSA)","Total tested isolates","N","2009","PT","Portugal",1824.000000000,""
"Antimicrobial resistance","Staphylococcus aureus|Meticillin (MRSA)","Total tested isolates","N","2009","RO","Romania",47.000000000,""
"Antimicrobial resistance","Staphylococcus aureus|Meticillin (MRSA)","Total tested isolates","N","2009","SI","Slovenia",471.000000000,""
"Antimicrobial resistance","Staphylococcus aureus|Meticillin (MRSA)","Total tested isolates","N","2009","UK","United Kingdom",2883.000000000,""
"Antimicrobial resistance","Staphylococcus aureus|Meticillin (MRSA)","Total tested isolates","N","2010","AT","Austria",1813.000000000,""
"Antimicrobial resistance","Staphylococcus aureus|Meticillin (MRSA)","Total tested isolates","N","2010","BE","Belgium",1057.000000000,""
"Antimicrobial resistance","Staphylococcus aureus|Meticillin (MRSA)","Total tested isolates","N","2010","BG","Bulgaria",200.000000000,""
"Antimicrobial resistance","Staphylococcus aureus|Meticillin (MRSA)","Total tested isolates","N","2010","CY","Cyprus",99.000000000,""
"Antimicrobial resistance","Staphylococcus aureus|Meticillin (MRSA)","Total tested isolates","N","2010","CZ","Czechia",1593.000000000,""
"Antimicrobial resistance","Staphylococcus aureus|Meticillin (MRSA)","Total tested isolates","N","2010","DE","Germany",1980.000000000,""
"Antimicrobial resistance","Staphylococcus aureus|Meticillin (MRSA)","Total tested isolates","N","2010","DK","Denmark",1362.000000000,""
"Antimicrobial resistance","Staphylococcus aureus|Meticillin (MRSA)","Total tested isolates","N","2010","EE","Estonia",145.000000000,""
"Antimicrobial resistance","Staphylococcus aureus|Meticillin (MRSA)","Total tested isolates","N","2010","EL","Greece",867.000000000,""
"Antimicrobial resistance","Staphylococcus aureus|Meticillin (MRSA)","Total tested isolates","N","2010","ES","Spain",1986.000000000,""
"Antimicrobial resistance","Staphylococcus aureus|Meticillin (MRSA)","Total tested isolates","N","2010","FI","Finland",1094.000000000,""
"Antimicrobial resistance","Staphylococcus aureus|Meticillin (MRSA)","Total tested isolates","N","2010","FR","France",4859.000000000,""
"Antimicrobial resistance","Staphylococcus aureus|Meticillin (MRSA)","Total tested isolates","N","2010","HR","Croatia",357.000000000,""
"Antimicrobial resistance","Staphylococcus aureus|Meticillin (MRSA)","Total tested isolates","N","2010","HU","Hungary",1224.000000000,""
"Antimicrobial resistance","Staphylococcus aureus|Meticillin (MRSA)","Total tested isolates","N","2010","IE","Ireland",1207.000000000,""
"Antimicrobial resistance","Staphylococcus aureus|Meticillin (MRSA)","Total tested isolates","N","2010","IS","Iceland",65.000000000,""
"Antimicrobial resistance","Staphylococcus aureus|Meticillin (MRSA)","Total tested isolates","N","2010","IT","Italy",1766.000000000,""
"Antimicrobial resistance","Staphylococcus aureus|Meticillin (MRSA)","Total tested isolates","N","2010","LT","Lithuania",255.000000000,""
"Antimicrobial resistance","Staphylococcus aureus|Meticillin (MRSA)","Total tested isolates","N","2010","LU","Luxembourg",133.000000000,""
"Antimicrobial resistance","Staphylococcus aureus|Meticillin (MRSA)","Total tested isolates","N","2010","LV","Latvia",153.000000000,""
"Antimicrobial resistance","Staphylococcus aureus|Meticillin (MRSA)","Total tested isolates","N","2010","MT","Malta",108.000000000,""
"Antimicrobial resistance","Staphylococcus aureus|Meticillin (MRSA)","Total tested isolates","N","2010","NL","Netherlands",2223.000000000,""
"Antimicrobial resistance","Staphylococcus aureus|Meticillin (MRSA)","Total tested isolates","N","2010","NO","Norway",1047.000000000,""
"Antimicrobial resistance","Staphylococcus aureus|Meticillin (MRSA)","Total tested isolates","N","2010","PL","Poland",526.000000000,""
"Antimicrobial resistance","Staphylococcus aureus|Meticillin (MRSA)","Total tested isolates","N","2010","PT","Portugal",1633.000000000,""
"Antimicrobial resistance","Staphylococcus aureus|Meticillin (MRSA)","Total tested isolates","N","2010","RO","Romania",46.000000000,""
"Antimicrobial resistance","Staphylococcus aureus|Meticillin (MRSA)","Total tested isolates","N","2010","SE","Sweden",2662.000000000,""
"Antimicrobial resistance","Staphylococcus aureus|Meticillin (MRSA)","Total tested isolates","N","2010","SI","Slovenia",476.000000000,""
"Antimicrobial resistance","Staphylococcus aureus|Meticillin (MRSA)","Total tested isolates","N","2010","UK","United Kingdom",2684.000000000,""
"Antimicrobial resistance","Staphylococcus aureus|Meticillin (MRSA)","Total tested isolates","N","2011","AT","Austria",1966.000000000,""
"Antimicrobial resistance","Staphylococcus aureus|Meticillin (MRSA)","Total tested isolates","N","2011","BE","Belgium",1744.000000000,""
"Antimicrobial resistance","Staphylococcus aureus|Meticillin (MRSA)","Total tested isolates","N","2011","BG","Bulgaria",214.000000000,""
"Antimicrobial resistance","Staphylococcus aureus|Meticillin (MRSA)","Total tested isolates","N","2011","CY","Cyprus",113.000000000,""
"Antimicrobial resistance","Staphylococcus aureus|Meticillin (MRSA)","Total tested isolates","N","2011","CZ","Czechia",1555.000000000,""
"Antimicrobial resistance","Staphylococcus aureus|Meticillin (MRSA)","Total tested isolates","N","2011","DE","Germany",2388.000000000,""
"Antimicrobial resistance","Staphylococcus aureus|Meticillin (MRSA)","Total tested isolates","N","2011","DK","Denmark",1452.000000000,""
"Antimicrobial resistance","Staphylococcus aureus|Meticillin (MRSA)","Total tested isolates","N","2011","EE","Estonia",116.000000000,""
"Antimicrobial resistance","Staphylococcus aureus|Meticillin (MRSA)","Total tested isolates","N","2011","EL","Greece",784.000000000,""
"Antimicrobial resistance","Staphylococcus aureus|Meticillin (MRSA)","Total tested isolates","N","2011","ES","Spain",1950.000000000,""
"Antimicrobial resistance","Staphylococcus aureus|Meticillin (MRSA)","Total tested isolates","N","2011","FI","Finland",1319.000000000,""
"Antimicrobial resistance","Staphylococcus aureus|Meticillin (MRSA)","Total tested isolates","N","2011","FR","France",4716.000000000,""
"Antimicrobial resistance","Staphylococcus aureus|Meticillin (MRSA)","Total tested isolates","N","2011","HR","Croatia",415.000000000,""
"Antimicrobial resistance","Staphylococcus aureus|Meticillin (MRSA)","Total tested isolates","N","2011","HU","Hungary",1156.000000000,""
"Antimicrobial resistance","Staphylococcus aureus|Meticillin (MRSA)","Total tested isolates","N","2011","IE","Ireland",1057.000000000,""
"Antimicrobial resistance","Staphylococcus aureus|Meticillin (MRSA)","Total tested isolates","N","2011","IS","Iceland",71.000000000,""
"Antimicrobial resistance","Staphylococcus aureus|Meticillin (MRSA)","Total tested isolates","N","2011","IT","Italy",1261.000000000,""
"Antimicrobial resistance","Staphylococcus aureus|Meticillin (MRSA)","Total tested isolates","N","2011","LT","Lithuania",278.000000000,""
"Antimicrobial resistance","Staphylococcus aureus|Meticillin (MRSA)","Total tested isolates","N","2011","LU","Luxembourg",127.000000000,""
"Antimicrobial resistance","Staphylococcus aureus|Meticillin (MRSA)","Total tested isolates","N","2011","LV","Latvia",192.000000000,""
"Antimicrobial resistance","Staphylococcus aureus|Meticillin (MRSA)","Total tested isolates","N","2011","MT","Malta",130.000000000,""
"Antimicrobial resistance","Staphylococcus aureus|Meticillin (MRSA)","Total tested isolates","N","2011","NL","Netherlands",2092.000000000,""
"Antimicrobial resistance","Staphylococcus aureus|Meticillin (MRSA)","Total tested isolates","N","2011","NO","Norway",1223.000000000,""
"Antimicrobial resistance","Staphylococcus aureus|Meticillin (MRSA)","Total tested isolates","N","2011","PL","Poland",860.000000000,""
"Antimicrobial resistance","Staphylococcus aureus|Meticillin (MRSA)","Total tested isolates","N","2011","PT","Portugal",1307.000000000,""
"Antimicrobial resistance","Staphylococcus aureus|Meticillin (MRSA)","Total tested isolates","N","2011","RO","Romania",109.000000000,""
"Antimicrobial resistance","Staphylococcus aureus|Meticillin (MRSA)","Total tested isolates","N","2011","SE","Sweden",2970.000000000,""
"Antimicrobial resistance","Staphylococcus aureus|Meticillin (MRSA)","Total tested isolates","N","2011","SI","Slovenia",464.000000000,""
"Antimicrobial resistance","Staphylococcus aureus|Meticillin (MRSA)","Total tested isolates","N","2011","SK","Slovakia",566.000000000,""
"Antimicrobial resistance","Staphylococcus aureus|Meticillin (MRSA)","Total tested isolates","N","2011","UK","United Kingdom",3408.000000000,""
"Antimicrobial resistance","Staphylococcus aureus|Meticillin (MRSA)","Total tested isolates","N","2012","AT","Austria",2164.000000000,""
"Antimicrobial resistance","Staphylococcus aureus|Meticillin (MRSA)","Total tested isolates","N","2012","BE","Belgium",1568.000000000,""
"Antimicrobial resistance","Staphylococcus aureus|Meticillin (MRSA)","Total tested isolates","N","2012","BG","Bulgaria",227.000000000,""
"Antimicrobial resistance","Staphylococcus aureus|Meticillin (MRSA)","Total tested isolates","N","2012","CY","Cyprus",165.000000000,""
"Antimicrobial resistance","Staphylococcus aureus|Meticillin (MRSA)","Total tested isolates","N","2012","CZ","Czechia",1611.000000000,""
"Antimicrobial resistance","Staphylococcus aureus|Meticillin (MRSA)","Total tested isolates","N","2012","DE","Germany",2563.000000000,""
"Antimicrobial resistance","Staphylococcus aureus|Meticillin (MRSA)","Total tested isolates","N","2012","DK","Denmark",1431.000000000,""
"Antimicrobial resistance","Staphylococcus aureus|Meticillin (MRSA)","Total tested isolates","N","2012","EE","Estonia",104.000000000,""
"Antimicrobial resistance","Staphylococcus aureus|Meticillin (MRSA)","Total tested isolates","N","2012","EL","Greece",876.000000000,""
"Antimicrobial resistance","Staphylococcus aureus|Meticillin (MRSA)","Total tested isolates","N","2012","ES","Spain",1899.000000000,""
"Antimicrobial resistance","Staphylococcus aureus|Meticillin (MRSA)","Total tested isolates","N","2012","FI","Finland",1409.000000000,""
"Antimicrobial resistance","Staphylococcus aureus|Meticillin (MRSA)","Total tested isolates","N","2012","FR","France",5228.000000000,""
"Antimicrobial resistance","Staphylococcus aureus|Meticillin (MRSA)","Total tested isolates","N","2012","HR","Croatia",403.000000000,""
"Antimicrobial resistance","Staphylococcus aureus|Meticillin (MRSA)","Total tested isolates","N","2012","HU","Hungary",1143.000000000,""
"Antimicrobial resistance","Staphylococcus aureus|Meticillin (MRSA)","Total tested isolates","N","2012","IE","Ireland",1038.000000000,""
"Antimicrobial resistance","Staphylococcus aureus|Meticillin (MRSA)","Total tested isolates","N","2012","IS","Iceland",58.000000000,""
"Antimicrobial resistance","Staphylococcus aureus|Meticillin (MRSA)","Total tested isolates","N","2012","IT","Italy",1636.000000000,""
"Antimicrobial resistance","Staphylococcus aureus|Meticillin (MRSA)","Total tested isolates","N","2012","LT","Lithuania",323.000000000,""
"Antimicrobial resistance","Staphylococcus aureus|Meticillin (MRSA)","Total tested isolates","N","2012","LU","Luxembourg",131.000000000,""
"Antimicrobial resistance","Staphylococcus aureus|Meticillin (MRSA)","Total tested isolates","N","2012","LV","Latvia",211.000000000,""
"Antimicrobial resistance","Staphylococcus aureus|Meticillin (MRSA)","Total tested isolates","N","2012","MT","Malta",101.000000000,""
"Antimicrobial resistance","Staphylococcus aureus|Meticillin (MRSA)","Total tested isolates","N","2012","NL","Netherlands",2277.000000000,""
"Antimicrobial resistance","Staphylococcus aureus|Meticillin (MRSA)","Total tested isolates","N","2012","NO","Norway",1430.000000000,""
"Antimicrobial resistance","Staphylococcus aureus|Meticillin (MRSA)","Total tested isolates","N","2012","PL","Poland",783.000000000,""
"Antimicrobial resistance","Staphylococcus aureus|Meticillin (MRSA)","Total tested isolates","N","2012","PT","Portugal",1455.000000000,""
"Antimicrobial resistance","Staphylococcus aureus|Meticillin (MRSA)","Total tested isolates","N","2012","RO","Romania",229.000000000,""
"Antimicrobial resistance","Staphylococcus aureus|Meticillin (MRSA)","Total tested isolates","N","2012","SE","Sweden",3263.000000000,""
"Antimicrobial resistance","Staphylococcus aureus|Meticillin (MRSA)","Total tested isolates","N","2012","SI","Slovenia",445.000000000,""
"Antimicrobial resistance","Staphylococcus aureus|Meticillin (MRSA)","Total tested isolates","N","2012","SK","Slovakia",474.000000000,""
"Antimicrobial resistance","Staphylococcus aureus|Meticillin (MRSA)","Total tested isolates","N","2012","UK","United Kingdom",2676.000000000,""
"Antimicrobial resistance","Staphylococcus aureus|Meticillin (MRSA)","Total tested isolates","N","2013","AT","Austria",2534.000000000,""
"Antimicrobial resistance","Staphylococcus aureus|Meticillin (MRSA)","Total tested isolates","N","2013","BE","Belgium",1612.000000000,""
"Antimicrobial resistance","Staphylococcus aureus|Meticillin (MRSA)","Total tested isolates","N","2013","BG","Bulgaria",214.000000000,""
"Antimicrobial resistance","Staphylococcus aureus|Meticillin (MRSA)","Total tested isolates","N","2013","CY","Cyprus",157.000000000,""
"Antimicrobial resistance","Staphylococcus aureus|Meticillin (MRSA)","Total tested isolates","N","2013","CZ","Czechia",1707.000000000,""
"Antimicrobial resistance","Staphylococcus aureus|Meticillin (MRSA)","Total tested isolates","N","2013","DE","Germany",3128.000000000,""
"Antimicrobial resistance","Staphylococcus aureus|Meticillin (MRSA)","Total tested isolates","N","2013","DK","Denmark",1685.000000000,""
"Antimicrobial resistance","Staphylococcus aureus|Meticillin (MRSA)","Total tested isolates","N","2013","EE","Estonia",170.000000000,""
"Antimicrobial resistance","Staphylococcus aureus|Meticillin (MRSA)","Total tested isolates","N","2013","EL","Greece",757.000000000,""
"Antimicrobial resistance","Staphylococcus aureus|Meticillin (MRSA)","Total tested isolates","N","2013","ES","Spain",1777.000000000,""
"Antimicrobial resistance","Staphylococcus aureus|Meticillin (MRSA)","Total tested isolates","N","2013","FI","Finland",1580.000000000,""
"Antimicrobial resistance","Staphylococcus aureus|Meticillin (MRSA)","Total tested isolates","N","2013","FR","France",5431.000000000,""
"Antimicrobial resistance","Staphylococcus aureus|Meticillin (MRSA)","Total tested isolates","N","2013","HR","Croatia",520.000000000,""
"Antimicrobial resistance","Staphylococcus aureus|Meticillin (MRSA)","Total tested isolates","N","2013","HU","Hungary",1200.000000000,""
"Antimicrobial resistance","Staphylococcus aureus|Meticillin (MRSA)","Total tested isolates","N","2013","IE","Ireland",1069.000000000,""
"Antimicrobial resistance","Staphylococcus aureus|Meticillin (MRSA)","Total tested isolates","N","2013","IS","Iceland",69.000000000,""
"Antimicrobial resistance","Staphylococcus aureus|Meticillin (MRSA)","Total tested isolates","N","2013","IT","Italy",2394.000000000,""
"Antimicrobial resistance","Staphylococcus aureus|Meticillin (MRSA)","Total tested isolates","N","2013","LT","Lithuania",267.000000000,""
"Antimicrobial resistance","Staphylococcus aureus|Meticillin (MRSA)","Total tested isolates","N","2013","LU","Luxembourg",135.000000000,""
"Antimicrobial resistance","Staphylococcus aureus|Meticillin (MRSA)","Total tested isolates","N","2013","LV","Latvia",172.000000000,""
"Antimicrobial resistance","Staphylococcus aureus|Meticillin (MRSA)","Total tested isolates","N","2013","MT","Malta",106.000000000,""
"Antimicrobial resistance","Staphylococcus aureus|Meticillin (MRSA)","Total tested isolates","N","2013","NL","Netherlands",2927.000000000,""
"Antimicrobial resistance","Staphylococcus aureus|Meticillin (MRSA)","Total tested isolates","N","2013","NO","Norway",1473.000000000,""
"Antimicrobial resistance","Staphylococcus aureus|Meticillin (MRSA)","Total tested isolates","N","2013","PL","Poland",743.000000000,""
"Antimicrobial resistance","Staphylococcus aureus|Meticillin (MRSA)","Total tested isolates","N","2013","PT","Portugal",2390.000000000,""
"Antimicrobial resistance","Staphylococcus aureus|Meticillin (MRSA)","Total tested isolates","N","2013","RO","Romania",383.000000000,""
"Antimicrobial resistance","Staphylococcus aureus|Meticillin (MRSA)","Total tested isolates","N","2013","SE","Sweden",4099.000000000,""
"Antimicrobial resistance","Staphylococcus aureus|Meticillin (MRSA)","Total tested isolates","N","2013","SI","Slovenia",465.000000000,""
"Antimicrobial resistance","Staphylococcus aureus|Meticillin (MRSA)","Total tested isolates","N","2013","SK","Slovakia",552.000000000,""
"Antimicrobial resistance","Staphylococcus aureus|Meticillin (MRSA)","Total tested isolates","N","2013","UK","United Kingdom",2117.000000000,""
"Antimicrobial resistance","Staphylococcus aureus|Meticillin (MRSA)","Total tested isolates","N","2014","AT","Austria",2651.000000000,""
"Antimicrobial resistance","Staphylococcus aureus|Meticillin (MRSA)","Total tested isolates","N","2014","BE","Belgium",988.000000000,""
"Antimicrobial resistance","Staphylococcus aureus|Meticillin (MRSA)","Total tested isolates","N","2014","BG","Bulgaria",216.000000000,""
"Antimicrobial resistance","Staphylococcus aureus|Meticillin (MRSA)","Total tested isolates","N","2014","CY","Cyprus",136.000000000,""
"Antimicrobial resistance","Staphylococcus aureus|Meticillin (MRSA)","Total tested isolates","N","2014","CZ","Czechia",1695.000000000,""
"Antimicrobial resistance","Staphylococcus aureus|Meticillin (MRSA)","Total tested isolates","N","2014","DE","Germany",3146.000000000,""
"Antimicrobial resistance","Staphylococcus aureus|Meticillin (MRSA)","Total tested isolates","N","2014","DK","Denmark",1874.000000000,""
"Antimicrobial resistance","Staphylococcus aureus|Meticillin (MRSA)","Total tested isolates","N","2014","EE","Estonia",223.000000000,""
"Antimicrobial resistance","Staphylococcus aureus|Meticillin (MRSA)","Total tested isolates","N","2014","EL","Greece",556.000000000,""
"Antimicrobial resistance","Staphylococcus aureus|Meticillin (MRSA)","Total tested isolates","N","2014","ES","Spain",1920.000000000,""
"Antimicrobial resistance","Staphylococcus aureus|Meticillin (MRSA)","Total tested isolates","N","2014","FI","Finland",1831.000000000,""
"Antimicrobial resistance","Staphylococcus aureus|Meticillin (MRSA)","Total tested isolates","N","2014","FR","France",5484.000000000,""
"Antimicrobial resistance","Staphylococcus aureus|Meticillin (MRSA)","Total tested isolates","N","2014","HR","Croatia",484.000000000,""
"Antimicrobial resistance","Staphylococcus aureus|Meticillin (MRSA)","Total tested isolates","N","2014","HU","Hungary",1279.000000000,""
"Antimicrobial resistance","Staphylococcus aureus|Meticillin (MRSA)","Total tested isolates","N","2014","IE","Ireland",1075.000000000,""
"Antimicrobial resistance","Staphylococcus aureus|Meticillin (MRSA)","Total tested isolates","N","2014","IS","Iceland",61.000000000,""
"Antimicrobial resistance","Staphylococcus aureus|Meticillin (MRSA)","Total tested isolates","N","2014","IT","Italy",2134.000000000,""
"Antimicrobial resistance","Staphylococcus aureus|Meticillin (MRSA)","Total tested isolates","N","2014","LT","Lithuania",383.000000000,""
"Antimicrobial resistance","Staphylococcus aureus|Meticillin (MRSA)","Total tested isolates","N","2014","LU","Luxembourg",125.000000000,""
"Antimicrobial resistance","Staphylococcus aureus|Meticillin (MRSA)","Total tested isolates","N","2014","LV","Latvia",220.000000000,""
"Antimicrobial resistance","Staphylococcus aureus|Meticillin (MRSA)","Total tested isolates","N","2014","MT","Malta",78.000000000,""
"Antimicrobial resistance","Staphylococcus aureus|Meticillin (MRSA)","Total tested isolates","N","2014","NL","Netherlands",2893.000000000,""
"Antimicrobial resistance","Staphylococcus aureus|Meticillin (MRSA)","Total tested isolates","N","2014","NO","Norway",1544.000000000,""
"Antimicrobial resistance","Staphylococcus aureus|Meticillin (MRSA)","Total tested isolates","N","2014","PL","Poland",490.000000000,""
"Antimicrobial resistance","Staphylococcus aureus|Meticillin (MRSA)","Total tested isolates","N","2014","PT","Portugal",3193.000000000,""
"Antimicrobial resistance","Staphylococcus aureus|Meticillin (MRSA)","Total tested isolates","N","2014","RO","Romania",316.000000000,""
"Antimicrobial resistance","Staphylococcus aureus|Meticillin (MRSA)","Total tested isolates","N","2014","SE","Sweden",2745.000000000,""
"Antimicrobial resistance","Staphylococcus aureus|Meticillin (MRSA)","Total tested isolates","N","2014","SI","Slovenia",495.000000000,""
"Antimicrobial resistance","Staphylococcus aureus|Meticillin (MRSA)","Total tested isolates","N","2014","SK","Slovakia",640.000000000,""
"Antimicrobial resistance","Staphylococcus aureus|Meticillin (MRSA)","Total tested isolates","N","2014","UK","United Kingdom",2400.000000000,""
"Antimicrobial resistance","Staphylococcus aureus|Meticillin (MRSA)","Total tested isolates","N","2015","AT","Austria",2785.000000000,""
"Antimicrobial resistance","Staphylococcus aureus|Meticillin (MRSA)","Total tested isolates","N","2015","BE","Belgium",913.000000000,""
"Antimicrobial resistance","Staphylococcus aureus|Meticillin (MRSA)","Total tested isolates","N","2015","BG","Bulgaria",222.000000000,""
"Antimicrobial resistance","Staphylococcus aureus|Meticillin (MRSA)","Total tested isolates","N","2015","CY","Cyprus",143.000000000,""
"Antimicrobial resistance","Staphylococcus aureus|Meticillin (MRSA)","Total tested isolates","N","2015","CZ","Czechia",1806.000000000,""
"Antimicrobial resistance","Staphylococcus aureus|Meticillin (MRSA)","Total tested isolates","N","2015","DE","Germany",5020.000000000,""
"Antimicrobial resistance","Staphylococcus aureus|Meticillin (MRSA)","Total tested isolates","N","2015","DK","Denmark",1876.000000000,""
"Antimicrobial resistance","Staphylococcus aureus|Meticillin (MRSA)","Total tested isolates","N","2015","EE","Estonia",151.000000000,""
"Antimicrobial resistance","Staphylococcus aureus|Meticillin (MRSA)","Total tested isolates","N","2015","EL","Greece",612.000000000,""
"Antimicrobial resistance","Staphylococcus aureus|Meticillin (MRSA)","Total tested isolates","N","2015","ES","Spain",1969.000000000,""
"Antimicrobial resistance","Staphylococcus aureus|Meticillin (MRSA)","Total tested isolates","N","2015","FI","Finland",2070.000000000,""
"Antimicrobial resistance","Staphylococcus aureus|Meticillin (MRSA)","Total tested isolates","N","2015","FR","France",5535.000000000,""
"Antimicrobial resistance","Staphylococcus aureus|Meticillin (MRSA)","Total tested isolates","N","2015","HR","Croatia",486.000000000,""
"Antimicrobial resistance","Staphylococcus aureus|Meticillin (MRSA)","Total tested isolates","N","2015","HU","Hungary",1517.000000000,""
"Antimicrobial resistance","Staphylococcus aureus|Meticillin (MRSA)","Total tested isolates","N","2015","IE","Ireland",1057.000000000,""
"Antimicrobial resistance","Staphylococcus aureus|Meticillin (MRSA)","Total tested isolates","N","2015","IS","Iceland",88.000000000,""
"Antimicrobial resistance","Staphylococcus aureus|Meticillin (MRSA)","Total tested isolates","N","2015","IT","Italy",3000.000000000,""
"Antimicrobial resistance","Staphylococcus aureus|Meticillin (MRSA)","Total tested isolates","N","2015","LT","Lithuania",376.000000000,""
"Antimicrobial resistance","Staphylococcus aureus|Meticillin (MRSA)","Total tested isolates","N","2015","LU","Luxembourg",135.000000000,""
"Antimicrobial resistance","Staphylococcus aureus|Meticillin (MRSA)","Total tested isolates","N","2015","LV","Latvia",251.000000000,""
"Antimicrobial resistance","Staphylococcus aureus|Meticillin (MRSA)","Total tested isolates","N","2015","MT","Malta",87.000000000,""
"Antimicrobial resistance","Staphylococcus aureus|Meticillin (MRSA)","Total tested isolates","N","2015","NL","Netherlands",2770.000000000,""
"Antimicrobial resistance","Staphylococcus aureus|Meticillin (MRSA)","Total tested isolates","N","2015","NO","Norway",1453.000000000,""
"Antimicrobial resistance","Staphylococcus aureus|Meticillin (MRSA)","Total tested isolates","N","2015","PL","Poland",958.000000000,""
"Antimicrobial resistance","Staphylococcus aureus|Meticillin (MRSA)","Total tested isolates","N","2015","PT","Portugal",3619.000000000,""
"Antimicrobial resistance","Staphylococcus aureus|Meticillin (MRSA)","Total tested isolates","N","2015","RO","Romania",297.000000000,""
"Antimicrobial resistance","Staphylococcus aureus|Meticillin (MRSA)","Total tested isolates","N","2015","SE","Sweden",3124.000000000,""
"Antimicrobial resistance","Staphylococcus aureus|Meticillin (MRSA)","Total tested isolates","N","2015","SI","Slovenia",513.000000000,""
"Antimicrobial resistance","Staphylococcus aureus|Meticillin (MRSA)","Total tested isolates","N","2015","SK","Slovakia",583.000000000,""
"Antimicrobial resistance","Staphylococcus aureus|Meticillin (MRSA)","Total tested isolates","N","2015","UK","United Kingdom",2757.000000000,""
"Antimicrobial resistance","Staphylococcus aureus|Meticillin (MRSA)","Total tested isolates","N","2016","AT","Austria",3053.000000000,""
"Antimicrobial resistance","Staphylococcus aureus|Meticillin (MRSA)","Total tested isolates","N","2016","BE","Belgium",1364.000000000,""
"Antimicrobial resistance","Staphylococcus aureus|Meticillin (MRSA)","Total tested isolates","N","2016","BG","Bulgaria",231.000000000,""
"Antimicrobial resistance","Staphylococcus aureus|Meticillin (MRSA)","Total tested isolates","N","2016","CY","Cyprus",139.000000000,""
"Antimicrobial resistance","Staphylococcus aureus|Meticillin (MRSA)","Total tested isolates","N","2016","CZ","Czechia",1887.000000000,""
"Antimicrobial resistance","Staphylococcus aureus|Meticillin (MRSA)","Total tested isolates","N","2016","DE","Germany",9866.000000000,""
"Antimicrobial resistance","Staphylococcus aureus|Meticillin (MRSA)","Total tested isolates","N","2016","DK","Denmark",1963.000000000,""
"Antimicrobial resistance","Staphylococcus aureus|Meticillin (MRSA)","Total tested isolates","N","2016","EE","Estonia",314.000000000,""
"Antimicrobial resistance","Staphylococcus aureus|Meticillin (MRSA)","Total tested isolates","N","2016","EL","Greece",639.000000000,""
"Antimicrobial resistance","Staphylococcus aureus|Meticillin (MRSA)","Total tested isolates","N","2016","ES","Spain",1945.000000000,""
"Antimicrobial resistance","Staphylococcus aureus|Meticillin (MRSA)","Total tested isolates","N","2016","FI","Finland",1890.000000000,""
"Antimicrobial resistance","Staphylococcus aureus|Meticillin (MRSA)","Total tested isolates","N","2016","FR","France",5578.000000000,""
"Antimicrobial resistance","Staphylococcus aureus|Meticillin (MRSA)","Total tested isolates","N","2016","HR","Croatia",458.000000000,""
"Antimicrobial resistance","Staphylococcus aureus|Meticillin (MRSA)","Total tested isolates","N","2016","HU","Hungary",1668.000000000,""
"Antimicrobial resistance","Staphylococcus aureus|Meticillin (MRSA)","Total tested isolates","N","2016","IE","Ireland",1143.000000000,""
"Antimicrobial resistance","Staphylococcus aureus|Meticillin (MRSA)","Total tested isolates","N","2016","IS","Iceland",76.000000000,""
"Antimicrobial resistance","Staphylococcus aureus|Meticillin (MRSA)","Total tested isolates","N","2016","IT","Italy",2981.000000000,""
"Antimicrobial resistance","Staphylococcus aureus|Meticillin (MRSA)","Total tested isolates","N","2016","LT","Lithuania",503.000000000,""
"Antimicrobial resistance","Staphylococcus aureus|Meticillin (MRSA)","Total tested isolates","N","2016","LU","Luxembourg",187.000000000,""
"Antimicrobial resistance","Staphylococcus aureus|Meticillin (MRSA)","Total tested isolates","N","2016","LV","Latvia",284.000000000,""
"Antimicrobial resistance","Staphylococcus aureus|Meticillin (MRSA)","Total tested isolates","N","2016","MT","Malta",97.000000000,""
"Antimicrobial resistance","Staphylococcus aureus|Meticillin (MRSA)","Total tested isolates","N","2016","NL","Netherlands",3041.000000000,""
"Antimicrobial resistance","Staphylococcus aureus|Meticillin (MRSA)","Total tested isolates","N","2016","NO","Norway",1448.000000000,""
"Antimicrobial resistance","Staphylococcus aureus|Meticillin (MRSA)","Total tested isolates","N","2016","PL","Poland",1772.000000000,""
"Antimicrobial resistance","Staphylococcus aureus|Meticillin (MRSA)","Total tested isolates","N","2016","PT","Portugal",3454.000000000,""
"Antimicrobial resistance","Staphylococcus aureus|Meticillin (MRSA)","Total tested isolates","N","2016","RO","Romania",477.000000000,""
"Antimicrobial resistance","Staphylococcus aureus|Meticillin (MRSA)","Total tested isolates","N","2016","SE","Sweden",3450.000000000,""
"Antimicrobial resistance","Staphylococcus aureus|Meticillin (MRSA)","Total tested isolates","N","2016","SI","Slovenia",534.000000000,""
"Antimicrobial resistance","Staphylococcus aureus|Meticillin (MRSA)","Total tested isolates","N","2016","SK","Slovakia",571.000000000,""
"Antimicrobial resistance","Staphylococcus aureus|Meticillin (MRSA)","Total tested isolates","N","2016","UK","United Kingdom",6717.000000000,""
"Antimicrobial resistance","Staphylococcus aureus|Meticillin (MRSA)","Total tested isolates","N","2017","AT","Austria",3158.000000000,""
"Antimicrobial resistance","Staphylococcus aureus|Meticillin (MRSA)","Total tested isolates","N","2017","BE","Belgium",1511.000000000,""
"Antimicrobial resistance","Staphylococcus aureus|Meticillin (MRSA)","Total tested isolates","N","2017","BG","Bulgaria",227.000000000,""
"Antimicrobial resistance","Staphylococcus aureus|Meticillin (MRSA)","Total tested isolates","N","2017","CY","Cyprus",125.000000000,""
"Antimicrobial resistance","Staphylococcus aureus|Meticillin (MRSA)","Total tested isolates","N","2017","CZ","Czechia",1944.000000000,""
"Antimicrobial resistance","Staphylococcus aureus|Meticillin (MRSA)","Total tested isolates","N","2017","DE","Germany",13128.000000000,""
"Antimicrobial resistance","Staphylococcus aureus|Meticillin (MRSA)","Total tested isolates","N","2017","DK","Denmark",1996.000000000,""
"Antimicrobial resistance","Staphylococcus aureus|Meticillin (MRSA)","Total tested isolates","N","2017","EE","Estonia",290.000000000,""
"Antimicrobial resistance","Staphylococcus aureus|Meticillin (MRSA)","Total tested isolates","N","2017","EL","Greece",822.000000000,""
"Antimicrobial resistance","Staphylococcus aureus|Meticillin (MRSA)","Total tested isolates","N","2017","ES","Spain",1856.000000000,""
"Antimicrobial resistance","Staphylococcus aureus|Meticillin (MRSA)","Total tested isolates","N","2017","FI","Finland",2439.000000000,""
"Antimicrobial resistance","Staphylococcus aureus|Meticillin (MRSA)","Total tested isolates","N","2017","FR","France",6472.000000000,""
"Antimicrobial resistance","Staphylococcus aureus|Meticillin (MRSA)","Total tested isolates","N","2017","HR","Croatia",520.000000000,""
"Antimicrobial resistance","Staphylococcus aureus|Meticillin (MRSA)","Total tested isolates","N","2017","HU","Hungary",1566.000000000,""
"Antimicrobial resistance","Staphylococcus aureus|Meticillin (MRSA)","Total tested isolates","N","2017","IE","Ireland",1140.000000000,""
"Antimicrobial resistance","Staphylococcus aureus|Meticillin (MRSA)","Total tested isolates","N","2017","IS","Iceland",69.000000000,""
"Antimicrobial resistance","Staphylococcus aureus|Meticillin (MRSA)","Total tested isolates","N","2017","IT","Italy",3591.000000000,""
"Antimicrobial resistance","Staphylococcus aureus|Meticillin (MRSA)","Total tested isolates","N","2017","LT","Lithuania",514.000000000,""
"Antimicrobial resistance","Staphylococcus aureus|Meticillin (MRSA)","Total tested isolates","N","2017","LU","Luxembourg",200.000000000,""
"Antimicrobial resistance","Staphylococcus aureus|Meticillin (MRSA)","Total tested isolates","N","2017","LV","Latvia",210.000000000,""
"Antimicrobial resistance","Staphylococcus aureus|Meticillin (MRSA)","Total tested isolates","N","2017","MT","Malta",95.000000000,""
"Antimicrobial resistance","Staphylococcus aureus|Meticillin (MRSA)","Total tested isolates","N","2017","NL","Netherlands",3045.000000000,""
"Antimicrobial resistance","Staphylococcus aureus|Meticillin (MRSA)","Total tested isolates","N","2017","NO","Norway",1462.000000000,""
"Antimicrobial resistance","Staphylococcus aureus|Meticillin (MRSA)","Total tested isolates","N","2017","PL","Poland",1805.000000000,""
"Antimicrobial resistance","Staphylococcus aureus|Meticillin (MRSA)","Total tested isolates","N","2017","PT","Portugal",3728.000000000,""
"Antimicrobial resistance","Staphylococcus aureus|Meticillin (MRSA)","Total tested isolates","N","2017","RO","Romania",507.000000000,""
"Antimicrobial resistance","Staphylococcus aureus|Meticillin (MRSA)","Total tested isolates","N","2017","SE","Sweden",3787.000000000,""
"Antimicrobial resistance","Staphylococcus aureus|Meticillin (MRSA)","Total tested isolates","N","2017","SI","Slovenia",576.000000000,""
"Antimicrobial resistance","Staphylococcus aureus|Meticillin (MRSA)","Total tested isolates","N","2017","SK","Slovakia",613.000000000,""
"Antimicrobial resistance","Staphylococcus aureus|Meticillin (MRSA)","Total tested isolates","N","2017","UK","United Kingdom",8883.000000000,""
"Antimicrobial resistance","Staphylococcus aureus|Meticillin (MRSA)","Total tested isolates","N","2018","AT","Austria",3307.000000000,""
"Antimicrobial resistance","Staphylococcus aureus|Meticillin (MRSA)","Total tested isolates","N","2018","BE","Belgium",1735.000000000,""
"Antimicrobial resistance","Staphylococcus aureus|Meticillin (MRSA)","Total tested isolates","N","2018","BG","Bulgaria",313.000000000,""
"Antimicrobial resistance","Staphylococcus aureus|Meticillin (MRSA)","Total tested isolates","N","2018","CY","Cyprus",117.000000000,""
"Antimicrobial resistance","Staphylococcus aureus|Meticillin (MRSA)","Total tested isolates","N","2018","CZ","Czechia",2243.000000000,""
"Antimicrobial resistance","Staphylococcus aureus|Meticillin (MRSA)","Total tested isolates","N","2018","DE","Germany",11918.000000000,""
"Antimicrobial resistance","Staphylococcus aureus|Meticillin (MRSA)","Total tested isolates","N","2018","DK","Denmark",2181.000000000,""
"Antimicrobial resistance","Staphylococcus aureus|Meticillin (MRSA)","Total tested isolates","N","2018","EE","Estonia",359.000000000,""
"Antimicrobial resistance","Staphylococcus aureus|Meticillin (MRSA)","Total tested isolates","N","2018","EL","Greece",888.000000000,""
"Antimicrobial resistance","Staphylococcus aureus|Meticillin (MRSA)","Total tested isolates","N","2018","ES","Spain",2444.000000000,""
"Antimicrobial resistance","Staphylococcus aureus|Meticillin (MRSA)","Total tested isolates","N","2018","FI","Finland",2105.000000000,""
"Antimicrobial resistance","Staphylococcus aureus|Meticillin (MRSA)","Total tested isolates","N","2018","FR","France",6903.000000000,""
"Antimicrobial resistance","Staphylococcus aureus|Meticillin (MRSA)","Total tested isolates","N","2018","HR","Croatia",458.000000000,""
"Antimicrobial resistance","Staphylococcus aureus|Meticillin (MRSA)","Total tested isolates","N","2018","HU","Hungary",1721.000000000,""
"Antimicrobial resistance","Staphylococcus aureus|Meticillin (MRSA)","Total tested isolates","N","2018","IE","Ireland",1188.000000000,""
"Antimicrobial resistance","Staphylococcus aureus|Meticillin (MRSA)","Total tested isolates","N","2018","IS","Iceland",82.000000000,""
"Antimicrobial resistance","Staphylococcus aureus|Meticillin (MRSA)","Total tested isolates","N","2018","IT","Italy",8263.000000000,""
"Antimicrobial resistance","Staphylococcus aureus|Meticillin (MRSA)","Total tested isolates","N","2018","LT","Lithuania",691.000000000,""
"Antimicrobial resistance","Staphylococcus aureus|Meticillin (MRSA)","Total tested isolates","N","2018","LU","Luxembourg",181.000000000,""
"Antimicrobial resistance","Staphylococcus aureus|Meticillin (MRSA)","Total tested isolates","N","2018","LV","Latvia",315.000000000,""
"Antimicrobial resistance","Staphylococcus aureus|Meticillin (MRSA)","Total tested isolates","N","2018","MT","Malta",88.000000000,""
"Antimicrobial resistance","Staphylococcus aureus|Meticillin (MRSA)","Total tested isolates","N","2018","NL","Netherlands",3566.000000000,""
"Antimicrobial resistance","Staphylococcus aureus|Meticillin (MRSA)","Total tested isolates","N","2018","NO","Norway",1547.000000000,""
"Antimicrobial resistance","Staphylococcus aureus|Meticillin (MRSA)","Total tested isolates","N","2018","PL","Poland",1959.000000000,""
"Antimicrobial resistance","Staphylococcus aureus|Meticillin (MRSA)","Total tested isolates","N","2018","PT","Portugal",3810.000000000,""
"Antimicrobial resistance","Staphylococcus aureus|Meticillin (MRSA)","Total tested isolates","N","2018","RO","Romania",600.000000000,""
"Antimicrobial resistance","Staphylococcus aureus|Meticillin (MRSA)","Total tested isolates","N","2018","SE","Sweden",3639.000000000,""
"Antimicrobial resistance","Staphylococcus aureus|Meticillin (MRSA)","Total tested isolates","N","2018","SI","Slovenia",606.000000000,""
"Antimicrobial resistance","Staphylococcus aureus|Meticillin (MRSA)","Total tested isolates","N","2018","SK","Slovakia",610.000000000,""
"Antimicrobial resistance","Staphylococcus aureus|Meticillin (MRSA)","Total tested isolates","N","2018","UK","United Kingdom",9045.000000000,""
"Antimicrobial resistance","Staphylococcus aureus|Meticillin (MRSA)","Total tested isolates","N","2019","AT","Austria",3323.000000000,""
"Antimicrobial resistance","Staphylococcus aureus|Meticillin (MRSA)","Total tested isolates","N","2019","BE","Belgium",1168.000000000,""
"Antimicrobial resistance","Staphylococcus aureus|Meticillin (MRSA)","Total tested isolates","N","2019","BG","Bulgaria",324.000000000,""
"Antimicrobial resistance","Staphylococcus aureus|Meticillin (MRSA)","Total tested isolates","N","2019","CY","Cyprus",58.000000000,""
"Antimicrobial resistance","Staphylococcus aureus|Meticillin (MRSA)","Total tested isolates","N","2019","CZ","Czechia",2108.000000000,""
"Antimicrobial resistance","Staphylococcus aureus|Meticillin (MRSA)","Total tested isolates","N","2019","DE","Germany",11950.000000000,""
"Antimicrobial resistance","Staphylococcus aureus|Meticillin (MRSA)","Total tested isolates","N","2019","DK","Denmark",2172.000000000,""
"Antimicrobial resistance","Staphylococcus aureus|Meticillin (MRSA)","Total tested isolates","N","2019","EE","Estonia",366.000000000,""
"Antimicrobial resistance","Staphylococcus aureus|Meticillin (MRSA)","Total tested isolates","N","2019","EL","Greece",170.000000000,""
"Antimicrobial resistance","Staphylococcus aureus|Meticillin (MRSA)","Total tested isolates","N","2019","ES","Spain",2711.000000000,""
"Antimicrobial resistance","Staphylococcus aureus|Meticillin (MRSA)","Total tested isolates","N","2019","FI","Finland",2473.000000000,""
"Antimicrobial resistance","Staphylococcus aureus|Meticillin (MRSA)","Total tested isolates","N","2019","FR","France",6467.000000000,""
"Antimicrobial resistance","Staphylococcus aureus|Meticillin (MRSA)","Total tested isolates","N","2019","HR","Croatia",358.000000000,""
"Antimicrobial resistance","Staphylococcus aureus|Meticillin (MRSA)","Total tested isolates","N","2019","HU","Hungary",1884.000000000,""
"Antimicrobial resistance","Staphylococcus aureus|Meticillin (MRSA)","Total tested isolates","N","2019","IE","Ireland",1146.000000000,""
"Antimicrobial resistance","Staphylococcus aureus|Meticillin (MRSA)","Total tested isolates","N","2019","IS","Iceland",121.000000000,""
"Antimicrobial resistance","Staphylococcus aureus|Meticillin (MRSA)","Total tested isolates","N","2019","IT","Italy",9681.000000000,""
"Antimicrobial resistance","Staphylococcus aureus|Meticillin (MRSA)","Total tested isolates","N","2019","LT","Lithuania",656.000000000,""
"Antimicrobial resistance","Staphylococcus aureus|Meticillin (MRSA)","Total tested isolates","N","2019","LU","Luxembourg",209.000000000,""
"Antimicrobial resistance","Staphylococcus aureus|Meticillin (MRSA)","Total tested isolates","N","2019","LV","Latvia",421.000000000,""
"Antimicrobial resistance","Staphylococcus aureus|Meticillin (MRSA)","Total tested isolates","N","2019","MT","Malta",75.000000000,""
"Antimicrobial resistance","Staphylococcus aureus|Meticillin (MRSA)","Total tested isolates","N","2019","NL","Netherlands",3221.000000000,""
"Antimicrobial resistance","Staphylococcus aureus|Meticillin (MRSA)","Total tested isolates","N","2019","NO","Norway",1644.000000000,""
"Antimicrobial resistance","Staphylococcus aureus|Meticillin (MRSA)","Total tested isolates","N","2019","PL","Poland",1841.000000000,""
"Antimicrobial resistance","Staphylococcus aureus|Meticillin (MRSA)","Total tested isolates","N","2019","PT","Portugal",3265.000000000,""
"Antimicrobial resistance","Staphylococcus aureus|Meticillin (MRSA)","Total tested isolates","N","2019","RO","Romania",625.000000000,""
"Antimicrobial resistance","Staphylococcus aureus|Meticillin (MRSA)","Total tested isolates","N","2019","SE","Sweden",5948.000000000,""
"Antimicrobial resistance","Staphylococcus aureus|Meticillin (MRSA)","Total tested isolates","N","2019","SI","Slovenia",656.000000000,""
"Antimicrobial resistance","Staphylococcus aureus|Meticillin (MRSA)","Total tested isolates","N","2019","SK","Slovakia",563.000000000,""
"Antimicrobial resistance","Staphylococcus aureus|Meticillin (MRSA)","Total tested isolates","N","2019","UK","United Kingdom",9114.000000000,""
"Antimicrobial resistance","Staphylococcus aureus|Meticillin (MRSA)","Total tested isolates","N","2020","AT","Austria",2843.000000000,""
"Antimicrobial resistance","Staphylococcus aureus|Meticillin (MRSA)","Total tested isolates","N","2020","BE","Belgium",1455.000000000,""
"Antimicrobial resistance","Staphylococcus aureus|Meticillin (MRSA)","Total tested isolates","N","2020","BG","Bulgaria",220.000000000,""
"Antimicrobial resistance","Staphylococcus aureus|Meticillin (MRSA)","Total tested isolates","N","2020","CY","Cyprus",106.000000000,""
"Antimicrobial resistance","Staphylococcus aureus|Meticillin (MRSA)","Total tested isolates","N","2020","CZ","Czechia",2089.000000000,""
"Antimicrobial resistance","Staphylococcus aureus|Meticillin (MRSA)","Total tested isolates","N","2020","DE","Germany",14427.000000000,""
"Antimicrobial resistance","Staphylococcus aureus|Meticillin (MRSA)","Total tested isolates","N","2020","DK","Denmark",2390.000000000,""
"Antimicrobial resistance","Staphylococcus aureus|Meticillin (MRSA)","Total tested isolates","N","2020","EE","Estonia",367.000000000,""
"Antimicrobial resistance","Staphylococcus aureus|Meticillin (MRSA)","Total tested isolates","N","2020","EL","Greece",448.000000000,""
"Antimicrobial resistance","Staphylococcus aureus|Meticillin (MRSA)","Total tested isolates","N","2020","ES","Spain",2313.000000000,""
"Antimicrobial resistance","Staphylococcus aureus|Meticillin (MRSA)","Total tested isolates","N","2020","FI","Finland",2188.000000000,""
"Antimicrobial resistance","Staphylococcus aureus|Meticillin (MRSA)","Total tested isolates","N","2020","FR","France",10763.000000000,""
"Antimicrobial resistance","Staphylococcus aureus|Meticillin (MRSA)","Total tested isolates","N","2020","HR","Croatia",424.000000000,""
"Antimicrobial resistance","Staphylococcus aureus|Meticillin (MRSA)","Total tested isolates","N","2020","HU","Hungary",1513.000000000,""
"Antimicrobial resistance","Staphylococcus aureus|Meticillin (MRSA)","Total tested isolates","N","2020","IE","Ireland",1024.000000000,""
"Antimicrobial resistance","Staphylococcus aureus|Meticillin (MRSA)","Total tested isolates","N","2020","IS","Iceland",116.000000000,""
"Antimicrobial resistance","Staphylococcus aureus|Meticillin (MRSA)","Total tested isolates","N","2020","IT","Italy",10923.000000000,""
"Antimicrobial resistance","Staphylococcus aureus|Meticillin (MRSA)","Total tested isolates","N","2020","LT","Lithuania",704.000000000,""
"Antimicrobial resistance","Staphylococcus aureus|Meticillin (MRSA)","Total tested isolates","N","2020","LU","Luxembourg",195.000000000,""
"Antimicrobial resistance","Staphylococcus aureus|Meticillin (MRSA)","Total tested isolates","N","2020","LV","Latvia",353.000000000,""
"Antimicrobial resistance","Staphylococcus aureus|Meticillin (MRSA)","Total tested isolates","N","2020","MT","Malta",92.000000000,""
"Antimicrobial resistance","Staphylococcus aureus|Meticillin (MRSA)","Total tested isolates","N","2020","NL","Netherlands",3293.000000000,""
"Antimicrobial resistance","Staphylococcus aureus|Meticillin (MRSA)","Total tested isolates","N","2020","NO","Norway",1552.000000000,""
"Antimicrobial resistance","Staphylococcus aureus|Meticillin (MRSA)","Total tested isolates","N","2020","PL","Poland",1351.000000000,""
"Antimicrobial resistance","Staphylococcus aureus|Meticillin (MRSA)","Total tested isolates","N","2020","PT","Portugal",3299.000000000,""
"Antimicrobial resistance","Staphylococcus aureus|Meticillin (MRSA)","Total tested isolates","N","2020","RO","Romania",406.000000000,""
"Antimicrobial resistance","Staphylococcus aureus|Meticillin (MRSA)","Total tested isolates","N","2020","SE","Sweden",6871.000000000,""
"Antimicrobial resistance","Staphylococcus aureus|Meticillin (MRSA)","Total tested isolates","N","2020","SI","Slovenia",711.000000000,""
"Antimicrobial resistance","Staphylococcus aureus|Meticillin (MRSA)","Total tested isolates","N","2020","SK","Slovakia",540.000000000,""
"Antimicrobial resistance","Staphylococcus aureus|Meticillin (MRSA)","Total tested isolates","N","2021","AT","Austria",3159.000000000,""
"Antimicrobial resistance","Staphylococcus aureus|Meticillin (MRSA)","Total tested isolates","N","2021","BE","Belgium",1614.000000000,""
"Antimicrobial resistance","Staphylococcus aureus|Meticillin (MRSA)","Total tested isolates","N","2021","BG","Bulgaria",211.000000000,""
"Antimicrobial resistance","Staphylococcus aureus|Meticillin (MRSA)","Total tested isolates","N","2021","CY","Cyprus",177.000000000,""
"Antimicrobial resistance","Staphylococcus aureus|Meticillin (MRSA)","Total tested isolates","N","2021","CZ","Czechia",2279.000000000,""
"Antimicrobial resistance","Staphylococcus aureus|Meticillin (MRSA)","Total tested isolates","N","2021","DE","Germany",15796.000000000,""
"Antimicrobial resistance","Staphylococcus aureus|Meticillin (MRSA)","Total tested isolates","N","2021","DK","Denmark",2545.000000000,""
"Antimicrobial resistance","Staphylococcus aureus|Meticillin (MRSA)","Total tested isolates","N","2021","EE","Estonia",398.000000000,""
"Antimicrobial resistance","Staphylococcus aureus|Meticillin (MRSA)","Total tested isolates","N","2021","EL","Greece",583.000000000,""
"Antimicrobial resistance","Staphylococcus aureus|Meticillin (MRSA)","Total tested isolates","N","2021","ES","Spain",1896.000000000,""
"Antimicrobial resistance","Staphylococcus aureus|Meticillin (MRSA)","Total tested isolates","N","2021","FI","Finland",2423.000000000,""
"Antimicrobial resistance","Staphylococcus aureus|Meticillin (MRSA)","Total tested isolates","N","2021","FR","France",11536.000000000,""
"Antimicrobial resistance","Staphylococcus aureus|Meticillin (MRSA)","Total tested isolates","N","2021","HR","Croatia",600.000000000,""
"Antimicrobial resistance","Staphylococcus aureus|Meticillin (MRSA)","Total tested isolates","N","2021","HU","Hungary",2359.000000000,""
"Antimicrobial resistance","Staphylococcus aureus|Meticillin (MRSA)","Total tested isolates","N","2021","IE","Ireland",1213.000000000,""
"Antimicrobial resistance","Staphylococcus aureus|Meticillin (MRSA)","Total tested isolates","N","2021","IS","Iceland",95.000000000,""
"Antimicrobial resistance","Staphylococcus aureus|Meticillin (MRSA)","Total tested isolates","N","2021","IT","Italy",12158.000000000,""
"Antimicrobial resistance","Staphylococcus aureus|Meticillin (MRSA)","Total tested isolates","N","2021","LT","Lithuania",746.000000000,""
"Antimicrobial resistance","Staphylococcus aureus|Meticillin (MRSA)","Total tested isolates","N","2021","LU","Luxembourg",199.000000000,""
"Antimicrobial resistance","Staphylococcus aureus|Meticillin (MRSA)","Total tested isolates","N","2021","LV","Latvia",457.000000000,""
"Antimicrobial resistance","Staphylococcus aureus|Meticillin (MRSA)","Total tested isolates","N","2021","MT","Malta",103.000000000,""
"Antimicrobial resistance","Staphylococcus aureus|Meticillin (MRSA)","Total tested isolates","N","2021","NL","Netherlands",3231.000000000,""
"Antimicrobial resistance","Staphylococcus aureus|Meticillin (MRSA)","Total tested isolates","N","2021","NO","Norway",1638.000000000,""
"Antimicrobial resistance","Staphylococcus aureus|Meticillin (MRSA)","Total tested isolates","N","2021","PL","Poland",1718.000000000,""
"Antimicrobial resistance","Staphylococcus aureus|Meticillin (MRSA)","Total tested isolates","N","2021","PT","Portugal",2873.000000000,""
"Antimicrobial resistance","Staphylococcus aureus|Meticillin (MRSA)","Total tested isolates","N","2021","RO","Romania",461.000000000,""
"Antimicrobial resistance","Staphylococcus aureus|Meticillin (MRSA)","Total tested isolates","N","2021","SE","Sweden",7733.000000000,""
"Antimicrobial resistance","Staphylococcus aureus|Meticillin (MRSA)","Total tested isolates","N","2021","SI","Slovenia",768.000000000,""
"Antimicrobial resistance","Staphylococcus aureus|Meticillin (MRSA)","Total tested isolates","N","2021","SK","Slovakia",582.000000000,""
"Antimicrobial resistance","Staphylococcus aureus|Meticillin (MRSA)","Total tested isolates","N","2022","AT","Austria",3108.000000000,""
"Antimicrobial resistance","Staphylococcus aureus|Meticillin (MRSA)","Total tested isolates","N","2022","BE","Belgium",1492.000000000,""
"Antimicrobial resistance","Staphylococcus aureus|Meticillin (MRSA)","Total tested isolates","N","2022","BG","Bulgaria",233.000000000,""
"Antimicrobial resistance","Staphylococcus aureus|Meticillin (MRSA)","Total tested isolates","N","2022","CY","Cyprus",195.000000000,""
"Antimicrobial resistance","Staphylococcus aureus|Meticillin (MRSA)","Total tested isolates","N","2022","CZ","Czechia",2417.000000000,""
"Antimicrobial resistance","Staphylococcus aureus|Meticillin (MRSA)","Total tested isolates","N","2022","DE","Germany",18898.000000000,""
"Antimicrobial resistance","Staphylococcus aureus|Meticillin (MRSA)","Total tested isolates","N","2022","DK","Denmark",1945.000000000,""
"Antimicrobial resistance","Staphylococcus aureus|Meticillin (MRSA)","Total tested isolates","N","2022","EE","Estonia",407.000000000,""
"Antimicrobial resistance","Staphylococcus aureus|Meticillin (MRSA)","Total tested isolates","N","2022","EL","Greece",918.000000000,""
"Antimicrobial resistance","Staphylococcus aureus|Meticillin (MRSA)","Total tested isolates","N","2022","ES","Spain",2513.000000000,""
"Antimicrobial resistance","Staphylococcus aureus|Meticillin (MRSA)","Total tested isolates","N","2022","FI","Finland",2418.000000000,""
"Antimicrobial resistance","Staphylococcus aureus|Meticillin (MRSA)","Total tested isolates","N","2022","FR","France",10628.000000000,""
"Antimicrobial resistance","Staphylococcus aureus|Meticillin (MRSA)","Total tested isolates","N","2022","HR","Croatia",611.000000000,""
"Antimicrobial resistance","Staphylococcus aureus|Meticillin (MRSA)","Total tested isolates","N","2022","HU","Hungary",2072.000000000,""
"Antimicrobial resistance","Staphylococcus aureus|Meticillin (MRSA)","Total tested isolates","N","2022","IE","Ireland",1178.000000000,""
"Antimicrobial resistance","Staphylococcus aureus|Meticillin (MRSA)","Total tested isolates","N","2022","IS","Iceland",144.000000000,""
"Antimicrobial resistance","Staphylococcus aureus|Meticillin (MRSA)","Total tested isolates","N","2022","IT","Italy",14053.000000000,""
"Antimicrobial resistance","Staphylococcus aureus|Meticillin (MRSA)","Total tested isolates","N","2022","LI","Liechtenstein",5.000000000,""
"Antimicrobial resistance","Staphylococcus aureus|Meticillin (MRSA)","Total tested isolates","N","2022","LT","Lithuania",828.000000000,""
"Antimicrobial resistance","Staphylococcus aureus|Meticillin (MRSA)","Total tested isolates","N","2022","LU","Luxembourg",235.000000000,""
"Antimicrobial resistance","Staphylococcus aureus|Meticillin (MRSA)","Total tested isolates","N","2022","LV","Latvia",513.000000000,""
"Antimicrobial resistance","Staphylococcus aureus|Meticillin (MRSA)","Total tested isolates","N","2022","MT","Malta",116.000000000,""
"Antimicrobial resistance","Staphylococcus aureus|Meticillin (MRSA)","Total tested isolates","N","2022","NL","Netherlands",3609.000000000,""
"Antimicrobial resistance","Staphylococcus aureus|Meticillin (MRSA)","Total tested isolates","N","2022","NO","Norway",1796.000000000,""
"Antimicrobial resistance","Staphylococcus aureus|Meticillin (MRSA)","Total tested isolates","N","2022","PL","Poland",2000.000000000,""
"Antimicrobial resistance","Staphylococcus aureus|Meticillin (MRSA)","Total tested isolates","N","2022","PT","Portugal",3544.000000000,""
"Antimicrobial resistance","Staphylococcus aureus|Meticillin (MRSA)","Total tested isolates","N","2022","RO","Romania",596.000000000,""
"Antimicrobial resistance","Staphylococcus aureus|Meticillin (MRSA)","Total tested isolates","N","2022","SE","Sweden",7936.000000000,""
"Antimicrobial resistance","Staphylococcus aureus|Meticillin (MRSA)","Total tested isolates","N","2022","SI","Slovenia",644.000000000,""
"Antimicrobial resistance","Staphylococcus aureus|Meticillin (MRSA)","Total tested isolates","N","2022","SK","Slovakia",578.000000000,""
"Antimicrobial resistance","Staphylococcus aureus|Meticillin (MRSA)","Total tested isolates","N","2023","AT","Austria",3297.000000000,""
"Antimicrobial resistance","Staphylococcus aureus|Meticillin (MRSA)","Total tested isolates","N","2023","BE","Belgium",1700.000000000,""
"Antimicrobial resistance","Staphylococcus aureus|Meticillin (MRSA)","Total tested isolates","N","2023","BG","Bulgaria",290.000000000,""
"Antimicrobial resistance","Staphylococcus aureus|Meticillin (MRSA)","Total tested isolates","N","2023","CY","Cyprus",229.000000000,""
"Antimicrobial resistance","Staphylococcus aureus|Meticillin (MRSA)","Total tested isolates","N","2023","CZ","Czechia",2304.000000000,""
"Antimicrobial resistance","Staphylococcus aureus|Meticillin (MRSA)","Total tested isolates","N","2023","DE","Germany",19057.000000000,""
"Antimicrobial resistance","Staphylococcus aureus|Meticillin (MRSA)","Total tested isolates","N","2023","DK","Denmark",1870.000000000,""
"Antimicrobial resistance","Staphylococcus aureus|Meticillin (MRSA)","Total tested isolates","N","2023","EE","Estonia",436.000000000,""
"Antimicrobial resistance","Staphylococcus aureus|Meticillin (MRSA)","Total tested isolates","N","2023","EL","Greece",1118.000000000,""
"Antimicrobial resistance","Staphylococcus aureus|Meticillin (MRSA)","Total tested isolates","N","2023","ES","Spain",2233.000000000,""
"Antimicrobial resistance","Staphylococcus aureus|Meticillin (MRSA)","Total tested isolates","N","2023","FI","Finland",2103.000000000,""
"Antimicrobial resistance","Staphylococcus aureus|Meticillin (MRSA)","Total tested isolates","N","2023","HR","Croatia",732.000000000,""
"Antimicrobial resistance","Staphylococcus aureus|Meticillin (MRSA)","Total tested isolates","N","2023","HU","Hungary",2028.000000000,""
"Antimicrobial resistance","Staphylococcus aureus|Meticillin (MRSA)","Total tested isolates","N","2023","IE","Ireland",1242.000000000,""
"Antimicrobial resistance","Staphylococcus aureus|Meticillin (MRSA)","Total tested isolates","N","2023","IS","Iceland",129.000000000,""
"Antimicrobial resistance","Staphylococcus aureus|Meticillin (MRSA)","Total tested isolates","N","2023","IT","Italy",14909.000000000,""
"Antimicrobial resistance","Staphylococcus aureus|Meticillin (MRSA)","Total tested isolates","N","2023","LI","Liechtenstein",2.000000000,""
"Antimicrobial resistance","Staphylococcus aureus|Meticillin (MRSA)","Total tested isolates","N","2023","LT","Lithuania",813.000000000,""
"Antimicrobial resistance","Staphylococcus aureus|Meticillin (MRSA)","Total tested isolates","N","2023","LU","Luxembourg",190.000000000,""
"Antimicrobial resistance","Staphylococcus aureus|Meticillin (MRSA)","Total tested isolates","N","2023","LV","Latvia",464.000000000,""
"Antimicrobial resistance","Staphylococcus aureus|Meticillin (MRSA)","Total tested isolates","N","2023","MT","Malta",110.000000000,""
"Antimicrobial resistance","Staphylococcus aureus|Meticillin (MRSA)","Total tested isolates","N","2023","NL","Netherlands",3739.000000000,""
"Antimicrobial resistance","Staphylococcus aureus|Meticillin (MRSA)","Total tested isolates","N","2023","NO","Norway",1714.000000000,""
"Antimicrobial resistance","Staphylococcus aureus|Meticillin (MRSA)","Total tested isolates","N","2023","PL","Poland",1953.000000000,""
"Antimicrobial resistance","Staphylococcus aureus|Meticillin (MRSA)","Total tested isolates","N","2023","PT","Portugal",3284.000000000,""
"Antimicrobial resistance","Staphylococcus aureus|Meticillin (MRSA)","Total tested isolates","N","2023","RO","Romania",754.000000000,""
"Antimicrobial resistance","Staphylococcus aureus|Meticillin (MRSA)","Total tested isolates","N","2023","SE","Sweden",7915.000000000,""
"Antimicrobial resistance","Staphylococcus aureus|Meticillin (MRSA)","Total tested isolates","N","2023","SI","Slovenia",673.000000000,""
"Antimicrobial resistance","Staphylococcus aureus|Meticillin (MRSA)","Total tested isolates","N","2023","SK","Slovakia",416.000000000,""
"Antimicrobial resistance","Staphylococcus aureus|Meticillin (MRSA)","Total tested isolates","N","2024","AT","Austria",3404.000000000,""
"Antimicrobial resistance","Staphylococcus aureus|Meticillin (MRSA)","Total tested isolates","N","2024","BE","Belgium",1882.000000000,""
"Antimicrobial resistance","Staphylococcus aureus|Meticillin (MRSA)","Total tested isolates","N","2024","BG","Bulgaria",320.000000000,""
"Antimicrobial resistance","Staphylococcus aureus|Meticillin (MRSA)","Total tested isolates","N","2024","CY","Cyprus",235.000000000,""
"Antimicrobial resistance","Staphylococcus aureus|Meticillin (MRSA)","Total tested isolates","N","2024","CZ","Czechia",2301.000000000,""
"Antimicrobial resistance","Staphylococcus aureus|Meticillin (MRSA)","Total tested isolates","N","2024","DE","Germany",23887.000000000,""
"Antimicrobial resistance","Staphylococcus aureus|Meticillin (MRSA)","Total tested isolates","N","2024","DK","Denmark",1763.000000000,""
"Antimicrobial resistance","Staphylococcus aureus|Meticillin (MRSA)","Total tested isolates","N","2024","EE","Estonia",442.000000000,""
"Antimicrobial resistance","Staphylococcus aureus|Meticillin (MRSA)","Total tested isolates","N","2024","EL","Greece",967.000000000,""
"Antimicrobial resistance","Staphylococcus aureus|Meticillin (MRSA)","Total tested isolates","N","2024","ES","Spain",2322.000000000,""
"Antimicrobial resistance","Staphylococcus aureus|Meticillin (MRSA)","Total tested isolates","N","2024","FI","Finland",2294.000000000,""
"Antimicrobial resistance","Staphylococcus aureus|Meticillin (MRSA)","Total tested isolates","N","2024","FR","France",12060.000000000,""
"Antimicrobial resistance","Staphylococcus aureus|Meticillin (MRSA)","Total tested isolates","N","2024","HR","Croatia",587.000000000,""
"Antimicrobial resistance","Staphylococcus aureus|Meticillin (MRSA)","Total tested isolates","N","2024","HU","Hungary",2204.000000000,""
"Antimicrobial resistance","Staphylococcus aureus|Meticillin (MRSA)","Total tested isolates","N","2024","IE","Ireland",1060.000000000,""
"Antimicrobial resistance","Staphylococcus aureus|Meticillin (MRSA)","Total tested isolates","N","2024","IS","Iceland",143.000000000,""
"Antimicrobial resistance","Staphylococcus aureus|Meticillin (MRSA)","Total tested isolates","N","2024","IT","Italy",16201.000000000,""
"Antimicrobial resistance","Staphylococcus aureus|Meticillin (MRSA)","Total tested isolates","N","2024","LI","Liechtenstein",5.000000000,""
"Antimicrobial resistance","Staphylococcus aureus|Meticillin (MRSA)","Total tested isolates","N","2024","LT","Lithuania",929.000000000,""
"Antimicrobial resistance","Staphylococcus aureus|Meticillin (MRSA)","Total tested isolates","N","2024","LU","Luxembourg",195.000000000,""
"Antimicrobial resistance","Staphylococcus aureus|Meticillin (MRSA)","Total tested isolates","N","2024","LV","Latvia",476.000000000,""
"Antimicrobial resistance","Staphylococcus aureus|Meticillin (MRSA)","Total tested isolates","N","2024","MT","Malta",105.000000000,""
"Antimicrobial resistance","Staphylococcus aureus|Meticillin (MRSA)","Total tested isolates","N","2024","NL","Netherlands",4055.000000000,""
"Antimicrobial resistance","Staphylococcus aureus|Meticillin (MRSA)","Total tested isolates","N","2024","NO","Norway",1748.000000000,""
"Antimicrobial resistance","Staphylococcus aureus|Meticillin (MRSA)","Total tested isolates","N","2024","PL","Poland",2334.000000000,""
"Antimicrobial resistance","Staphylococcus aureus|Meticillin (MRSA)","Total tested isolates","N","2024","PT","Portugal",3600.000000000,""
"Antimicrobial resistance","Staphylococcus aureus|Meticillin (MRSA)","Total tested isolates","N","2024","RO","Romania",1021.000000000,""
"Antimicrobial resistance","Staphylococcus aureus|Meticillin (MRSA)","Total tested isolates","N","2024","SE","Sweden",7465.000000000,""
"Antimicrobial resistance","Staphylococcus aureus|Meticillin (MRSA)","Total tested isolates","N","2024","SI","Slovenia",678.000000000,""
"Antimicrobial resistance","Staphylococcus aureus|Meticillin (MRSA)","Total tested isolates","N","2024","SK","Slovakia",488.000000000,""
