"HealthTopic","Population","Indicator","Unit","Time","RegionCode","RegionName","NumValue","TxtValue"
"Antimicrobial resistance","Acinetobacter spp.|Carbapenems","I - 'susceptible, increased exposure' isolates ","N","2012","BG","Bulgaria",2.000000000,""
"Antimicrobial resistance","Acinetobacter spp.|Carbapenems","I - 'susceptible, increased exposure' isolates ","N","2012","CY","Cyprus",2.000000000,""
"Antimicrobial resistance","Acinetobacter spp.|Carbapenems","I - 'susceptible, increased exposure' isolates ","N","2012","DE","Germany",1.000000000,""
"Antimicrobial resistance","Acinetobacter spp.|Carbapenems","I - 'susceptible, increased exposure' isolates ","N","2012","DK","Denmark",1.000000000,""
"Antimicrobial resistance","Acinetobacter spp.|Carbapenems","I - 'susceptible, increased exposure' isolates ","N","2012","EL","Greece",22.000000000,""
"Antimicrobial resistance","Acinetobacter spp.|Carbapenems","I - 'susceptible, increased exposure' isolates ","N","2012","FR","France",7.000000000,""
"Antimicrobial resistance","Acinetobacter spp.|Carbapenems","I - 'susceptible, increased exposure' isolates ","N","2012","HU","Hungary",33.000000000,""
"Antimicrobial resistance","Acinetobacter spp.|Carbapenems","I - 'susceptible, increased exposure' isolates ","N","2012","IS","Iceland",2.000000000,""
"Antimicrobial resistance","Acinetobacter spp.|Carbapenems","I - 'susceptible, increased exposure' isolates ","N","2012","IT","Italy",7.000000000,""
"Antimicrobial resistance","Acinetobacter spp.|Carbapenems","I - 'susceptible, increased exposure' isolates ","N","2012","LU","Luxembourg",1.000000000,""
"Antimicrobial resistance","Acinetobacter spp.|Carbapenems","I - 'susceptible, increased exposure' isolates ","N","2012","MT","Malta",0.000000000,""
"Antimicrobial resistance","Acinetobacter spp.|Carbapenems","I - 'susceptible, increased exposure' isolates ","N","2012","NL","Netherlands",2.000000000,""
"Antimicrobial resistance","Acinetobacter spp.|Carbapenems","I - 'susceptible, increased exposure' isolates ","N","2012","NO","Norway",0.000000000,""
"Antimicrobial resistance","Acinetobacter spp.|Carbapenems","I - 'susceptible, increased exposure' isolates ","N","2012","PL","Poland",12.000000000,""
"Antimicrobial resistance","Acinetobacter spp.|Carbapenems","I - 'susceptible, increased exposure' isolates ","N","2012","PT","Portugal",1.000000000,""
"Antimicrobial resistance","Acinetobacter spp.|Carbapenems","I - 'susceptible, increased exposure' isolates ","N","2012","RO","Romania",0.000000000,""
"Antimicrobial resistance","Acinetobacter spp.|Carbapenems","I - 'susceptible, increased exposure' isolates ","N","2012","SI","Slovenia",0.000000000,""
"Antimicrobial resistance","Acinetobacter spp.|Carbapenems","I - 'susceptible, increased exposure' isolates ","N","2012","UK","United Kingdom",0.000000000,""
"Antimicrobial resistance","Acinetobacter spp.|Carbapenems","I - 'susceptible, increased exposure' isolates ","N","2013","AT","Austria",3.000000000,""
"Antimicrobial resistance","Acinetobacter spp.|Carbapenems","I - 'susceptible, increased exposure' isolates ","N","2013","BE","Belgium",0.000000000,""
"Antimicrobial resistance","Acinetobacter spp.|Carbapenems","I - 'susceptible, increased exposure' isolates ","N","2013","BG","Bulgaria",2.000000000,""
"Antimicrobial resistance","Acinetobacter spp.|Carbapenems","I - 'susceptible, increased exposure' isolates ","N","2013","CY","Cyprus",0.000000000,""
"Antimicrobial resistance","Acinetobacter spp.|Carbapenems","I - 'susceptible, increased exposure' isolates ","N","2013","CZ","Czechia",2.000000000,""
"Antimicrobial resistance","Acinetobacter spp.|Carbapenems","I - 'susceptible, increased exposure' isolates ","N","2013","DE","Germany",0.000000000,""
"Antimicrobial resistance","Acinetobacter spp.|Carbapenems","I - 'susceptible, increased exposure' isolates ","N","2013","DK","Denmark",2.000000000,""
"Antimicrobial resistance","Acinetobacter spp.|Carbapenems","I - 'susceptible, increased exposure' isolates ","N","2013","EL","Greece",10.000000000,""
"Antimicrobial resistance","Acinetobacter spp.|Carbapenems","I - 'susceptible, increased exposure' isolates ","N","2013","ES","Spain",1.000000000,""
"Antimicrobial resistance","Acinetobacter spp.|Carbapenems","I - 'susceptible, increased exposure' isolates ","N","2013","FI","Finland",0.000000000,""
"Antimicrobial resistance","Acinetobacter spp.|Carbapenems","I - 'susceptible, increased exposure' isolates ","N","2013","FR","France",3.000000000,""
"Antimicrobial resistance","Acinetobacter spp.|Carbapenems","I - 'susceptible, increased exposure' isolates ","N","2013","HR","Croatia",4.000000000,""
"Antimicrobial resistance","Acinetobacter spp.|Carbapenems","I - 'susceptible, increased exposure' isolates ","N","2013","HU","Hungary",21.000000000,""
"Antimicrobial resistance","Acinetobacter spp.|Carbapenems","I - 'susceptible, increased exposure' isolates ","N","2013","IE","Ireland",1.000000000,""
"Antimicrobial resistance","Acinetobacter spp.|Carbapenems","I - 'susceptible, increased exposure' isolates ","N","2013","IT","Italy",10.000000000,""
"Antimicrobial resistance","Acinetobacter spp.|Carbapenems","I - 'susceptible, increased exposure' isolates ","N","2013","LU","Luxembourg",0.000000000,""
"Antimicrobial resistance","Acinetobacter spp.|Carbapenems","I - 'susceptible, increased exposure' isolates ","N","2013","MT","Malta",1.000000000,""
"Antimicrobial resistance","Acinetobacter spp.|Carbapenems","I - 'susceptible, increased exposure' isolates ","N","2013","NL","Netherlands",0.000000000,""
"Antimicrobial resistance","Acinetobacter spp.|Carbapenems","I - 'susceptible, increased exposure' isolates ","N","2013","NO","Norway",1.000000000,""
"Antimicrobial resistance","Acinetobacter spp.|Carbapenems","I - 'susceptible, increased exposure' isolates ","N","2013","PL","Poland",7.000000000,""
"Antimicrobial resistance","Acinetobacter spp.|Carbapenems","I - 'susceptible, increased exposure' isolates ","N","2013","PT","Portugal",0.000000000,""
"Antimicrobial resistance","Acinetobacter spp.|Carbapenems","I - 'susceptible, increased exposure' isolates ","N","2013","RO","Romania",1.000000000,""
"Antimicrobial resistance","Acinetobacter spp.|Carbapenems","I - 'susceptible, increased exposure' isolates ","N","2013","SE","Sweden",0.000000000,""
"Antimicrobial resistance","Acinetobacter spp.|Carbapenems","I - 'susceptible, increased exposure' isolates ","N","2013","SI","Slovenia",0.000000000,""
"Antimicrobial resistance","Acinetobacter spp.|Carbapenems","I - 'susceptible, increased exposure' isolates ","N","2013","SK","Slovakia",18.000000000,""
"Antimicrobial resistance","Acinetobacter spp.|Carbapenems","I - 'susceptible, increased exposure' isolates ","N","2013","UK","United Kingdom",0.000000000,""
"Antimicrobial resistance","Acinetobacter spp.|Carbapenems","I - 'susceptible, increased exposure' isolates ","N","2014","AT","Austria",1.000000000,""
"Antimicrobial resistance","Acinetobacter spp.|Carbapenems","I - 'susceptible, increased exposure' isolates ","N","2014","BE","Belgium",0.000000000,""
"Antimicrobial resistance","Acinetobacter spp.|Carbapenems","I - 'susceptible, increased exposure' isolates ","N","2014","BG","Bulgaria",3.000000000,""
"Antimicrobial resistance","Acinetobacter spp.|Carbapenems","I - 'susceptible, increased exposure' isolates ","N","2014","CY","Cyprus",0.000000000,""
"Antimicrobial resistance","Acinetobacter spp.|Carbapenems","I - 'susceptible, increased exposure' isolates ","N","2014","CZ","Czechia",1.000000000,""
"Antimicrobial resistance","Acinetobacter spp.|Carbapenems","I - 'susceptible, increased exposure' isolates ","N","2014","DE","Germany",3.000000000,""
"Antimicrobial resistance","Acinetobacter spp.|Carbapenems","I - 'susceptible, increased exposure' isolates ","N","2014","DK","Denmark",1.000000000,""
"Antimicrobial resistance","Acinetobacter spp.|Carbapenems","I - 'susceptible, increased exposure' isolates ","N","2014","EL","Greece",10.000000000,""
"Antimicrobial resistance","Acinetobacter spp.|Carbapenems","I - 'susceptible, increased exposure' isolates ","N","2014","ES","Spain",0.000000000,""
"Antimicrobial resistance","Acinetobacter spp.|Carbapenems","I - 'susceptible, increased exposure' isolates ","N","2014","FI","Finland",0.000000000,""
"Antimicrobial resistance","Acinetobacter spp.|Carbapenems","I - 'susceptible, increased exposure' isolates ","N","2014","FR","France",4.000000000,""
"Antimicrobial resistance","Acinetobacter spp.|Carbapenems","I - 'susceptible, increased exposure' isolates ","N","2014","HR","Croatia",3.000000000,""
"Antimicrobial resistance","Acinetobacter spp.|Carbapenems","I - 'susceptible, increased exposure' isolates ","N","2014","HU","Hungary",17.000000000,""
"Antimicrobial resistance","Acinetobacter spp.|Carbapenems","I - 'susceptible, increased exposure' isolates ","N","2014","IE","Ireland",0.000000000,""
"Antimicrobial resistance","Acinetobacter spp.|Carbapenems","I - 'susceptible, increased exposure' isolates ","N","2014","IS","Iceland",0.000000000,""
"Antimicrobial resistance","Acinetobacter spp.|Carbapenems","I - 'susceptible, increased exposure' isolates ","N","2014","IT","Italy",7.000000000,""
"Antimicrobial resistance","Acinetobacter spp.|Carbapenems","I - 'susceptible, increased exposure' isolates ","N","2014","LT","Lithuania",0.000000000,""
"Antimicrobial resistance","Acinetobacter spp.|Carbapenems","I - 'susceptible, increased exposure' isolates ","N","2014","LU","Luxembourg",0.000000000,""
"Antimicrobial resistance","Acinetobacter spp.|Carbapenems","I - 'susceptible, increased exposure' isolates ","N","2014","LV","Latvia",2.000000000,""
"Antimicrobial resistance","Acinetobacter spp.|Carbapenems","I - 'susceptible, increased exposure' isolates ","N","2014","MT","Malta",1.000000000,""
"Antimicrobial resistance","Acinetobacter spp.|Carbapenems","I - 'susceptible, increased exposure' isolates ","N","2014","NL","Netherlands",1.000000000,""
"Antimicrobial resistance","Acinetobacter spp.|Carbapenems","I - 'susceptible, increased exposure' isolates ","N","2014","NO","Norway",0.000000000,""
"Antimicrobial resistance","Acinetobacter spp.|Carbapenems","I - 'susceptible, increased exposure' isolates ","N","2014","PL","Poland",17.000000000,""
"Antimicrobial resistance","Acinetobacter spp.|Carbapenems","I - 'susceptible, increased exposure' isolates ","N","2014","PT","Portugal",1.000000000,""
"Antimicrobial resistance","Acinetobacter spp.|Carbapenems","I - 'susceptible, increased exposure' isolates ","N","2014","RO","Romania",0.000000000,""
"Antimicrobial resistance","Acinetobacter spp.|Carbapenems","I - 'susceptible, increased exposure' isolates ","N","2014","SE","Sweden",0.000000000,""
"Antimicrobial resistance","Acinetobacter spp.|Carbapenems","I - 'susceptible, increased exposure' isolates ","N","2014","SI","Slovenia",1.000000000,""
"Antimicrobial resistance","Acinetobacter spp.|Carbapenems","I - 'susceptible, increased exposure' isolates ","N","2014","SK","Slovakia",9.000000000,""
"Antimicrobial resistance","Acinetobacter spp.|Carbapenems","I - 'susceptible, increased exposure' isolates ","N","2014","UK","United Kingdom",1.000000000,""
"Antimicrobial resistance","Acinetobacter spp.|Carbapenems","I - 'susceptible, increased exposure' isolates ","N","2015","AT","Austria",3.000000000,""
"Antimicrobial resistance","Acinetobacter spp.|Carbapenems","I - 'susceptible, increased exposure' isolates ","N","2015","BE","Belgium",0.000000000,""
"Antimicrobial resistance","Acinetobacter spp.|Carbapenems","I - 'susceptible, increased exposure' isolates ","N","2015","BG","Bulgaria",4.000000000,""
"Antimicrobial resistance","Acinetobacter spp.|Carbapenems","I - 'susceptible, increased exposure' isolates ","N","2015","CY","Cyprus",0.000000000,""
"Antimicrobial resistance","Acinetobacter spp.|Carbapenems","I - 'susceptible, increased exposure' isolates ","N","2015","CZ","Czechia",1.000000000,""
"Antimicrobial resistance","Acinetobacter spp.|Carbapenems","I - 'susceptible, increased exposure' isolates ","N","2015","DE","Germany",3.000000000,""
"Antimicrobial resistance","Acinetobacter spp.|Carbapenems","I - 'susceptible, increased exposure' isolates ","N","2015","DK","Denmark",0.000000000,""
"Antimicrobial resistance","Acinetobacter spp.|Carbapenems","I - 'susceptible, increased exposure' isolates ","N","2015","EE","Estonia",0.000000000,""
"Antimicrobial resistance","Acinetobacter spp.|Carbapenems","I - 'susceptible, increased exposure' isolates ","N","2015","EL","Greece",1.000000000,""
"Antimicrobial resistance","Acinetobacter spp.|Carbapenems","I - 'susceptible, increased exposure' isolates ","N","2015","ES","Spain",4.000000000,""
"Antimicrobial resistance","Acinetobacter spp.|Carbapenems","I - 'susceptible, increased exposure' isolates ","N","2015","FI","Finland",0.000000000,""
"Antimicrobial resistance","Acinetobacter spp.|Carbapenems","I - 'susceptible, increased exposure' isolates ","N","2015","FR","France",3.000000000,""
"Antimicrobial resistance","Acinetobacter spp.|Carbapenems","I - 'susceptible, increased exposure' isolates ","N","2015","HR","Croatia",4.000000000,""
"Antimicrobial resistance","Acinetobacter spp.|Carbapenems","I - 'susceptible, increased exposure' isolates ","N","2015","HU","Hungary",14.000000000,""
"Antimicrobial resistance","Acinetobacter spp.|Carbapenems","I - 'susceptible, increased exposure' isolates ","N","2015","IE","Ireland",0.000000000,""
"Antimicrobial resistance","Acinetobacter spp.|Carbapenems","I - 'susceptible, increased exposure' isolates ","N","2015","IS","Iceland",0.000000000,""
"Antimicrobial resistance","Acinetobacter spp.|Carbapenems","I - 'susceptible, increased exposure' isolates ","N","2015","IT","Italy",8.000000000,""
"Antimicrobial resistance","Acinetobacter spp.|Carbapenems","I - 'susceptible, increased exposure' isolates ","N","2015","LT","Lithuania",1.000000000,""
"Antimicrobial resistance","Acinetobacter spp.|Carbapenems","I - 'susceptible, increased exposure' isolates ","N","2015","LU","Luxembourg",0.000000000,""
"Antimicrobial resistance","Acinetobacter spp.|Carbapenems","I - 'susceptible, increased exposure' isolates ","N","2015","LV","Latvia",7.000000000,""
"Antimicrobial resistance","Acinetobacter spp.|Carbapenems","I - 'susceptible, increased exposure' isolates ","N","2015","MT","Malta",0.000000000,""
"Antimicrobial resistance","Acinetobacter spp.|Carbapenems","I - 'susceptible, increased exposure' isolates ","N","2015","NL","Netherlands",1.000000000,""
"Antimicrobial resistance","Acinetobacter spp.|Carbapenems","I - 'susceptible, increased exposure' isolates ","N","2015","NO","Norway",0.000000000,""
"Antimicrobial resistance","Acinetobacter spp.|Carbapenems","I - 'susceptible, increased exposure' isolates ","N","2015","PL","Poland",11.000000000,""
"Antimicrobial resistance","Acinetobacter spp.|Carbapenems","I - 'susceptible, increased exposure' isolates ","N","2015","PT","Portugal",6.000000000,""
"Antimicrobial resistance","Acinetobacter spp.|Carbapenems","I - 'susceptible, increased exposure' isolates ","N","2015","RO","Romania",1.000000000,""
"Antimicrobial resistance","Acinetobacter spp.|Carbapenems","I - 'susceptible, increased exposure' isolates ","N","2015","SE","Sweden",0.000000000,""
"Antimicrobial resistance","Acinetobacter spp.|Carbapenems","I - 'susceptible, increased exposure' isolates ","N","2015","SI","Slovenia",0.000000000,""
"Antimicrobial resistance","Acinetobacter spp.|Carbapenems","I - 'susceptible, increased exposure' isolates ","N","2015","SK","Slovakia",15.000000000,""
"Antimicrobial resistance","Acinetobacter spp.|Carbapenems","I - 'susceptible, increased exposure' isolates ","N","2015","UK","United Kingdom",1.000000000,""
"Antimicrobial resistance","Acinetobacter spp.|Carbapenems","I - 'susceptible, increased exposure' isolates ","N","2016","AT","Austria",1.000000000,""
"Antimicrobial resistance","Acinetobacter spp.|Carbapenems","I - 'susceptible, increased exposure' isolates ","N","2016","BE","Belgium",0.000000000,""
"Antimicrobial resistance","Acinetobacter spp.|Carbapenems","I - 'susceptible, increased exposure' isolates ","N","2016","BG","Bulgaria",5.000000000,""
"Antimicrobial resistance","Acinetobacter spp.|Carbapenems","I - 'susceptible, increased exposure' isolates ","N","2016","CY","Cyprus",0.000000000,""
"Antimicrobial resistance","Acinetobacter spp.|Carbapenems","I - 'susceptible, increased exposure' isolates ","N","2016","CZ","Czechia",3.000000000,""
"Antimicrobial resistance","Acinetobacter spp.|Carbapenems","I - 'susceptible, increased exposure' isolates ","N","2016","DE","Germany",2.000000000,""
"Antimicrobial resistance","Acinetobacter spp.|Carbapenems","I - 'susceptible, increased exposure' isolates ","N","2016","DK","Denmark",0.000000000,""
"Antimicrobial resistance","Acinetobacter spp.|Carbapenems","I - 'susceptible, increased exposure' isolates ","N","2016","EE","Estonia",0.000000000,""
"Antimicrobial resistance","Acinetobacter spp.|Carbapenems","I - 'susceptible, increased exposure' isolates ","N","2016","EL","Greece",2.000000000,""
"Antimicrobial resistance","Acinetobacter spp.|Carbapenems","I - 'susceptible, increased exposure' isolates ","N","2016","ES","Spain",2.000000000,""
"Antimicrobial resistance","Acinetobacter spp.|Carbapenems","I - 'susceptible, increased exposure' isolates ","N","2016","FI","Finland",0.000000000,""
"Antimicrobial resistance","Acinetobacter spp.|Carbapenems","I - 'susceptible, increased exposure' isolates ","N","2016","FR","France",3.000000000,""
"Antimicrobial resistance","Acinetobacter spp.|Carbapenems","I - 'susceptible, increased exposure' isolates ","N","2016","HR","Croatia",1.000000000,""
"Antimicrobial resistance","Acinetobacter spp.|Carbapenems","I - 'susceptible, increased exposure' isolates ","N","2016","HU","Hungary",9.000000000,""
"Antimicrobial resistance","Acinetobacter spp.|Carbapenems","I - 'susceptible, increased exposure' isolates ","N","2016","IE","Ireland",0.000000000,""
"Antimicrobial resistance","Acinetobacter spp.|Carbapenems","I - 'susceptible, increased exposure' isolates ","N","2016","IS","Iceland",0.000000000,""
"Antimicrobial resistance","Acinetobacter spp.|Carbapenems","I - 'susceptible, increased exposure' isolates ","N","2016","IT","Italy",5.000000000,""
"Antimicrobial resistance","Acinetobacter spp.|Carbapenems","I - 'susceptible, increased exposure' isolates ","N","2016","LT","Lithuania",3.000000000,""
"Antimicrobial resistance","Acinetobacter spp.|Carbapenems","I - 'susceptible, increased exposure' isolates ","N","2016","LU","Luxembourg",0.000000000,""
"Antimicrobial resistance","Acinetobacter spp.|Carbapenems","I - 'susceptible, increased exposure' isolates ","N","2016","LV","Latvia",2.000000000,""
"Antimicrobial resistance","Acinetobacter spp.|Carbapenems","I - 'susceptible, increased exposure' isolates ","N","2016","MT","Malta",0.000000000,""
"Antimicrobial resistance","Acinetobacter spp.|Carbapenems","I - 'susceptible, increased exposure' isolates ","N","2016","NL","Netherlands",2.000000000,""
"Antimicrobial resistance","Acinetobacter spp.|Carbapenems","I - 'susceptible, increased exposure' isolates ","N","2016","NO","Norway",0.000000000,""
"Antimicrobial resistance","Acinetobacter spp.|Carbapenems","I - 'susceptible, increased exposure' isolates ","N","2016","PL","Poland",16.000000000,""
"Antimicrobial resistance","Acinetobacter spp.|Carbapenems","I - 'susceptible, increased exposure' isolates ","N","2016","PT","Portugal",0.000000000,""
"Antimicrobial resistance","Acinetobacter spp.|Carbapenems","I - 'susceptible, increased exposure' isolates ","N","2016","RO","Romania",2.000000000,""
"Antimicrobial resistance","Acinetobacter spp.|Carbapenems","I - 'susceptible, increased exposure' isolates ","N","2016","SE","Sweden",1.000000000,""
"Antimicrobial resistance","Acinetobacter spp.|Carbapenems","I - 'susceptible, increased exposure' isolates ","N","2016","SI","Slovenia",1.000000000,""
"Antimicrobial resistance","Acinetobacter spp.|Carbapenems","I - 'susceptible, increased exposure' isolates ","N","2016","SK","Slovakia",4.000000000,""
"Antimicrobial resistance","Acinetobacter spp.|Carbapenems","I - 'susceptible, increased exposure' isolates ","N","2016","UK","United Kingdom",6.000000000,""
"Antimicrobial resistance","Acinetobacter spp.|Carbapenems","I - 'susceptible, increased exposure' isolates ","N","2017","AT","Austria",1.000000000,""
"Antimicrobial resistance","Acinetobacter spp.|Carbapenems","I - 'susceptible, increased exposure' isolates ","N","2017","BE","Belgium",3.000000000,""
"Antimicrobial resistance","Acinetobacter spp.|Carbapenems","I - 'susceptible, increased exposure' isolates ","N","2017","BG","Bulgaria",3.000000000,""
"Antimicrobial resistance","Acinetobacter spp.|Carbapenems","I - 'susceptible, increased exposure' isolates ","N","2017","CY","Cyprus",0.000000000,""
"Antimicrobial resistance","Acinetobacter spp.|Carbapenems","I - 'susceptible, increased exposure' isolates ","N","2017","CZ","Czechia",2.000000000,""
"Antimicrobial resistance","Acinetobacter spp.|Carbapenems","I - 'susceptible, increased exposure' isolates ","N","2017","DE","Germany",8.000000000,""
"Antimicrobial resistance","Acinetobacter spp.|Carbapenems","I - 'susceptible, increased exposure' isolates ","N","2017","DK","Denmark",0.000000000,""
"Antimicrobial resistance","Acinetobacter spp.|Carbapenems","I - 'susceptible, increased exposure' isolates ","N","2017","EE","Estonia",1.000000000,""
"Antimicrobial resistance","Acinetobacter spp.|Carbapenems","I - 'susceptible, increased exposure' isolates ","N","2017","EL","Greece",6.000000000,""
"Antimicrobial resistance","Acinetobacter spp.|Carbapenems","I - 'susceptible, increased exposure' isolates ","N","2017","ES","Spain",0.000000000,""
"Antimicrobial resistance","Acinetobacter spp.|Carbapenems","I - 'susceptible, increased exposure' isolates ","N","2017","FI","Finland",0.000000000,""
"Antimicrobial resistance","Acinetobacter spp.|Carbapenems","I - 'susceptible, increased exposure' isolates ","N","2017","FR","France",2.000000000,""
"Antimicrobial resistance","Acinetobacter spp.|Carbapenems","I - 'susceptible, increased exposure' isolates ","N","2017","HR","Croatia",0.000000000,""
"Antimicrobial resistance","Acinetobacter spp.|Carbapenems","I - 'susceptible, increased exposure' isolates ","N","2017","HU","Hungary",11.000000000,""
"Antimicrobial resistance","Acinetobacter spp.|Carbapenems","I - 'susceptible, increased exposure' isolates ","N","2017","IE","Ireland",1.000000000,""
"Antimicrobial resistance","Acinetobacter spp.|Carbapenems","I - 'susceptible, increased exposure' isolates ","N","2017","IS","Iceland",0.000000000,""
"Antimicrobial resistance","Acinetobacter spp.|Carbapenems","I - 'susceptible, increased exposure' isolates ","N","2017","IT","Italy",6.000000000,""
"Antimicrobial resistance","Acinetobacter spp.|Carbapenems","I - 'susceptible, increased exposure' isolates ","N","2017","LT","Lithuania",1.000000000,""
"Antimicrobial resistance","Acinetobacter spp.|Carbapenems","I - 'susceptible, increased exposure' isolates ","N","2017","LU","Luxembourg",0.000000000,""
"Antimicrobial resistance","Acinetobacter spp.|Carbapenems","I - 'susceptible, increased exposure' isolates ","N","2017","LV","Latvia",0.000000000,""
"Antimicrobial resistance","Acinetobacter spp.|Carbapenems","I - 'susceptible, increased exposure' isolates ","N","2017","MT","Malta",0.000000000,""
"Antimicrobial resistance","Acinetobacter spp.|Carbapenems","I - 'susceptible, increased exposure' isolates ","N","2017","NL","Netherlands",0.000000000,""
"Antimicrobial resistance","Acinetobacter spp.|Carbapenems","I - 'susceptible, increased exposure' isolates ","N","2017","NO","Norway",0.000000000,""
"Antimicrobial resistance","Acinetobacter spp.|Carbapenems","I - 'susceptible, increased exposure' isolates ","N","2017","PL","Poland",13.000000000,""
"Antimicrobial resistance","Acinetobacter spp.|Carbapenems","I - 'susceptible, increased exposure' isolates ","N","2017","PT","Portugal",1.000000000,""
"Antimicrobial resistance","Acinetobacter spp.|Carbapenems","I - 'susceptible, increased exposure' isolates ","N","2017","RO","Romania",1.000000000,""
"Antimicrobial resistance","Acinetobacter spp.|Carbapenems","I - 'susceptible, increased exposure' isolates ","N","2017","SE","Sweden",0.000000000,""
"Antimicrobial resistance","Acinetobacter spp.|Carbapenems","I - 'susceptible, increased exposure' isolates ","N","2017","SI","Slovenia",0.000000000,""
"Antimicrobial resistance","Acinetobacter spp.|Carbapenems","I - 'susceptible, increased exposure' isolates ","N","2017","SK","Slovakia",9.000000000,""
"Antimicrobial resistance","Acinetobacter spp.|Carbapenems","I - 'susceptible, increased exposure' isolates ","N","2017","UK","United Kingdom",11.000000000,""
"Antimicrobial resistance","Acinetobacter spp.|Carbapenems","I - 'susceptible, increased exposure' isolates ","N","2018","AT","Austria",1.000000000,""
"Antimicrobial resistance","Acinetobacter spp.|Carbapenems","I - 'susceptible, increased exposure' isolates ","N","2018","BE","Belgium",4.000000000,""
"Antimicrobial resistance","Acinetobacter spp.|Carbapenems","I - 'susceptible, increased exposure' isolates ","N","2018","BG","Bulgaria",1.000000000,""
"Antimicrobial resistance","Acinetobacter spp.|Carbapenems","I - 'susceptible, increased exposure' isolates ","N","2018","CY","Cyprus",0.000000000,""
"Antimicrobial resistance","Acinetobacter spp.|Carbapenems","I - 'susceptible, increased exposure' isolates ","N","2018","CZ","Czechia",1.000000000,""
"Antimicrobial resistance","Acinetobacter spp.|Carbapenems","I - 'susceptible, increased exposure' isolates ","N","2018","DE","Germany",4.000000000,""
"Antimicrobial resistance","Acinetobacter spp.|Carbapenems","I - 'susceptible, increased exposure' isolates ","N","2018","DK","Denmark",0.000000000,""
"Antimicrobial resistance","Acinetobacter spp.|Carbapenems","I - 'susceptible, increased exposure' isolates ","N","2018","EE","Estonia",0.000000000,""
"Antimicrobial resistance","Acinetobacter spp.|Carbapenems","I - 'susceptible, increased exposure' isolates ","N","2018","EL","Greece",4.000000000,""
"Antimicrobial resistance","Acinetobacter spp.|Carbapenems","I - 'susceptible, increased exposure' isolates ","N","2018","ES","Spain",0.000000000,""
"Antimicrobial resistance","Acinetobacter spp.|Carbapenems","I - 'susceptible, increased exposure' isolates ","N","2018","FI","Finland",0.000000000,""
"Antimicrobial resistance","Acinetobacter spp.|Carbapenems","I - 'susceptible, increased exposure' isolates ","N","2018","FR","France",1.000000000,""
"Antimicrobial resistance","Acinetobacter spp.|Carbapenems","I - 'susceptible, increased exposure' isolates ","N","2018","HR","Croatia",2.000000000,""
"Antimicrobial resistance","Acinetobacter spp.|Carbapenems","I - 'susceptible, increased exposure' isolates ","N","2018","HU","Hungary",12.000000000,""
"Antimicrobial resistance","Acinetobacter spp.|Carbapenems","I - 'susceptible, increased exposure' isolates ","N","2018","IE","Ireland",0.000000000,""
"Antimicrobial resistance","Acinetobacter spp.|Carbapenems","I - 'susceptible, increased exposure' isolates ","N","2018","IS","Iceland",0.000000000,""
"Antimicrobial resistance","Acinetobacter spp.|Carbapenems","I - 'susceptible, increased exposure' isolates ","N","2018","IT","Italy",10.000000000,""
"Antimicrobial resistance","Acinetobacter spp.|Carbapenems","I - 'susceptible, increased exposure' isolates ","N","2018","LT","Lithuania",0.000000000,""
"Antimicrobial resistance","Acinetobacter spp.|Carbapenems","I - 'susceptible, increased exposure' isolates ","N","2018","LU","Luxembourg",0.000000000,""
"Antimicrobial resistance","Acinetobacter spp.|Carbapenems","I - 'susceptible, increased exposure' isolates ","N","2018","LV","Latvia",0.000000000,""
"Antimicrobial resistance","Acinetobacter spp.|Carbapenems","I - 'susceptible, increased exposure' isolates ","N","2018","MT","Malta",0.000000000,""
"Antimicrobial resistance","Acinetobacter spp.|Carbapenems","I - 'susceptible, increased exposure' isolates ","N","2018","NL","Netherlands",2.000000000,""
"Antimicrobial resistance","Acinetobacter spp.|Carbapenems","I - 'susceptible, increased exposure' isolates ","N","2018","NO","Norway",0.000000000,""
"Antimicrobial resistance","Acinetobacter spp.|Carbapenems","I - 'susceptible, increased exposure' isolates ","N","2018","PL","Poland",2.000000000,""
"Antimicrobial resistance","Acinetobacter spp.|Carbapenems","I - 'susceptible, increased exposure' isolates ","N","2018","PT","Portugal",2.000000000,""
"Antimicrobial resistance","Acinetobacter spp.|Carbapenems","I - 'susceptible, increased exposure' isolates ","N","2018","RO","Romania",5.000000000,""
"Antimicrobial resistance","Acinetobacter spp.|Carbapenems","I - 'susceptible, increased exposure' isolates ","N","2018","SE","Sweden",0.000000000,""
"Antimicrobial resistance","Acinetobacter spp.|Carbapenems","I - 'susceptible, increased exposure' isolates ","N","2018","SI","Slovenia",0.000000000,""
"Antimicrobial resistance","Acinetobacter spp.|Carbapenems","I - 'susceptible, increased exposure' isolates ","N","2018","SK","Slovakia",9.000000000,""
"Antimicrobial resistance","Acinetobacter spp.|Carbapenems","I - 'susceptible, increased exposure' isolates ","N","2018","UK","United Kingdom",4.000000000,""
"Antimicrobial resistance","Acinetobacter spp.|Carbapenems","I - 'susceptible, increased exposure' isolates ","N","2019","AT","Austria",1.000000000,""
"Antimicrobial resistance","Acinetobacter spp.|Carbapenems","I - 'susceptible, increased exposure' isolates ","N","2019","BE","Belgium",0.000000000,""
"Antimicrobial resistance","Acinetobacter spp.|Carbapenems","I - 'susceptible, increased exposure' isolates ","N","2019","BG","Bulgaria",0.000000000,""
"Antimicrobial resistance","Acinetobacter spp.|Carbapenems","I - 'susceptible, increased exposure' isolates ","N","2019","CY","Cyprus",1.000000000,""
"Antimicrobial resistance","Acinetobacter spp.|Carbapenems","I - 'susceptible, increased exposure' isolates ","N","2019","CZ","Czechia",1.000000000,""
"Antimicrobial resistance","Acinetobacter spp.|Carbapenems","I - 'susceptible, increased exposure' isolates ","N","2019","DE","Germany",6.000000000,""
"Antimicrobial resistance","Acinetobacter spp.|Carbapenems","I - 'susceptible, increased exposure' isolates ","N","2019","DK","Denmark",0.000000000,""
"Antimicrobial resistance","Acinetobacter spp.|Carbapenems","I - 'susceptible, increased exposure' isolates ","N","2019","EE","Estonia",0.000000000,""
"Antimicrobial resistance","Acinetobacter spp.|Carbapenems","I - 'susceptible, increased exposure' isolates ","N","2019","EL","Greece",0.000000000,""
"Antimicrobial resistance","Acinetobacter spp.|Carbapenems","I - 'susceptible, increased exposure' isolates ","N","2019","ES","Spain",1.000000000,""
"Antimicrobial resistance","Acinetobacter spp.|Carbapenems","I - 'susceptible, increased exposure' isolates ","N","2019","FI","Finland",0.000000000,""
"Antimicrobial resistance","Acinetobacter spp.|Carbapenems","I - 'susceptible, increased exposure' isolates ","N","2019","FR","France",3.000000000,""
"Antimicrobial resistance","Acinetobacter spp.|Carbapenems","I - 'susceptible, increased exposure' isolates ","N","2019","HR","Croatia",2.000000000,""
"Antimicrobial resistance","Acinetobacter spp.|Carbapenems","I - 'susceptible, increased exposure' isolates ","N","2019","HU","Hungary",12.000000000,""
"Antimicrobial resistance","Acinetobacter spp.|Carbapenems","I - 'susceptible, increased exposure' isolates ","N","2019","IE","Ireland",1.000000000,""
"Antimicrobial resistance","Acinetobacter spp.|Carbapenems","I - 'susceptible, increased exposure' isolates ","N","2019","IS","Iceland",0.000000000,""
"Antimicrobial resistance","Acinetobacter spp.|Carbapenems","I - 'susceptible, increased exposure' isolates ","N","2019","IT","Italy",12.000000000,""
"Antimicrobial resistance","Acinetobacter spp.|Carbapenems","I - 'susceptible, increased exposure' isolates ","N","2019","LT","Lithuania",3.000000000,""
"Antimicrobial resistance","Acinetobacter spp.|Carbapenems","I - 'susceptible, increased exposure' isolates ","N","2019","LU","Luxembourg",0.000000000,""
"Antimicrobial resistance","Acinetobacter spp.|Carbapenems","I - 'susceptible, increased exposure' isolates ","N","2019","LV","Latvia",0.000000000,""
"Antimicrobial resistance","Acinetobacter spp.|Carbapenems","I - 'susceptible, increased exposure' isolates ","N","2019","MT","Malta",0.000000000,""
"Antimicrobial resistance","Acinetobacter spp.|Carbapenems","I - 'susceptible, increased exposure' isolates ","N","2019","NL","Netherlands",0.000000000,""
"Antimicrobial resistance","Acinetobacter spp.|Carbapenems","I - 'susceptible, increased exposure' isolates ","N","2019","NO","Norway",0.000000000,""
"Antimicrobial resistance","Acinetobacter spp.|Carbapenems","I - 'susceptible, increased exposure' isolates ","N","2019","PL","Poland",4.000000000,""
"Antimicrobial resistance","Acinetobacter spp.|Carbapenems","I - 'susceptible, increased exposure' isolates ","N","2019","PT","Portugal",0.000000000,""
"Antimicrobial resistance","Acinetobacter spp.|Carbapenems","I - 'susceptible, increased exposure' isolates ","N","2019","RO","Romania",0.000000000,""
"Antimicrobial resistance","Acinetobacter spp.|Carbapenems","I - 'susceptible, increased exposure' isolates ","N","2019","SE","Sweden",3.000000000,""
"Antimicrobial resistance","Acinetobacter spp.|Carbapenems","I - 'susceptible, increased exposure' isolates ","N","2019","SI","Slovenia",1.000000000,""
"Antimicrobial resistance","Acinetobacter spp.|Carbapenems","I - 'susceptible, increased exposure' isolates ","N","2019","SK","Slovakia",3.000000000,""
"Antimicrobial resistance","Acinetobacter spp.|Carbapenems","I - 'susceptible, increased exposure' isolates ","N","2019","UK","United Kingdom",11.000000000,""
"Antimicrobial resistance","Acinetobacter spp.|Carbapenems","I - 'susceptible, increased exposure' isolates ","N","2020","AT","Austria",5.000000000,""
"Antimicrobial resistance","Acinetobacter spp.|Carbapenems","I - 'susceptible, increased exposure' isolates ","N","2020","BE","Belgium",2.000000000,""
"Antimicrobial resistance","Acinetobacter spp.|Carbapenems","I - 'susceptible, increased exposure' isolates ","N","2020","BG","Bulgaria",0.000000000,""
"Antimicrobial resistance","Acinetobacter spp.|Carbapenems","I - 'susceptible, increased exposure' isolates ","N","2020","CY","Cyprus",0.000000000,""
"Antimicrobial resistance","Acinetobacter spp.|Carbapenems","I - 'susceptible, increased exposure' isolates ","N","2020","CZ","Czechia",2.000000000,""
"Antimicrobial resistance","Acinetobacter spp.|Carbapenems","I - 'susceptible, increased exposure' isolates ","N","2020","DE","Germany",11.000000000,""
"Antimicrobial resistance","Acinetobacter spp.|Carbapenems","I - 'susceptible, increased exposure' isolates ","N","2020","DK","Denmark",0.000000000,""
"Antimicrobial resistance","Acinetobacter spp.|Carbapenems","I - 'susceptible, increased exposure' isolates ","N","2020","EE","Estonia",0.000000000,""
"Antimicrobial resistance","Acinetobacter spp.|Carbapenems","I - 'susceptible, increased exposure' isolates ","N","2020","EL","Greece",1.000000000,""
"Antimicrobial resistance","Acinetobacter spp.|Carbapenems","I - 'susceptible, increased exposure' isolates ","N","2020","ES","Spain",0.000000000,""
"Antimicrobial resistance","Acinetobacter spp.|Carbapenems","I - 'susceptible, increased exposure' isolates ","N","2020","FI","Finland",0.000000000,""
"Antimicrobial resistance","Acinetobacter spp.|Carbapenems","I - 'susceptible, increased exposure' isolates ","N","2020","FR","France",9.000000000,""
"Antimicrobial resistance","Acinetobacter spp.|Carbapenems","I - 'susceptible, increased exposure' isolates ","N","2020","HR","Croatia",0.000000000,""
"Antimicrobial resistance","Acinetobacter spp.|Carbapenems","I - 'susceptible, increased exposure' isolates ","N","2020","HU","Hungary",8.000000000,""
"Antimicrobial resistance","Acinetobacter spp.|Carbapenems","I - 'susceptible, increased exposure' isolates ","N","2020","IE","Ireland",0.000000000,""
"Antimicrobial resistance","Acinetobacter spp.|Carbapenems","I - 'susceptible, increased exposure' isolates ","N","2020","IS","Iceland",0.000000000,""
"Antimicrobial resistance","Acinetobacter spp.|Carbapenems","I - 'susceptible, increased exposure' isolates ","N","2020","IT","Italy",15.000000000,""
"Antimicrobial resistance","Acinetobacter spp.|Carbapenems","I - 'susceptible, increased exposure' isolates ","N","2020","LT","Lithuania",0.000000000,""
"Antimicrobial resistance","Acinetobacter spp.|Carbapenems","I - 'susceptible, increased exposure' isolates ","N","2020","LU","Luxembourg",1.000000000,""
"Antimicrobial resistance","Acinetobacter spp.|Carbapenems","I - 'susceptible, increased exposure' isolates ","N","2020","LV","Latvia",0.000000000,""
"Antimicrobial resistance","Acinetobacter spp.|Carbapenems","I - 'susceptible, increased exposure' isolates ","N","2020","MT","Malta",0.000000000,""
"Antimicrobial resistance","Acinetobacter spp.|Carbapenems","I - 'susceptible, increased exposure' isolates ","N","2020","NL","Netherlands",0.000000000,""
"Antimicrobial resistance","Acinetobacter spp.|Carbapenems","I - 'susceptible, increased exposure' isolates ","N","2020","NO","Norway",0.000000000,""
"Antimicrobial resistance","Acinetobacter spp.|Carbapenems","I - 'susceptible, increased exposure' isolates ","N","2020","PL","Poland",4.000000000,""
"Antimicrobial resistance","Acinetobacter spp.|Carbapenems","I - 'susceptible, increased exposure' isolates ","N","2020","PT","Portugal",1.000000000,""
"Antimicrobial resistance","Acinetobacter spp.|Carbapenems","I - 'susceptible, increased exposure' isolates ","N","2020","RO","Romania",1.000000000,""
"Antimicrobial resistance","Acinetobacter spp.|Carbapenems","I - 'susceptible, increased exposure' isolates ","N","2020","SE","Sweden",1.000000000,""
"Antimicrobial resistance","Acinetobacter spp.|Carbapenems","I - 'susceptible, increased exposure' isolates ","N","2020","SI","Slovenia",0.000000000,""
"Antimicrobial resistance","Acinetobacter spp.|Carbapenems","I - 'susceptible, increased exposure' isolates ","N","2020","SK","Slovakia",3.000000000,""
"Antimicrobial resistance","Acinetobacter spp.|Carbapenems","I - 'susceptible, increased exposure' isolates ","N","2021","AT","Austria",7.000000000,""
"Antimicrobial resistance","Acinetobacter spp.|Carbapenems","I - 'susceptible, increased exposure' isolates ","N","2021","BE","Belgium",3.000000000,""
"Antimicrobial resistance","Acinetobacter spp.|Carbapenems","I - 'susceptible, increased exposure' isolates ","N","2021","BG","Bulgaria",0.000000000,""
"Antimicrobial resistance","Acinetobacter spp.|Carbapenems","I - 'susceptible, increased exposure' isolates ","N","2021","CY","Cyprus",0.000000000,""
"Antimicrobial resistance","Acinetobacter spp.|Carbapenems","I - 'susceptible, increased exposure' isolates ","N","2021","CZ","Czechia",0.000000000,""
"Antimicrobial resistance","Acinetobacter spp.|Carbapenems","I - 'susceptible, increased exposure' isolates ","N","2021","DE","Germany",4.000000000,""
"Antimicrobial resistance","Acinetobacter spp.|Carbapenems","I - 'susceptible, increased exposure' isolates ","N","2021","DK","Denmark",1.000000000,""
"Antimicrobial resistance","Acinetobacter spp.|Carbapenems","I - 'susceptible, increased exposure' isolates ","N","2021","EE","Estonia",0.000000000,""
"Antimicrobial resistance","Acinetobacter spp.|Carbapenems","I - 'susceptible, increased exposure' isolates ","N","2021","EL","Greece",2.000000000,""
"Antimicrobial resistance","Acinetobacter spp.|Carbapenems","I - 'susceptible, increased exposure' isolates ","N","2021","ES","Spain",0.000000000,""
"Antimicrobial resistance","Acinetobacter spp.|Carbapenems","I - 'susceptible, increased exposure' isolates ","N","2021","FI","Finland",0.000000000,""
"Antimicrobial resistance","Acinetobacter spp.|Carbapenems","I - 'susceptible, increased exposure' isolates ","N","2021","FR","France",3.000000000,""
"Antimicrobial resistance","Acinetobacter spp.|Carbapenems","I - 'susceptible, increased exposure' isolates ","N","2021","HR","Croatia",1.000000000,""
"Antimicrobial resistance","Acinetobacter spp.|Carbapenems","I - 'susceptible, increased exposure' isolates ","N","2021","HU","Hungary",5.000000000,""
"Antimicrobial resistance","Acinetobacter spp.|Carbapenems","I - 'susceptible, increased exposure' isolates ","N","2021","IE","Ireland",1.000000000,""
"Antimicrobial resistance","Acinetobacter spp.|Carbapenems","I - 'susceptible, increased exposure' isolates ","N","2021","IS","Iceland",0.000000000,""
"Antimicrobial resistance","Acinetobacter spp.|Carbapenems","I - 'susceptible, increased exposure' isolates ","N","2021","IT","Italy",27.000000000,""
"Antimicrobial resistance","Acinetobacter spp.|Carbapenems","I - 'susceptible, increased exposure' isolates ","N","2021","LT","Lithuania",2.000000000,""
"Antimicrobial resistance","Acinetobacter spp.|Carbapenems","I - 'susceptible, increased exposure' isolates ","N","2021","LU","Luxembourg",0.000000000,""
"Antimicrobial resistance","Acinetobacter spp.|Carbapenems","I - 'susceptible, increased exposure' isolates ","N","2021","LV","Latvia",0.000000000,""
"Antimicrobial resistance","Acinetobacter spp.|Carbapenems","I - 'susceptible, increased exposure' isolates ","N","2021","MT","Malta",0.000000000,""
"Antimicrobial resistance","Acinetobacter spp.|Carbapenems","I - 'susceptible, increased exposure' isolates ","N","2021","NL","Netherlands",4.000000000,""
"Antimicrobial resistance","Acinetobacter spp.|Carbapenems","I - 'susceptible, increased exposure' isolates ","N","2021","NO","Norway",1.000000000,""
"Antimicrobial resistance","Acinetobacter spp.|Carbapenems","I - 'susceptible, increased exposure' isolates ","N","2021","PL","Poland",15.000000000,""
"Antimicrobial resistance","Acinetobacter spp.|Carbapenems","I - 'susceptible, increased exposure' isolates ","N","2021","PT","Portugal",0.000000000,""
"Antimicrobial resistance","Acinetobacter spp.|Carbapenems","I - 'susceptible, increased exposure' isolates ","N","2021","RO","Romania",0.000000000,""
"Antimicrobial resistance","Acinetobacter spp.|Carbapenems","I - 'susceptible, increased exposure' isolates ","N","2021","SE","Sweden",2.000000000,""
"Antimicrobial resistance","Acinetobacter spp.|Carbapenems","I - 'susceptible, increased exposure' isolates ","N","2021","SI","Slovenia",0.000000000,""
"Antimicrobial resistance","Acinetobacter spp.|Carbapenems","I - 'susceptible, increased exposure' isolates ","N","2021","SK","Slovakia",4.000000000,""
"Antimicrobial resistance","Acinetobacter spp.|Carbapenems","I - 'susceptible, increased exposure' isolates ","N","2022","AT","Austria",4.000000000,""
"Antimicrobial resistance","Acinetobacter spp.|Carbapenems","I - 'susceptible, increased exposure' isolates ","N","2022","BE","Belgium",3.000000000,""
"Antimicrobial resistance","Acinetobacter spp.|Carbapenems","I - 'susceptible, increased exposure' isolates ","N","2022","BG","Bulgaria",0.000000000,""
"Antimicrobial resistance","Acinetobacter spp.|Carbapenems","I - 'susceptible, increased exposure' isolates ","N","2022","CY","Cyprus",0.000000000,""
"Antimicrobial resistance","Acinetobacter spp.|Carbapenems","I - 'susceptible, increased exposure' isolates ","N","2022","CZ","Czechia",0.000000000,""
"Antimicrobial resistance","Acinetobacter spp.|Carbapenems","I - 'susceptible, increased exposure' isolates ","N","2022","DE","Germany",7.000000000,""
"Antimicrobial resistance","Acinetobacter spp.|Carbapenems","I - 'susceptible, increased exposure' isolates ","N","2022","DK","Denmark",0.000000000,""
"Antimicrobial resistance","Acinetobacter spp.|Carbapenems","I - 'susceptible, increased exposure' isolates ","N","2022","EE","Estonia",0.000000000,""
"Antimicrobial resistance","Acinetobacter spp.|Carbapenems","I - 'susceptible, increased exposure' isolates ","N","2022","EL","Greece",7.000000000,""
"Antimicrobial resistance","Acinetobacter spp.|Carbapenems","I - 'susceptible, increased exposure' isolates ","N","2022","ES","Spain",0.000000000,""
"Antimicrobial resistance","Acinetobacter spp.|Carbapenems","I - 'susceptible, increased exposure' isolates ","N","2022","FI","Finland",1.000000000,""
"Antimicrobial resistance","Acinetobacter spp.|Carbapenems","I - 'susceptible, increased exposure' isolates ","N","2022","FR","France",5.000000000,""
"Antimicrobial resistance","Acinetobacter spp.|Carbapenems","I - 'susceptible, increased exposure' isolates ","N","2022","HR","Croatia",1.000000000,""
"Antimicrobial resistance","Acinetobacter spp.|Carbapenems","I - 'susceptible, increased exposure' isolates ","N","2022","HU","Hungary",10.000000000,""
"Antimicrobial resistance","Acinetobacter spp.|Carbapenems","I - 'susceptible, increased exposure' isolates ","N","2022","IE","Ireland",0.000000000,""
"Antimicrobial resistance","Acinetobacter spp.|Carbapenems","I - 'susceptible, increased exposure' isolates ","N","2022","IS","Iceland",0.000000000,""
"Antimicrobial resistance","Acinetobacter spp.|Carbapenems","I - 'susceptible, increased exposure' isolates ","N","2022","IT","Italy",9.000000000,""
"Antimicrobial resistance","Acinetobacter spp.|Carbapenems","I - 'susceptible, increased exposure' isolates ","N","2022","LT","Lithuania",0.000000000,""
"Antimicrobial resistance","Acinetobacter spp.|Carbapenems","I - 'susceptible, increased exposure' isolates ","N","2022","LU","Luxembourg",0.000000000,""
"Antimicrobial resistance","Acinetobacter spp.|Carbapenems","I - 'susceptible, increased exposure' isolates ","N","2022","LV","Latvia",0.000000000,""
"Antimicrobial resistance","Acinetobacter spp.|Carbapenems","I - 'susceptible, increased exposure' isolates ","N","2022","MT","Malta",0.000000000,""
"Antimicrobial resistance","Acinetobacter spp.|Carbapenems","I - 'susceptible, increased exposure' isolates ","N","2022","NL","Netherlands",3.000000000,""
"Antimicrobial resistance","Acinetobacter spp.|Carbapenems","I - 'susceptible, increased exposure' isolates ","N","2022","NO","Norway",0.000000000,""
"Antimicrobial resistance","Acinetobacter spp.|Carbapenems","I - 'susceptible, increased exposure' isolates ","N","2022","PL","Poland",3.000000000,""
"Antimicrobial resistance","Acinetobacter spp.|Carbapenems","I - 'susceptible, increased exposure' isolates ","N","2022","PT","Portugal",0.000000000,""
"Antimicrobial resistance","Acinetobacter spp.|Carbapenems","I - 'susceptible, increased exposure' isolates ","N","2022","RO","Romania",0.000000000,""
"Antimicrobial resistance","Acinetobacter spp.|Carbapenems","I - 'susceptible, increased exposure' isolates ","N","2022","SE","Sweden",0.000000000,""
"Antimicrobial resistance","Acinetobacter spp.|Carbapenems","I - 'susceptible, increased exposure' isolates ","N","2022","SI","Slovenia",0.000000000,""
"Antimicrobial resistance","Acinetobacter spp.|Carbapenems","I - 'susceptible, increased exposure' isolates ","N","2022","SK","Slovakia",2.000000000,""
"Antimicrobial resistance","Acinetobacter spp.|Carbapenems","I - 'susceptible, increased exposure' isolates ","N","2023","AT","Austria",2.000000000,""
"Antimicrobial resistance","Acinetobacter spp.|Carbapenems","I - 'susceptible, increased exposure' isolates ","N","2023","BE","Belgium",3.000000000,""
"Antimicrobial resistance","Acinetobacter spp.|Carbapenems","I - 'susceptible, increased exposure' isolates ","N","2023","BG","Bulgaria",2.000000000,""
"Antimicrobial resistance","Acinetobacter spp.|Carbapenems","I - 'susceptible, increased exposure' isolates ","N","2023","CY","Cyprus",0.000000000,""
"Antimicrobial resistance","Acinetobacter spp.|Carbapenems","I - 'susceptible, increased exposure' isolates ","N","2023","CZ","Czechia",1.000000000,""
"Antimicrobial resistance","Acinetobacter spp.|Carbapenems","I - 'susceptible, increased exposure' isolates ","N","2023","DE","Germany",7.000000000,""
"Antimicrobial resistance","Acinetobacter spp.|Carbapenems","I - 'susceptible, increased exposure' isolates ","N","2023","DK","Denmark",0.000000000,""
"Antimicrobial resistance","Acinetobacter spp.|Carbapenems","I - 'susceptible, increased exposure' isolates ","N","2023","EE","Estonia",0.000000000,""
"Antimicrobial resistance","Acinetobacter spp.|Carbapenems","I - 'susceptible, increased exposure' isolates ","N","2023","EL","Greece",2.000000000,""
"Antimicrobial resistance","Acinetobacter spp.|Carbapenems","I - 'susceptible, increased exposure' isolates ","N","2023","ES","Spain",0.000000000,""
"Antimicrobial resistance","Acinetobacter spp.|Carbapenems","I - 'susceptible, increased exposure' isolates ","N","2023","FI","Finland",0.000000000,""
"Antimicrobial resistance","Acinetobacter spp.|Carbapenems","I - 'susceptible, increased exposure' isolates ","N","2023","HR","Croatia",0.000000000,""
"Antimicrobial resistance","Acinetobacter spp.|Carbapenems","I - 'susceptible, increased exposure' isolates ","N","2023","HU","Hungary",6.000000000,""
"Antimicrobial resistance","Acinetobacter spp.|Carbapenems","I - 'susceptible, increased exposure' isolates ","N","2023","IE","Ireland",0.000000000,""
"Antimicrobial resistance","Acinetobacter spp.|Carbapenems","I - 'susceptible, increased exposure' isolates ","N","2023","IS","Iceland",0.000000000,""
"Antimicrobial resistance","Acinetobacter spp.|Carbapenems","I - 'susceptible, increased exposure' isolates ","N","2023","IT","Italy",15.000000000,""
"Antimicrobial resistance","Acinetobacter spp.|Carbapenems","I - 'susceptible, increased exposure' isolates ","N","2023","LT","Lithuania",1.000000000,""
"Antimicrobial resistance","Acinetobacter spp.|Carbapenems","I - 'susceptible, increased exposure' isolates ","N","2023","LU","Luxembourg",0.000000000,""
"Antimicrobial resistance","Acinetobacter spp.|Carbapenems","I - 'susceptible, increased exposure' isolates ","N","2023","LV","Latvia",1.000000000,""
"Antimicrobial resistance","Acinetobacter spp.|Carbapenems","I - 'susceptible, increased exposure' isolates ","N","2023","MT","Malta",0.000000000,""
"Antimicrobial resistance","Acinetobacter spp.|Carbapenems","I - 'susceptible, increased exposure' isolates ","N","2023","NL","Netherlands",1.000000000,""
"Antimicrobial resistance","Acinetobacter spp.|Carbapenems","I - 'susceptible, increased exposure' isolates ","N","2023","NO","Norway",0.000000000,""
"Antimicrobial resistance","Acinetobacter spp.|Carbapenems","I - 'susceptible, increased exposure' isolates ","N","2023","PL","Poland",5.000000000,""
"Antimicrobial resistance","Acinetobacter spp.|Carbapenems","I - 'susceptible, increased exposure' isolates ","N","2023","PT","Portugal",2.000000000,""
"Antimicrobial resistance","Acinetobacter spp.|Carbapenems","I - 'susceptible, increased exposure' isolates ","N","2023","RO","Romania",4.000000000,""
"Antimicrobial resistance","Acinetobacter spp.|Carbapenems","I - 'susceptible, increased exposure' isolates ","N","2023","SE","Sweden",1.000000000,""
"Antimicrobial resistance","Acinetobacter spp.|Carbapenems","I - 'susceptible, increased exposure' isolates ","N","2023","SI","Slovenia",0.000000000,""
"Antimicrobial resistance","Acinetobacter spp.|Carbapenems","I - 'susceptible, increased exposure' isolates ","N","2023","SK","Slovakia",2.000000000,""
"Antimicrobial resistance","Acinetobacter spp.|Carbapenems","I - 'susceptible, increased exposure' isolates ","N","2024","AT","Austria",1.000000000,""
"Antimicrobial resistance","Acinetobacter spp.|Carbapenems","I - 'susceptible, increased exposure' isolates ","N","2024","BE","Belgium",0.000000000,""
"Antimicrobial resistance","Acinetobacter spp.|Carbapenems","I - 'susceptible, increased exposure' isolates ","N","2024","BG","Bulgaria",0.000000000,""
"Antimicrobial resistance","Acinetobacter spp.|Carbapenems","I - 'susceptible, increased exposure' isolates ","N","2024","CY","Cyprus",1.000000000,""
"Antimicrobial resistance","Acinetobacter spp.|Carbapenems","I - 'susceptible, increased exposure' isolates ","N","2024","CZ","Czechia",2.000000000,""
"Antimicrobial resistance","Acinetobacter spp.|Carbapenems","I - 'susceptible, increased exposure' isolates ","N","2024","DE","Germany",5.000000000,""
"Antimicrobial resistance","Acinetobacter spp.|Carbapenems","I - 'susceptible, increased exposure' isolates ","N","2024","DK","Denmark",0.000000000,""
"Antimicrobial resistance","Acinetobacter spp.|Carbapenems","I - 'susceptible, increased exposure' isolates ","N","2024","EE","Estonia",0.000000000,""
"Antimicrobial resistance","Acinetobacter spp.|Carbapenems","I - 'susceptible, increased exposure' isolates ","N","2024","EL","Greece",1.000000000,""
"Antimicrobial resistance","Acinetobacter spp.|Carbapenems","I - 'susceptible, increased exposure' isolates ","N","2024","ES","Spain",1.000000000,""
"Antimicrobial resistance","Acinetobacter spp.|Carbapenems","I - 'susceptible, increased exposure' isolates ","N","2024","FI","Finland",1.000000000,""
"Antimicrobial resistance","Acinetobacter spp.|Carbapenems","I - 'susceptible, increased exposure' isolates ","N","2024","FR","France",19.000000000,""
"Antimicrobial resistance","Acinetobacter spp.|Carbapenems","I - 'susceptible, increased exposure' isolates ","N","2024","HR","Croatia",1.000000000,""
"Antimicrobial resistance","Acinetobacter spp.|Carbapenems","I - 'susceptible, increased exposure' isolates ","N","2024","HU","Hungary",5.000000000,""
"Antimicrobial resistance","Acinetobacter spp.|Carbapenems","I - 'susceptible, increased exposure' isolates ","N","2024","IE","Ireland",0.000000000,""
"Antimicrobial resistance","Acinetobacter spp.|Carbapenems","I - 'susceptible, increased exposure' isolates ","N","2024","IS","Iceland",0.000000000,""
"Antimicrobial resistance","Acinetobacter spp.|Carbapenems","I - 'susceptible, increased exposure' isolates ","N","2024","IT","Italy",48.000000000,""
"Antimicrobial resistance","Acinetobacter spp.|Carbapenems","I - 'susceptible, increased exposure' isolates ","N","2024","LT","Lithuania",0.000000000,""
"Antimicrobial resistance","Acinetobacter spp.|Carbapenems","I - 'susceptible, increased exposure' isolates ","N","2024","LU","Luxembourg",0.000000000,""
"Antimicrobial resistance","Acinetobacter spp.|Carbapenems","I - 'susceptible, increased exposure' isolates ","N","2024","LV","Latvia",1.000000000,""
"Antimicrobial resistance","Acinetobacter spp.|Carbapenems","I - 'susceptible, increased exposure' isolates ","N","2024","MT","Malta",0.000000000,""
"Antimicrobial resistance","Acinetobacter spp.|Carbapenems","I - 'susceptible, increased exposure' isolates ","N","2024","NL","Netherlands",1.000000000,""
"Antimicrobial resistance","Acinetobacter spp.|Carbapenems","I - 'susceptible, increased exposure' isolates ","N","2024","NO","Norway",0.000000000,""
"Antimicrobial resistance","Acinetobacter spp.|Carbapenems","I - 'susceptible, increased exposure' isolates ","N","2024","PL","Poland",5.000000000,""
"Antimicrobial resistance","Acinetobacter spp.|Carbapenems","I - 'susceptible, increased exposure' isolates ","N","2024","PT","Portugal",2.000000000,""
"Antimicrobial resistance","Acinetobacter spp.|Carbapenems","I - 'susceptible, increased exposure' isolates ","N","2024","RO","Romania",0.000000000,""
"Antimicrobial resistance","Acinetobacter spp.|Carbapenems","I - 'susceptible, increased exposure' isolates ","N","2024","SE","Sweden",0.000000000,""
"Antimicrobial resistance","Acinetobacter spp.|Carbapenems","I - 'susceptible, increased exposure' isolates ","N","2024","SI","Slovenia",0.000000000,""
"Antimicrobial resistance","Acinetobacter spp.|Carbapenems","I - 'susceptible, increased exposure' isolates ","N","2024","SK","Slovakia",2.000000000,""
"Antimicrobial resistance","Acinetobacter spp.|Carbapenems","R - resistant isolates","N","2012","BG","Bulgaria",35.000000000,""
"Antimicrobial resistance","Acinetobacter spp.|Carbapenems","R - resistant isolates","N","2012","CY","Cyprus",13.000000000,""
"Antimicrobial resistance","Acinetobacter spp.|Carbapenems","R - resistant isolates","N","2012","DE","Germany",8.000000000,""
"Antimicrobial resistance","Acinetobacter spp.|Carbapenems","R - resistant isolates","N","2012","DK","Denmark",6.000000000,""
"Antimicrobial resistance","Acinetobacter spp.|Carbapenems","R - resistant isolates","N","2012","EL","Greece",1101.000000000,""
"Antimicrobial resistance","Acinetobacter spp.|Carbapenems","R - resistant isolates","N","2012","FR","France",13.000000000,""
"Antimicrobial resistance","Acinetobacter spp.|Carbapenems","R - resistant isolates","N","2012","HU","Hungary",201.000000000,""
"Antimicrobial resistance","Acinetobacter spp.|Carbapenems","R - resistant isolates","N","2012","IS","Iceland",0.000000000,""
"Antimicrobial resistance","Acinetobacter spp.|Carbapenems","R - resistant isolates","N","2012","IT","Italy",192.000000000,""
"Antimicrobial resistance","Acinetobacter spp.|Carbapenems","R - resistant isolates","N","2012","LU","Luxembourg",0.000000000,""
"Antimicrobial resistance","Acinetobacter spp.|Carbapenems","R - resistant isolates","N","2012","MT","Malta",0.000000000,""
"Antimicrobial resistance","Acinetobacter spp.|Carbapenems","R - resistant isolates","N","2012","NL","Netherlands",5.000000000,""
"Antimicrobial resistance","Acinetobacter spp.|Carbapenems","R - resistant isolates","N","2012","NO","Norway",0.000000000,""
"Antimicrobial resistance","Acinetobacter spp.|Carbapenems","R - resistant isolates","N","2012","PL","Poland",81.000000000,""
"Antimicrobial resistance","Acinetobacter spp.|Carbapenems","R - resistant isolates","N","2012","PT","Portugal",133.000000000,""
"Antimicrobial resistance","Acinetobacter spp.|Carbapenems","R - resistant isolates","N","2012","RO","Romania",44.000000000,""
"Antimicrobial resistance","Acinetobacter spp.|Carbapenems","R - resistant isolates","N","2012","SI","Slovenia",6.000000000,""
"Antimicrobial resistance","Acinetobacter spp.|Carbapenems","R - resistant isolates","N","2012","UK","United Kingdom",2.000000000,""
"Antimicrobial resistance","Acinetobacter spp.|Carbapenems","R - resistant isolates","N","2013","AT","Austria",4.000000000,""
"Antimicrobial resistance","Acinetobacter spp.|Carbapenems","R - resistant isolates","N","2013","BE","Belgium",0.000000000,""
"Antimicrobial resistance","Acinetobacter spp.|Carbapenems","R - resistant isolates","N","2013","BG","Bulgaria",53.000000000,""
"Antimicrobial resistance","Acinetobacter spp.|Carbapenems","R - resistant isolates","N","2013","CY","Cyprus",20.000000000,""
"Antimicrobial resistance","Acinetobacter spp.|Carbapenems","R - resistant isolates","N","2013","CZ","Czechia",4.000000000,""
"Antimicrobial resistance","Acinetobacter spp.|Carbapenems","R - resistant isolates","N","2013","DE","Germany",16.000000000,""
"Antimicrobial resistance","Acinetobacter spp.|Carbapenems","R - resistant isolates","N","2013","DK","Denmark",1.000000000,""
"Antimicrobial resistance","Acinetobacter spp.|Carbapenems","R - resistant isolates","N","2013","EL","Greece",768.000000000,""
"Antimicrobial resistance","Acinetobacter spp.|Carbapenems","R - resistant isolates","N","2013","ES","Spain",72.000000000,""
"Antimicrobial resistance","Acinetobacter spp.|Carbapenems","R - resistant isolates","N","2013","FI","Finland",0.000000000,""
"Antimicrobial resistance","Acinetobacter spp.|Carbapenems","R - resistant isolates","N","2013","FR","France",24.000000000,""
"Antimicrobial resistance","Acinetobacter spp.|Carbapenems","R - resistant isolates","N","2013","HR","Croatia",102.000000000,""
"Antimicrobial resistance","Acinetobacter spp.|Carbapenems","R - resistant isolates","N","2013","HU","Hungary",241.000000000,""
"Antimicrobial resistance","Acinetobacter spp.|Carbapenems","R - resistant isolates","N","2013","IE","Ireland",2.000000000,""
"Antimicrobial resistance","Acinetobacter spp.|Carbapenems","R - resistant isolates","N","2013","IT","Italy",372.000000000,""
"Antimicrobial resistance","Acinetobacter spp.|Carbapenems","R - resistant isolates","N","2013","LU","Luxembourg",0.000000000,""
"Antimicrobial resistance","Acinetobacter spp.|Carbapenems","R - resistant isolates","N","2013","MT","Malta",0.000000000,""
"Antimicrobial resistance","Acinetobacter spp.|Carbapenems","R - resistant isolates","N","2013","NL","Netherlands",1.000000000,""
"Antimicrobial resistance","Acinetobacter spp.|Carbapenems","R - resistant isolates","N","2013","NO","Norway",0.000000000,""
"Antimicrobial resistance","Acinetobacter spp.|Carbapenems","R - resistant isolates","N","2013","PL","Poland",94.000000000,""
"Antimicrobial resistance","Acinetobacter spp.|Carbapenems","R - resistant isolates","N","2013","PT","Portugal",158.000000000,""
"Antimicrobial resistance","Acinetobacter spp.|Carbapenems","R - resistant isolates","N","2013","RO","Romania",117.000000000,""
"Antimicrobial resistance","Acinetobacter spp.|Carbapenems","R - resistant isolates","N","2013","SE","Sweden",4.000000000,""
"Antimicrobial resistance","Acinetobacter spp.|Carbapenems","R - resistant isolates","N","2013","SI","Slovenia",6.000000000,""
"Antimicrobial resistance","Acinetobacter spp.|Carbapenems","R - resistant isolates","N","2013","SK","Slovakia",65.000000000,""
"Antimicrobial resistance","Acinetobacter spp.|Carbapenems","R - resistant isolates","N","2013","UK","United Kingdom",3.000000000,""
"Antimicrobial resistance","Acinetobacter spp.|Carbapenems","R - resistant isolates","N","2014","AT","Austria",5.000000000,""
"Antimicrobial resistance","Acinetobacter spp.|Carbapenems","R - resistant isolates","N","2014","BE","Belgium",0.000000000,""
"Antimicrobial resistance","Acinetobacter spp.|Carbapenems","R - resistant isolates","N","2014","BG","Bulgaria",65.000000000,""
"Antimicrobial resistance","Acinetobacter spp.|Carbapenems","R - resistant isolates","N","2014","CY","Cyprus",45.000000000,""
"Antimicrobial resistance","Acinetobacter spp.|Carbapenems","R - resistant isolates","N","2014","CZ","Czechia",3.000000000,""
"Antimicrobial resistance","Acinetobacter spp.|Carbapenems","R - resistant isolates","N","2014","DE","Germany",11.000000000,""
"Antimicrobial resistance","Acinetobacter spp.|Carbapenems","R - resistant isolates","N","2014","DK","Denmark",1.000000000,""
"Antimicrobial resistance","Acinetobacter spp.|Carbapenems","R - resistant isolates","N","2014","EL","Greece",784.000000000,""
"Antimicrobial resistance","Acinetobacter spp.|Carbapenems","R - resistant isolates","N","2014","ES","Spain",51.000000000,""
"Antimicrobial resistance","Acinetobacter spp.|Carbapenems","R - resistant isolates","N","2014","FI","Finland",1.000000000,""
"Antimicrobial resistance","Acinetobacter spp.|Carbapenems","R - resistant isolates","N","2014","FR","France",10.000000000,""
"Antimicrobial resistance","Acinetobacter spp.|Carbapenems","R - resistant isolates","N","2014","HR","Croatia",145.000000000,""
"Antimicrobial resistance","Acinetobacter spp.|Carbapenems","R - resistant isolates","N","2014","HU","Hungary",197.000000000,""
"Antimicrobial resistance","Acinetobacter spp.|Carbapenems","R - resistant isolates","N","2014","IE","Ireland",1.000000000,""
"Antimicrobial resistance","Acinetobacter spp.|Carbapenems","R - resistant isolates","N","2014","IS","Iceland",0.000000000,""
"Antimicrobial resistance","Acinetobacter spp.|Carbapenems","R - resistant isolates","N","2014","IT","Italy",429.000000000,""
"Antimicrobial resistance","Acinetobacter spp.|Carbapenems","R - resistant isolates","N","2014","LT","Lithuania",46.000000000,""
"Antimicrobial resistance","Acinetobacter spp.|Carbapenems","R - resistant isolates","N","2014","LU","Luxembourg",0.000000000,""
"Antimicrobial resistance","Acinetobacter spp.|Carbapenems","R - resistant isolates","N","2014","LV","Latvia",41.000000000,""
"Antimicrobial resistance","Acinetobacter spp.|Carbapenems","R - resistant isolates","N","2014","MT","Malta",1.000000000,""
"Antimicrobial resistance","Acinetobacter spp.|Carbapenems","R - resistant isolates","N","2014","NL","Netherlands",0.000000000,""
"Antimicrobial resistance","Acinetobacter spp.|Carbapenems","R - resistant isolates","N","2014","NO","Norway",1.000000000,""
"Antimicrobial resistance","Acinetobacter spp.|Carbapenems","R - resistant isolates","N","2014","PL","Poland",101.000000000,""
"Antimicrobial resistance","Acinetobacter spp.|Carbapenems","R - resistant isolates","N","2014","PT","Portugal",139.000000000,""
"Antimicrobial resistance","Acinetobacter spp.|Carbapenems","R - resistant isolates","N","2014","RO","Romania",100.000000000,""
"Antimicrobial resistance","Acinetobacter spp.|Carbapenems","R - resistant isolates","N","2014","SE","Sweden",2.000000000,""
"Antimicrobial resistance","Acinetobacter spp.|Carbapenems","R - resistant isolates","N","2014","SI","Slovenia",9.000000000,""
"Antimicrobial resistance","Acinetobacter spp.|Carbapenems","R - resistant isolates","N","2014","SK","Slovakia",53.000000000,""
"Antimicrobial resistance","Acinetobacter spp.|Carbapenems","R - resistant isolates","N","2014","UK","United Kingdom",2.000000000,""
"Antimicrobial resistance","Acinetobacter spp.|Carbapenems","R - resistant isolates","N","2015","AT","Austria",6.000000000,""
"Antimicrobial resistance","Acinetobacter spp.|Carbapenems","R - resistant isolates","N","2015","BE","Belgium",0.000000000,""
"Antimicrobial resistance","Acinetobacter spp.|Carbapenems","R - resistant isolates","N","2015","BG","Bulgaria",96.000000000,""
"Antimicrobial resistance","Acinetobacter spp.|Carbapenems","R - resistant isolates","N","2015","CY","Cyprus",49.000000000,""
"Antimicrobial resistance","Acinetobacter spp.|Carbapenems","R - resistant isolates","N","2015","CZ","Czechia",4.000000000,""
"Antimicrobial resistance","Acinetobacter spp.|Carbapenems","R - resistant isolates","N","2015","DE","Germany",22.000000000,""
"Antimicrobial resistance","Acinetobacter spp.|Carbapenems","R - resistant isolates","N","2015","DK","Denmark",3.000000000,""
"Antimicrobial resistance","Acinetobacter spp.|Carbapenems","R - resistant isolates","N","2015","EE","Estonia",2.000000000,""
"Antimicrobial resistance","Acinetobacter spp.|Carbapenems","R - resistant isolates","N","2015","EL","Greece",919.000000000,""
"Antimicrobial resistance","Acinetobacter spp.|Carbapenems","R - resistant isolates","N","2015","ES","Spain",51.000000000,""
"Antimicrobial resistance","Acinetobacter spp.|Carbapenems","R - resistant isolates","N","2015","FI","Finland",1.000000000,""
"Antimicrobial resistance","Acinetobacter spp.|Carbapenems","R - resistant isolates","N","2015","FR","France",24.000000000,""
"Antimicrobial resistance","Acinetobacter spp.|Carbapenems","R - resistant isolates","N","2015","HR","Croatia",178.000000000,""
"Antimicrobial resistance","Acinetobacter spp.|Carbapenems","R - resistant isolates","N","2015","HU","Hungary",258.000000000,""
"Antimicrobial resistance","Acinetobacter spp.|Carbapenems","R - resistant isolates","N","2015","IE","Ireland",5.000000000,""
"Antimicrobial resistance","Acinetobacter spp.|Carbapenems","R - resistant isolates","N","2015","IS","Iceland",0.000000000,""
"Antimicrobial resistance","Acinetobacter spp.|Carbapenems","R - resistant isolates","N","2015","IT","Italy",520.000000000,""
"Antimicrobial resistance","Acinetobacter spp.|Carbapenems","R - resistant isolates","N","2015","LT","Lithuania",59.000000000,""
"Antimicrobial resistance","Acinetobacter spp.|Carbapenems","R - resistant isolates","N","2015","LU","Luxembourg",0.000000000,""
"Antimicrobial resistance","Acinetobacter spp.|Carbapenems","R - resistant isolates","N","2015","LV","Latvia",42.000000000,""
"Antimicrobial resistance","Acinetobacter spp.|Carbapenems","R - resistant isolates","N","2015","MT","Malta",2.000000000,""
"Antimicrobial resistance","Acinetobacter spp.|Carbapenems","R - resistant isolates","N","2015","NL","Netherlands",4.000000000,""
"Antimicrobial resistance","Acinetobacter spp.|Carbapenems","R - resistant isolates","N","2015","NO","Norway",3.000000000,""
"Antimicrobial resistance","Acinetobacter spp.|Carbapenems","R - resistant isolates","N","2015","PL","Poland",160.000000000,""
"Antimicrobial resistance","Acinetobacter spp.|Carbapenems","R - resistant isolates","N","2015","PT","Portugal",177.000000000,""
"Antimicrobial resistance","Acinetobacter spp.|Carbapenems","R - resistant isolates","N","2015","RO","Romania",154.000000000,""
"Antimicrobial resistance","Acinetobacter spp.|Carbapenems","R - resistant isolates","N","2015","SE","Sweden",1.000000000,""
"Antimicrobial resistance","Acinetobacter spp.|Carbapenems","R - resistant isolates","N","2015","SI","Slovenia",12.000000000,""
"Antimicrobial resistance","Acinetobacter spp.|Carbapenems","R - resistant isolates","N","2015","SK","Slovakia",40.000000000,""
"Antimicrobial resistance","Acinetobacter spp.|Carbapenems","R - resistant isolates","N","2015","UK","United Kingdom",1.000000000,""
"Antimicrobial resistance","Acinetobacter spp.|Carbapenems","R - resistant isolates","N","2016","AT","Austria",10.000000000,""
"Antimicrobial resistance","Acinetobacter spp.|Carbapenems","R - resistant isolates","N","2016","BE","Belgium",2.000000000,""
"Antimicrobial resistance","Acinetobacter spp.|Carbapenems","R - resistant isolates","N","2016","BG","Bulgaria",77.000000000,""
"Antimicrobial resistance","Acinetobacter spp.|Carbapenems","R - resistant isolates","N","2016","CY","Cyprus",20.000000000,""
"Antimicrobial resistance","Acinetobacter spp.|Carbapenems","R - resistant isolates","N","2016","CZ","Czechia",1.000000000,""
"Antimicrobial resistance","Acinetobacter spp.|Carbapenems","R - resistant isolates","N","2016","DE","Germany",22.000000000,""
"Antimicrobial resistance","Acinetobacter spp.|Carbapenems","R - resistant isolates","N","2016","DK","Denmark",0.000000000,""
"Antimicrobial resistance","Acinetobacter spp.|Carbapenems","R - resistant isolates","N","2016","EE","Estonia",3.000000000,""
"Antimicrobial resistance","Acinetobacter spp.|Carbapenems","R - resistant isolates","N","2016","EL","Greece",821.000000000,""
"Antimicrobial resistance","Acinetobacter spp.|Carbapenems","R - resistant isolates","N","2016","ES","Spain",66.000000000,""
"Antimicrobial resistance","Acinetobacter spp.|Carbapenems","R - resistant isolates","N","2016","FI","Finland",0.000000000,""
"Antimicrobial resistance","Acinetobacter spp.|Carbapenems","R - resistant isolates","N","2016","FR","France",32.000000000,""
"Antimicrobial resistance","Acinetobacter spp.|Carbapenems","R - resistant isolates","N","2016","HR","Croatia",171.000000000,""
"Antimicrobial resistance","Acinetobacter spp.|Carbapenems","R - resistant isolates","N","2016","HU","Hungary",235.000000000,""
"Antimicrobial resistance","Acinetobacter spp.|Carbapenems","R - resistant isolates","N","2016","IE","Ireland",0.000000000,""
"Antimicrobial resistance","Acinetobacter spp.|Carbapenems","R - resistant isolates","N","2016","IS","Iceland",0.000000000,""
"Antimicrobial resistance","Acinetobacter spp.|Carbapenems","R - resistant isolates","N","2016","IT","Italy",551.000000000,""
"Antimicrobial resistance","Acinetobacter spp.|Carbapenems","R - resistant isolates","N","2016","LT","Lithuania",71.000000000,""
"Antimicrobial resistance","Acinetobacter spp.|Carbapenems","R - resistant isolates","N","2016","LU","Luxembourg",0.000000000,""
"Antimicrobial resistance","Acinetobacter spp.|Carbapenems","R - resistant isolates","N","2016","LV","Latvia",60.000000000,""
"Antimicrobial resistance","Acinetobacter spp.|Carbapenems","R - resistant isolates","N","2016","MT","Malta",3.000000000,""
"Antimicrobial resistance","Acinetobacter spp.|Carbapenems","R - resistant isolates","N","2016","NL","Netherlands",0.000000000,""
"Antimicrobial resistance","Acinetobacter spp.|Carbapenems","R - resistant isolates","N","2016","NO","Norway",0.000000000,""
"Antimicrobial resistance","Acinetobacter spp.|Carbapenems","R - resistant isolates","N","2016","PL","Poland",258.000000000,""
"Antimicrobial resistance","Acinetobacter spp.|Carbapenems","R - resistant isolates","N","2016","PT","Portugal",107.000000000,""
"Antimicrobial resistance","Acinetobacter spp.|Carbapenems","R - resistant isolates","N","2016","RO","Romania",136.000000000,""
"Antimicrobial resistance","Acinetobacter spp.|Carbapenems","R - resistant isolates","N","2016","SE","Sweden",1.000000000,""
"Antimicrobial resistance","Acinetobacter spp.|Carbapenems","R - resistant isolates","N","2016","SI","Slovenia",26.000000000,""
"Antimicrobial resistance","Acinetobacter spp.|Carbapenems","R - resistant isolates","N","2016","SK","Slovakia",31.000000000,""
"Antimicrobial resistance","Acinetobacter spp.|Carbapenems","R - resistant isolates","N","2016","UK","United Kingdom",9.000000000,""
"Antimicrobial resistance","Acinetobacter spp.|Carbapenems","R - resistant isolates","N","2017","AT","Austria",5.000000000,""
"Antimicrobial resistance","Acinetobacter spp.|Carbapenems","R - resistant isolates","N","2017","BE","Belgium",9.000000000,""
"Antimicrobial resistance","Acinetobacter spp.|Carbapenems","R - resistant isolates","N","2017","BG","Bulgaria",74.000000000,""
"Antimicrobial resistance","Acinetobacter spp.|Carbapenems","R - resistant isolates","N","2017","CY","Cyprus",38.000000000,""
"Antimicrobial resistance","Acinetobacter spp.|Carbapenems","R - resistant isolates","N","2017","CZ","Czechia",7.000000000,""
"Antimicrobial resistance","Acinetobacter spp.|Carbapenems","R - resistant isolates","N","2017","DE","Germany",22.000000000,""
"Antimicrobial resistance","Acinetobacter spp.|Carbapenems","R - resistant isolates","N","2017","DK","Denmark",0.000000000,""
"Antimicrobial resistance","Acinetobacter spp.|Carbapenems","R - resistant isolates","N","2017","EE","Estonia",5.000000000,""
"Antimicrobial resistance","Acinetobacter spp.|Carbapenems","R - resistant isolates","N","2017","EL","Greece",1038.000000000,""
"Antimicrobial resistance","Acinetobacter spp.|Carbapenems","R - resistant isolates","N","2017","ES","Spain",61.000000000,""
"Antimicrobial resistance","Acinetobacter spp.|Carbapenems","R - resistant isolates","N","2017","FI","Finland",1.000000000,""
"Antimicrobial resistance","Acinetobacter spp.|Carbapenems","R - resistant isolates","N","2017","FR","France",29.000000000,""
"Antimicrobial resistance","Acinetobacter spp.|Carbapenems","R - resistant isolates","N","2017","HR","Croatia",200.000000000,""
"Antimicrobial resistance","Acinetobacter spp.|Carbapenems","R - resistant isolates","N","2017","HU","Hungary",188.000000000,""
"Antimicrobial resistance","Acinetobacter spp.|Carbapenems","R - resistant isolates","N","2017","IE","Ireland",4.000000000,""
"Antimicrobial resistance","Acinetobacter spp.|Carbapenems","R - resistant isolates","N","2017","IS","Iceland",0.000000000,""
"Antimicrobial resistance","Acinetobacter spp.|Carbapenems","R - resistant isolates","N","2017","IT","Italy",683.000000000,""
"Antimicrobial resistance","Acinetobacter spp.|Carbapenems","R - resistant isolates","N","2017","LT","Lithuania",77.000000000,""
"Antimicrobial resistance","Acinetobacter spp.|Carbapenems","R - resistant isolates","N","2017","LU","Luxembourg",0.000000000,""
"Antimicrobial resistance","Acinetobacter spp.|Carbapenems","R - resistant isolates","N","2017","LV","Latvia",27.000000000,""
"Antimicrobial resistance","Acinetobacter spp.|Carbapenems","R - resistant isolates","N","2017","MT","Malta",0.000000000,""
"Antimicrobial resistance","Acinetobacter spp.|Carbapenems","R - resistant isolates","N","2017","NL","Netherlands",1.000000000,""
"Antimicrobial resistance","Acinetobacter spp.|Carbapenems","R - resistant isolates","N","2017","NO","Norway",0.000000000,""
"Antimicrobial resistance","Acinetobacter spp.|Carbapenems","R - resistant isolates","N","2017","PL","Poland",232.000000000,""
"Antimicrobial resistance","Acinetobacter spp.|Carbapenems","R - resistant isolates","N","2017","PT","Portugal",70.000000000,""
"Antimicrobial resistance","Acinetobacter spp.|Carbapenems","R - resistant isolates","N","2017","RO","Romania",159.000000000,""
"Antimicrobial resistance","Acinetobacter spp.|Carbapenems","R - resistant isolates","N","2017","SE","Sweden",0.000000000,""
"Antimicrobial resistance","Acinetobacter spp.|Carbapenems","R - resistant isolates","N","2017","SI","Slovenia",15.000000000,""
"Antimicrobial resistance","Acinetobacter spp.|Carbapenems","R - resistant isolates","N","2017","SK","Slovakia",38.000000000,""
"Antimicrobial resistance","Acinetobacter spp.|Carbapenems","R - resistant isolates","N","2017","UK","United Kingdom",22.000000000,""
"Antimicrobial resistance","Acinetobacter spp.|Carbapenems","R - resistant isolates","N","2018","AT","Austria",4.000000000,""
"Antimicrobial resistance","Acinetobacter spp.|Carbapenems","R - resistant isolates","N","2018","BE","Belgium",5.000000000,""
"Antimicrobial resistance","Acinetobacter spp.|Carbapenems","R - resistant isolates","N","2018","BG","Bulgaria",82.000000000,""
"Antimicrobial resistance","Acinetobacter spp.|Carbapenems","R - resistant isolates","N","2018","CY","Cyprus",48.000000000,""
"Antimicrobial resistance","Acinetobacter spp.|Carbapenems","R - resistant isolates","N","2018","CZ","Czechia",18.000000000,""
"Antimicrobial resistance","Acinetobacter spp.|Carbapenems","R - resistant isolates","N","2018","DE","Germany",23.000000000,""
"Antimicrobial resistance","Acinetobacter spp.|Carbapenems","R - resistant isolates","N","2018","DK","Denmark",3.000000000,""
"Antimicrobial resistance","Acinetobacter spp.|Carbapenems","R - resistant isolates","N","2018","EE","Estonia",4.000000000,""
"Antimicrobial resistance","Acinetobacter spp.|Carbapenems","R - resistant isolates","N","2018","EL","Greece",936.000000000,""
"Antimicrobial resistance","Acinetobacter spp.|Carbapenems","R - resistant isolates","N","2018","ES","Spain",44.000000000,""
"Antimicrobial resistance","Acinetobacter spp.|Carbapenems","R - resistant isolates","N","2018","FI","Finland",0.000000000,""
"Antimicrobial resistance","Acinetobacter spp.|Carbapenems","R - resistant isolates","N","2018","FR","France",32.000000000,""
"Antimicrobial resistance","Acinetobacter spp.|Carbapenems","R - resistant isolates","N","2018","HR","Croatia",148.000000000,""
"Antimicrobial resistance","Acinetobacter spp.|Carbapenems","R - resistant isolates","N","2018","HU","Hungary",197.000000000,""
"Antimicrobial resistance","Acinetobacter spp.|Carbapenems","R - resistant isolates","N","2018","IE","Ireland",1.000000000,""
"Antimicrobial resistance","Acinetobacter spp.|Carbapenems","R - resistant isolates","N","2018","IS","Iceland",0.000000000,""
"Antimicrobial resistance","Acinetobacter spp.|Carbapenems","R - resistant isolates","N","2018","IT","Italy",1096.000000000,""
"Antimicrobial resistance","Acinetobacter spp.|Carbapenems","R - resistant isolates","N","2018","LT","Lithuania",79.000000000,""
"Antimicrobial resistance","Acinetobacter spp.|Carbapenems","R - resistant isolates","N","2018","LU","Luxembourg",0.000000000,""
"Antimicrobial resistance","Acinetobacter spp.|Carbapenems","R - resistant isolates","N","2018","LV","Latvia",40.000000000,""
"Antimicrobial resistance","Acinetobacter spp.|Carbapenems","R - resistant isolates","N","2018","MT","Malta",0.000000000,""
"Antimicrobial resistance","Acinetobacter spp.|Carbapenems","R - resistant isolates","N","2018","NL","Netherlands",7.000000000,""
"Antimicrobial resistance","Acinetobacter spp.|Carbapenems","R - resistant isolates","N","2018","NO","Norway",0.000000000,""
"Antimicrobial resistance","Acinetobacter spp.|Carbapenems","R - resistant isolates","N","2018","PL","Poland",187.000000000,""
"Antimicrobial resistance","Acinetobacter spp.|Carbapenems","R - resistant isolates","N","2018","PT","Portugal",39.000000000,""
"Antimicrobial resistance","Acinetobacter spp.|Carbapenems","R - resistant isolates","N","2018","RO","Romania",186.000000000,""
"Antimicrobial resistance","Acinetobacter spp.|Carbapenems","R - resistant isolates","N","2018","SE","Sweden",2.000000000,""
"Antimicrobial resistance","Acinetobacter spp.|Carbapenems","R - resistant isolates","N","2018","SI","Slovenia",7.000000000,""
"Antimicrobial resistance","Acinetobacter spp.|Carbapenems","R - resistant isolates","N","2018","SK","Slovakia",62.000000000,""
"Antimicrobial resistance","Acinetobacter spp.|Carbapenems","R - resistant isolates","N","2018","UK","United Kingdom",13.000000000,""
"Antimicrobial resistance","Acinetobacter spp.|Carbapenems","R - resistant isolates","N","2019","AT","Austria",6.000000000,""
"Antimicrobial resistance","Acinetobacter spp.|Carbapenems","R - resistant isolates","N","2019","BE","Belgium",0.000000000,""
"Antimicrobial resistance","Acinetobacter spp.|Carbapenems","R - resistant isolates","N","2019","BG","Bulgaria",95.000000000,""
"Antimicrobial resistance","Acinetobacter spp.|Carbapenems","R - resistant isolates","N","2019","CY","Cyprus",28.000000000,""
"Antimicrobial resistance","Acinetobacter spp.|Carbapenems","R - resistant isolates","N","2019","CZ","Czechia",29.000000000,""
"Antimicrobial resistance","Acinetobacter spp.|Carbapenems","R - resistant isolates","N","2019","DE","Germany",10.000000000,""
"Antimicrobial resistance","Acinetobacter spp.|Carbapenems","R - resistant isolates","N","2019","DK","Denmark",0.000000000,""
"Antimicrobial resistance","Acinetobacter spp.|Carbapenems","R - resistant isolates","N","2019","EE","Estonia",8.000000000,""
"Antimicrobial resistance","Acinetobacter spp.|Carbapenems","R - resistant isolates","N","2019","EL","Greece",181.000000000,""
"Antimicrobial resistance","Acinetobacter spp.|Carbapenems","R - resistant isolates","N","2019","ES","Spain",47.000000000,""
"Antimicrobial resistance","Acinetobacter spp.|Carbapenems","R - resistant isolates","N","2019","FI","Finland",0.000000000,""
"Antimicrobial resistance","Acinetobacter spp.|Carbapenems","R - resistant isolates","N","2019","FR","France",44.000000000,""
"Antimicrobial resistance","Acinetobacter spp.|Carbapenems","R - resistant isolates","N","2019","HR","Croatia",132.000000000,""
"Antimicrobial resistance","Acinetobacter spp.|Carbapenems","R - resistant isolates","N","2019","HU","Hungary",213.000000000,""
"Antimicrobial resistance","Acinetobacter spp.|Carbapenems","R - resistant isolates","N","2019","IE","Ireland",1.000000000,""
"Antimicrobial resistance","Acinetobacter spp.|Carbapenems","R - resistant isolates","N","2019","IS","Iceland",0.000000000,""
"Antimicrobial resistance","Acinetobacter spp.|Carbapenems","R - resistant isolates","N","2019","IT","Italy",1259.000000000,""
"Antimicrobial resistance","Acinetobacter spp.|Carbapenems","R - resistant isolates","N","2019","LT","Lithuania",92.000000000,""
"Antimicrobial resistance","Acinetobacter spp.|Carbapenems","R - resistant isolates","N","2019","LU","Luxembourg",0.000000000,""
"Antimicrobial resistance","Acinetobacter spp.|Carbapenems","R - resistant isolates","N","2019","LV","Latvia",39.000000000,""
"Antimicrobial resistance","Acinetobacter spp.|Carbapenems","R - resistant isolates","N","2019","MT","Malta",0.000000000,""
"Antimicrobial resistance","Acinetobacter spp.|Carbapenems","R - resistant isolates","N","2019","NL","Netherlands",1.000000000,""
"Antimicrobial resistance","Acinetobacter spp.|Carbapenems","R - resistant isolates","N","2019","NO","Norway",0.000000000,""
"Antimicrobial resistance","Acinetobacter spp.|Carbapenems","R - resistant isolates","N","2019","PL","Poland",225.000000000,""
"Antimicrobial resistance","Acinetobacter spp.|Carbapenems","R - resistant isolates","N","2019","PT","Portugal",28.000000000,""
"Antimicrobial resistance","Acinetobacter spp.|Carbapenems","R - resistant isolates","N","2019","RO","Romania",233.000000000,""
"Antimicrobial resistance","Acinetobacter spp.|Carbapenems","R - resistant isolates","N","2019","SE","Sweden",4.000000000,""
"Antimicrobial resistance","Acinetobacter spp.|Carbapenems","R - resistant isolates","N","2019","SI","Slovenia",9.000000000,""
"Antimicrobial resistance","Acinetobacter spp.|Carbapenems","R - resistant isolates","N","2019","SK","Slovakia",53.000000000,""
"Antimicrobial resistance","Acinetobacter spp.|Carbapenems","R - resistant isolates","N","2019","UK","United Kingdom",15.000000000,""
"Antimicrobial resistance","Acinetobacter spp.|Carbapenems","R - resistant isolates","N","2020","AT","Austria",5.000000000,""
"Antimicrobial resistance","Acinetobacter spp.|Carbapenems","R - resistant isolates","N","2020","BE","Belgium",2.000000000,""
"Antimicrobial resistance","Acinetobacter spp.|Carbapenems","R - resistant isolates","N","2020","BG","Bulgaria",107.000000000,""
"Antimicrobial resistance","Acinetobacter spp.|Carbapenems","R - resistant isolates","N","2020","CY","Cyprus",47.000000000,""
"Antimicrobial resistance","Acinetobacter spp.|Carbapenems","R - resistant isolates","N","2020","CZ","Czechia",27.000000000,""
"Antimicrobial resistance","Acinetobacter spp.|Carbapenems","R - resistant isolates","N","2020","DE","Germany",19.000000000,""
"Antimicrobial resistance","Acinetobacter spp.|Carbapenems","R - resistant isolates","N","2020","DK","Denmark",3.000000000,""
"Antimicrobial resistance","Acinetobacter spp.|Carbapenems","R - resistant isolates","N","2020","EE","Estonia",2.000000000,""
"Antimicrobial resistance","Acinetobacter spp.|Carbapenems","R - resistant isolates","N","2020","EL","Greece",700.000000000,""
"Antimicrobial resistance","Acinetobacter spp.|Carbapenems","R - resistant isolates","N","2020","ES","Spain",56.000000000,""
"Antimicrobial resistance","Acinetobacter spp.|Carbapenems","R - resistant isolates","N","2020","FI","Finland",2.000000000,""
"Antimicrobial resistance","Acinetobacter spp.|Carbapenems","R - resistant isolates","N","2020","FR","France",23.000000000,""
"Antimicrobial resistance","Acinetobacter spp.|Carbapenems","R - resistant isolates","N","2020","HR","Croatia",217.000000000,""
"Antimicrobial resistance","Acinetobacter spp.|Carbapenems","R - resistant isolates","N","2020","HU","Hungary",390.000000000,""
"Antimicrobial resistance","Acinetobacter spp.|Carbapenems","R - resistant isolates","N","2020","IE","Ireland",0.000000000,""
"Antimicrobial resistance","Acinetobacter spp.|Carbapenems","R - resistant isolates","N","2020","IS","Iceland",0.000000000,""
"Antimicrobial resistance","Acinetobacter spp.|Carbapenems","R - resistant isolates","N","2020","IT","Italy",2062.000000000,""
"Antimicrobial resistance","Acinetobacter spp.|Carbapenems","R - resistant isolates","N","2020","LT","Lithuania",143.000000000,""
"Antimicrobial resistance","Acinetobacter spp.|Carbapenems","R - resistant isolates","N","2020","LU","Luxembourg",0.000000000,""
"Antimicrobial resistance","Acinetobacter spp.|Carbapenems","R - resistant isolates","N","2020","LV","Latvia",43.000000000,""
"Antimicrobial resistance","Acinetobacter spp.|Carbapenems","R - resistant isolates","N","2020","MT","Malta",1.000000000,""
"Antimicrobial resistance","Acinetobacter spp.|Carbapenems","R - resistant isolates","N","2020","NL","Netherlands",1.000000000,""
"Antimicrobial resistance","Acinetobacter spp.|Carbapenems","R - resistant isolates","N","2020","NO","Norway",0.000000000,""
"Antimicrobial resistance","Acinetobacter spp.|Carbapenems","R - resistant isolates","N","2020","PL","Poland",291.000000000,""
"Antimicrobial resistance","Acinetobacter spp.|Carbapenems","R - resistant isolates","N","2020","PT","Portugal",16.000000000,""
"Antimicrobial resistance","Acinetobacter spp.|Carbapenems","R - resistant isolates","N","2020","RO","Romania",277.000000000,""
"Antimicrobial resistance","Acinetobacter spp.|Carbapenems","R - resistant isolates","N","2020","SE","Sweden",9.000000000,""
"Antimicrobial resistance","Acinetobacter spp.|Carbapenems","R - resistant isolates","N","2020","SI","Slovenia",7.000000000,""
"Antimicrobial resistance","Acinetobacter spp.|Carbapenems","R - resistant isolates","N","2020","SK","Slovakia",28.000000000,""
"Antimicrobial resistance","Acinetobacter spp.|Carbapenems","R - resistant isolates","N","2021","AT","Austria",7.000000000,""
"Antimicrobial resistance","Acinetobacter spp.|Carbapenems","R - resistant isolates","N","2021","BE","Belgium",2.000000000,""
"Antimicrobial resistance","Acinetobacter spp.|Carbapenems","R - resistant isolates","N","2021","BG","Bulgaria",169.000000000,""
"Antimicrobial resistance","Acinetobacter spp.|Carbapenems","R - resistant isolates","N","2021","CY","Cyprus",199.000000000,""
"Antimicrobial resistance","Acinetobacter spp.|Carbapenems","R - resistant isolates","N","2021","CZ","Czechia",65.000000000,""
"Antimicrobial resistance","Acinetobacter spp.|Carbapenems","R - resistant isolates","N","2021","DE","Germany",26.000000000,""
"Antimicrobial resistance","Acinetobacter spp.|Carbapenems","R - resistant isolates","N","2021","DK","Denmark",6.000000000,""
"Antimicrobial resistance","Acinetobacter spp.|Carbapenems","R - resistant isolates","N","2021","EE","Estonia",1.000000000,""
"Antimicrobial resistance","Acinetobacter spp.|Carbapenems","R - resistant isolates","N","2021","EL","Greece",1335.000000000,""
"Antimicrobial resistance","Acinetobacter spp.|Carbapenems","R - resistant isolates","N","2021","ES","Spain",53.000000000,""
"Antimicrobial resistance","Acinetobacter spp.|Carbapenems","R - resistant isolates","N","2021","FI","Finland",1.000000000,""
"Antimicrobial resistance","Acinetobacter spp.|Carbapenems","R - resistant isolates","N","2021","FR","France",22.000000000,""
"Antimicrobial resistance","Acinetobacter spp.|Carbapenems","R - resistant isolates","N","2021","HR","Croatia",405.000000000,""
"Antimicrobial resistance","Acinetobacter spp.|Carbapenems","R - resistant isolates","N","2021","HU","Hungary",1199.000000000,""
"Antimicrobial resistance","Acinetobacter spp.|Carbapenems","R - resistant isolates","N","2021","IE","Ireland",1.000000000,""
"Antimicrobial resistance","Acinetobacter spp.|Carbapenems","R - resistant isolates","N","2021","IS","Iceland",0.000000000,""
"Antimicrobial resistance","Acinetobacter spp.|Carbapenems","R - resistant isolates","N","2021","IT","Italy",2901.000000000,""
"Antimicrobial resistance","Acinetobacter spp.|Carbapenems","R - resistant isolates","N","2021","LT","Lithuania",346.000000000,""
"Antimicrobial resistance","Acinetobacter spp.|Carbapenems","R - resistant isolates","N","2021","LU","Luxembourg",0.000000000,""
"Antimicrobial resistance","Acinetobacter spp.|Carbapenems","R - resistant isolates","N","2021","LV","Latvia",65.000000000,""
"Antimicrobial resistance","Acinetobacter spp.|Carbapenems","R - resistant isolates","N","2021","MT","Malta",0.000000000,""
"Antimicrobial resistance","Acinetobacter spp.|Carbapenems","R - resistant isolates","N","2021","NL","Netherlands",1.000000000,""
"Antimicrobial resistance","Acinetobacter spp.|Carbapenems","R - resistant isolates","N","2021","NO","Norway",0.000000000,""
"Antimicrobial resistance","Acinetobacter spp.|Carbapenems","R - resistant isolates","N","2021","PL","Poland",683.000000000,""
"Antimicrobial resistance","Acinetobacter spp.|Carbapenems","R - resistant isolates","N","2021","PT","Portugal",7.000000000,""
"Antimicrobial resistance","Acinetobacter spp.|Carbapenems","R - resistant isolates","N","2021","RO","Romania",361.000000000,""
"Antimicrobial resistance","Acinetobacter spp.|Carbapenems","R - resistant isolates","N","2021","SE","Sweden",1.000000000,""
"Antimicrobial resistance","Acinetobacter spp.|Carbapenems","R - resistant isolates","N","2021","SI","Slovenia",83.000000000,""
"Antimicrobial resistance","Acinetobacter spp.|Carbapenems","R - resistant isolates","N","2021","SK","Slovakia",82.000000000,""
"Antimicrobial resistance","Acinetobacter spp.|Carbapenems","R - resistant isolates","N","2022","AT","Austria",3.000000000,""
"Antimicrobial resistance","Acinetobacter spp.|Carbapenems","R - resistant isolates","N","2022","BE","Belgium",4.000000000,""
"Antimicrobial resistance","Acinetobacter spp.|Carbapenems","R - resistant isolates","N","2022","BG","Bulgaria",127.000000000,""
"Antimicrobial resistance","Acinetobacter spp.|Carbapenems","R - resistant isolates","N","2022","CY","Cyprus",191.000000000,""
"Antimicrobial resistance","Acinetobacter spp.|Carbapenems","R - resistant isolates","N","2022","CZ","Czechia",33.000000000,""
"Antimicrobial resistance","Acinetobacter spp.|Carbapenems","R - resistant isolates","N","2022","DE","Germany",27.000000000,""
"Antimicrobial resistance","Acinetobacter spp.|Carbapenems","R - resistant isolates","N","2022","DK","Denmark",5.000000000,""
"Antimicrobial resistance","Acinetobacter spp.|Carbapenems","R - resistant isolates","N","2022","EE","Estonia",1.000000000,""
"Antimicrobial resistance","Acinetobacter spp.|Carbapenems","R - resistant isolates","N","2022","EL","Greece",1468.000000000,""
"Antimicrobial resistance","Acinetobacter spp.|Carbapenems","R - resistant isolates","N","2022","ES","Spain",33.000000000,""
"Antimicrobial resistance","Acinetobacter spp.|Carbapenems","R - resistant isolates","N","2022","FI","Finland",1.000000000,""
"Antimicrobial resistance","Acinetobacter spp.|Carbapenems","R - resistant isolates","N","2022","FR","France",30.000000000,""
"Antimicrobial resistance","Acinetobacter spp.|Carbapenems","R - resistant isolates","N","2022","HR","Croatia",287.000000000,""
"Antimicrobial resistance","Acinetobacter spp.|Carbapenems","R - resistant isolates","N","2022","HU","Hungary",318.000000000,""
"Antimicrobial resistance","Acinetobacter spp.|Carbapenems","R - resistant isolates","N","2022","IE","Ireland",2.000000000,""
"Antimicrobial resistance","Acinetobacter spp.|Carbapenems","R - resistant isolates","N","2022","IS","Iceland",0.000000000,""
"Antimicrobial resistance","Acinetobacter spp.|Carbapenems","R - resistant isolates","N","2022","IT","Italy",2428.000000000,""
"Antimicrobial resistance","Acinetobacter spp.|Carbapenems","R - resistant isolates","N","2022","LT","Lithuania",125.000000000,""
"Antimicrobial resistance","Acinetobacter spp.|Carbapenems","R - resistant isolates","N","2022","LU","Luxembourg",1.000000000,""
"Antimicrobial resistance","Acinetobacter spp.|Carbapenems","R - resistant isolates","N","2022","LV","Latvia",52.000000000,""
"Antimicrobial resistance","Acinetobacter spp.|Carbapenems","R - resistant isolates","N","2022","MT","Malta",2.000000000,""
"Antimicrobial resistance","Acinetobacter spp.|Carbapenems","R - resistant isolates","N","2022","NL","Netherlands",2.000000000,""
"Antimicrobial resistance","Acinetobacter spp.|Carbapenems","R - resistant isolates","N","2022","NO","Norway",1.000000000,""
"Antimicrobial resistance","Acinetobacter spp.|Carbapenems","R - resistant isolates","N","2022","PL","Poland",356.000000000,""
"Antimicrobial resistance","Acinetobacter spp.|Carbapenems","R - resistant isolates","N","2022","PT","Portugal",38.000000000,""
"Antimicrobial resistance","Acinetobacter spp.|Carbapenems","R - resistant isolates","N","2022","RO","Romania",284.000000000,""
"Antimicrobial resistance","Acinetobacter spp.|Carbapenems","R - resistant isolates","N","2022","SE","Sweden",4.000000000,""
"Antimicrobial resistance","Acinetobacter spp.|Carbapenems","R - resistant isolates","N","2022","SI","Slovenia",26.000000000,""
"Antimicrobial resistance","Acinetobacter spp.|Carbapenems","R - resistant isolates","N","2022","SK","Slovakia",92.000000000,""
"Antimicrobial resistance","Acinetobacter spp.|Carbapenems","R - resistant isolates","N","2023","AT","Austria",7.000000000,""
"Antimicrobial resistance","Acinetobacter spp.|Carbapenems","R - resistant isolates","N","2023","BE","Belgium",8.000000000,""
"Antimicrobial resistance","Acinetobacter spp.|Carbapenems","R - resistant isolates","N","2023","BG","Bulgaria",158.000000000,""
"Antimicrobial resistance","Acinetobacter spp.|Carbapenems","R - resistant isolates","N","2023","CY","Cyprus",116.000000000,""
"Antimicrobial resistance","Acinetobacter spp.|Carbapenems","R - resistant isolates","N","2023","CZ","Czechia",34.000000000,""
"Antimicrobial resistance","Acinetobacter spp.|Carbapenems","R - resistant isolates","N","2023","DE","Germany",26.000000000,""
"Antimicrobial resistance","Acinetobacter spp.|Carbapenems","R - resistant isolates","N","2023","DK","Denmark",2.000000000,""
"Antimicrobial resistance","Acinetobacter spp.|Carbapenems","R - resistant isolates","N","2023","EE","Estonia",3.000000000,""
"Antimicrobial resistance","Acinetobacter spp.|Carbapenems","R - resistant isolates","N","2023","EL","Greece",1500.000000000,""
"Antimicrobial resistance","Acinetobacter spp.|Carbapenems","R - resistant isolates","N","2023","ES","Spain",28.000000000,""
"Antimicrobial resistance","Acinetobacter spp.|Carbapenems","R - resistant isolates","N","2023","FI","Finland",0.000000000,""
"Antimicrobial resistance","Acinetobacter spp.|Carbapenems","R - resistant isolates","N","2023","HR","Croatia",254.000000000,""
"Antimicrobial resistance","Acinetobacter spp.|Carbapenems","R - resistant isolates","N","2023","HU","Hungary",198.000000000,""
"Antimicrobial resistance","Acinetobacter spp.|Carbapenems","R - resistant isolates","N","2023","IE","Ireland",0.000000000,""
"Antimicrobial resistance","Acinetobacter spp.|Carbapenems","R - resistant isolates","N","2023","IS","Iceland",0.000000000,""
"Antimicrobial resistance","Acinetobacter spp.|Carbapenems","R - resistant isolates","N","2023","IT","Italy",2351.000000000,""
"Antimicrobial resistance","Acinetobacter spp.|Carbapenems","R - resistant isolates","N","2023","LT","Lithuania",113.000000000,""
"Antimicrobial resistance","Acinetobacter spp.|Carbapenems","R - resistant isolates","N","2023","LU","Luxembourg",0.000000000,""
"Antimicrobial resistance","Acinetobacter spp.|Carbapenems","R - resistant isolates","N","2023","LV","Latvia",54.000000000,""
"Antimicrobial resistance","Acinetobacter spp.|Carbapenems","R - resistant isolates","N","2023","MT","Malta",0.000000000,""
"Antimicrobial resistance","Acinetobacter spp.|Carbapenems","R - resistant isolates","N","2023","NL","Netherlands",3.000000000,""
"Antimicrobial resistance","Acinetobacter spp.|Carbapenems","R - resistant isolates","N","2023","NO","Norway",0.000000000,""
"Antimicrobial resistance","Acinetobacter spp.|Carbapenems","R - resistant isolates","N","2023","PL","Poland",359.000000000,""
"Antimicrobial resistance","Acinetobacter spp.|Carbapenems","R - resistant isolates","N","2023","PT","Portugal",67.000000000,""
"Antimicrobial resistance","Acinetobacter spp.|Carbapenems","R - resistant isolates","N","2023","RO","Romania",292.000000000,""
"Antimicrobial resistance","Acinetobacter spp.|Carbapenems","R - resistant isolates","N","2023","SE","Sweden",3.000000000,""
"Antimicrobial resistance","Acinetobacter spp.|Carbapenems","R - resistant isolates","N","2023","SI","Slovenia",12.000000000,""
"Antimicrobial resistance","Acinetobacter spp.|Carbapenems","R - resistant isolates","N","2023","SK","Slovakia",36.000000000,""
"Antimicrobial resistance","Acinetobacter spp.|Carbapenems","R - resistant isolates","N","2024","AT","Austria",1.000000000,""
"Antimicrobial resistance","Acinetobacter spp.|Carbapenems","R - resistant isolates","N","2024","BE","Belgium",8.000000000,""
"Antimicrobial resistance","Acinetobacter spp.|Carbapenems","R - resistant isolates","N","2024","BG","Bulgaria",190.000000000,""
"Antimicrobial resistance","Acinetobacter spp.|Carbapenems","R - resistant isolates","N","2024","CY","Cyprus",106.000000000,""
"Antimicrobial resistance","Acinetobacter spp.|Carbapenems","R - resistant isolates","N","2024","CZ","Czechia",26.000000000,""
"Antimicrobial resistance","Acinetobacter spp.|Carbapenems","R - resistant isolates","N","2024","DE","Germany",24.000000000,""
"Antimicrobial resistance","Acinetobacter spp.|Carbapenems","R - resistant isolates","N","2024","DK","Denmark",4.000000000,""
"Antimicrobial resistance","Acinetobacter spp.|Carbapenems","R - resistant isolates","N","2024","EE","Estonia",3.000000000,""
"Antimicrobial resistance","Acinetobacter spp.|Carbapenems","R - resistant isolates","N","2024","EL","Greece",1032.000000000,""
"Antimicrobial resistance","Acinetobacter spp.|Carbapenems","R - resistant isolates","N","2024","ES","Spain",21.000000000,""
"Antimicrobial resistance","Acinetobacter spp.|Carbapenems","R - resistant isolates","N","2024","FI","Finland",0.000000000,""
"Antimicrobial resistance","Acinetobacter spp.|Carbapenems","R - resistant isolates","N","2024","FR","France",40.000000000,""
"Antimicrobial resistance","Acinetobacter spp.|Carbapenems","R - resistant isolates","N","2024","HR","Croatia",198.000000000,""
"Antimicrobial resistance","Acinetobacter spp.|Carbapenems","R - resistant isolates","N","2024","HU","Hungary",243.000000000,""
"Antimicrobial resistance","Acinetobacter spp.|Carbapenems","R - resistant isolates","N","2024","IE","Ireland",0.000000000,""
"Antimicrobial resistance","Acinetobacter spp.|Carbapenems","R - resistant isolates","N","2024","IS","Iceland",0.000000000,""
"Antimicrobial resistance","Acinetobacter spp.|Carbapenems","R - resistant isolates","N","2024","IT","Italy",2463.000000000,""
"Antimicrobial resistance","Acinetobacter spp.|Carbapenems","R - resistant isolates","N","2024","LT","Lithuania",121.000000000,""
"Antimicrobial resistance","Acinetobacter spp.|Carbapenems","R - resistant isolates","N","2024","LU","Luxembourg",0.000000000,""
"Antimicrobial resistance","Acinetobacter spp.|Carbapenems","R - resistant isolates","N","2024","LV","Latvia",40.000000000,""
"Antimicrobial resistance","Acinetobacter spp.|Carbapenems","R - resistant isolates","N","2024","MT","Malta",1.000000000,""
"Antimicrobial resistance","Acinetobacter spp.|Carbapenems","R - resistant isolates","N","2024","NL","Netherlands",3.000000000,""
"Antimicrobial resistance","Acinetobacter spp.|Carbapenems","R - resistant isolates","N","2024","NO","Norway",1.000000000,""
"Antimicrobial resistance","Acinetobacter spp.|Carbapenems","R - resistant isolates","N","2024","PL","Poland",362.000000000,""
"Antimicrobial resistance","Acinetobacter spp.|Carbapenems","R - resistant isolates","N","2024","PT","Portugal",40.000000000,""
"Antimicrobial resistance","Acinetobacter spp.|Carbapenems","R - resistant isolates","N","2024","RO","Romania",406.000000000,""
"Antimicrobial resistance","Acinetobacter spp.|Carbapenems","R - resistant isolates","N","2024","SE","Sweden",3.000000000,""
"Antimicrobial resistance","Acinetobacter spp.|Carbapenems","R - resistant isolates","N","2024","SI","Slovenia",2.000000000,""
"Antimicrobial resistance","Acinetobacter spp.|Carbapenems","R - resistant isolates","N","2024","SK","Slovakia",36.000000000,""
"Antimicrobial resistance","Acinetobacter spp.|Carbapenems","R - resistant isolates, percentage  ","%","2012","BG","Bulgaria",60.344827580,""
"Antimicrobial resistance","Acinetobacter spp.|Carbapenems","R - resistant isolates, percentage  ","%","2012","CY","Cyprus",56.521739130,""
"Antimicrobial resistance","Acinetobacter spp.|Carbapenems","R - resistant isolates, percentage  ","%","2012","DE","Germany",6.611570240,""
"Antimicrobial resistance","Acinetobacter spp.|Carbapenems","R - resistant isolates, percentage  ","%","2012","DK","Denmark",9.375000000,""
"Antimicrobial resistance","Acinetobacter spp.|Carbapenems","R - resistant isolates, percentage  ","%","2012","EL","Greece",87.799043060,""
"Antimicrobial resistance","Acinetobacter spp.|Carbapenems","R - resistant isolates, percentage  ","%","2012","FR","France",3.341902310,""
"Antimicrobial resistance","Acinetobacter spp.|Carbapenems","R - resistant isolates, percentage  ","%","2012","HU","Hungary",48.086124400,""
"Antimicrobial resistance","Acinetobacter spp.|Carbapenems","R - resistant isolates, percentage  ","%","2012","IS","Iceland",-,""
"Antimicrobial resistance","Acinetobacter spp.|Carbapenems","R - resistant isolates, percentage  ","%","2012","IT","Italy",83.116883110,""
"Antimicrobial resistance","Acinetobacter spp.|Carbapenems","R - resistant isolates, percentage  ","%","2012","LU","Luxembourg",-,""
"Antimicrobial resistance","Acinetobacter spp.|Carbapenems","R - resistant isolates, percentage  ","%","2012","MT","Malta",-,""
"Antimicrobial resistance","Acinetobacter spp.|Carbapenems","R - resistant isolates, percentage  ","%","2012","NL","Netherlands",5.813953480,""
"Antimicrobial resistance","Acinetobacter spp.|Carbapenems","R - resistant isolates, percentage  ","%","2012","NO","Norway",0.000000000,""
"Antimicrobial resistance","Acinetobacter spp.|Carbapenems","R - resistant isolates, percentage  ","%","2012","PL","Poland",38.207547160,""
"Antimicrobial resistance","Acinetobacter spp.|Carbapenems","R - resistant isolates, percentage  ","%","2012","PT","Portugal",79.166666660,""
"Antimicrobial resistance","Acinetobacter spp.|Carbapenems","R - resistant isolates, percentage  ","%","2012","RO","Romania",81.481481480,""
"Antimicrobial resistance","Acinetobacter spp.|Carbapenems","R - resistant isolates, percentage  ","%","2012","SI","Slovenia",24.000000000,""
"Antimicrobial resistance","Acinetobacter spp.|Carbapenems","R - resistant isolates, percentage  ","%","2012","UK","United Kingdom",2.500000000,""
"Antimicrobial resistance","Acinetobacter spp.|Carbapenems","R - resistant isolates, percentage  ","%","2013","AT","Austria",7.843137250,""
"Antimicrobial resistance","Acinetobacter spp.|Carbapenems","R - resistant isolates, percentage  ","%","2013","BE","Belgium",-,""
"Antimicrobial resistance","Acinetobacter spp.|Carbapenems","R - resistant isolates, percentage  ","%","2013","BG","Bulgaria",59.550561790,""
"Antimicrobial resistance","Acinetobacter spp.|Carbapenems","R - resistant isolates, percentage  ","%","2013","CY","Cyprus",60.606060600,""
"Antimicrobial resistance","Acinetobacter spp.|Carbapenems","R - resistant isolates, percentage  ","%","2013","CZ","Czechia",4.395604390,""
"Antimicrobial resistance","Acinetobacter spp.|Carbapenems","R - resistant isolates, percentage  ","%","2013","DE","Germany",8.888888880,""
"Antimicrobial resistance","Acinetobacter spp.|Carbapenems","R - resistant isolates, percentage  ","%","2013","DK","Denmark",1.639344260,""
"Antimicrobial resistance","Acinetobacter spp.|Carbapenems","R - resistant isolates, percentage  ","%","2013","EL","Greece",90.566037730,""
"Antimicrobial resistance","Acinetobacter spp.|Carbapenems","R - resistant isolates, percentage  ","%","2013","ES","Spain",75.789473680,""
"Antimicrobial resistance","Acinetobacter spp.|Carbapenems","R - resistant isolates, percentage  ","%","2013","FI","Finland",0.000000000,""
"Antimicrobial resistance","Acinetobacter spp.|Carbapenems","R - resistant isolates, percentage  ","%","2013","FR","France",5.911330040,""
"Antimicrobial resistance","Acinetobacter spp.|Carbapenems","R - resistant isolates, percentage  ","%","2013","HR","Croatia",89.473684210,""
"Antimicrobial resistance","Acinetobacter spp.|Carbapenems","R - resistant isolates, percentage  ","%","2013","HU","Hungary",50.103950100,""
"Antimicrobial resistance","Acinetobacter spp.|Carbapenems","R - resistant isolates, percentage  ","%","2013","IE","Ireland",2.352941170,""
"Antimicrobial resistance","Acinetobacter spp.|Carbapenems","R - resistant isolates, percentage  ","%","2013","IT","Italy",79.487179480,""
"Antimicrobial resistance","Acinetobacter spp.|Carbapenems","R - resistant isolates, percentage  ","%","2013","LU","Luxembourg",-,""
"Antimicrobial resistance","Acinetobacter spp.|Carbapenems","R - resistant isolates, percentage  ","%","2013","MT","Malta",-,""
"Antimicrobial resistance","Acinetobacter spp.|Carbapenems","R - resistant isolates, percentage  ","%","2013","NL","Netherlands",1.052631570,""
"Antimicrobial resistance","Acinetobacter spp.|Carbapenems","R - resistant isolates, percentage  ","%","2013","NO","Norway",0.000000000,""
"Antimicrobial resistance","Acinetobacter spp.|Carbapenems","R - resistant isolates, percentage  ","%","2013","PL","Poland",49.735449730,""
"Antimicrobial resistance","Acinetobacter spp.|Carbapenems","R - resistant isolates, percentage  ","%","2013","PT","Portugal",68.995633180,""
"Antimicrobial resistance","Acinetobacter spp.|Carbapenems","R - resistant isolates, percentage  ","%","2013","RO","Romania",85.401459850,""
"Antimicrobial resistance","Acinetobacter spp.|Carbapenems","R - resistant isolates, percentage  ","%","2013","SE","Sweden",5.555555550,""
"Antimicrobial resistance","Acinetobacter spp.|Carbapenems","R - resistant isolates, percentage  ","%","2013","SI","Slovenia",24.000000000,""
"Antimicrobial resistance","Acinetobacter spp.|Carbapenems","R - resistant isolates, percentage  ","%","2013","SK","Slovakia",45.774647880,""
"Antimicrobial resistance","Acinetobacter spp.|Carbapenems","R - resistant isolates, percentage  ","%","2013","UK","United Kingdom",2.013422810,""
"Antimicrobial resistance","Acinetobacter spp.|Carbapenems","R - resistant isolates, percentage  ","%","2014","AT","Austria",6.410256410,""
"Antimicrobial resistance","Acinetobacter spp.|Carbapenems","R - resistant isolates, percentage  ","%","2014","BE","Belgium",-,""
"Antimicrobial resistance","Acinetobacter spp.|Carbapenems","R - resistant isolates, percentage  ","%","2014","BG","Bulgaria",59.090909090,""
"Antimicrobial resistance","Acinetobacter spp.|Carbapenems","R - resistant isolates, percentage  ","%","2014","CY","Cyprus",77.586206890,""
"Antimicrobial resistance","Acinetobacter spp.|Carbapenems","R - resistant isolates, percentage  ","%","2014","CZ","Czechia",5.084745760,""
"Antimicrobial resistance","Acinetobacter spp.|Carbapenems","R - resistant isolates, percentage  ","%","2014","DE","Germany",5.472636810,""
"Antimicrobial resistance","Acinetobacter spp.|Carbapenems","R - resistant isolates, percentage  ","%","2014","DK","Denmark",1.612903220,""
"Antimicrobial resistance","Acinetobacter spp.|Carbapenems","R - resistant isolates, percentage  ","%","2014","EL","Greece",93.222354340,""
"Antimicrobial resistance","Acinetobacter spp.|Carbapenems","R - resistant isolates, percentage  ","%","2014","ES","Spain",65.384615380,""
"Antimicrobial resistance","Acinetobacter spp.|Carbapenems","R - resistant isolates, percentage  ","%","2014","FI","Finland",3.125000000,""
"Antimicrobial resistance","Acinetobacter spp.|Carbapenems","R - resistant isolates, percentage  ","%","2014","FR","France",2.493765580,""
"Antimicrobial resistance","Acinetobacter spp.|Carbapenems","R - resistant isolates, percentage  ","%","2014","HR","Croatia",87.349397590,""
"Antimicrobial resistance","Acinetobacter spp.|Carbapenems","R - resistant isolates, percentage  ","%","2014","HU","Hungary",44.469525950,""
"Antimicrobial resistance","Acinetobacter spp.|Carbapenems","R - resistant isolates, percentage  ","%","2014","IE","Ireland",1.265822780,""
"Antimicrobial resistance","Acinetobacter spp.|Carbapenems","R - resistant isolates, percentage  ","%","2014","IS","Iceland",-,""
"Antimicrobial resistance","Acinetobacter spp.|Carbapenems","R - resistant isolates, percentage  ","%","2014","IT","Italy",89.937106910,""
"Antimicrobial resistance","Acinetobacter spp.|Carbapenems","R - resistant isolates, percentage  ","%","2014","LT","Lithuania",69.696969690,""
"Antimicrobial resistance","Acinetobacter spp.|Carbapenems","R - resistant isolates, percentage  ","%","2014","LU","Luxembourg",-,""
"Antimicrobial resistance","Acinetobacter spp.|Carbapenems","R - resistant isolates, percentage  ","%","2014","LV","Latvia",78.846153840,""
"Antimicrobial resistance","Acinetobacter spp.|Carbapenems","R - resistant isolates, percentage  ","%","2014","MT","Malta",-,""
"Antimicrobial resistance","Acinetobacter spp.|Carbapenems","R - resistant isolates, percentage  ","%","2014","NL","Netherlands",0.000000000,""
"Antimicrobial resistance","Acinetobacter spp.|Carbapenems","R - resistant isolates, percentage  ","%","2014","NO","Norway",2.941176470,""
"Antimicrobial resistance","Acinetobacter spp.|Carbapenems","R - resistant isolates, percentage  ","%","2014","PL","Poland",53.439153430,""
"Antimicrobial resistance","Acinetobacter spp.|Carbapenems","R - resistant isolates, percentage  ","%","2014","PT","Portugal",53.053435110,""
"Antimicrobial resistance","Acinetobacter spp.|Carbapenems","R - resistant isolates, percentage  ","%","2014","RO","Romania",81.300813000,""
"Antimicrobial resistance","Acinetobacter spp.|Carbapenems","R - resistant isolates, percentage  ","%","2014","SE","Sweden",3.846153840,""
"Antimicrobial resistance","Acinetobacter spp.|Carbapenems","R - resistant isolates, percentage  ","%","2014","SI","Slovenia",26.470588230,""
"Antimicrobial resistance","Acinetobacter spp.|Carbapenems","R - resistant isolates, percentage  ","%","2014","SK","Slovakia",32.919254650,""
"Antimicrobial resistance","Acinetobacter spp.|Carbapenems","R - resistant isolates, percentage  ","%","2014","UK","United Kingdom",1.666666660,""
"Antimicrobial resistance","Acinetobacter spp.|Carbapenems","R - resistant isolates, percentage  ","%","2015","AT","Austria",9.375000000,""
"Antimicrobial resistance","Acinetobacter spp.|Carbapenems","R - resistant isolates, percentage  ","%","2015","BE","Belgium",0.000000000,""
"Antimicrobial resistance","Acinetobacter spp.|Carbapenems","R - resistant isolates, percentage  ","%","2015","BG","Bulgaria",73.846153840,""
"Antimicrobial resistance","Acinetobacter spp.|Carbapenems","R - resistant isolates, percentage  ","%","2015","CY","Cyprus",83.050847450,""
"Antimicrobial resistance","Acinetobacter spp.|Carbapenems","R - resistant isolates, percentage  ","%","2015","CZ","Czechia",6.666666660,""
"Antimicrobial resistance","Acinetobacter spp.|Carbapenems","R - resistant isolates, percentage  ","%","2015","DE","Germany",6.528189910,""
"Antimicrobial resistance","Acinetobacter spp.|Carbapenems","R - resistant isolates, percentage  ","%","2015","DK","Denmark",4.615384610,""
"Antimicrobial resistance","Acinetobacter spp.|Carbapenems","R - resistant isolates, percentage  ","%","2015","EE","Estonia",-,""
"Antimicrobial resistance","Acinetobacter spp.|Carbapenems","R - resistant isolates, percentage  ","%","2015","EL","Greece",93.489318410,""
"Antimicrobial resistance","Acinetobacter spp.|Carbapenems","R - resistant isolates, percentage  ","%","2015","ES","Spain",53.684210520,""
"Antimicrobial resistance","Acinetobacter spp.|Carbapenems","R - resistant isolates, percentage  ","%","2015","FI","Finland",2.325581390,""
"Antimicrobial resistance","Acinetobacter spp.|Carbapenems","R - resistant isolates, percentage  ","%","2015","FR","France",5.607476630,""
"Antimicrobial resistance","Acinetobacter spp.|Carbapenems","R - resistant isolates, percentage  ","%","2015","HR","Croatia",89.000000000,""
"Antimicrobial resistance","Acinetobacter spp.|Carbapenems","R - resistant isolates, percentage  ","%","2015","HU","Hungary",55.246252670,""
"Antimicrobial resistance","Acinetobacter spp.|Carbapenems","R - resistant isolates, percentage  ","%","2015","IE","Ireland",5.952380950,""
"Antimicrobial resistance","Acinetobacter spp.|Carbapenems","R - resistant isolates, percentage  ","%","2015","IS","Iceland",-,""
"Antimicrobial resistance","Acinetobacter spp.|Carbapenems","R - resistant isolates, percentage  ","%","2015","IT","Italy",78.313253010,""
"Antimicrobial resistance","Acinetobacter spp.|Carbapenems","R - resistant isolates, percentage  ","%","2015","LT","Lithuania",80.821917800,""
"Antimicrobial resistance","Acinetobacter spp.|Carbapenems","R - resistant isolates, percentage  ","%","2015","LU","Luxembourg",-,""
"Antimicrobial resistance","Acinetobacter spp.|Carbapenems","R - resistant isolates, percentage  ","%","2015","LV","Latvia",68.852459010,""
"Antimicrobial resistance","Acinetobacter spp.|Carbapenems","R - resistant isolates, percentage  ","%","2015","MT","Malta",-,""
"Antimicrobial resistance","Acinetobacter spp.|Carbapenems","R - resistant isolates, percentage  ","%","2015","NL","Netherlands",4.255319140,""
"Antimicrobial resistance","Acinetobacter spp.|Carbapenems","R - resistant isolates, percentage  ","%","2015","NO","Norway",9.375000000,""
"Antimicrobial resistance","Acinetobacter spp.|Carbapenems","R - resistant isolates, percentage  ","%","2015","PL","Poland",65.573770490,""
"Antimicrobial resistance","Acinetobacter spp.|Carbapenems","R - resistant isolates, percentage  ","%","2015","PT","Portugal",57.654723120,""
"Antimicrobial resistance","Acinetobacter spp.|Carbapenems","R - resistant isolates, percentage  ","%","2015","RO","Romania",81.481481480,""
"Antimicrobial resistance","Acinetobacter spp.|Carbapenems","R - resistant isolates, percentage  ","%","2015","SE","Sweden",2.941176470,""
"Antimicrobial resistance","Acinetobacter spp.|Carbapenems","R - resistant isolates, percentage  ","%","2015","SI","Slovenia",38.709677410,""
"Antimicrobial resistance","Acinetobacter spp.|Carbapenems","R - resistant isolates, percentage  ","%","2015","SK","Slovakia",28.169014080,""
"Antimicrobial resistance","Acinetobacter spp.|Carbapenems","R - resistant isolates, percentage  ","%","2015","UK","United Kingdom",0.757575750,""
"Antimicrobial resistance","Acinetobacter spp.|Carbapenems","R - resistant isolates, percentage  ","%","2016","AT","Austria",12.345679010,""
"Antimicrobial resistance","Acinetobacter spp.|Carbapenems","R - resistant isolates, percentage  ","%","2016","BE","Belgium",2.564102560,""
"Antimicrobial resistance","Acinetobacter spp.|Carbapenems","R - resistant isolates, percentage  ","%","2016","BG","Bulgaria",74.757281550,""
"Antimicrobial resistance","Acinetobacter spp.|Carbapenems","R - resistant isolates, percentage  ","%","2016","CY","Cyprus",71.428571420,""
"Antimicrobial resistance","Acinetobacter spp.|Carbapenems","R - resistant isolates, percentage  ","%","2016","CZ","Czechia",1.754385960,""
"Antimicrobial resistance","Acinetobacter spp.|Carbapenems","R - resistant isolates, percentage  ","%","2016","DE","Germany",4.867256630,""
"Antimicrobial resistance","Acinetobacter spp.|Carbapenems","R - resistant isolates, percentage  ","%","2016","DK","Denmark",0.000000000,""
"Antimicrobial resistance","Acinetobacter spp.|Carbapenems","R - resistant isolates, percentage  ","%","2016","EE","Estonia",-,""
"Antimicrobial resistance","Acinetobacter spp.|Carbapenems","R - resistant isolates, percentage  ","%","2016","EL","Greece",95.354239250,""
"Antimicrobial resistance","Acinetobacter spp.|Carbapenems","R - resistant isolates, percentage  ","%","2016","ES","Spain",62.264150940,""
"Antimicrobial resistance","Acinetobacter spp.|Carbapenems","R - resistant isolates, percentage  ","%","2016","FI","Finland",0.000000000,""
"Antimicrobial resistance","Acinetobacter spp.|Carbapenems","R - resistant isolates, percentage  ","%","2016","FR","France",7.111111110,""
"Antimicrobial resistance","Acinetobacter spp.|Carbapenems","R - resistant isolates, percentage  ","%","2016","HR","Croatia",94.475138120,""
"Antimicrobial resistance","Acinetobacter spp.|Carbapenems","R - resistant isolates, percentage  ","%","2016","HU","Hungary",58.603491270,""
"Antimicrobial resistance","Acinetobacter spp.|Carbapenems","R - resistant isolates, percentage  ","%","2016","IE","Ireland",0.000000000,""
"Antimicrobial resistance","Acinetobacter spp.|Carbapenems","R - resistant isolates, percentage  ","%","2016","IS","Iceland",-,""
"Antimicrobial resistance","Acinetobacter spp.|Carbapenems","R - resistant isolates, percentage  ","%","2016","IT","Italy",78.490028490,""
"Antimicrobial resistance","Acinetobacter spp.|Carbapenems","R - resistant isolates, percentage  ","%","2016","LT","Lithuania",81.609195400,""
"Antimicrobial resistance","Acinetobacter spp.|Carbapenems","R - resistant isolates, percentage  ","%","2016","LU","Luxembourg",-,""
"Antimicrobial resistance","Acinetobacter spp.|Carbapenems","R - resistant isolates, percentage  ","%","2016","LV","Latvia",73.170731700,""
"Antimicrobial resistance","Acinetobacter spp.|Carbapenems","R - resistant isolates, percentage  ","%","2016","MT","Malta",-,""
"Antimicrobial resistance","Acinetobacter spp.|Carbapenems","R - resistant isolates, percentage  ","%","2016","NL","Netherlands",0.000000000,""
"Antimicrobial resistance","Acinetobacter spp.|Carbapenems","R - resistant isolates, percentage  ","%","2016","NO","Norway",0.000000000,""
"Antimicrobial resistance","Acinetobacter spp.|Carbapenems","R - resistant isolates, percentage  ","%","2016","PL","Poland",65.984654730,""
"Antimicrobial resistance","Acinetobacter spp.|Carbapenems","R - resistant isolates, percentage  ","%","2016","PT","Portugal",51.941747570,""
"Antimicrobial resistance","Acinetobacter spp.|Carbapenems","R - resistant isolates, percentage  ","%","2016","RO","Romania",85.000000000,""
"Antimicrobial resistance","Acinetobacter spp.|Carbapenems","R - resistant isolates, percentage  ","%","2016","SE","Sweden",1.190476190,""
"Antimicrobial resistance","Acinetobacter spp.|Carbapenems","R - resistant isolates, percentage  ","%","2016","SI","Slovenia",43.333333330,""
"Antimicrobial resistance","Acinetobacter spp.|Carbapenems","R - resistant isolates, percentage  ","%","2016","SK","Slovakia",28.440366970,""
"Antimicrobial resistance","Acinetobacter spp.|Carbapenems","R - resistant isolates, percentage  ","%","2016","UK","United Kingdom",1.541095890,""
"Antimicrobial resistance","Acinetobacter spp.|Carbapenems","R - resistant isolates, percentage  ","%","2017","AT","Austria",6.666666660,""
"Antimicrobial resistance","Acinetobacter spp.|Carbapenems","R - resistant isolates, percentage  ","%","2017","BE","Belgium",6.870229000,""
"Antimicrobial resistance","Acinetobacter spp.|Carbapenems","R - resistant isolates, percentage  ","%","2017","BG","Bulgaria",80.434782600,""
"Antimicrobial resistance","Acinetobacter spp.|Carbapenems","R - resistant isolates, percentage  ","%","2017","CY","Cyprus",76.000000000,""
"Antimicrobial resistance","Acinetobacter spp.|Carbapenems","R - resistant isolates, percentage  ","%","2017","CZ","Czechia",12.727272720,""
"Antimicrobial resistance","Acinetobacter spp.|Carbapenems","R - resistant isolates, percentage  ","%","2017","DE","Germany",4.074074070,""
"Antimicrobial resistance","Acinetobacter spp.|Carbapenems","R - resistant isolates, percentage  ","%","2017","DK","Denmark",0.000000000,""
"Antimicrobial resistance","Acinetobacter spp.|Carbapenems","R - resistant isolates, percentage  ","%","2017","EE","Estonia",-,""
"Antimicrobial resistance","Acinetobacter spp.|Carbapenems","R - resistant isolates, percentage  ","%","2017","EL","Greece",94.794520540,""
"Antimicrobial resistance","Acinetobacter spp.|Carbapenems","R - resistant isolates, percentage  ","%","2017","ES","Spain",66.304347820,""
"Antimicrobial resistance","Acinetobacter spp.|Carbapenems","R - resistant isolates, percentage  ","%","2017","FI","Finland",2.702702700,""
"Antimicrobial resistance","Acinetobacter spp.|Carbapenems","R - resistant isolates, percentage  ","%","2017","FR","France",6.183368860,""
"Antimicrobial resistance","Acinetobacter spp.|Carbapenems","R - resistant isolates, percentage  ","%","2017","HR","Croatia",96.153846150,""
"Antimicrobial resistance","Acinetobacter spp.|Carbapenems","R - resistant isolates, percentage  ","%","2017","HU","Hungary",52.513966480,""
"Antimicrobial resistance","Acinetobacter spp.|Carbapenems","R - resistant isolates, percentage  ","%","2017","IE","Ireland",6.349206340,""
"Antimicrobial resistance","Acinetobacter spp.|Carbapenems","R - resistant isolates, percentage  ","%","2017","IS","Iceland",-,""
"Antimicrobial resistance","Acinetobacter spp.|Carbapenems","R - resistant isolates, percentage  ","%","2017","IT","Italy",78.686635940,""
"Antimicrobial resistance","Acinetobacter spp.|Carbapenems","R - resistant isolates, percentage  ","%","2017","LT","Lithuania",88.505747120,""
"Antimicrobial resistance","Acinetobacter spp.|Carbapenems","R - resistant isolates, percentage  ","%","2017","LU","Luxembourg",-,""
"Antimicrobial resistance","Acinetobacter spp.|Carbapenems","R - resistant isolates, percentage  ","%","2017","LV","Latvia",79.411764700,""
"Antimicrobial resistance","Acinetobacter spp.|Carbapenems","R - resistant isolates, percentage  ","%","2017","MT","Malta",-,""
"Antimicrobial resistance","Acinetobacter spp.|Carbapenems","R - resistant isolates, percentage  ","%","2017","NL","Netherlands",0.769230760,""
"Antimicrobial resistance","Acinetobacter spp.|Carbapenems","R - resistant isolates, percentage  ","%","2017","NO","Norway",0.000000000,""
"Antimicrobial resistance","Acinetobacter spp.|Carbapenems","R - resistant isolates, percentage  ","%","2017","PL","Poland",67.441860460,""
"Antimicrobial resistance","Acinetobacter spp.|Carbapenems","R - resistant isolates, percentage  ","%","2017","PT","Portugal",40.697674410,""
"Antimicrobial resistance","Acinetobacter spp.|Carbapenems","R - resistant isolates, percentage  ","%","2017","RO","Romania",87.362637360,""
"Antimicrobial resistance","Acinetobacter spp.|Carbapenems","R - resistant isolates, percentage  ","%","2017","SE","Sweden",0.000000000,""
"Antimicrobial resistance","Acinetobacter spp.|Carbapenems","R - resistant isolates, percentage  ","%","2017","SI","Slovenia",41.666666660,""
"Antimicrobial resistance","Acinetobacter spp.|Carbapenems","R - resistant isolates, percentage  ","%","2017","SK","Slovakia",31.666666660,""
"Antimicrobial resistance","Acinetobacter spp.|Carbapenems","R - resistant isolates, percentage  ","%","2017","UK","United Kingdom",2.813299230,""
"Antimicrobial resistance","Acinetobacter spp.|Carbapenems","R - resistant isolates, percentage  ","%","2018","AT","Austria",4.395604390,""
"Antimicrobial resistance","Acinetobacter spp.|Carbapenems","R - resistant isolates, percentage  ","%","2018","BE","Belgium",3.787878780,""
"Antimicrobial resistance","Acinetobacter spp.|Carbapenems","R - resistant isolates, percentage  ","%","2018","BG","Bulgaria",74.545454540,""
"Antimicrobial resistance","Acinetobacter spp.|Carbapenems","R - resistant isolates, percentage  ","%","2018","CY","Cyprus",84.210526310,""
"Antimicrobial resistance","Acinetobacter spp.|Carbapenems","R - resistant isolates, percentage  ","%","2018","CZ","Czechia",19.780219780,""
"Antimicrobial resistance","Acinetobacter spp.|Carbapenems","R - resistant isolates, percentage  ","%","2018","DE","Germany",4.364326370,""
"Antimicrobial resistance","Acinetobacter spp.|Carbapenems","R - resistant isolates, percentage  ","%","2018","DK","Denmark",6.382978720,""
"Antimicrobial resistance","Acinetobacter spp.|Carbapenems","R - resistant isolates, percentage  ","%","2018","EE","Estonia",-,""
"Antimicrobial resistance","Acinetobacter spp.|Carbapenems","R - resistant isolates, percentage  ","%","2018","EL","Greece",92.398815390,""
"Antimicrobial resistance","Acinetobacter spp.|Carbapenems","R - resistant isolates, percentage  ","%","2018","ES","Spain",54.320987650,""
"Antimicrobial resistance","Acinetobacter spp.|Carbapenems","R - resistant isolates, percentage  ","%","2018","FI","Finland",0.000000000,""
"Antimicrobial resistance","Acinetobacter spp.|Carbapenems","R - resistant isolates, percentage  ","%","2018","FR","France",6.530612240,""
"Antimicrobial resistance","Acinetobacter spp.|Carbapenems","R - resistant isolates, percentage  ","%","2018","HR","Croatia",95.483870960,""
"Antimicrobial resistance","Acinetobacter spp.|Carbapenems","R - resistant isolates, percentage  ","%","2018","HU","Hungary",55.182072820,""
"Antimicrobial resistance","Acinetobacter spp.|Carbapenems","R - resistant isolates, percentage  ","%","2018","IE","Ireland",1.666666660,""
"Antimicrobial resistance","Acinetobacter spp.|Carbapenems","R - resistant isolates, percentage  ","%","2018","IS","Iceland",-,""
"Antimicrobial resistance","Acinetobacter spp.|Carbapenems","R - resistant isolates, percentage  ","%","2018","IT","Italy",79.248011560,""
"Antimicrobial resistance","Acinetobacter spp.|Carbapenems","R - resistant isolates, percentage  ","%","2018","LT","Lithuania",89.772727270,""
"Antimicrobial resistance","Acinetobacter spp.|Carbapenems","R - resistant isolates, percentage  ","%","2018","LU","Luxembourg",-,""
"Antimicrobial resistance","Acinetobacter spp.|Carbapenems","R - resistant isolates, percentage  ","%","2018","LV","Latvia",78.431372540,""
"Antimicrobial resistance","Acinetobacter spp.|Carbapenems","R - resistant isolates, percentage  ","%","2018","MT","Malta",-,""
"Antimicrobial resistance","Acinetobacter spp.|Carbapenems","R - resistant isolates, percentage  ","%","2018","NL","Netherlands",4.729729720,""
"Antimicrobial resistance","Acinetobacter spp.|Carbapenems","R - resistant isolates, percentage  ","%","2018","NO","Norway",0.000000000,""
"Antimicrobial resistance","Acinetobacter spp.|Carbapenems","R - resistant isolates, percentage  ","%","2018","PL","Poland",67.266187050,""
"Antimicrobial resistance","Acinetobacter spp.|Carbapenems","R - resistant isolates, percentage  ","%","2018","PT","Portugal",30.708661410,""
"Antimicrobial resistance","Acinetobacter spp.|Carbapenems","R - resistant isolates, percentage  ","%","2018","RO","Romania",85.321100910,""
"Antimicrobial resistance","Acinetobacter spp.|Carbapenems","R - resistant isolates, percentage  ","%","2018","SE","Sweden",3.703703700,""
"Antimicrobial resistance","Acinetobacter spp.|Carbapenems","R - resistant isolates, percentage  ","%","2018","SI","Slovenia",17.948717940,""
"Antimicrobial resistance","Acinetobacter spp.|Carbapenems","R - resistant isolates, percentage  ","%","2018","SK","Slovakia",43.971631200,""
"Antimicrobial resistance","Acinetobacter spp.|Carbapenems","R - resistant isolates, percentage  ","%","2018","UK","United Kingdom",1.820728290,""
"Antimicrobial resistance","Acinetobacter spp.|Carbapenems","R - resistant isolates, percentage  ","%","2019","AT","Austria",7.407407400,""
"Antimicrobial resistance","Acinetobacter spp.|Carbapenems","R - resistant isolates, percentage  ","%","2019","BE","Belgium",0.000000000,""
"Antimicrobial resistance","Acinetobacter spp.|Carbapenems","R - resistant isolates, percentage  ","%","2019","BG","Bulgaria",71.969696960,""
"Antimicrobial resistance","Acinetobacter spp.|Carbapenems","R - resistant isolates, percentage  ","%","2019","CY","Cyprus",87.500000000,""
"Antimicrobial resistance","Acinetobacter spp.|Carbapenems","R - resistant isolates, percentage  ","%","2019","CZ","Czechia",30.526315780,""
"Antimicrobial resistance","Acinetobacter spp.|Carbapenems","R - resistant isolates, percentage  ","%","2019","DE","Germany",2.164502160,""
"Antimicrobial resistance","Acinetobacter spp.|Carbapenems","R - resistant isolates, percentage  ","%","2019","DK","Denmark",0.000000000,""
"Antimicrobial resistance","Acinetobacter spp.|Carbapenems","R - resistant isolates, percentage  ","%","2019","EE","Estonia",-,""
"Antimicrobial resistance","Acinetobacter spp.|Carbapenems","R - resistant isolates, percentage  ","%","2019","EL","Greece",92.346938770,""
"Antimicrobial resistance","Acinetobacter spp.|Carbapenems","R - resistant isolates, percentage  ","%","2019","ES","Spain",56.626506020,""
"Antimicrobial resistance","Acinetobacter spp.|Carbapenems","R - resistant isolates, percentage  ","%","2019","FI","Finland",0.000000000,""
"Antimicrobial resistance","Acinetobacter spp.|Carbapenems","R - resistant isolates, percentage  ","%","2019","FR","France",9.034907590,""
"Antimicrobial resistance","Acinetobacter spp.|Carbapenems","R - resistant isolates, percentage  ","%","2019","HR","Croatia",92.307692300,""
"Antimicrobial resistance","Acinetobacter spp.|Carbapenems","R - resistant isolates, percentage  ","%","2019","HU","Hungary",50.956937790,""
"Antimicrobial resistance","Acinetobacter spp.|Carbapenems","R - resistant isolates, percentage  ","%","2019","IE","Ireland",1.587301580,""
"Antimicrobial resistance","Acinetobacter spp.|Carbapenems","R - resistant isolates, percentage  ","%","2019","IS","Iceland",-,""
"Antimicrobial resistance","Acinetobacter spp.|Carbapenems","R - resistant isolates, percentage  ","%","2019","IT","Italy",79.282115860,""
"Antimicrobial resistance","Acinetobacter spp.|Carbapenems","R - resistant isolates, percentage  ","%","2019","LT","Lithuania",85.185185180,""
"Antimicrobial resistance","Acinetobacter spp.|Carbapenems","R - resistant isolates, percentage  ","%","2019","LU","Luxembourg",-,""
"Antimicrobial resistance","Acinetobacter spp.|Carbapenems","R - resistant isolates, percentage  ","%","2019","LV","Latvia",84.782608690,""
"Antimicrobial resistance","Acinetobacter spp.|Carbapenems","R - resistant isolates, percentage  ","%","2019","MT","Malta",-,""
"Antimicrobial resistance","Acinetobacter spp.|Carbapenems","R - resistant isolates, percentage  ","%","2019","NL","Netherlands",0.806451610,""
"Antimicrobial resistance","Acinetobacter spp.|Carbapenems","R - resistant isolates, percentage  ","%","2019","NO","Norway",0.000000000,""
"Antimicrobial resistance","Acinetobacter spp.|Carbapenems","R - resistant isolates, percentage  ","%","2019","PL","Poland",70.977917980,""
"Antimicrobial resistance","Acinetobacter spp.|Carbapenems","R - resistant isolates, percentage  ","%","2019","PT","Portugal",31.111111110,""
"Antimicrobial resistance","Acinetobacter spp.|Carbapenems","R - resistant isolates, percentage  ","%","2019","RO","Romania",88.257575750,""
"Antimicrobial resistance","Acinetobacter spp.|Carbapenems","R - resistant isolates, percentage  ","%","2019","SE","Sweden",3.571428570,""
"Antimicrobial resistance","Acinetobacter spp.|Carbapenems","R - resistant isolates, percentage  ","%","2019","SI","Slovenia",22.500000000,""
"Antimicrobial resistance","Acinetobacter spp.|Carbapenems","R - resistant isolates, percentage  ","%","2019","SK","Slovakia",55.208333330,""
"Antimicrobial resistance","Acinetobacter spp.|Carbapenems","R - resistant isolates, percentage  ","%","2019","UK","United Kingdom",2.089136490,""
"Antimicrobial resistance","Acinetobacter spp.|Carbapenems","R - resistant isolates, percentage  ","%","2020","AT","Austria",7.246376810,""
"Antimicrobial resistance","Acinetobacter spp.|Carbapenems","R - resistant isolates, percentage  ","%","2020","BE","Belgium",1.250000000,""
"Antimicrobial resistance","Acinetobacter spp.|Carbapenems","R - resistant isolates, percentage  ","%","2020","BG","Bulgaria",82.945736430,""
"Antimicrobial resistance","Acinetobacter spp.|Carbapenems","R - resistant isolates, percentage  ","%","2020","CY","Cyprus",81.034482750,""
"Antimicrobial resistance","Acinetobacter spp.|Carbapenems","R - resistant isolates, percentage  ","%","2020","CZ","Czechia",32.926829260,""
"Antimicrobial resistance","Acinetobacter spp.|Carbapenems","R - resistant isolates, percentage  ","%","2020","DE","Germany",3.130148270,""
"Antimicrobial resistance","Acinetobacter spp.|Carbapenems","R - resistant isolates, percentage  ","%","2020","DK","Denmark",4.687500000,""
"Antimicrobial resistance","Acinetobacter spp.|Carbapenems","R - resistant isolates, percentage  ","%","2020","EE","Estonia",-,""
"Antimicrobial resistance","Acinetobacter spp.|Carbapenems","R - resistant isolates, percentage  ","%","2020","EL","Greece",94.594594590,""
"Antimicrobial resistance","Acinetobacter spp.|Carbapenems","R - resistant isolates, percentage  ","%","2020","ES","Spain",60.869565210,""
"Antimicrobial resistance","Acinetobacter spp.|Carbapenems","R - resistant isolates, percentage  ","%","2020","FI","Finland",5.405405400,""
"Antimicrobial resistance","Acinetobacter spp.|Carbapenems","R - resistant isolates, percentage  ","%","2020","FR","France",3.323699420,""
"Antimicrobial resistance","Acinetobacter spp.|Carbapenems","R - resistant isolates, percentage  ","%","2020","HR","Croatia",96.444444440,""
"Antimicrobial resistance","Acinetobacter spp.|Carbapenems","R - resistant isolates, percentage  ","%","2020","HU","Hungary",73.033707860,""
"Antimicrobial resistance","Acinetobacter spp.|Carbapenems","R - resistant isolates, percentage  ","%","2020","IE","Ireland",0.000000000,""
"Antimicrobial resistance","Acinetobacter spp.|Carbapenems","R - resistant isolates, percentage  ","%","2020","IS","Iceland",-,""
"Antimicrobial resistance","Acinetobacter spp.|Carbapenems","R - resistant isolates, percentage  ","%","2020","IT","Italy",80.799373040,""
"Antimicrobial resistance","Acinetobacter spp.|Carbapenems","R - resistant isolates, percentage  ","%","2020","LT","Lithuania",91.082802540,""
"Antimicrobial resistance","Acinetobacter spp.|Carbapenems","R - resistant isolates, percentage  ","%","2020","LU","Luxembourg",-,""
"Antimicrobial resistance","Acinetobacter spp.|Carbapenems","R - resistant isolates, percentage  ","%","2020","LV","Latvia",82.692307690,""
"Antimicrobial resistance","Acinetobacter spp.|Carbapenems","R - resistant isolates, percentage  ","%","2020","MT","Malta",-,""
"Antimicrobial resistance","Acinetobacter spp.|Carbapenems","R - resistant isolates, percentage  ","%","2020","NL","Netherlands",0.675675670,""
"Antimicrobial resistance","Acinetobacter spp.|Carbapenems","R - resistant isolates, percentage  ","%","2020","NO","Norway",0.000000000,""
"Antimicrobial resistance","Acinetobacter spp.|Carbapenems","R - resistant isolates, percentage  ","%","2020","PL","Poland",78.225806450,""
"Antimicrobial resistance","Acinetobacter spp.|Carbapenems","R - resistant isolates, percentage  ","%","2020","PT","Portugal",15.384615380,""
"Antimicrobial resistance","Acinetobacter spp.|Carbapenems","R - resistant isolates, percentage  ","%","2020","RO","Romania",93.265993260,""
"Antimicrobial resistance","Acinetobacter spp.|Carbapenems","R - resistant isolates, percentage  ","%","2020","SE","Sweden",7.142857140,""
"Antimicrobial resistance","Acinetobacter spp.|Carbapenems","R - resistant isolates, percentage  ","%","2020","SI","Slovenia",19.444444440,""
"Antimicrobial resistance","Acinetobacter spp.|Carbapenems","R - resistant isolates, percentage  ","%","2020","SK","Slovakia",30.769230760,""
"Antimicrobial resistance","Acinetobacter spp.|Carbapenems","R - resistant isolates, percentage  ","%","2021","AT","Austria",10.000000000,""
"Antimicrobial resistance","Acinetobacter spp.|Carbapenems","R - resistant isolates, percentage  ","%","2021","BE","Belgium",1.197604790,""
"Antimicrobial resistance","Acinetobacter spp.|Carbapenems","R - resistant isolates, percentage  ","%","2021","BG","Bulgaria",77.880184330,""
"Antimicrobial resistance","Acinetobacter spp.|Carbapenems","R - resistant isolates, percentage  ","%","2021","CY","Cyprus",92.129629620,""
"Antimicrobial resistance","Acinetobacter spp.|Carbapenems","R - resistant isolates, percentage  ","%","2021","CZ","Czechia",53.278688520,""
"Antimicrobial resistance","Acinetobacter spp.|Carbapenems","R - resistant isolates, percentage  ","%","2021","DE","Germany",4.297520660,""
"Antimicrobial resistance","Acinetobacter spp.|Carbapenems","R - resistant isolates, percentage  ","%","2021","DK","Denmark",5.882352940,""
"Antimicrobial resistance","Acinetobacter spp.|Carbapenems","R - resistant isolates, percentage  ","%","2021","EE","Estonia",-,""
"Antimicrobial resistance","Acinetobacter spp.|Carbapenems","R - resistant isolates, percentage  ","%","2021","EL","Greece",96.949891060,""
"Antimicrobial resistance","Acinetobacter spp.|Carbapenems","R - resistant isolates, percentage  ","%","2021","ES","Spain",56.989247310,""
"Antimicrobial resistance","Acinetobacter spp.|Carbapenems","R - resistant isolates, percentage  ","%","2021","FI","Finland",2.127659570,""
"Antimicrobial resistance","Acinetobacter spp.|Carbapenems","R - resistant isolates, percentage  ","%","2021","FR","France",3.055555550,""
"Antimicrobial resistance","Acinetobacter spp.|Carbapenems","R - resistant isolates, percentage  ","%","2021","HR","Croatia",99.508599500,""
"Antimicrobial resistance","Acinetobacter spp.|Carbapenems","R - resistant isolates, percentage  ","%","2021","HU","Hungary",82.975778540,""
"Antimicrobial resistance","Acinetobacter spp.|Carbapenems","R - resistant isolates, percentage  ","%","2021","IE","Ireland",1.515151510,""
"Antimicrobial resistance","Acinetobacter spp.|Carbapenems","R - resistant isolates, percentage  ","%","2021","IS","Iceland",-,""
"Antimicrobial resistance","Acinetobacter spp.|Carbapenems","R - resistant isolates, percentage  ","%","2021","IT","Italy",88.149498630,""
"Antimicrobial resistance","Acinetobacter spp.|Carbapenems","R - resistant isolates, percentage  ","%","2021","LT","Lithuania",96.111111110,""
"Antimicrobial resistance","Acinetobacter spp.|Carbapenems","R - resistant isolates, percentage  ","%","2021","LU","Luxembourg",-,""
"Antimicrobial resistance","Acinetobacter spp.|Carbapenems","R - resistant isolates, percentage  ","%","2021","LV","Latvia",79.268292680,""
"Antimicrobial resistance","Acinetobacter spp.|Carbapenems","R - resistant isolates, percentage  ","%","2021","MT","Malta",-,""
"Antimicrobial resistance","Acinetobacter spp.|Carbapenems","R - resistant isolates, percentage  ","%","2021","NL","Netherlands",0.540540540,""
"Antimicrobial resistance","Acinetobacter spp.|Carbapenems","R - resistant isolates, percentage  ","%","2021","NO","Norway",0.000000000,""
"Antimicrobial resistance","Acinetobacter spp.|Carbapenems","R - resistant isolates, percentage  ","%","2021","PL","Poland",82.687651330,""
"Antimicrobial resistance","Acinetobacter spp.|Carbapenems","R - resistant isolates, percentage  ","%","2021","PT","Portugal",10.447761190,""
"Antimicrobial resistance","Acinetobacter spp.|Carbapenems","R - resistant isolates, percentage  ","%","2021","RO","Romania",93.523316060,""
"Antimicrobial resistance","Acinetobacter spp.|Carbapenems","R - resistant isolates, percentage  ","%","2021","SE","Sweden",0.724637680,""
"Antimicrobial resistance","Acinetobacter spp.|Carbapenems","R - resistant isolates, percentage  ","%","2021","SI","Slovenia",66.935483870,""
"Antimicrobial resistance","Acinetobacter spp.|Carbapenems","R - resistant isolates, percentage  ","%","2021","SK","Slovakia",61.194029850,""
"Antimicrobial resistance","Acinetobacter spp.|Carbapenems","R - resistant isolates, percentage  ","%","2022","AT","Austria",3.191489360,""
"Antimicrobial resistance","Acinetobacter spp.|Carbapenems","R - resistant isolates, percentage  ","%","2022","BE","Belgium",2.380952380,""
"Antimicrobial resistance","Acinetobacter spp.|Carbapenems","R - resistant isolates, percentage  ","%","2022","BG","Bulgaria",79.375000000,""
"Antimicrobial resistance","Acinetobacter spp.|Carbapenems","R - resistant isolates, percentage  ","%","2022","CY","Cyprus",94.554455440,""
"Antimicrobial resistance","Acinetobacter spp.|Carbapenems","R - resistant isolates, percentage  ","%","2022","CZ","Czechia",38.823529410,""
"Antimicrobial resistance","Acinetobacter spp.|Carbapenems","R - resistant isolates, percentage  ","%","2022","DE","Germany",3.562005270,""
"Antimicrobial resistance","Acinetobacter spp.|Carbapenems","R - resistant isolates, percentage  ","%","2022","DK","Denmark",5.208333330,""
"Antimicrobial resistance","Acinetobacter spp.|Carbapenems","R - resistant isolates, percentage  ","%","2022","EE","Estonia",-,""
"Antimicrobial resistance","Acinetobacter spp.|Carbapenems","R - resistant isolates, percentage  ","%","2022","EL","Greece",95.885042450,""
"Antimicrobial resistance","Acinetobacter spp.|Carbapenems","R - resistant isolates, percentage  ","%","2022","ES","Spain",35.869565210,""
"Antimicrobial resistance","Acinetobacter spp.|Carbapenems","R - resistant isolates, percentage  ","%","2022","FI","Finland",3.571428570,""
"Antimicrobial resistance","Acinetobacter spp.|Carbapenems","R - resistant isolates, percentage  ","%","2022","FR","France",3.500583430,""
"Antimicrobial resistance","Acinetobacter spp.|Carbapenems","R - resistant isolates, percentage  ","%","2022","HR","Croatia",98.625429550,""
"Antimicrobial resistance","Acinetobacter spp.|Carbapenems","R - resistant isolates, percentage  ","%","2022","HU","Hungary",57.923497260,""
"Antimicrobial resistance","Acinetobacter spp.|Carbapenems","R - resistant isolates, percentage  ","%","2022","IE","Ireland",2.564102560,""
"Antimicrobial resistance","Acinetobacter spp.|Carbapenems","R - resistant isolates, percentage  ","%","2022","IS","Iceland",-,""
"Antimicrobial resistance","Acinetobacter spp.|Carbapenems","R - resistant isolates, percentage  ","%","2022","IT","Italy",88.548504740,""
"Antimicrobial resistance","Acinetobacter spp.|Carbapenems","R - resistant isolates, percentage  ","%","2022","LT","Lithuania",88.652482260,""
"Antimicrobial resistance","Acinetobacter spp.|Carbapenems","R - resistant isolates, percentage  ","%","2022","LU","Luxembourg",-,""
"Antimicrobial resistance","Acinetobacter spp.|Carbapenems","R - resistant isolates, percentage  ","%","2022","LV","Latvia",71.232876710,""
"Antimicrobial resistance","Acinetobacter spp.|Carbapenems","R - resistant isolates, percentage  ","%","2022","MT","Malta",-,""
"Antimicrobial resistance","Acinetobacter spp.|Carbapenems","R - resistant isolates, percentage  ","%","2022","NL","Netherlands",1.010101010,""
"Antimicrobial resistance","Acinetobacter spp.|Carbapenems","R - resistant isolates, percentage  ","%","2022","NO","Norway",2.941176470,""
"Antimicrobial resistance","Acinetobacter spp.|Carbapenems","R - resistant isolates, percentage  ","%","2022","PL","Poland",76.394849780,""
"Antimicrobial resistance","Acinetobacter spp.|Carbapenems","R - resistant isolates, percentage  ","%","2022","PT","Portugal",31.147540980,""
"Antimicrobial resistance","Acinetobacter spp.|Carbapenems","R - resistant isolates, percentage  ","%","2022","RO","Romania",89.308176100,""
"Antimicrobial resistance","Acinetobacter spp.|Carbapenems","R - resistant isolates, percentage  ","%","2022","SE","Sweden",2.684563750,""
"Antimicrobial resistance","Acinetobacter spp.|Carbapenems","R - resistant isolates, percentage  ","%","2022","SI","Slovenia",43.333333330,""
"Antimicrobial resistance","Acinetobacter spp.|Carbapenems","R - resistant isolates, percentage  ","%","2022","SK","Slovakia",61.333333330,""
"Antimicrobial resistance","Acinetobacter spp.|Carbapenems","R - resistant isolates, percentage  ","%","2023","AT","Austria",7.216494840,""
"Antimicrobial resistance","Acinetobacter spp.|Carbapenems","R - resistant isolates, percentage  ","%","2023","BE","Belgium",4.123711340,""
"Antimicrobial resistance","Acinetobacter spp.|Carbapenems","R - resistant isolates, percentage  ","%","2023","BG","Bulgaria",86.338797810,""
"Antimicrobial resistance","Acinetobacter spp.|Carbapenems","R - resistant isolates, percentage  ","%","2023","CY","Cyprus",86.567164170,""
"Antimicrobial resistance","Acinetobacter spp.|Carbapenems","R - resistant isolates, percentage  ","%","2023","CZ","Czechia",37.362637360,""
"Antimicrobial resistance","Acinetobacter spp.|Carbapenems","R - resistant isolates, percentage  ","%","2023","DE","Germany",3.044496480,""
"Antimicrobial resistance","Acinetobacter spp.|Carbapenems","R - resistant isolates, percentage  ","%","2023","DK","Denmark",2.222222220,""
"Antimicrobial resistance","Acinetobacter spp.|Carbapenems","R - resistant isolates, percentage  ","%","2023","EE","Estonia",-,""
"Antimicrobial resistance","Acinetobacter spp.|Carbapenems","R - resistant isolates, percentage  ","%","2023","EL","Greece",95.298602280,""
"Antimicrobial resistance","Acinetobacter spp.|Carbapenems","R - resistant isolates, percentage  ","%","2023","ES","Spain",39.436619710,""
"Antimicrobial resistance","Acinetobacter spp.|Carbapenems","R - resistant isolates, percentage  ","%","2023","FI","Finland",0.000000000,""
"Antimicrobial resistance","Acinetobacter spp.|Carbapenems","R - resistant isolates, percentage  ","%","2023","HR","Croatia",95.849056600,""
"Antimicrobial resistance","Acinetobacter spp.|Carbapenems","R - resistant isolates, percentage  ","%","2023","HU","Hungary",46.153846150,""
"Antimicrobial resistance","Acinetobacter spp.|Carbapenems","R - resistant isolates, percentage  ","%","2023","IE","Ireland",0.000000000,""
"Antimicrobial resistance","Acinetobacter spp.|Carbapenems","R - resistant isolates, percentage  ","%","2023","IS","Iceland",-,""
"Antimicrobial resistance","Acinetobacter spp.|Carbapenems","R - resistant isolates, percentage  ","%","2023","IT","Italy",75.887669460,""
"Antimicrobial resistance","Acinetobacter spp.|Carbapenems","R - resistant isolates, percentage  ","%","2023","LT","Lithuania",92.622950810,""
"Antimicrobial resistance","Acinetobacter spp.|Carbapenems","R - resistant isolates, percentage  ","%","2023","LU","Luxembourg",-,""
"Antimicrobial resistance","Acinetobacter spp.|Carbapenems","R - resistant isolates, percentage  ","%","2023","LV","Latvia",70.129870120,""
"Antimicrobial resistance","Acinetobacter spp.|Carbapenems","R - resistant isolates, percentage  ","%","2023","MT","Malta",0.000000000,""
"Antimicrobial resistance","Acinetobacter spp.|Carbapenems","R - resistant isolates, percentage  ","%","2023","NL","Netherlands",1.428571420,""
"Antimicrobial resistance","Acinetobacter spp.|Carbapenems","R - resistant isolates, percentage  ","%","2023","NO","Norway",0.000000000,""
"Antimicrobial resistance","Acinetobacter spp.|Carbapenems","R - resistant isolates, percentage  ","%","2023","PL","Poland",79.777777770,""
"Antimicrobial resistance","Acinetobacter spp.|Carbapenems","R - resistant isolates, percentage  ","%","2023","PT","Portugal",43.225806450,""
"Antimicrobial resistance","Acinetobacter spp.|Carbapenems","R - resistant isolates, percentage  ","%","2023","RO","Romania",86.904761900,""
"Antimicrobial resistance","Acinetobacter spp.|Carbapenems","R - resistant isolates, percentage  ","%","2023","SE","Sweden",1.923076920,""
"Antimicrobial resistance","Acinetobacter spp.|Carbapenems","R - resistant isolates, percentage  ","%","2023","SI","Slovenia",23.076923070,""
"Antimicrobial resistance","Acinetobacter spp.|Carbapenems","R - resistant isolates, percentage  ","%","2023","SK","Slovakia",47.368421050,""
"Antimicrobial resistance","Acinetobacter spp.|Carbapenems","R - resistant isolates, percentage  ","%","2024","AT","Austria",1.075268810,""
"Antimicrobial resistance","Acinetobacter spp.|Carbapenems","R - resistant isolates, percentage  ","%","2024","BE","Belgium",3.587443940,""
"Antimicrobial resistance","Acinetobacter spp.|Carbapenems","R - resistant isolates, percentage  ","%","2024","BG","Bulgaria",90.476190470,""
"Antimicrobial resistance","Acinetobacter spp.|Carbapenems","R - resistant isolates, percentage  ","%","2024","CY","Cyprus",84.126984120,""
"Antimicrobial resistance","Acinetobacter spp.|Carbapenems","R - resistant isolates, percentage  ","%","2024","CZ","Czechia",25.490196070,""
"Antimicrobial resistance","Acinetobacter spp.|Carbapenems","R - resistant isolates, percentage  ","%","2024","DE","Germany",2.232558130,""
"Antimicrobial resistance","Acinetobacter spp.|Carbapenems","R - resistant isolates, percentage  ","%","2024","DK","Denmark",4.040404040,""
"Antimicrobial resistance","Acinetobacter spp.|Carbapenems","R - resistant isolates, percentage  ","%","2024","EE","Estonia",12.000000000,""
"Antimicrobial resistance","Acinetobacter spp.|Carbapenems","R - resistant isolates, percentage  ","%","2024","EL","Greece",94.074749310,""
"Antimicrobial resistance","Acinetobacter spp.|Carbapenems","R - resistant isolates, percentage  ","%","2024","ES","Spain",25.301204810,""
"Antimicrobial resistance","Acinetobacter spp.|Carbapenems","R - resistant isolates, percentage  ","%","2024","FI","Finland",0.000000000,""
"Antimicrobial resistance","Acinetobacter spp.|Carbapenems","R - resistant isolates, percentage  ","%","2024","FR","France",3.303055320,""
"Antimicrobial resistance","Acinetobacter spp.|Carbapenems","R - resistant isolates, percentage  ","%","2024","HR","Croatia",92.957746470,""
"Antimicrobial resistance","Acinetobacter spp.|Carbapenems","R - resistant isolates, percentage  ","%","2024","HU","Hungary",48.214285710,""
"Antimicrobial resistance","Acinetobacter spp.|Carbapenems","R - resistant isolates, percentage  ","%","2024","IE","Ireland",0.000000000,""
"Antimicrobial resistance","Acinetobacter spp.|Carbapenems","R - resistant isolates, percentage  ","%","2024","IS","Iceland",-,""
"Antimicrobial resistance","Acinetobacter spp.|Carbapenems","R - resistant isolates, percentage  ","%","2024","IT","Italy",74.253843830,""
"Antimicrobial resistance","Acinetobacter spp.|Carbapenems","R - resistant isolates, percentage  ","%","2024","LT","Lithuania",83.448275860,""
"Antimicrobial resistance","Acinetobacter spp.|Carbapenems","R - resistant isolates, percentage  ","%","2024","LU","Luxembourg",-,""
"Antimicrobial resistance","Acinetobacter spp.|Carbapenems","R - resistant isolates, percentage  ","%","2024","LV","Latvia",67.796610160,""
"Antimicrobial resistance","Acinetobacter spp.|Carbapenems","R - resistant isolates, percentage  ","%","2024","MT","Malta",-,""
"Antimicrobial resistance","Acinetobacter spp.|Carbapenems","R - resistant isolates, percentage  ","%","2024","NL","Netherlands",1.442307690,""
"Antimicrobial resistance","Acinetobacter spp.|Carbapenems","R - resistant isolates, percentage  ","%","2024","NO","Norway",1.639344260,""
"Antimicrobial resistance","Acinetobacter spp.|Carbapenems","R - resistant isolates, percentage  ","%","2024","PL","Poland",76.050420160,""
"Antimicrobial resistance","Acinetobacter spp.|Carbapenems","R - resistant isolates, percentage  ","%","2024","PT","Portugal",25.641025640,""
"Antimicrobial resistance","Acinetobacter spp.|Carbapenems","R - resistant isolates, percentage  ","%","2024","RO","Romania",92.694063920,""
"Antimicrobial resistance","Acinetobacter spp.|Carbapenems","R - resistant isolates, percentage  ","%","2024","SE","Sweden",1.714285710,""
"Antimicrobial resistance","Acinetobacter spp.|Carbapenems","R - resistant isolates, percentage  ","%","2024","SI","Slovenia",10.000000000,""
"Antimicrobial resistance","Acinetobacter spp.|Carbapenems","R - resistant isolates, percentage  ","%","2024","SK","Slovakia",38.297872340,""
"Antimicrobial resistance","Acinetobacter spp.|Carbapenems","S - susceptible isolates","N","2012","BG","Bulgaria",21.000000000,""
"Antimicrobial resistance","Acinetobacter spp.|Carbapenems","S - susceptible isolates","N","2012","CY","Cyprus",8.000000000,""
"Antimicrobial resistance","Acinetobacter spp.|Carbapenems","S - susceptible isolates","N","2012","DE","Germany",112.000000000,""
"Antimicrobial resistance","Acinetobacter spp.|Carbapenems","S - susceptible isolates","N","2012","DK","Denmark",57.000000000,""
"Antimicrobial resistance","Acinetobacter spp.|Carbapenems","S - susceptible isolates","N","2012","EL","Greece",131.000000000,""
"Antimicrobial resistance","Acinetobacter spp.|Carbapenems","S - susceptible isolates","N","2012","FR","France",369.000000000,""
"Antimicrobial resistance","Acinetobacter spp.|Carbapenems","S - susceptible isolates","N","2012","HU","Hungary",184.000000000,""
"Antimicrobial resistance","Acinetobacter spp.|Carbapenems","S - susceptible isolates","N","2012","IS","Iceland",0.000000000,""
"Antimicrobial resistance","Acinetobacter spp.|Carbapenems","S - susceptible isolates","N","2012","IT","Italy",32.000000000,""
"Antimicrobial resistance","Acinetobacter spp.|Carbapenems","S - susceptible isolates","N","2012","LU","Luxembourg",4.000000000,""
"Antimicrobial resistance","Acinetobacter spp.|Carbapenems","S - susceptible isolates","N","2012","MT","Malta",6.000000000,""
"Antimicrobial resistance","Acinetobacter spp.|Carbapenems","S - susceptible isolates","N","2012","NL","Netherlands",79.000000000,""
"Antimicrobial resistance","Acinetobacter spp.|Carbapenems","S - susceptible isolates","N","2012","NO","Norway",25.000000000,""
"Antimicrobial resistance","Acinetobacter spp.|Carbapenems","S - susceptible isolates","N","2012","PL","Poland",119.000000000,""
"Antimicrobial resistance","Acinetobacter spp.|Carbapenems","S - susceptible isolates","N","2012","PT","Portugal",34.000000000,""
"Antimicrobial resistance","Acinetobacter spp.|Carbapenems","S - susceptible isolates","N","2012","RO","Romania",10.000000000,""
"Antimicrobial resistance","Acinetobacter spp.|Carbapenems","S - susceptible isolates","N","2012","SI","Slovenia",19.000000000,""
"Antimicrobial resistance","Acinetobacter spp.|Carbapenems","S - susceptible isolates","N","2012","UK","United Kingdom",78.000000000,""
"Antimicrobial resistance","Acinetobacter spp.|Carbapenems","S - susceptible isolates","N","2013","AT","Austria",44.000000000,""
"Antimicrobial resistance","Acinetobacter spp.|Carbapenems","S - susceptible isolates","N","2013","BE","Belgium",3.000000000,""
"Antimicrobial resistance","Acinetobacter spp.|Carbapenems","S - susceptible isolates","N","2013","BG","Bulgaria",34.000000000,""
"Antimicrobial resistance","Acinetobacter spp.|Carbapenems","S - susceptible isolates","N","2013","CY","Cyprus",13.000000000,""
"Antimicrobial resistance","Acinetobacter spp.|Carbapenems","S - susceptible isolates","N","2013","CZ","Czechia",85.000000000,""
"Antimicrobial resistance","Acinetobacter spp.|Carbapenems","S - susceptible isolates","N","2013","DE","Germany",164.000000000,""
"Antimicrobial resistance","Acinetobacter spp.|Carbapenems","S - susceptible isolates","N","2013","DK","Denmark",58.000000000,""
"Antimicrobial resistance","Acinetobacter spp.|Carbapenems","S - susceptible isolates","N","2013","EL","Greece",70.000000000,""
"Antimicrobial resistance","Acinetobacter spp.|Carbapenems","S - susceptible isolates","N","2013","ES","Spain",22.000000000,""
"Antimicrobial resistance","Acinetobacter spp.|Carbapenems","S - susceptible isolates","N","2013","FI","Finland",35.000000000,""
"Antimicrobial resistance","Acinetobacter spp.|Carbapenems","S - susceptible isolates","N","2013","FR","France",379.000000000,""
"Antimicrobial resistance","Acinetobacter spp.|Carbapenems","S - susceptible isolates","N","2013","HR","Croatia",8.000000000,""
"Antimicrobial resistance","Acinetobacter spp.|Carbapenems","S - susceptible isolates","N","2013","HU","Hungary",219.000000000,""
"Antimicrobial resistance","Acinetobacter spp.|Carbapenems","S - susceptible isolates","N","2013","IE","Ireland",82.000000000,""
"Antimicrobial resistance","Acinetobacter spp.|Carbapenems","S - susceptible isolates","N","2013","IT","Italy",86.000000000,""
"Antimicrobial resistance","Acinetobacter spp.|Carbapenems","S - susceptible isolates","N","2013","LU","Luxembourg",1.000000000,""
"Antimicrobial resistance","Acinetobacter spp.|Carbapenems","S - susceptible isolates","N","2013","MT","Malta",6.000000000,""
"Antimicrobial resistance","Acinetobacter spp.|Carbapenems","S - susceptible isolates","N","2013","NL","Netherlands",94.000000000,""
"Antimicrobial resistance","Acinetobacter spp.|Carbapenems","S - susceptible isolates","N","2013","NO","Norway",35.000000000,""
"Antimicrobial resistance","Acinetobacter spp.|Carbapenems","S - susceptible isolates","N","2013","PL","Poland",88.000000000,""
"Antimicrobial resistance","Acinetobacter spp.|Carbapenems","S - susceptible isolates","N","2013","PT","Portugal",71.000000000,""
"Antimicrobial resistance","Acinetobacter spp.|Carbapenems","S - susceptible isolates","N","2013","RO","Romania",19.000000000,""
"Antimicrobial resistance","Acinetobacter spp.|Carbapenems","S - susceptible isolates","N","2013","SE","Sweden",68.000000000,""
"Antimicrobial resistance","Acinetobacter spp.|Carbapenems","S - susceptible isolates","N","2013","SI","Slovenia",19.000000000,""
"Antimicrobial resistance","Acinetobacter spp.|Carbapenems","S - susceptible isolates","N","2013","SK","Slovakia",59.000000000,""
"Antimicrobial resistance","Acinetobacter spp.|Carbapenems","S - susceptible isolates","N","2013","UK","United Kingdom",146.000000000,""
"Antimicrobial resistance","Acinetobacter spp.|Carbapenems","S - susceptible isolates","N","2014","AT","Austria",72.000000000,""
"Antimicrobial resistance","Acinetobacter spp.|Carbapenems","S - susceptible isolates","N","2014","BE","Belgium",4.000000000,""
"Antimicrobial resistance","Acinetobacter spp.|Carbapenems","S - susceptible isolates","N","2014","BG","Bulgaria",42.000000000,""
"Antimicrobial resistance","Acinetobacter spp.|Carbapenems","S - susceptible isolates","N","2014","CY","Cyprus",13.000000000,""
"Antimicrobial resistance","Acinetobacter spp.|Carbapenems","S - susceptible isolates","N","2014","CZ","Czechia",55.000000000,""
"Antimicrobial resistance","Acinetobacter spp.|Carbapenems","S - susceptible isolates","N","2014","DE","Germany",187.000000000,""
"Antimicrobial resistance","Acinetobacter spp.|Carbapenems","S - susceptible isolates","N","2014","DK","Denmark",60.000000000,""
"Antimicrobial resistance","Acinetobacter spp.|Carbapenems","S - susceptible isolates","N","2014","EL","Greece",47.000000000,""
"Antimicrobial resistance","Acinetobacter spp.|Carbapenems","S - susceptible isolates","N","2014","ES","Spain",27.000000000,""
"Antimicrobial resistance","Acinetobacter spp.|Carbapenems","S - susceptible isolates","N","2014","FI","Finland",31.000000000,""
"Antimicrobial resistance","Acinetobacter spp.|Carbapenems","S - susceptible isolates","N","2014","FR","France",387.000000000,""
"Antimicrobial resistance","Acinetobacter spp.|Carbapenems","S - susceptible isolates","N","2014","HR","Croatia",18.000000000,""
"Antimicrobial resistance","Acinetobacter spp.|Carbapenems","S - susceptible isolates","N","2014","HU","Hungary",229.000000000,""
"Antimicrobial resistance","Acinetobacter spp.|Carbapenems","S - susceptible isolates","N","2014","IE","Ireland",78.000000000,""
"Antimicrobial resistance","Acinetobacter spp.|Carbapenems","S - susceptible isolates","N","2014","IS","Iceland",3.000000000,""
"Antimicrobial resistance","Acinetobacter spp.|Carbapenems","S - susceptible isolates","N","2014","IT","Italy",41.000000000,""
"Antimicrobial resistance","Acinetobacter spp.|Carbapenems","S - susceptible isolates","N","2014","LT","Lithuania",20.000000000,""
"Antimicrobial resistance","Acinetobacter spp.|Carbapenems","S - susceptible isolates","N","2014","LU","Luxembourg",6.000000000,""
"Antimicrobial resistance","Acinetobacter spp.|Carbapenems","S - susceptible isolates","N","2014","LV","Latvia",9.000000000,""
"Antimicrobial resistance","Acinetobacter spp.|Carbapenems","S - susceptible isolates","N","2014","MT","Malta",8.000000000,""
"Antimicrobial resistance","Acinetobacter spp.|Carbapenems","S - susceptible isolates","N","2014","NL","Netherlands",91.000000000,""
"Antimicrobial resistance","Acinetobacter spp.|Carbapenems","S - susceptible isolates","N","2014","NO","Norway",33.000000000,""
"Antimicrobial resistance","Acinetobacter spp.|Carbapenems","S - susceptible isolates","N","2014","PL","Poland",71.000000000,""
"Antimicrobial resistance","Acinetobacter spp.|Carbapenems","S - susceptible isolates","N","2014","PT","Portugal",122.000000000,""
"Antimicrobial resistance","Acinetobacter spp.|Carbapenems","S - susceptible isolates","N","2014","RO","Romania",23.000000000,""
"Antimicrobial resistance","Acinetobacter spp.|Carbapenems","S - susceptible isolates","N","2014","SE","Sweden",50.000000000,""
"Antimicrobial resistance","Acinetobacter spp.|Carbapenems","S - susceptible isolates","N","2014","SI","Slovenia",24.000000000,""
"Antimicrobial resistance","Acinetobacter spp.|Carbapenems","S - susceptible isolates","N","2014","SK","Slovakia",99.000000000,""
"Antimicrobial resistance","Acinetobacter spp.|Carbapenems","S - susceptible isolates","N","2014","UK","United Kingdom",117.000000000,""
"Antimicrobial resistance","Acinetobacter spp.|Carbapenems","S - susceptible isolates","N","2015","AT","Austria",55.000000000,""
"Antimicrobial resistance","Acinetobacter spp.|Carbapenems","S - susceptible isolates","N","2015","BE","Belgium",24.000000000,""
"Antimicrobial resistance","Acinetobacter spp.|Carbapenems","S - susceptible isolates","N","2015","BG","Bulgaria",30.000000000,""
"Antimicrobial resistance","Acinetobacter spp.|Carbapenems","S - susceptible isolates","N","2015","CY","Cyprus",10.000000000,""
"Antimicrobial resistance","Acinetobacter spp.|Carbapenems","S - susceptible isolates","N","2015","CZ","Czechia",55.000000000,""
"Antimicrobial resistance","Acinetobacter spp.|Carbapenems","S - susceptible isolates","N","2015","DE","Germany",312.000000000,""
"Antimicrobial resistance","Acinetobacter spp.|Carbapenems","S - susceptible isolates","N","2015","DK","Denmark",62.000000000,""
"Antimicrobial resistance","Acinetobacter spp.|Carbapenems","S - susceptible isolates","N","2015","EE","Estonia",1.000000000,""
"Antimicrobial resistance","Acinetobacter spp.|Carbapenems","S - susceptible isolates","N","2015","EL","Greece",63.000000000,""
"Antimicrobial resistance","Acinetobacter spp.|Carbapenems","S - susceptible isolates","N","2015","ES","Spain",40.000000000,""
"Antimicrobial resistance","Acinetobacter spp.|Carbapenems","S - susceptible isolates","N","2015","FI","Finland",42.000000000,""
"Antimicrobial resistance","Acinetobacter spp.|Carbapenems","S - susceptible isolates","N","2015","FR","France",401.000000000,""
"Antimicrobial resistance","Acinetobacter spp.|Carbapenems","S - susceptible isolates","N","2015","HR","Croatia",18.000000000,""
"Antimicrobial resistance","Acinetobacter spp.|Carbapenems","S - susceptible isolates","N","2015","HU","Hungary",195.000000000,""
"Antimicrobial resistance","Acinetobacter spp.|Carbapenems","S - susceptible isolates","N","2015","IE","Ireland",79.000000000,""
"Antimicrobial resistance","Acinetobacter spp.|Carbapenems","S - susceptible isolates","N","2015","IS","Iceland",6.000000000,""
"Antimicrobial resistance","Acinetobacter spp.|Carbapenems","S - susceptible isolates","N","2015","IT","Italy",136.000000000,""
"Antimicrobial resistance","Acinetobacter spp.|Carbapenems","S - susceptible isolates","N","2015","LT","Lithuania",13.000000000,""
"Antimicrobial resistance","Acinetobacter spp.|Carbapenems","S - susceptible isolates","N","2015","LU","Luxembourg",7.000000000,""
"Antimicrobial resistance","Acinetobacter spp.|Carbapenems","S - susceptible isolates","N","2015","LV","Latvia",12.000000000,""
"Antimicrobial resistance","Acinetobacter spp.|Carbapenems","S - susceptible isolates","N","2015","MT","Malta",13.000000000,""
"Antimicrobial resistance","Acinetobacter spp.|Carbapenems","S - susceptible isolates","N","2015","NL","Netherlands",89.000000000,""
"Antimicrobial resistance","Acinetobacter spp.|Carbapenems","S - susceptible isolates","N","2015","NO","Norway",29.000000000,""
"Antimicrobial resistance","Acinetobacter spp.|Carbapenems","S - susceptible isolates","N","2015","PL","Poland",73.000000000,""
"Antimicrobial resistance","Acinetobacter spp.|Carbapenems","S - susceptible isolates","N","2015","PT","Portugal",124.000000000,""
"Antimicrobial resistance","Acinetobacter spp.|Carbapenems","S - susceptible isolates","N","2015","RO","Romania",34.000000000,""
"Antimicrobial resistance","Acinetobacter spp.|Carbapenems","S - susceptible isolates","N","2015","SE","Sweden",33.000000000,""
"Antimicrobial resistance","Acinetobacter spp.|Carbapenems","S - susceptible isolates","N","2015","SI","Slovenia",19.000000000,""
"Antimicrobial resistance","Acinetobacter spp.|Carbapenems","S - susceptible isolates","N","2015","SK","Slovakia",87.000000000,""
"Antimicrobial resistance","Acinetobacter spp.|Carbapenems","S - susceptible isolates","N","2015","UK","United Kingdom",130.000000000,""
"Antimicrobial resistance","Acinetobacter spp.|Carbapenems","S - susceptible isolates","N","2016","AT","Austria",70.000000000,""
"Antimicrobial resistance","Acinetobacter spp.|Carbapenems","S - susceptible isolates","N","2016","BE","Belgium",76.000000000,""
"Antimicrobial resistance","Acinetobacter spp.|Carbapenems","S - susceptible isolates","N","2016","BG","Bulgaria",21.000000000,""
"Antimicrobial resistance","Acinetobacter spp.|Carbapenems","S - susceptible isolates","N","2016","CY","Cyprus",8.000000000,""
"Antimicrobial resistance","Acinetobacter spp.|Carbapenems","S - susceptible isolates","N","2016","CZ","Czechia",53.000000000,""
"Antimicrobial resistance","Acinetobacter spp.|Carbapenems","S - susceptible isolates","N","2016","DE","Germany",428.000000000,""
"Antimicrobial resistance","Acinetobacter spp.|Carbapenems","S - susceptible isolates","N","2016","DK","Denmark",69.000000000,""
"Antimicrobial resistance","Acinetobacter spp.|Carbapenems","S - susceptible isolates","N","2016","EE","Estonia",5.000000000,""
"Antimicrobial resistance","Acinetobacter spp.|Carbapenems","S - susceptible isolates","N","2016","EL","Greece",38.000000000,""
"Antimicrobial resistance","Acinetobacter spp.|Carbapenems","S - susceptible isolates","N","2016","ES","Spain",38.000000000,""
"Antimicrobial resistance","Acinetobacter spp.|Carbapenems","S - susceptible isolates","N","2016","FI","Finland",28.000000000,""
"Antimicrobial resistance","Acinetobacter spp.|Carbapenems","S - susceptible isolates","N","2016","FR","France",415.000000000,""
"Antimicrobial resistance","Acinetobacter spp.|Carbapenems","S - susceptible isolates","N","2016","HR","Croatia",9.000000000,""
"Antimicrobial resistance","Acinetobacter spp.|Carbapenems","S - susceptible isolates","N","2016","HU","Hungary",157.000000000,""
"Antimicrobial resistance","Acinetobacter spp.|Carbapenems","S - susceptible isolates","N","2016","IE","Ireland",65.000000000,""
"Antimicrobial resistance","Acinetobacter spp.|Carbapenems","S - susceptible isolates","N","2016","IS","Iceland",3.000000000,""
"Antimicrobial resistance","Acinetobacter spp.|Carbapenems","S - susceptible isolates","N","2016","IT","Italy",146.000000000,""
"Antimicrobial resistance","Acinetobacter spp.|Carbapenems","S - susceptible isolates","N","2016","LT","Lithuania",13.000000000,""
"Antimicrobial resistance","Acinetobacter spp.|Carbapenems","S - susceptible isolates","N","2016","LU","Luxembourg",8.000000000,""
"Antimicrobial resistance","Acinetobacter spp.|Carbapenems","S - susceptible isolates","N","2016","LV","Latvia",20.000000000,""
"Antimicrobial resistance","Acinetobacter spp.|Carbapenems","S - susceptible isolates","N","2016","MT","Malta",4.000000000,""
"Antimicrobial resistance","Acinetobacter spp.|Carbapenems","S - susceptible isolates","N","2016","NL","Netherlands",130.000000000,""
"Antimicrobial resistance","Acinetobacter spp.|Carbapenems","S - susceptible isolates","N","2016","NO","Norway",33.000000000,""
"Antimicrobial resistance","Acinetobacter spp.|Carbapenems","S - susceptible isolates","N","2016","PL","Poland",117.000000000,""
"Antimicrobial resistance","Acinetobacter spp.|Carbapenems","S - susceptible isolates","N","2016","PT","Portugal",99.000000000,""
"Antimicrobial resistance","Acinetobacter spp.|Carbapenems","S - susceptible isolates","N","2016","RO","Romania",22.000000000,""
"Antimicrobial resistance","Acinetobacter spp.|Carbapenems","S - susceptible isolates","N","2016","SE","Sweden",82.000000000,""
"Antimicrobial resistance","Acinetobacter spp.|Carbapenems","S - susceptible isolates","N","2016","SI","Slovenia",33.000000000,""
"Antimicrobial resistance","Acinetobacter spp.|Carbapenems","S - susceptible isolates","N","2016","SK","Slovakia",74.000000000,""
"Antimicrobial resistance","Acinetobacter spp.|Carbapenems","S - susceptible isolates","N","2016","UK","United Kingdom",569.000000000,""
"Antimicrobial resistance","Acinetobacter spp.|Carbapenems","S - susceptible isolates","N","2017","AT","Austria",69.000000000,""
"Antimicrobial resistance","Acinetobacter spp.|Carbapenems","S - susceptible isolates","N","2017","BE","Belgium",119.000000000,""
"Antimicrobial resistance","Acinetobacter spp.|Carbapenems","S - susceptible isolates","N","2017","BG","Bulgaria",15.000000000,""
"Antimicrobial resistance","Acinetobacter spp.|Carbapenems","S - susceptible isolates","N","2017","CY","Cyprus",12.000000000,""
"Antimicrobial resistance","Acinetobacter spp.|Carbapenems","S - susceptible isolates","N","2017","CZ","Czechia",46.000000000,""
"Antimicrobial resistance","Acinetobacter spp.|Carbapenems","S - susceptible isolates","N","2017","DE","Germany",510.000000000,""
"Antimicrobial resistance","Acinetobacter spp.|Carbapenems","S - susceptible isolates","N","2017","DK","Denmark",66.000000000,""
"Antimicrobial resistance","Acinetobacter spp.|Carbapenems","S - susceptible isolates","N","2017","EE","Estonia",9.000000000,""
"Antimicrobial resistance","Acinetobacter spp.|Carbapenems","S - susceptible isolates","N","2017","EL","Greece",51.000000000,""
"Antimicrobial resistance","Acinetobacter spp.|Carbapenems","S - susceptible isolates","N","2017","ES","Spain",31.000000000,""
"Antimicrobial resistance","Acinetobacter spp.|Carbapenems","S - susceptible isolates","N","2017","FI","Finland",36.000000000,""
"Antimicrobial resistance","Acinetobacter spp.|Carbapenems","S - susceptible isolates","N","2017","FR","France",438.000000000,""
"Antimicrobial resistance","Acinetobacter spp.|Carbapenems","S - susceptible isolates","N","2017","HR","Croatia",8.000000000,""
"Antimicrobial resistance","Acinetobacter spp.|Carbapenems","S - susceptible isolates","N","2017","HU","Hungary",159.000000000,""
"Antimicrobial resistance","Acinetobacter spp.|Carbapenems","S - susceptible isolates","N","2017","IE","Ireland",58.000000000,""
"Antimicrobial resistance","Acinetobacter spp.|Carbapenems","S - susceptible isolates","N","2017","IS","Iceland",6.000000000,""
"Antimicrobial resistance","Acinetobacter spp.|Carbapenems","S - susceptible isolates","N","2017","IT","Italy",179.000000000,""
"Antimicrobial resistance","Acinetobacter spp.|Carbapenems","S - susceptible isolates","N","2017","LT","Lithuania",9.000000000,""
"Antimicrobial resistance","Acinetobacter spp.|Carbapenems","S - susceptible isolates","N","2017","LU","Luxembourg",8.000000000,""
"Antimicrobial resistance","Acinetobacter spp.|Carbapenems","S - susceptible isolates","N","2017","LV","Latvia",7.000000000,""
"Antimicrobial resistance","Acinetobacter spp.|Carbapenems","S - susceptible isolates","N","2017","MT","Malta",9.000000000,""
"Antimicrobial resistance","Acinetobacter spp.|Carbapenems","S - susceptible isolates","N","2017","NL","Netherlands",129.000000000,""
"Antimicrobial resistance","Acinetobacter spp.|Carbapenems","S - susceptible isolates","N","2017","NO","Norway",31.000000000,""
"Antimicrobial resistance","Acinetobacter spp.|Carbapenems","S - susceptible isolates","N","2017","PL","Poland",99.000000000,""
"Antimicrobial resistance","Acinetobacter spp.|Carbapenems","S - susceptible isolates","N","2017","PT","Portugal",101.000000000,""
"Antimicrobial resistance","Acinetobacter spp.|Carbapenems","S - susceptible isolates","N","2017","RO","Romania",22.000000000,""
"Antimicrobial resistance","Acinetobacter spp.|Carbapenems","S - susceptible isolates","N","2017","SE","Sweden",54.000000000,""
"Antimicrobial resistance","Acinetobacter spp.|Carbapenems","S - susceptible isolates","N","2017","SI","Slovenia",21.000000000,""
"Antimicrobial resistance","Acinetobacter spp.|Carbapenems","S - susceptible isolates","N","2017","SK","Slovakia",73.000000000,""
"Antimicrobial resistance","Acinetobacter spp.|Carbapenems","S - susceptible isolates","N","2017","UK","United Kingdom",749.000000000,""
"Antimicrobial resistance","Acinetobacter spp.|Carbapenems","S - susceptible isolates","N","2018","AT","Austria",86.000000000,""
"Antimicrobial resistance","Acinetobacter spp.|Carbapenems","S - susceptible isolates","N","2018","BE","Belgium",123.000000000,""
"Antimicrobial resistance","Acinetobacter spp.|Carbapenems","S - susceptible isolates","N","2018","BG","Bulgaria",27.000000000,""
"Antimicrobial resistance","Acinetobacter spp.|Carbapenems","S - susceptible isolates","N","2018","CY","Cyprus",9.000000000,""
"Antimicrobial resistance","Acinetobacter spp.|Carbapenems","S - susceptible isolates","N","2018","CZ","Czechia",72.000000000,""
"Antimicrobial resistance","Acinetobacter spp.|Carbapenems","S - susceptible isolates","N","2018","DE","Germany",500.000000000,""
"Antimicrobial resistance","Acinetobacter spp.|Carbapenems","S - susceptible isolates","N","2018","DK","Denmark",44.000000000,""
"Antimicrobial resistance","Acinetobacter spp.|Carbapenems","S - susceptible isolates","N","2018","EE","Estonia",10.000000000,""
"Antimicrobial resistance","Acinetobacter spp.|Carbapenems","S - susceptible isolates","N","2018","EL","Greece",73.000000000,""
"Antimicrobial resistance","Acinetobacter spp.|Carbapenems","S - susceptible isolates","N","2018","ES","Spain",37.000000000,""
"Antimicrobial resistance","Acinetobacter spp.|Carbapenems","S - susceptible isolates","N","2018","FI","Finland",28.000000000,""
"Antimicrobial resistance","Acinetobacter spp.|Carbapenems","S - susceptible isolates","N","2018","FR","France",457.000000000,""
"Antimicrobial resistance","Acinetobacter spp.|Carbapenems","S - susceptible isolates","N","2018","HR","Croatia",5.000000000,""
"Antimicrobial resistance","Acinetobacter spp.|Carbapenems","S - susceptible isolates","N","2018","HU","Hungary",148.000000000,""
"Antimicrobial resistance","Acinetobacter spp.|Carbapenems","S - susceptible isolates","N","2018","IE","Ireland",59.000000000,""
"Antimicrobial resistance","Acinetobacter spp.|Carbapenems","S - susceptible isolates","N","2018","IS","Iceland",2.000000000,""
"Antimicrobial resistance","Acinetobacter spp.|Carbapenems","S - susceptible isolates","N","2018","IT","Italy",277.000000000,""
"Antimicrobial resistance","Acinetobacter spp.|Carbapenems","S - susceptible isolates","N","2018","LT","Lithuania",9.000000000,""
"Antimicrobial resistance","Acinetobacter spp.|Carbapenems","S - susceptible isolates","N","2018","LU","Luxembourg",6.000000000,""
"Antimicrobial resistance","Acinetobacter spp.|Carbapenems","S - susceptible isolates","N","2018","LV","Latvia",11.000000000,""
"Antimicrobial resistance","Acinetobacter spp.|Carbapenems","S - susceptible isolates","N","2018","MT","Malta",9.000000000,""
"Antimicrobial resistance","Acinetobacter spp.|Carbapenems","S - susceptible isolates","N","2018","NL","Netherlands",139.000000000,""
"Antimicrobial resistance","Acinetobacter spp.|Carbapenems","S - susceptible isolates","N","2018","NO","Norway",32.000000000,""
"Antimicrobial resistance","Acinetobacter spp.|Carbapenems","S - susceptible isolates","N","2018","PL","Poland",89.000000000,""
"Antimicrobial resistance","Acinetobacter spp.|Carbapenems","S - susceptible isolates","N","2018","PT","Portugal",86.000000000,""
"Antimicrobial resistance","Acinetobacter spp.|Carbapenems","S - susceptible isolates","N","2018","RO","Romania",27.000000000,""
"Antimicrobial resistance","Acinetobacter spp.|Carbapenems","S - susceptible isolates","N","2018","SE","Sweden",52.000000000,""
"Antimicrobial resistance","Acinetobacter spp.|Carbapenems","S - susceptible isolates","N","2018","SI","Slovenia",32.000000000,""
"Antimicrobial resistance","Acinetobacter spp.|Carbapenems","S - susceptible isolates","N","2018","SK","Slovakia",70.000000000,""
"Antimicrobial resistance","Acinetobacter spp.|Carbapenems","S - susceptible isolates","N","2018","UK","United Kingdom",697.000000000,""
"Antimicrobial resistance","Acinetobacter spp.|Carbapenems","S - susceptible isolates","N","2019","AT","Austria",74.000000000,""
"Antimicrobial resistance","Acinetobacter spp.|Carbapenems","S - susceptible isolates","N","2019","BE","Belgium",94.000000000,""
"Antimicrobial resistance","Acinetobacter spp.|Carbapenems","S - susceptible isolates","N","2019","BG","Bulgaria",37.000000000,""
"Antimicrobial resistance","Acinetobacter spp.|Carbapenems","S - susceptible isolates","N","2019","CY","Cyprus",3.000000000,""
"Antimicrobial resistance","Acinetobacter spp.|Carbapenems","S - susceptible isolates","N","2019","CZ","Czechia",65.000000000,""
"Antimicrobial resistance","Acinetobacter spp.|Carbapenems","S - susceptible isolates","N","2019","DE","Germany",446.000000000,""
"Antimicrobial resistance","Acinetobacter spp.|Carbapenems","S - susceptible isolates","N","2019","DK","Denmark",72.000000000,""
"Antimicrobial resistance","Acinetobacter spp.|Carbapenems","S - susceptible isolates","N","2019","EE","Estonia",8.000000000,""
"Antimicrobial resistance","Acinetobacter spp.|Carbapenems","S - susceptible isolates","N","2019","EL","Greece",15.000000000,""
"Antimicrobial resistance","Acinetobacter spp.|Carbapenems","S - susceptible isolates","N","2019","ES","Spain",35.000000000,""
"Antimicrobial resistance","Acinetobacter spp.|Carbapenems","S - susceptible isolates","N","2019","FI","Finland",43.000000000,""
"Antimicrobial resistance","Acinetobacter spp.|Carbapenems","S - susceptible isolates","N","2019","FR","France",440.000000000,""
"Antimicrobial resistance","Acinetobacter spp.|Carbapenems","S - susceptible isolates","N","2019","HR","Croatia",9.000000000,""
"Antimicrobial resistance","Acinetobacter spp.|Carbapenems","S - susceptible isolates","N","2019","HU","Hungary",193.000000000,""
"Antimicrobial resistance","Acinetobacter spp.|Carbapenems","S - susceptible isolates","N","2019","IE","Ireland",61.000000000,""
"Antimicrobial resistance","Acinetobacter spp.|Carbapenems","S - susceptible isolates","N","2019","IS","Iceland",3.000000000,""
"Antimicrobial resistance","Acinetobacter spp.|Carbapenems","S - susceptible isolates","N","2019","IT","Italy",317.000000000,""
"Antimicrobial resistance","Acinetobacter spp.|Carbapenems","S - susceptible isolates","N","2019","LT","Lithuania",13.000000000,""
"Antimicrobial resistance","Acinetobacter spp.|Carbapenems","S - susceptible isolates","N","2019","LU","Luxembourg",8.000000000,""
"Antimicrobial resistance","Acinetobacter spp.|Carbapenems","S - susceptible isolates","N","2019","LV","Latvia",7.000000000,""
"Antimicrobial resistance","Acinetobacter spp.|Carbapenems","S - susceptible isolates","N","2019","MT","Malta",15.000000000,""
"Antimicrobial resistance","Acinetobacter spp.|Carbapenems","S - susceptible isolates","N","2019","NL","Netherlands",123.000000000,""
"Antimicrobial resistance","Acinetobacter spp.|Carbapenems","S - susceptible isolates","N","2019","NO","Norway",23.000000000,""
"Antimicrobial resistance","Acinetobacter spp.|Carbapenems","S - susceptible isolates","N","2019","PL","Poland",88.000000000,""
"Antimicrobial resistance","Acinetobacter spp.|Carbapenems","S - susceptible isolates","N","2019","PT","Portugal",62.000000000,""
"Antimicrobial resistance","Acinetobacter spp.|Carbapenems","S - susceptible isolates","N","2019","RO","Romania",31.000000000,""
"Antimicrobial resistance","Acinetobacter spp.|Carbapenems","S - susceptible isolates","N","2019","SE","Sweden",105.000000000,""
"Antimicrobial resistance","Acinetobacter spp.|Carbapenems","S - susceptible isolates","N","2019","SI","Slovenia",30.000000000,""
"Antimicrobial resistance","Acinetobacter spp.|Carbapenems","S - susceptible isolates","N","2019","SK","Slovakia",40.000000000,""
"Antimicrobial resistance","Acinetobacter spp.|Carbapenems","S - susceptible isolates","N","2019","UK","United Kingdom",692.000000000,""
"Antimicrobial resistance","Acinetobacter spp.|Carbapenems","S - susceptible isolates","N","2020","AT","Austria",59.000000000,""
"Antimicrobial resistance","Acinetobacter spp.|Carbapenems","S - susceptible isolates","N","2020","BE","Belgium",156.000000000,""
"Antimicrobial resistance","Acinetobacter spp.|Carbapenems","S - susceptible isolates","N","2020","BG","Bulgaria",22.000000000,""
"Antimicrobial resistance","Acinetobacter spp.|Carbapenems","S - susceptible isolates","N","2020","CY","Cyprus",11.000000000,""
"Antimicrobial resistance","Acinetobacter spp.|Carbapenems","S - susceptible isolates","N","2020","CZ","Czechia",53.000000000,""
"Antimicrobial resistance","Acinetobacter spp.|Carbapenems","S - susceptible isolates","N","2020","DE","Germany",577.000000000,""
"Antimicrobial resistance","Acinetobacter spp.|Carbapenems","S - susceptible isolates","N","2020","DK","Denmark",61.000000000,""
"Antimicrobial resistance","Acinetobacter spp.|Carbapenems","S - susceptible isolates","N","2020","EE","Estonia",9.000000000,""
"Antimicrobial resistance","Acinetobacter spp.|Carbapenems","S - susceptible isolates","N","2020","EL","Greece",39.000000000,""
"Antimicrobial resistance","Acinetobacter spp.|Carbapenems","S - susceptible isolates","N","2020","ES","Spain",36.000000000,""
"Antimicrobial resistance","Acinetobacter spp.|Carbapenems","S - susceptible isolates","N","2020","FI","Finland",35.000000000,""
"Antimicrobial resistance","Acinetobacter spp.|Carbapenems","S - susceptible isolates","N","2020","FR","France",660.000000000,""
"Antimicrobial resistance","Acinetobacter spp.|Carbapenems","S - susceptible isolates","N","2020","HR","Croatia",8.000000000,""
"Antimicrobial resistance","Acinetobacter spp.|Carbapenems","S - susceptible isolates","N","2020","HU","Hungary",136.000000000,""
"Antimicrobial resistance","Acinetobacter spp.|Carbapenems","S - susceptible isolates","N","2020","IE","Ireland",52.000000000,""
"Antimicrobial resistance","Acinetobacter spp.|Carbapenems","S - susceptible isolates","N","2020","IS","Iceland",3.000000000,""
"Antimicrobial resistance","Acinetobacter spp.|Carbapenems","S - susceptible isolates","N","2020","IT","Italy",475.000000000,""
"Antimicrobial resistance","Acinetobacter spp.|Carbapenems","S - susceptible isolates","N","2020","LT","Lithuania",14.000000000,""
"Antimicrobial resistance","Acinetobacter spp.|Carbapenems","S - susceptible isolates","N","2020","LU","Luxembourg",6.000000000,""
"Antimicrobial resistance","Acinetobacter spp.|Carbapenems","S - susceptible isolates","N","2020","LV","Latvia",9.000000000,""
"Antimicrobial resistance","Acinetobacter spp.|Carbapenems","S - susceptible isolates","N","2020","MT","Malta",6.000000000,""
"Antimicrobial resistance","Acinetobacter spp.|Carbapenems","S - susceptible isolates","N","2020","NL","Netherlands",147.000000000,""
"Antimicrobial resistance","Acinetobacter spp.|Carbapenems","S - susceptible isolates","N","2020","NO","Norway",31.000000000,""
"Antimicrobial resistance","Acinetobacter spp.|Carbapenems","S - susceptible isolates","N","2020","PL","Poland",77.000000000,""
"Antimicrobial resistance","Acinetobacter spp.|Carbapenems","S - susceptible isolates","N","2020","PT","Portugal",87.000000000,""
"Antimicrobial resistance","Acinetobacter spp.|Carbapenems","S - susceptible isolates","N","2020","RO","Romania",19.000000000,""
"Antimicrobial resistance","Acinetobacter spp.|Carbapenems","S - susceptible isolates","N","2020","SE","Sweden",116.000000000,""
"Antimicrobial resistance","Acinetobacter spp.|Carbapenems","S - susceptible isolates","N","2020","SI","Slovenia",29.000000000,""
"Antimicrobial resistance","Acinetobacter spp.|Carbapenems","S - susceptible isolates","N","2020","SK","Slovakia",60.000000000,""
"Antimicrobial resistance","Acinetobacter spp.|Carbapenems","S - susceptible isolates","N","2021","AT","Austria",56.000000000,""
"Antimicrobial resistance","Acinetobacter spp.|Carbapenems","S - susceptible isolates","N","2021","BE","Belgium",162.000000000,""
"Antimicrobial resistance","Acinetobacter spp.|Carbapenems","S - susceptible isolates","N","2021","BG","Bulgaria",48.000000000,""
"Antimicrobial resistance","Acinetobacter spp.|Carbapenems","S - susceptible isolates","N","2021","CY","Cyprus",17.000000000,""
"Antimicrobial resistance","Acinetobacter spp.|Carbapenems","S - susceptible isolates","N","2021","CZ","Czechia",57.000000000,""
"Antimicrobial resistance","Acinetobacter spp.|Carbapenems","S - susceptible isolates","N","2021","DE","Germany",575.000000000,""
"Antimicrobial resistance","Acinetobacter spp.|Carbapenems","S - susceptible isolates","N","2021","DK","Denmark",95.000000000,""
"Antimicrobial resistance","Acinetobacter spp.|Carbapenems","S - susceptible isolates","N","2021","EE","Estonia",4.000000000,""
"Antimicrobial resistance","Acinetobacter spp.|Carbapenems","S - susceptible isolates","N","2021","EL","Greece",40.000000000,""
"Antimicrobial resistance","Acinetobacter spp.|Carbapenems","S - susceptible isolates","N","2021","ES","Spain",40.000000000,""
"Antimicrobial resistance","Acinetobacter spp.|Carbapenems","S - susceptible isolates","N","2021","FI","Finland",46.000000000,""
"Antimicrobial resistance","Acinetobacter spp.|Carbapenems","S - susceptible isolates","N","2021","FR","France",695.000000000,""
"Antimicrobial resistance","Acinetobacter spp.|Carbapenems","S - susceptible isolates","N","2021","HR","Croatia",1.000000000,""
"Antimicrobial resistance","Acinetobacter spp.|Carbapenems","S - susceptible isolates","N","2021","HU","Hungary",241.000000000,""
"Antimicrobial resistance","Acinetobacter spp.|Carbapenems","S - susceptible isolates","N","2021","IE","Ireland",64.000000000,""
"Antimicrobial resistance","Acinetobacter spp.|Carbapenems","S - susceptible isolates","N","2021","IS","Iceland",8.000000000,""
"Antimicrobial resistance","Acinetobacter spp.|Carbapenems","S - susceptible isolates","N","2021","IT","Italy",363.000000000,""
"Antimicrobial resistance","Acinetobacter spp.|Carbapenems","S - susceptible isolates","N","2021","LT","Lithuania",12.000000000,""
"Antimicrobial resistance","Acinetobacter spp.|Carbapenems","S - susceptible isolates","N","2021","LU","Luxembourg",8.000000000,""
"Antimicrobial resistance","Acinetobacter spp.|Carbapenems","S - susceptible isolates","N","2021","LV","Latvia",17.000000000,""
"Antimicrobial resistance","Acinetobacter spp.|Carbapenems","S - susceptible isolates","N","2021","MT","Malta",16.000000000,""
"Antimicrobial resistance","Acinetobacter spp.|Carbapenems","S - susceptible isolates","N","2021","NL","Netherlands",180.000000000,""
"Antimicrobial resistance","Acinetobacter spp.|Carbapenems","S - susceptible isolates","N","2021","NO","Norway",41.000000000,""
"Antimicrobial resistance","Acinetobacter spp.|Carbapenems","S - susceptible isolates","N","2021","PL","Poland",128.000000000,""
"Antimicrobial resistance","Acinetobacter spp.|Carbapenems","S - susceptible isolates","N","2021","PT","Portugal",60.000000000,""
"Antimicrobial resistance","Acinetobacter spp.|Carbapenems","S - susceptible isolates","N","2021","RO","Romania",25.000000000,""
"Antimicrobial resistance","Acinetobacter spp.|Carbapenems","S - susceptible isolates","N","2021","SE","Sweden",135.000000000,""
"Antimicrobial resistance","Acinetobacter spp.|Carbapenems","S - susceptible isolates","N","2021","SI","Slovenia",41.000000000,""
"Antimicrobial resistance","Acinetobacter spp.|Carbapenems","S - susceptible isolates","N","2021","SK","Slovakia",48.000000000,""
"Antimicrobial resistance","Acinetobacter spp.|Carbapenems","S - susceptible isolates","N","2022","AT","Austria",87.000000000,""
"Antimicrobial resistance","Acinetobacter spp.|Carbapenems","S - susceptible isolates","N","2022","BE","Belgium",161.000000000,""
"Antimicrobial resistance","Acinetobacter spp.|Carbapenems","S - susceptible isolates","N","2022","BG","Bulgaria",33.000000000,""
"Antimicrobial resistance","Acinetobacter spp.|Carbapenems","S - susceptible isolates","N","2022","CY","Cyprus",11.000000000,""
"Antimicrobial resistance","Acinetobacter spp.|Carbapenems","S - susceptible isolates","N","2022","CZ","Czechia",52.000000000,""
"Antimicrobial resistance","Acinetobacter spp.|Carbapenems","S - susceptible isolates","N","2022","DE","Germany",724.000000000,""
"Antimicrobial resistance","Acinetobacter spp.|Carbapenems","S - susceptible isolates","N","2022","DK","Denmark",91.000000000,""
"Antimicrobial resistance","Acinetobacter spp.|Carbapenems","S - susceptible isolates","N","2022","EE","Estonia",2.000000000,""
"Antimicrobial resistance","Acinetobacter spp.|Carbapenems","S - susceptible isolates","N","2022","EL","Greece",56.000000000,""
"Antimicrobial resistance","Acinetobacter spp.|Carbapenems","S - susceptible isolates","N","2022","ES","Spain",59.000000000,""
"Antimicrobial resistance","Acinetobacter spp.|Carbapenems","S - susceptible isolates","N","2022","FI","Finland",26.000000000,""
"Antimicrobial resistance","Acinetobacter spp.|Carbapenems","S - susceptible isolates","N","2022","FR","France",822.000000000,""
"Antimicrobial resistance","Acinetobacter spp.|Carbapenems","S - susceptible isolates","N","2022","HR","Croatia",3.000000000,""
"Antimicrobial resistance","Acinetobacter spp.|Carbapenems","S - susceptible isolates","N","2022","HU","Hungary",221.000000000,""
"Antimicrobial resistance","Acinetobacter spp.|Carbapenems","S - susceptible isolates","N","2022","IE","Ireland",76.000000000,""
"Antimicrobial resistance","Acinetobacter spp.|Carbapenems","S - susceptible isolates","N","2022","IS","Iceland",2.000000000,""
"Antimicrobial resistance","Acinetobacter spp.|Carbapenems","S - susceptible isolates","N","2022","IT","Italy",305.000000000,""
"Antimicrobial resistance","Acinetobacter spp.|Carbapenems","S - susceptible isolates","N","2022","LT","Lithuania",16.000000000,""
"Antimicrobial resistance","Acinetobacter spp.|Carbapenems","S - susceptible isolates","N","2022","LU","Luxembourg",12.000000000,""
"Antimicrobial resistance","Acinetobacter spp.|Carbapenems","S - susceptible isolates","N","2022","LV","Latvia",21.000000000,""
"Antimicrobial resistance","Acinetobacter spp.|Carbapenems","S - susceptible isolates","N","2022","MT","Malta",12.000000000,""
"Antimicrobial resistance","Acinetobacter spp.|Carbapenems","S - susceptible isolates","N","2022","NL","Netherlands",193.000000000,""
"Antimicrobial resistance","Acinetobacter spp.|Carbapenems","S - susceptible isolates","N","2022","NO","Norway",33.000000000,""
"Antimicrobial resistance","Acinetobacter spp.|Carbapenems","S - susceptible isolates","N","2022","PL","Poland",107.000000000,""
"Antimicrobial resistance","Acinetobacter spp.|Carbapenems","S - susceptible isolates","N","2022","PT","Portugal",84.000000000,""
"Antimicrobial resistance","Acinetobacter spp.|Carbapenems","S - susceptible isolates","N","2022","RO","Romania",34.000000000,""
"Antimicrobial resistance","Acinetobacter spp.|Carbapenems","S - susceptible isolates","N","2022","SE","Sweden",145.000000000,""
"Antimicrobial resistance","Acinetobacter spp.|Carbapenems","S - susceptible isolates","N","2022","SI","Slovenia",34.000000000,""
"Antimicrobial resistance","Acinetobacter spp.|Carbapenems","S - susceptible isolates","N","2022","SK","Slovakia",56.000000000,""
"Antimicrobial resistance","Acinetobacter spp.|Carbapenems","S - susceptible isolates","N","2023","AT","Austria",88.000000000,""
"Antimicrobial resistance","Acinetobacter spp.|Carbapenems","S - susceptible isolates","N","2023","BE","Belgium",183.000000000,""
"Antimicrobial resistance","Acinetobacter spp.|Carbapenems","S - susceptible isolates","N","2023","BG","Bulgaria",23.000000000,""
"Antimicrobial resistance","Acinetobacter spp.|Carbapenems","S - susceptible isolates","N","2023","CY","Cyprus",18.000000000,""
"Antimicrobial resistance","Acinetobacter spp.|Carbapenems","S - susceptible isolates","N","2023","CZ","Czechia",56.000000000,""
"Antimicrobial resistance","Acinetobacter spp.|Carbapenems","S - susceptible isolates","N","2023","DE","Germany",821.000000000,""
"Antimicrobial resistance","Acinetobacter spp.|Carbapenems","S - susceptible isolates","N","2023","DK","Denmark",88.000000000,""
"Antimicrobial resistance","Acinetobacter spp.|Carbapenems","S - susceptible isolates","N","2023","EE","Estonia",11.000000000,""
"Antimicrobial resistance","Acinetobacter spp.|Carbapenems","S - susceptible isolates","N","2023","EL","Greece",72.000000000,""
"Antimicrobial resistance","Acinetobacter spp.|Carbapenems","S - susceptible isolates","N","2023","ES","Spain",43.000000000,""
"Antimicrobial resistance","Acinetobacter spp.|Carbapenems","S - susceptible isolates","N","2023","FI","Finland",33.000000000,""
"Antimicrobial resistance","Acinetobacter spp.|Carbapenems","S - susceptible isolates","N","2023","HR","Croatia",11.000000000,""
"Antimicrobial resistance","Acinetobacter spp.|Carbapenems","S - susceptible isolates","N","2023","HU","Hungary",225.000000000,""
"Antimicrobial resistance","Acinetobacter spp.|Carbapenems","S - susceptible isolates","N","2023","IE","Ireland",64.000000000,""
"Antimicrobial resistance","Acinetobacter spp.|Carbapenems","S - susceptible isolates","N","2023","IS","Iceland",1.000000000,""
"Antimicrobial resistance","Acinetobacter spp.|Carbapenems","S - susceptible isolates","N","2023","IT","Italy",732.000000000,""
"Antimicrobial resistance","Acinetobacter spp.|Carbapenems","S - susceptible isolates","N","2023","LT","Lithuania",8.000000000,""
"Antimicrobial resistance","Acinetobacter spp.|Carbapenems","S - susceptible isolates","N","2023","LU","Luxembourg",5.000000000,""
"Antimicrobial resistance","Acinetobacter spp.|Carbapenems","S - susceptible isolates","N","2023","LV","Latvia",22.000000000,""
"Antimicrobial resistance","Acinetobacter spp.|Carbapenems","S - susceptible isolates","N","2023","MT","Malta",21.000000000,""
"Antimicrobial resistance","Acinetobacter spp.|Carbapenems","S - susceptible isolates","N","2023","NL","Netherlands",206.000000000,""
"Antimicrobial resistance","Acinetobacter spp.|Carbapenems","S - susceptible isolates","N","2023","NO","Norway",41.000000000,""
"Antimicrobial resistance","Acinetobacter spp.|Carbapenems","S - susceptible isolates","N","2023","PL","Poland",86.000000000,""
"Antimicrobial resistance","Acinetobacter spp.|Carbapenems","S - susceptible isolates","N","2023","PT","Portugal",86.000000000,""
"Antimicrobial resistance","Acinetobacter spp.|Carbapenems","S - susceptible isolates","N","2023","RO","Romania",40.000000000,""
"Antimicrobial resistance","Acinetobacter spp.|Carbapenems","S - susceptible isolates","N","2023","SE","Sweden",152.000000000,""
"Antimicrobial resistance","Acinetobacter spp.|Carbapenems","S - susceptible isolates","N","2023","SI","Slovenia",40.000000000,""
"Antimicrobial resistance","Acinetobacter spp.|Carbapenems","S - susceptible isolates","N","2023","SK","Slovakia",38.000000000,""
"Antimicrobial resistance","Acinetobacter spp.|Carbapenems","S - susceptible isolates","N","2024","AT","Austria",91.000000000,""
"Antimicrobial resistance","Acinetobacter spp.|Carbapenems","S - susceptible isolates","N","2024","BE","Belgium",215.000000000,""
"Antimicrobial resistance","Acinetobacter spp.|Carbapenems","S - susceptible isolates","N","2024","BG","Bulgaria",20.000000000,""
"Antimicrobial resistance","Acinetobacter spp.|Carbapenems","S - susceptible isolates","N","2024","CY","Cyprus",19.000000000,""
"Antimicrobial resistance","Acinetobacter spp.|Carbapenems","S - susceptible isolates","N","2024","CZ","Czechia",74.000000000,""
"Antimicrobial resistance","Acinetobacter spp.|Carbapenems","S - susceptible isolates","N","2024","DE","Germany",1046.000000000,""
"Antimicrobial resistance","Acinetobacter spp.|Carbapenems","S - susceptible isolates","N","2024","DK","Denmark",95.000000000,""
"Antimicrobial resistance","Acinetobacter spp.|Carbapenems","S - susceptible isolates","N","2024","EE","Estonia",22.000000000,""
"Antimicrobial resistance","Acinetobacter spp.|Carbapenems","S - susceptible isolates","N","2024","EL","Greece",64.000000000,""
"Antimicrobial resistance","Acinetobacter spp.|Carbapenems","S - susceptible isolates","N","2024","ES","Spain",61.000000000,""
"Antimicrobial resistance","Acinetobacter spp.|Carbapenems","S - susceptible isolates","N","2024","FI","Finland",41.000000000,""
"Antimicrobial resistance","Acinetobacter spp.|Carbapenems","S - susceptible isolates","N","2024","FR","France",1152.000000000,""
"Antimicrobial resistance","Acinetobacter spp.|Carbapenems","S - susceptible isolates","N","2024","HR","Croatia",14.000000000,""
"Antimicrobial resistance","Acinetobacter spp.|Carbapenems","S - susceptible isolates","N","2024","HU","Hungary",256.000000000,""
"Antimicrobial resistance","Acinetobacter spp.|Carbapenems","S - susceptible isolates","N","2024","IE","Ireland",56.000000000,""
"Antimicrobial resistance","Acinetobacter spp.|Carbapenems","S - susceptible isolates","N","2024","IS","Iceland",3.000000000,""
"Antimicrobial resistance","Acinetobacter spp.|Carbapenems","S - susceptible isolates","N","2024","IT","Italy",806.000000000,""
"Antimicrobial resistance","Acinetobacter spp.|Carbapenems","S - susceptible isolates","N","2024","LT","Lithuania",24.000000000,""
"Antimicrobial resistance","Acinetobacter spp.|Carbapenems","S - susceptible isolates","N","2024","LU","Luxembourg",12.000000000,""
"Antimicrobial resistance","Acinetobacter spp.|Carbapenems","S - susceptible isolates","N","2024","LV","Latvia",18.000000000,""
"Antimicrobial resistance","Acinetobacter spp.|Carbapenems","S - susceptible isolates","N","2024","MT","Malta",11.000000000,""
"Antimicrobial resistance","Acinetobacter spp.|Carbapenems","S - susceptible isolates","N","2024","NL","Netherlands",204.000000000,""
"Antimicrobial resistance","Acinetobacter spp.|Carbapenems","S - susceptible isolates","N","2024","NO","Norway",60.000000000,""
"Antimicrobial resistance","Acinetobacter spp.|Carbapenems","S - susceptible isolates","N","2024","PL","Poland",109.000000000,""
"Antimicrobial resistance","Acinetobacter spp.|Carbapenems","S - susceptible isolates","N","2024","PT","Portugal",114.000000000,""
"Antimicrobial resistance","Acinetobacter spp.|Carbapenems","S - susceptible isolates","N","2024","RO","Romania",32.000000000,""
"Antimicrobial resistance","Acinetobacter spp.|Carbapenems","S - susceptible isolates","N","2024","SE","Sweden",172.000000000,""
"Antimicrobial resistance","Acinetobacter spp.|Carbapenems","S - susceptible isolates","N","2024","SI","Slovenia",18.000000000,""
"Antimicrobial resistance","Acinetobacter spp.|Carbapenems","S - susceptible isolates","N","2024","SK","Slovakia",56.000000000,""
"Antimicrobial resistance","Acinetobacter spp.|Carbapenems","Total tested isolates","N","2012","BG","Bulgaria",58.000000000,""
"Antimicrobial resistance","Acinetobacter spp.|Carbapenems","Total tested isolates","N","2012","CY","Cyprus",23.000000000,""
"Antimicrobial resistance","Acinetobacter spp.|Carbapenems","Total tested isolates","N","2012","DE","Germany",121.000000000,""
"Antimicrobial resistance","Acinetobacter spp.|Carbapenems","Total tested isolates","N","2012","DK","Denmark",64.000000000,""
"Antimicrobial resistance","Acinetobacter spp.|Carbapenems","Total tested isolates","N","2012","EL","Greece",1254.000000000,""
"Antimicrobial resistance","Acinetobacter spp.|Carbapenems","Total tested isolates","N","2012","FR","France",389.000000000,""
"Antimicrobial resistance","Acinetobacter spp.|Carbapenems","Total tested isolates","N","2012","HU","Hungary",418.000000000,""
"Antimicrobial resistance","Acinetobacter spp.|Carbapenems","Total tested isolates","N","2012","IS","Iceland",2.000000000,""
"Antimicrobial resistance","Acinetobacter spp.|Carbapenems","Total tested isolates","N","2012","IT","Italy",231.000000000,""
"Antimicrobial resistance","Acinetobacter spp.|Carbapenems","Total tested isolates","N","2012","LU","Luxembourg",5.000000000,""
"Antimicrobial resistance","Acinetobacter spp.|Carbapenems","Total tested isolates","N","2012","MT","Malta",6.000000000,""
"Antimicrobial resistance","Acinetobacter spp.|Carbapenems","Total tested isolates","N","2012","NL","Netherlands",86.000000000,""
"Antimicrobial resistance","Acinetobacter spp.|Carbapenems","Total tested isolates","N","2012","NO","Norway",25.000000000,""
"Antimicrobial resistance","Acinetobacter spp.|Carbapenems","Total tested isolates","N","2012","PL","Poland",212.000000000,""
"Antimicrobial resistance","Acinetobacter spp.|Carbapenems","Total tested isolates","N","2012","PT","Portugal",168.000000000,""
"Antimicrobial resistance","Acinetobacter spp.|Carbapenems","Total tested isolates","N","2012","RO","Romania",54.000000000,""
"Antimicrobial resistance","Acinetobacter spp.|Carbapenems","Total tested isolates","N","2012","SI","Slovenia",25.000000000,""
"Antimicrobial resistance","Acinetobacter spp.|Carbapenems","Total tested isolates","N","2012","UK","United Kingdom",80.000000000,""
"Antimicrobial resistance","Acinetobacter spp.|Carbapenems","Total tested isolates","N","2013","AT","Austria",51.000000000,""
"Antimicrobial resistance","Acinetobacter spp.|Carbapenems","Total tested isolates","N","2013","BE","Belgium",3.000000000,""
"Antimicrobial resistance","Acinetobacter spp.|Carbapenems","Total tested isolates","N","2013","BG","Bulgaria",89.000000000,""
"Antimicrobial resistance","Acinetobacter spp.|Carbapenems","Total tested isolates","N","2013","CY","Cyprus",33.000000000,""
"Antimicrobial resistance","Acinetobacter spp.|Carbapenems","Total tested isolates","N","2013","CZ","Czechia",91.000000000,""
"Antimicrobial resistance","Acinetobacter spp.|Carbapenems","Total tested isolates","N","2013","DE","Germany",180.000000000,""
"Antimicrobial resistance","Acinetobacter spp.|Carbapenems","Total tested isolates","N","2013","DK","Denmark",61.000000000,""
"Antimicrobial resistance","Acinetobacter spp.|Carbapenems","Total tested isolates","N","2013","EL","Greece",848.000000000,""
"Antimicrobial resistance","Acinetobacter spp.|Carbapenems","Total tested isolates","N","2013","ES","Spain",95.000000000,""
"Antimicrobial resistance","Acinetobacter spp.|Carbapenems","Total tested isolates","N","2013","FI","Finland",35.000000000,""
"Antimicrobial resistance","Acinetobacter spp.|Carbapenems","Total tested isolates","N","2013","FR","France",406.000000000,""
"Antimicrobial resistance","Acinetobacter spp.|Carbapenems","Total tested isolates","N","2013","HR","Croatia",114.000000000,""
"Antimicrobial resistance","Acinetobacter spp.|Carbapenems","Total tested isolates","N","2013","HU","Hungary",481.000000000,""
"Antimicrobial resistance","Acinetobacter spp.|Carbapenems","Total tested isolates","N","2013","IE","Ireland",85.000000000,""
"Antimicrobial resistance","Acinetobacter spp.|Carbapenems","Total tested isolates","N","2013","IT","Italy",468.000000000,""
"Antimicrobial resistance","Acinetobacter spp.|Carbapenems","Total tested isolates","N","2013","LU","Luxembourg",1.000000000,""
"Antimicrobial resistance","Acinetobacter spp.|Carbapenems","Total tested isolates","N","2013","MT","Malta",7.000000000,""
"Antimicrobial resistance","Acinetobacter spp.|Carbapenems","Total tested isolates","N","2013","NL","Netherlands",95.000000000,""
"Antimicrobial resistance","Acinetobacter spp.|Carbapenems","Total tested isolates","N","2013","NO","Norway",36.000000000,""
"Antimicrobial resistance","Acinetobacter spp.|Carbapenems","Total tested isolates","N","2013","PL","Poland",189.000000000,""
"Antimicrobial resistance","Acinetobacter spp.|Carbapenems","Total tested isolates","N","2013","PT","Portugal",229.000000000,""
"Antimicrobial resistance","Acinetobacter spp.|Carbapenems","Total tested isolates","N","2013","RO","Romania",137.000000000,""
"Antimicrobial resistance","Acinetobacter spp.|Carbapenems","Total tested isolates","N","2013","SE","Sweden",72.000000000,""
"Antimicrobial resistance","Acinetobacter spp.|Carbapenems","Total tested isolates","N","2013","SI","Slovenia",25.000000000,""
"Antimicrobial resistance","Acinetobacter spp.|Carbapenems","Total tested isolates","N","2013","SK","Slovakia",142.000000000,""
"Antimicrobial resistance","Acinetobacter spp.|Carbapenems","Total tested isolates","N","2013","UK","United Kingdom",149.000000000,""
"Antimicrobial resistance","Acinetobacter spp.|Carbapenems","Total tested isolates","N","2014","AT","Austria",78.000000000,""
"Antimicrobial resistance","Acinetobacter spp.|Carbapenems","Total tested isolates","N","2014","BE","Belgium",4.000000000,""
"Antimicrobial resistance","Acinetobacter spp.|Carbapenems","Total tested isolates","N","2014","BG","Bulgaria",110.000000000,""
"Antimicrobial resistance","Acinetobacter spp.|Carbapenems","Total tested isolates","N","2014","CY","Cyprus",58.000000000,""
"Antimicrobial resistance","Acinetobacter spp.|Carbapenems","Total tested isolates","N","2014","CZ","Czechia",59.000000000,""
"Antimicrobial resistance","Acinetobacter spp.|Carbapenems","Total tested isolates","N","2014","DE","Germany",201.000000000,""
"Antimicrobial resistance","Acinetobacter spp.|Carbapenems","Total tested isolates","N","2014","DK","Denmark",62.000000000,""
"Antimicrobial resistance","Acinetobacter spp.|Carbapenems","Total tested isolates","N","2014","EL","Greece",841.000000000,""
"Antimicrobial resistance","Acinetobacter spp.|Carbapenems","Total tested isolates","N","2014","ES","Spain",78.000000000,""
"Antimicrobial resistance","Acinetobacter spp.|Carbapenems","Total tested isolates","N","2014","FI","Finland",32.000000000,""
"Antimicrobial resistance","Acinetobacter spp.|Carbapenems","Total tested isolates","N","2014","FR","France",401.000000000,""
"Antimicrobial resistance","Acinetobacter spp.|Carbapenems","Total tested isolates","N","2014","HR","Croatia",166.000000000,""
"Antimicrobial resistance","Acinetobacter spp.|Carbapenems","Total tested isolates","N","2014","HU","Hungary",443.000000000,""
"Antimicrobial resistance","Acinetobacter spp.|Carbapenems","Total tested isolates","N","2014","IE","Ireland",79.000000000,""
"Antimicrobial resistance","Acinetobacter spp.|Carbapenems","Total tested isolates","N","2014","IS","Iceland",3.000000000,""
"Antimicrobial resistance","Acinetobacter spp.|Carbapenems","Total tested isolates","N","2014","IT","Italy",477.000000000,""
"Antimicrobial resistance","Acinetobacter spp.|Carbapenems","Total tested isolates","N","2014","LT","Lithuania",66.000000000,""
"Antimicrobial resistance","Acinetobacter spp.|Carbapenems","Total tested isolates","N","2014","LU","Luxembourg",6.000000000,""
"Antimicrobial resistance","Acinetobacter spp.|Carbapenems","Total tested isolates","N","2014","LV","Latvia",52.000000000,""
"Antimicrobial resistance","Acinetobacter spp.|Carbapenems","Total tested isolates","N","2014","MT","Malta",10.000000000,""
"Antimicrobial resistance","Acinetobacter spp.|Carbapenems","Total tested isolates","N","2014","NL","Netherlands",92.000000000,""
"Antimicrobial resistance","Acinetobacter spp.|Carbapenems","Total tested isolates","N","2014","NO","Norway",34.000000000,""
"Antimicrobial resistance","Acinetobacter spp.|Carbapenems","Total tested isolates","N","2014","PL","Poland",189.000000000,""
"Antimicrobial resistance","Acinetobacter spp.|Carbapenems","Total tested isolates","N","2014","PT","Portugal",262.000000000,""
"Antimicrobial resistance","Acinetobacter spp.|Carbapenems","Total tested isolates","N","2014","RO","Romania",123.000000000,""
"Antimicrobial resistance","Acinetobacter spp.|Carbapenems","Total tested isolates","N","2014","SE","Sweden",52.000000000,""
"Antimicrobial resistance","Acinetobacter spp.|Carbapenems","Total tested isolates","N","2014","SI","Slovenia",34.000000000,""
"Antimicrobial resistance","Acinetobacter spp.|Carbapenems","Total tested isolates","N","2014","SK","Slovakia",161.000000000,""
"Antimicrobial resistance","Acinetobacter spp.|Carbapenems","Total tested isolates","N","2014","UK","United Kingdom",120.000000000,""
"Antimicrobial resistance","Acinetobacter spp.|Carbapenems","Total tested isolates","N","2015","AT","Austria",64.000000000,""
"Antimicrobial resistance","Acinetobacter spp.|Carbapenems","Total tested isolates","N","2015","BE","Belgium",24.000000000,""
"Antimicrobial resistance","Acinetobacter spp.|Carbapenems","Total tested isolates","N","2015","BG","Bulgaria",130.000000000,""
"Antimicrobial resistance","Acinetobacter spp.|Carbapenems","Total tested isolates","N","2015","CY","Cyprus",59.000000000,""
"Antimicrobial resistance","Acinetobacter spp.|Carbapenems","Total tested isolates","N","2015","CZ","Czechia",60.000000000,""
"Antimicrobial resistance","Acinetobacter spp.|Carbapenems","Total tested isolates","N","2015","DE","Germany",337.000000000,""
"Antimicrobial resistance","Acinetobacter spp.|Carbapenems","Total tested isolates","N","2015","DK","Denmark",65.000000000,""
"Antimicrobial resistance","Acinetobacter spp.|Carbapenems","Total tested isolates","N","2015","EE","Estonia",3.000000000,""
"Antimicrobial resistance","Acinetobacter spp.|Carbapenems","Total tested isolates","N","2015","EL","Greece",983.000000000,""
"Antimicrobial resistance","Acinetobacter spp.|Carbapenems","Total tested isolates","N","2015","ES","Spain",95.000000000,""
"Antimicrobial resistance","Acinetobacter spp.|Carbapenems","Total tested isolates","N","2015","FI","Finland",43.000000000,""
"Antimicrobial resistance","Acinetobacter spp.|Carbapenems","Total tested isolates","N","2015","FR","France",428.000000000,""
"Antimicrobial resistance","Acinetobacter spp.|Carbapenems","Total tested isolates","N","2015","HR","Croatia",200.000000000,""
"Antimicrobial resistance","Acinetobacter spp.|Carbapenems","Total tested isolates","N","2015","HU","Hungary",467.000000000,""
"Antimicrobial resistance","Acinetobacter spp.|Carbapenems","Total tested isolates","N","2015","IE","Ireland",84.000000000,""
"Antimicrobial resistance","Acinetobacter spp.|Carbapenems","Total tested isolates","N","2015","IS","Iceland",6.000000000,""
"Antimicrobial resistance","Acinetobacter spp.|Carbapenems","Total tested isolates","N","2015","IT","Italy",664.000000000,""
"Antimicrobial resistance","Acinetobacter spp.|Carbapenems","Total tested isolates","N","2015","LT","Lithuania",73.000000000,""
"Antimicrobial resistance","Acinetobacter spp.|Carbapenems","Total tested isolates","N","2015","LU","Luxembourg",7.000000000,""
"Antimicrobial resistance","Acinetobacter spp.|Carbapenems","Total tested isolates","N","2015","LV","Latvia",61.000000000,""
"Antimicrobial resistance","Acinetobacter spp.|Carbapenems","Total tested isolates","N","2015","MT","Malta",15.000000000,""
"Antimicrobial resistance","Acinetobacter spp.|Carbapenems","Total tested isolates","N","2015","NL","Netherlands",94.000000000,""
"Antimicrobial resistance","Acinetobacter spp.|Carbapenems","Total tested isolates","N","2015","NO","Norway",32.000000000,""
"Antimicrobial resistance","Acinetobacter spp.|Carbapenems","Total tested isolates","N","2015","PL","Poland",244.000000000,""
"Antimicrobial resistance","Acinetobacter spp.|Carbapenems","Total tested isolates","N","2015","PT","Portugal",307.000000000,""
"Antimicrobial resistance","Acinetobacter spp.|Carbapenems","Total tested isolates","N","2015","RO","Romania",189.000000000,""
"Antimicrobial resistance","Acinetobacter spp.|Carbapenems","Total tested isolates","N","2015","SE","Sweden",34.000000000,""
"Antimicrobial resistance","Acinetobacter spp.|Carbapenems","Total tested isolates","N","2015","SI","Slovenia",31.000000000,""
"Antimicrobial resistance","Acinetobacter spp.|Carbapenems","Total tested isolates","N","2015","SK","Slovakia",142.000000000,""
"Antimicrobial resistance","Acinetobacter spp.|Carbapenems","Total tested isolates","N","2015","UK","United Kingdom",132.000000000,""
"Antimicrobial resistance","Acinetobacter spp.|Carbapenems","Total tested isolates","N","2016","AT","Austria",81.000000000,""
"Antimicrobial resistance","Acinetobacter spp.|Carbapenems","Total tested isolates","N","2016","BE","Belgium",78.000000000,""
"Antimicrobial resistance","Acinetobacter spp.|Carbapenems","Total tested isolates","N","2016","BG","Bulgaria",103.000000000,""
"Antimicrobial resistance","Acinetobacter spp.|Carbapenems","Total tested isolates","N","2016","CY","Cyprus",28.000000000,""
"Antimicrobial resistance","Acinetobacter spp.|Carbapenems","Total tested isolates","N","2016","CZ","Czechia",57.000000000,""
"Antimicrobial resistance","Acinetobacter spp.|Carbapenems","Total tested isolates","N","2016","DE","Germany",452.000000000,""
"Antimicrobial resistance","Acinetobacter spp.|Carbapenems","Total tested isolates","N","2016","DK","Denmark",69.000000000,""
"Antimicrobial resistance","Acinetobacter spp.|Carbapenems","Total tested isolates","N","2016","EE","Estonia",8.000000000,""
"Antimicrobial resistance","Acinetobacter spp.|Carbapenems","Total tested isolates","N","2016","EL","Greece",861.000000000,""
"Antimicrobial resistance","Acinetobacter spp.|Carbapenems","Total tested isolates","N","2016","ES","Spain",106.000000000,""
"Antimicrobial resistance","Acinetobacter spp.|Carbapenems","Total tested isolates","N","2016","FI","Finland",28.000000000,""
"Antimicrobial resistance","Acinetobacter spp.|Carbapenems","Total tested isolates","N","2016","FR","France",450.000000000,""
"Antimicrobial resistance","Acinetobacter spp.|Carbapenems","Total tested isolates","N","2016","HR","Croatia",181.000000000,""
"Antimicrobial resistance","Acinetobacter spp.|Carbapenems","Total tested isolates","N","2016","HU","Hungary",401.000000000,""
"Antimicrobial resistance","Acinetobacter spp.|Carbapenems","Total tested isolates","N","2016","IE","Ireland",65.000000000,""
"Antimicrobial resistance","Acinetobacter spp.|Carbapenems","Total tested isolates","N","2016","IS","Iceland",3.000000000,""
"Antimicrobial resistance","Acinetobacter spp.|Carbapenems","Total tested isolates","N","2016","IT","Italy",702.000000000,""
"Antimicrobial resistance","Acinetobacter spp.|Carbapenems","Total tested isolates","N","2016","LT","Lithuania",87.000000000,""
"Antimicrobial resistance","Acinetobacter spp.|Carbapenems","Total tested isolates","N","2016","LU","Luxembourg",8.000000000,""
"Antimicrobial resistance","Acinetobacter spp.|Carbapenems","Total tested isolates","N","2016","LV","Latvia",82.000000000,""
"Antimicrobial resistance","Acinetobacter spp.|Carbapenems","Total tested isolates","N","2016","MT","Malta",7.000000000,""
"Antimicrobial resistance","Acinetobacter spp.|Carbapenems","Total tested isolates","N","2016","NL","Netherlands",132.000000000,""
"Antimicrobial resistance","Acinetobacter spp.|Carbapenems","Total tested isolates","N","2016","NO","Norway",33.000000000,""
"Antimicrobial resistance","Acinetobacter spp.|Carbapenems","Total tested isolates","N","2016","PL","Poland",391.000000000,""
"Antimicrobial resistance","Acinetobacter spp.|Carbapenems","Total tested isolates","N","2016","PT","Portugal",206.000000000,""
"Antimicrobial resistance","Acinetobacter spp.|Carbapenems","Total tested isolates","N","2016","RO","Romania",160.000000000,""
"Antimicrobial resistance","Acinetobacter spp.|Carbapenems","Total tested isolates","N","2016","SE","Sweden",84.000000000,""
"Antimicrobial resistance","Acinetobacter spp.|Carbapenems","Total tested isolates","N","2016","SI","Slovenia",60.000000000,""
"Antimicrobial resistance","Acinetobacter spp.|Carbapenems","Total tested isolates","N","2016","SK","Slovakia",109.000000000,""
"Antimicrobial resistance","Acinetobacter spp.|Carbapenems","Total tested isolates","N","2016","UK","United Kingdom",584.000000000,""
"Antimicrobial resistance","Acinetobacter spp.|Carbapenems","Total tested isolates","N","2017","AT","Austria",75.000000000,""
"Antimicrobial resistance","Acinetobacter spp.|Carbapenems","Total tested isolates","N","2017","BE","Belgium",131.000000000,""
"Antimicrobial resistance","Acinetobacter spp.|Carbapenems","Total tested isolates","N","2017","BG","Bulgaria",92.000000000,""
"Antimicrobial resistance","Acinetobacter spp.|Carbapenems","Total tested isolates","N","2017","CY","Cyprus",50.000000000,""
"Antimicrobial resistance","Acinetobacter spp.|Carbapenems","Total tested isolates","N","2017","CZ","Czechia",55.000000000,""
"Antimicrobial resistance","Acinetobacter spp.|Carbapenems","Total tested isolates","N","2017","DE","Germany",540.000000000,""
"Antimicrobial resistance","Acinetobacter spp.|Carbapenems","Total tested isolates","N","2017","DK","Denmark",66.000000000,""
"Antimicrobial resistance","Acinetobacter spp.|Carbapenems","Total tested isolates","N","2017","EE","Estonia",15.000000000,""
"Antimicrobial resistance","Acinetobacter spp.|Carbapenems","Total tested isolates","N","2017","EL","Greece",1095.000000000,""
"Antimicrobial resistance","Acinetobacter spp.|Carbapenems","Total tested isolates","N","2017","ES","Spain",92.000000000,""
"Antimicrobial resistance","Acinetobacter spp.|Carbapenems","Total tested isolates","N","2017","FI","Finland",37.000000000,""
"Antimicrobial resistance","Acinetobacter spp.|Carbapenems","Total tested isolates","N","2017","FR","France",469.000000000,""
"Antimicrobial resistance","Acinetobacter spp.|Carbapenems","Total tested isolates","N","2017","HR","Croatia",208.000000000,""
"Antimicrobial resistance","Acinetobacter spp.|Carbapenems","Total tested isolates","N","2017","HU","Hungary",358.000000000,""
"Antimicrobial resistance","Acinetobacter spp.|Carbapenems","Total tested isolates","N","2017","IE","Ireland",63.000000000,""
"Antimicrobial resistance","Acinetobacter spp.|Carbapenems","Total tested isolates","N","2017","IS","Iceland",6.000000000,""
"Antimicrobial resistance","Acinetobacter spp.|Carbapenems","Total tested isolates","N","2017","IT","Italy",868.000000000,""
"Antimicrobial resistance","Acinetobacter spp.|Carbapenems","Total tested isolates","N","2017","LT","Lithuania",87.000000000,""
"Antimicrobial resistance","Acinetobacter spp.|Carbapenems","Total tested isolates","N","2017","LU","Luxembourg",8.000000000,""
"Antimicrobial resistance","Acinetobacter spp.|Carbapenems","Total tested isolates","N","2017","LV","Latvia",34.000000000,""
"Antimicrobial resistance","Acinetobacter spp.|Carbapenems","Total tested isolates","N","2017","MT","Malta",9.000000000,""
"Antimicrobial resistance","Acinetobacter spp.|Carbapenems","Total tested isolates","N","2017","NL","Netherlands",130.000000000,""
"Antimicrobial resistance","Acinetobacter spp.|Carbapenems","Total tested isolates","N","2017","NO","Norway",31.000000000,""
"Antimicrobial resistance","Acinetobacter spp.|Carbapenems","Total tested isolates","N","2017","PL","Poland",344.000000000,""
"Antimicrobial resistance","Acinetobacter spp.|Carbapenems","Total tested isolates","N","2017","PT","Portugal",172.000000000,""
"Antimicrobial resistance","Acinetobacter spp.|Carbapenems","Total tested isolates","N","2017","RO","Romania",182.000000000,""
"Antimicrobial resistance","Acinetobacter spp.|Carbapenems","Total tested isolates","N","2017","SE","Sweden",54.000000000,""
"Antimicrobial resistance","Acinetobacter spp.|Carbapenems","Total tested isolates","N","2017","SI","Slovenia",36.000000000,""
"Antimicrobial resistance","Acinetobacter spp.|Carbapenems","Total tested isolates","N","2017","SK","Slovakia",120.000000000,""
"Antimicrobial resistance","Acinetobacter spp.|Carbapenems","Total tested isolates","N","2017","UK","United Kingdom",782.000000000,""
"Antimicrobial resistance","Acinetobacter spp.|Carbapenems","Total tested isolates","N","2018","AT","Austria",91.000000000,""
"Antimicrobial resistance","Acinetobacter spp.|Carbapenems","Total tested isolates","N","2018","BE","Belgium",132.000000000,""
"Antimicrobial resistance","Acinetobacter spp.|Carbapenems","Total tested isolates","N","2018","BG","Bulgaria",110.000000000,""
"Antimicrobial resistance","Acinetobacter spp.|Carbapenems","Total tested isolates","N","2018","CY","Cyprus",57.000000000,""
"Antimicrobial resistance","Acinetobacter spp.|Carbapenems","Total tested isolates","N","2018","CZ","Czechia",91.000000000,""
"Antimicrobial resistance","Acinetobacter spp.|Carbapenems","Total tested isolates","N","2018","DE","Germany",527.000000000,""
"Antimicrobial resistance","Acinetobacter spp.|Carbapenems","Total tested isolates","N","2018","DK","Denmark",47.000000000,""
"Antimicrobial resistance","Acinetobacter spp.|Carbapenems","Total tested isolates","N","2018","EE","Estonia",14.000000000,""
"Antimicrobial resistance","Acinetobacter spp.|Carbapenems","Total tested isolates","N","2018","EL","Greece",1013.000000000,""
"Antimicrobial resistance","Acinetobacter spp.|Carbapenems","Total tested isolates","N","2018","ES","Spain",81.000000000,""
"Antimicrobial resistance","Acinetobacter spp.|Carbapenems","Total tested isolates","N","2018","FI","Finland",28.000000000,""
"Antimicrobial resistance","Acinetobacter spp.|Carbapenems","Total tested isolates","N","2018","FR","France",490.000000000,""
"Antimicrobial resistance","Acinetobacter spp.|Carbapenems","Total tested isolates","N","2018","HR","Croatia",155.000000000,""
"Antimicrobial resistance","Acinetobacter spp.|Carbapenems","Total tested isolates","N","2018","HU","Hungary",357.000000000,""
"Antimicrobial resistance","Acinetobacter spp.|Carbapenems","Total tested isolates","N","2018","IE","Ireland",60.000000000,""
"Antimicrobial resistance","Acinetobacter spp.|Carbapenems","Total tested isolates","N","2018","IS","Iceland",2.000000000,""
"Antimicrobial resistance","Acinetobacter spp.|Carbapenems","Total tested isolates","N","2018","IT","Italy",1383.000000000,""
"Antimicrobial resistance","Acinetobacter spp.|Carbapenems","Total tested isolates","N","2018","LT","Lithuania",88.000000000,""
"Antimicrobial resistance","Acinetobacter spp.|Carbapenems","Total tested isolates","N","2018","LU","Luxembourg",6.000000000,""
"Antimicrobial resistance","Acinetobacter spp.|Carbapenems","Total tested isolates","N","2018","LV","Latvia",51.000000000,""
"Antimicrobial resistance","Acinetobacter spp.|Carbapenems","Total tested isolates","N","2018","MT","Malta",9.000000000,""
"Antimicrobial resistance","Acinetobacter spp.|Carbapenems","Total tested isolates","N","2018","NL","Netherlands",148.000000000,""
"Antimicrobial resistance","Acinetobacter spp.|Carbapenems","Total tested isolates","N","2018","NO","Norway",32.000000000,""
"Antimicrobial resistance","Acinetobacter spp.|Carbapenems","Total tested isolates","N","2018","PL","Poland",278.000000000,""
"Antimicrobial resistance","Acinetobacter spp.|Carbapenems","Total tested isolates","N","2018","PT","Portugal",127.000000000,""
"Antimicrobial resistance","Acinetobacter spp.|Carbapenems","Total tested isolates","N","2018","RO","Romania",218.000000000,""
"Antimicrobial resistance","Acinetobacter spp.|Carbapenems","Total tested isolates","N","2018","SE","Sweden",54.000000000,""
"Antimicrobial resistance","Acinetobacter spp.|Carbapenems","Total tested isolates","N","2018","SI","Slovenia",39.000000000,""
"Antimicrobial resistance","Acinetobacter spp.|Carbapenems","Total tested isolates","N","2018","SK","Slovakia",141.000000000,""
"Antimicrobial resistance","Acinetobacter spp.|Carbapenems","Total tested isolates","N","2018","UK","United Kingdom",714.000000000,""
"Antimicrobial resistance","Acinetobacter spp.|Carbapenems","Total tested isolates","N","2019","AT","Austria",81.000000000,""
"Antimicrobial resistance","Acinetobacter spp.|Carbapenems","Total tested isolates","N","2019","BE","Belgium",94.000000000,""
"Antimicrobial resistance","Acinetobacter spp.|Carbapenems","Total tested isolates","N","2019","BG","Bulgaria",132.000000000,""
"Antimicrobial resistance","Acinetobacter spp.|Carbapenems","Total tested isolates","N","2019","CY","Cyprus",32.000000000,""
"Antimicrobial resistance","Acinetobacter spp.|Carbapenems","Total tested isolates","N","2019","CZ","Czechia",95.000000000,""
"Antimicrobial resistance","Acinetobacter spp.|Carbapenems","Total tested isolates","N","2019","DE","Germany",462.000000000,""
"Antimicrobial resistance","Acinetobacter spp.|Carbapenems","Total tested isolates","N","2019","DK","Denmark",72.000000000,""
"Antimicrobial resistance","Acinetobacter spp.|Carbapenems","Total tested isolates","N","2019","EE","Estonia",16.000000000,""
"Antimicrobial resistance","Acinetobacter spp.|Carbapenems","Total tested isolates","N","2019","EL","Greece",196.000000000,""
"Antimicrobial resistance","Acinetobacter spp.|Carbapenems","Total tested isolates","N","2019","ES","Spain",83.000000000,""
"Antimicrobial resistance","Acinetobacter spp.|Carbapenems","Total tested isolates","N","2019","FI","Finland",43.000000000,""
"Antimicrobial resistance","Acinetobacter spp.|Carbapenems","Total tested isolates","N","2019","FR","France",487.000000000,""
"Antimicrobial resistance","Acinetobacter spp.|Carbapenems","Total tested isolates","N","2019","HR","Croatia",143.000000000,""
"Antimicrobial resistance","Acinetobacter spp.|Carbapenems","Total tested isolates","N","2019","HU","Hungary",418.000000000,""
"Antimicrobial resistance","Acinetobacter spp.|Carbapenems","Total tested isolates","N","2019","IE","Ireland",63.000000000,""
"Antimicrobial resistance","Acinetobacter spp.|Carbapenems","Total tested isolates","N","2019","IS","Iceland",3.000000000,""
"Antimicrobial resistance","Acinetobacter spp.|Carbapenems","Total tested isolates","N","2019","IT","Italy",1588.000000000,""
"Antimicrobial resistance","Acinetobacter spp.|Carbapenems","Total tested isolates","N","2019","LT","Lithuania",108.000000000,""
"Antimicrobial resistance","Acinetobacter spp.|Carbapenems","Total tested isolates","N","2019","LU","Luxembourg",8.000000000,""
"Antimicrobial resistance","Acinetobacter spp.|Carbapenems","Total tested isolates","N","2019","LV","Latvia",46.000000000,""
"Antimicrobial resistance","Acinetobacter spp.|Carbapenems","Total tested isolates","N","2019","MT","Malta",15.000000000,""
"Antimicrobial resistance","Acinetobacter spp.|Carbapenems","Total tested isolates","N","2019","NL","Netherlands",124.000000000,""
"Antimicrobial resistance","Acinetobacter spp.|Carbapenems","Total tested isolates","N","2019","NO","Norway",23.000000000,""
"Antimicrobial resistance","Acinetobacter spp.|Carbapenems","Total tested isolates","N","2019","PL","Poland",317.000000000,""
"Antimicrobial resistance","Acinetobacter spp.|Carbapenems","Total tested isolates","N","2019","PT","Portugal",90.000000000,""
"Antimicrobial resistance","Acinetobacter spp.|Carbapenems","Total tested isolates","N","2019","RO","Romania",264.000000000,""
"Antimicrobial resistance","Acinetobacter spp.|Carbapenems","Total tested isolates","N","2019","SE","Sweden",112.000000000,""
"Antimicrobial resistance","Acinetobacter spp.|Carbapenems","Total tested isolates","N","2019","SI","Slovenia",40.000000000,""
"Antimicrobial resistance","Acinetobacter spp.|Carbapenems","Total tested isolates","N","2019","SK","Slovakia",96.000000000,""
"Antimicrobial resistance","Acinetobacter spp.|Carbapenems","Total tested isolates","N","2019","UK","United Kingdom",718.000000000,""
"Antimicrobial resistance","Acinetobacter spp.|Carbapenems","Total tested isolates","N","2020","AT","Austria",69.000000000,""
"Antimicrobial resistance","Acinetobacter spp.|Carbapenems","Total tested isolates","N","2020","BE","Belgium",160.000000000,""
"Antimicrobial resistance","Acinetobacter spp.|Carbapenems","Total tested isolates","N","2020","BG","Bulgaria",129.000000000,""
"Antimicrobial resistance","Acinetobacter spp.|Carbapenems","Total tested isolates","N","2020","CY","Cyprus",58.000000000,""
"Antimicrobial resistance","Acinetobacter spp.|Carbapenems","Total tested isolates","N","2020","CZ","Czechia",82.000000000,""
"Antimicrobial resistance","Acinetobacter spp.|Carbapenems","Total tested isolates","N","2020","DE","Germany",607.000000000,""
"Antimicrobial resistance","Acinetobacter spp.|Carbapenems","Total tested isolates","N","2020","DK","Denmark",64.000000000,""
"Antimicrobial resistance","Acinetobacter spp.|Carbapenems","Total tested isolates","N","2020","EE","Estonia",11.000000000,""
"Antimicrobial resistance","Acinetobacter spp.|Carbapenems","Total tested isolates","N","2020","EL","Greece",740.000000000,""
"Antimicrobial resistance","Acinetobacter spp.|Carbapenems","Total tested isolates","N","2020","ES","Spain",92.000000000,""
"Antimicrobial resistance","Acinetobacter spp.|Carbapenems","Total tested isolates","N","2020","FI","Finland",37.000000000,""
"Antimicrobial resistance","Acinetobacter spp.|Carbapenems","Total tested isolates","N","2020","FR","France",692.000000000,""
"Antimicrobial resistance","Acinetobacter spp.|Carbapenems","Total tested isolates","N","2020","HR","Croatia",225.000000000,""
"Antimicrobial resistance","Acinetobacter spp.|Carbapenems","Total tested isolates","N","2020","HU","Hungary",534.000000000,""
"Antimicrobial resistance","Acinetobacter spp.|Carbapenems","Total tested isolates","N","2020","IE","Ireland",52.000000000,""
"Antimicrobial resistance","Acinetobacter spp.|Carbapenems","Total tested isolates","N","2020","IS","Iceland",3.000000000,""
"Antimicrobial resistance","Acinetobacter spp.|Carbapenems","Total tested isolates","N","2020","IT","Italy",2552.000000000,""
"Antimicrobial resistance","Acinetobacter spp.|Carbapenems","Total tested isolates","N","2020","LT","Lithuania",157.000000000,""
"Antimicrobial resistance","Acinetobacter spp.|Carbapenems","Total tested isolates","N","2020","LU","Luxembourg",7.000000000,""
"Antimicrobial resistance","Acinetobacter spp.|Carbapenems","Total tested isolates","N","2020","LV","Latvia",52.000000000,""
"Antimicrobial resistance","Acinetobacter spp.|Carbapenems","Total tested isolates","N","2020","MT","Malta",7.000000000,""
"Antimicrobial resistance","Acinetobacter spp.|Carbapenems","Total tested isolates","N","2020","NL","Netherlands",148.000000000,""
"Antimicrobial resistance","Acinetobacter spp.|Carbapenems","Total tested isolates","N","2020","NO","Norway",31.000000000,""
"Antimicrobial resistance","Acinetobacter spp.|Carbapenems","Total tested isolates","N","2020","PL","Poland",372.000000000,""
"Antimicrobial resistance","Acinetobacter spp.|Carbapenems","Total tested isolates","N","2020","PT","Portugal",104.000000000,""
"Antimicrobial resistance","Acinetobacter spp.|Carbapenems","Total tested isolates","N","2020","RO","Romania",297.000000000,""
"Antimicrobial resistance","Acinetobacter spp.|Carbapenems","Total tested isolates","N","2020","SE","Sweden",126.000000000,""
"Antimicrobial resistance","Acinetobacter spp.|Carbapenems","Total tested isolates","N","2020","SI","Slovenia",36.000000000,""
"Antimicrobial resistance","Acinetobacter spp.|Carbapenems","Total tested isolates","N","2020","SK","Slovakia",91.000000000,""
"Antimicrobial resistance","Acinetobacter spp.|Carbapenems","Total tested isolates","N","2021","AT","Austria",70.000000000,""
"Antimicrobial resistance","Acinetobacter spp.|Carbapenems","Total tested isolates","N","2021","BE","Belgium",167.000000000,""
"Antimicrobial resistance","Acinetobacter spp.|Carbapenems","Total tested isolates","N","2021","BG","Bulgaria",217.000000000,""
"Antimicrobial resistance","Acinetobacter spp.|Carbapenems","Total tested isolates","N","2021","CY","Cyprus",216.000000000,""
"Antimicrobial resistance","Acinetobacter spp.|Carbapenems","Total tested isolates","N","2021","CZ","Czechia",122.000000000,""
"Antimicrobial resistance","Acinetobacter spp.|Carbapenems","Total tested isolates","N","2021","DE","Germany",605.000000000,""
"Antimicrobial resistance","Acinetobacter spp.|Carbapenems","Total tested isolates","N","2021","DK","Denmark",102.000000000,""
"Antimicrobial resistance","Acinetobacter spp.|Carbapenems","Total tested isolates","N","2021","EE","Estonia",5.000000000,""
"Antimicrobial resistance","Acinetobacter spp.|Carbapenems","Total tested isolates","N","2021","EL","Greece",1377.000000000,""
"Antimicrobial resistance","Acinetobacter spp.|Carbapenems","Total tested isolates","N","2021","ES","Spain",93.000000000,""
"Antimicrobial resistance","Acinetobacter spp.|Carbapenems","Total tested isolates","N","2021","FI","Finland",47.000000000,""
"Antimicrobial resistance","Acinetobacter spp.|Carbapenems","Total tested isolates","N","2021","FR","France",720.000000000,""
"Antimicrobial resistance","Acinetobacter spp.|Carbapenems","Total tested isolates","N","2021","HR","Croatia",407.000000000,""
"Antimicrobial resistance","Acinetobacter spp.|Carbapenems","Total tested isolates","N","2021","HU","Hungary",1445.000000000,""
"Antimicrobial resistance","Acinetobacter spp.|Carbapenems","Total tested isolates","N","2021","IE","Ireland",66.000000000,""
"Antimicrobial resistance","Acinetobacter spp.|Carbapenems","Total tested isolates","N","2021","IS","Iceland",8.000000000,""
"Antimicrobial resistance","Acinetobacter spp.|Carbapenems","Total tested isolates","N","2021","IT","Italy",3291.000000000,""
"Antimicrobial resistance","Acinetobacter spp.|Carbapenems","Total tested isolates","N","2021","LT","Lithuania",360.000000000,""
"Antimicrobial resistance","Acinetobacter spp.|Carbapenems","Total tested isolates","N","2021","LU","Luxembourg",8.000000000,""
"Antimicrobial resistance","Acinetobacter spp.|Carbapenems","Total tested isolates","N","2021","LV","Latvia",82.000000000,""
"Antimicrobial resistance","Acinetobacter spp.|Carbapenems","Total tested isolates","N","2021","MT","Malta",16.000000000,""
"Antimicrobial resistance","Acinetobacter spp.|Carbapenems","Total tested isolates","N","2021","NL","Netherlands",185.000000000,""
"Antimicrobial resistance","Acinetobacter spp.|Carbapenems","Total tested isolates","N","2021","NO","Norway",42.000000000,""
"Antimicrobial resistance","Acinetobacter spp.|Carbapenems","Total tested isolates","N","2021","PL","Poland",826.000000000,""
"Antimicrobial resistance","Acinetobacter spp.|Carbapenems","Total tested isolates","N","2021","PT","Portugal",67.000000000,""
"Antimicrobial resistance","Acinetobacter spp.|Carbapenems","Total tested isolates","N","2021","RO","Romania",386.000000000,""
"Antimicrobial resistance","Acinetobacter spp.|Carbapenems","Total tested isolates","N","2021","SE","Sweden",138.000000000,""
"Antimicrobial resistance","Acinetobacter spp.|Carbapenems","Total tested isolates","N","2021","SI","Slovenia",124.000000000,""
"Antimicrobial resistance","Acinetobacter spp.|Carbapenems","Total tested isolates","N","2021","SK","Slovakia",134.000000000,""
"Antimicrobial resistance","Acinetobacter spp.|Carbapenems","Total tested isolates","N","2022","AT","Austria",94.000000000,""
"Antimicrobial resistance","Acinetobacter spp.|Carbapenems","Total tested isolates","N","2022","BE","Belgium",168.000000000,""
"Antimicrobial resistance","Acinetobacter spp.|Carbapenems","Total tested isolates","N","2022","BG","Bulgaria",160.000000000,""
"Antimicrobial resistance","Acinetobacter spp.|Carbapenems","Total tested isolates","N","2022","CY","Cyprus",202.000000000,""
"Antimicrobial resistance","Acinetobacter spp.|Carbapenems","Total tested isolates","N","2022","CZ","Czechia",85.000000000,""
"Antimicrobial resistance","Acinetobacter spp.|Carbapenems","Total tested isolates","N","2022","DE","Germany",758.000000000,""
"Antimicrobial resistance","Acinetobacter spp.|Carbapenems","Total tested isolates","N","2022","DK","Denmark",96.000000000,""
"Antimicrobial resistance","Acinetobacter spp.|Carbapenems","Total tested isolates","N","2022","EE","Estonia",3.000000000,""
"Antimicrobial resistance","Acinetobacter spp.|Carbapenems","Total tested isolates","N","2022","EL","Greece",1531.000000000,""
"Antimicrobial resistance","Acinetobacter spp.|Carbapenems","Total tested isolates","N","2022","ES","Spain",92.000000000,""
"Antimicrobial resistance","Acinetobacter spp.|Carbapenems","Total tested isolates","N","2022","FI","Finland",28.000000000,""
"Antimicrobial resistance","Acinetobacter spp.|Carbapenems","Total tested isolates","N","2022","FR","France",857.000000000,""
"Antimicrobial resistance","Acinetobacter spp.|Carbapenems","Total tested isolates","N","2022","HR","Croatia",291.000000000,""
"Antimicrobial resistance","Acinetobacter spp.|Carbapenems","Total tested isolates","N","2022","HU","Hungary",549.000000000,""
"Antimicrobial resistance","Acinetobacter spp.|Carbapenems","Total tested isolates","N","2022","IE","Ireland",78.000000000,""
"Antimicrobial resistance","Acinetobacter spp.|Carbapenems","Total tested isolates","N","2022","IS","Iceland",2.000000000,""
"Antimicrobial resistance","Acinetobacter spp.|Carbapenems","Total tested isolates","N","2022","IT","Italy",2742.000000000,""
"Antimicrobial resistance","Acinetobacter spp.|Carbapenems","Total tested isolates","N","2022","LT","Lithuania",141.000000000,""
"Antimicrobial resistance","Acinetobacter spp.|Carbapenems","Total tested isolates","N","2022","LU","Luxembourg",13.000000000,""
"Antimicrobial resistance","Acinetobacter spp.|Carbapenems","Total tested isolates","N","2022","LV","Latvia",73.000000000,""
"Antimicrobial resistance","Acinetobacter spp.|Carbapenems","Total tested isolates","N","2022","MT","Malta",14.000000000,""
"Antimicrobial resistance","Acinetobacter spp.|Carbapenems","Total tested isolates","N","2022","NL","Netherlands",198.000000000,""
"Antimicrobial resistance","Acinetobacter spp.|Carbapenems","Total tested isolates","N","2022","NO","Norway",34.000000000,""
"Antimicrobial resistance","Acinetobacter spp.|Carbapenems","Total tested isolates","N","2022","PL","Poland",466.000000000,""
"Antimicrobial resistance","Acinetobacter spp.|Carbapenems","Total tested isolates","N","2022","PT","Portugal",122.000000000,""
"Antimicrobial resistance","Acinetobacter spp.|Carbapenems","Total tested isolates","N","2022","RO","Romania",318.000000000,""
"Antimicrobial resistance","Acinetobacter spp.|Carbapenems","Total tested isolates","N","2022","SE","Sweden",149.000000000,""
"Antimicrobial resistance","Acinetobacter spp.|Carbapenems","Total tested isolates","N","2022","SI","Slovenia",60.000000000,""
"Antimicrobial resistance","Acinetobacter spp.|Carbapenems","Total tested isolates","N","2022","SK","Slovakia",150.000000000,""
"Antimicrobial resistance","Acinetobacter spp.|Carbapenems","Total tested isolates","N","2023","AT","Austria",97.000000000,""
"Antimicrobial resistance","Acinetobacter spp.|Carbapenems","Total tested isolates","N","2023","BE","Belgium",194.000000000,""
"Antimicrobial resistance","Acinetobacter spp.|Carbapenems","Total tested isolates","N","2023","BG","Bulgaria",183.000000000,""
"Antimicrobial resistance","Acinetobacter spp.|Carbapenems","Total tested isolates","N","2023","CY","Cyprus",134.000000000,""
"Antimicrobial resistance","Acinetobacter spp.|Carbapenems","Total tested isolates","N","2023","CZ","Czechia",91.000000000,""
"Antimicrobial resistance","Acinetobacter spp.|Carbapenems","Total tested isolates","N","2023","DE","Germany",854.000000000,""
"Antimicrobial resistance","Acinetobacter spp.|Carbapenems","Total tested isolates","N","2023","DK","Denmark",90.000000000,""
"Antimicrobial resistance","Acinetobacter spp.|Carbapenems","Total tested isolates","N","2023","EE","Estonia",14.000000000,""
"Antimicrobial resistance","Acinetobacter spp.|Carbapenems","Total tested isolates","N","2023","EL","Greece",1574.000000000,""
"Antimicrobial resistance","Acinetobacter spp.|Carbapenems","Total tested isolates","N","2023","ES","Spain",71.000000000,""
"Antimicrobial resistance","Acinetobacter spp.|Carbapenems","Total tested isolates","N","2023","FI","Finland",33.000000000,""
"Antimicrobial resistance","Acinetobacter spp.|Carbapenems","Total tested isolates","N","2023","HR","Croatia",265.000000000,""
"Antimicrobial resistance","Acinetobacter spp.|Carbapenems","Total tested isolates","N","2023","HU","Hungary",429.000000000,""
"Antimicrobial resistance","Acinetobacter spp.|Carbapenems","Total tested isolates","N","2023","IE","Ireland",64.000000000,""
"Antimicrobial resistance","Acinetobacter spp.|Carbapenems","Total tested isolates","N","2023","IS","Iceland",1.000000000,""
"Antimicrobial resistance","Acinetobacter spp.|Carbapenems","Total tested isolates","N","2023","IT","Italy",3098.000000000,""
"Antimicrobial resistance","Acinetobacter spp.|Carbapenems","Total tested isolates","N","2023","LT","Lithuania",122.000000000,""
"Antimicrobial resistance","Acinetobacter spp.|Carbapenems","Total tested isolates","N","2023","LU","Luxembourg",5.000000000,""
"Antimicrobial resistance","Acinetobacter spp.|Carbapenems","Total tested isolates","N","2023","LV","Latvia",77.000000000,""
"Antimicrobial resistance","Acinetobacter spp.|Carbapenems","Total tested isolates","N","2023","MT","Malta",21.000000000,""
"Antimicrobial resistance","Acinetobacter spp.|Carbapenems","Total tested isolates","N","2023","NL","Netherlands",210.000000000,""
"Antimicrobial resistance","Acinetobacter spp.|Carbapenems","Total tested isolates","N","2023","NO","Norway",41.000000000,""
"Antimicrobial resistance","Acinetobacter spp.|Carbapenems","Total tested isolates","N","2023","PL","Poland",450.000000000,""
"Antimicrobial resistance","Acinetobacter spp.|Carbapenems","Total tested isolates","N","2023","PT","Portugal",155.000000000,""
"Antimicrobial resistance","Acinetobacter spp.|Carbapenems","Total tested isolates","N","2023","RO","Romania",336.000000000,""
"Antimicrobial resistance","Acinetobacter spp.|Carbapenems","Total tested isolates","N","2023","SE","Sweden",156.000000000,""
"Antimicrobial resistance","Acinetobacter spp.|Carbapenems","Total tested isolates","N","2023","SI","Slovenia",52.000000000,""
"Antimicrobial resistance","Acinetobacter spp.|Carbapenems","Total tested isolates","N","2023","SK","Slovakia",76.000000000,""
"Antimicrobial resistance","Acinetobacter spp.|Carbapenems","Total tested isolates","N","2024","AT","Austria",93.000000000,""
"Antimicrobial resistance","Acinetobacter spp.|Carbapenems","Total tested isolates","N","2024","BE","Belgium",223.000000000,""
"Antimicrobial resistance","Acinetobacter spp.|Carbapenems","Total tested isolates","N","2024","BG","Bulgaria",210.000000000,""
"Antimicrobial resistance","Acinetobacter spp.|Carbapenems","Total tested isolates","N","2024","CY","Cyprus",126.000000000,""
"Antimicrobial resistance","Acinetobacter spp.|Carbapenems","Total tested isolates","N","2024","CZ","Czechia",102.000000000,""
"Antimicrobial resistance","Acinetobacter spp.|Carbapenems","Total tested isolates","N","2024","DE","Germany",1075.000000000,""
"Antimicrobial resistance","Acinetobacter spp.|Carbapenems","Total tested isolates","N","2024","DK","Denmark",99.000000000,""
"Antimicrobial resistance","Acinetobacter spp.|Carbapenems","Total tested isolates","N","2024","EE","Estonia",25.000000000,""
"Antimicrobial resistance","Acinetobacter spp.|Carbapenems","Total tested isolates","N","2024","EL","Greece",1097.000000000,""
"Antimicrobial resistance","Acinetobacter spp.|Carbapenems","Total tested isolates","N","2024","ES","Spain",83.000000000,""
"Antimicrobial resistance","Acinetobacter spp.|Carbapenems","Total tested isolates","N","2024","FI","Finland",42.000000000,""
"Antimicrobial resistance","Acinetobacter spp.|Carbapenems","Total tested isolates","N","2024","FR","France",1211.000000000,""
"Antimicrobial resistance","Acinetobacter spp.|Carbapenems","Total tested isolates","N","2024","HR","Croatia",213.000000000,""
"Antimicrobial resistance","Acinetobacter spp.|Carbapenems","Total tested isolates","N","2024","HU","Hungary",504.000000000,""
"Antimicrobial resistance","Acinetobacter spp.|Carbapenems","Total tested isolates","N","2024","IE","Ireland",56.000000000,""
"Antimicrobial resistance","Acinetobacter spp.|Carbapenems","Total tested isolates","N","2024","IS","Iceland",3.000000000,""
"Antimicrobial resistance","Acinetobacter spp.|Carbapenems","Total tested isolates","N","2024","IT","Italy",3317.000000000,""
"Antimicrobial resistance","Acinetobacter spp.|Carbapenems","Total tested isolates","N","2024","LT","Lithuania",145.000000000,""
"Antimicrobial resistance","Acinetobacter spp.|Carbapenems","Total tested isolates","N","2024","LU","Luxembourg",12.000000000,""
"Antimicrobial resistance","Acinetobacter spp.|Carbapenems","Total tested isolates","N","2024","LV","Latvia",59.000000000,""
"Antimicrobial resistance","Acinetobacter spp.|Carbapenems","Total tested isolates","N","2024","MT","Malta",12.000000000,""
"Antimicrobial resistance","Acinetobacter spp.|Carbapenems","Total tested isolates","N","2024","NL","Netherlands",208.000000000,""
"Antimicrobial resistance","Acinetobacter spp.|Carbapenems","Total tested isolates","N","2024","NO","Norway",61.000000000,""
"Antimicrobial resistance","Acinetobacter spp.|Carbapenems","Total tested isolates","N","2024","PL","Poland",476.000000000,""
"Antimicrobial resistance","Acinetobacter spp.|Carbapenems","Total tested isolates","N","2024","PT","Portugal",156.000000000,""
"Antimicrobial resistance","Acinetobacter spp.|Carbapenems","Total tested isolates","N","2024","RO","Romania",438.000000000,""
"Antimicrobial resistance","Acinetobacter spp.|Carbapenems","Total tested isolates","N","2024","SE","Sweden",175.000000000,""
"Antimicrobial resistance","Acinetobacter spp.|Carbapenems","Total tested isolates","N","2024","SI","Slovenia",20.000000000,""
"Antimicrobial resistance","Acinetobacter spp.|Carbapenems","Total tested isolates","N","2024","SK","Slovakia",94.000000000,""
